76658 [4,5,3,6,2,1]
76658 [2,7,5,1,6,4,3]
760446 [5,7,4,8,3,1,2,10,9,6]
760446 [5,7,2,6,3,4,8,1]
760446 [4,7,1,3,5,2,6]
1012145 [1,2,3,4,5,6,7,8]
1014041 [1,2,3,4,5,6,7,8]
1095429 [1,3,5,4,2]
1095429 [2,5,3,4,1]
1095429 [1,3,4,2,5]
1095429 [3,1,5,2,4,6]
1095429 [3,4,1,2,5]
1245658 [1,2,3,4,5,6,7,8,9,10,11,12,13]
1245658 [1,2,3,4,5,6,7,8,9,10,11,12,13,14,15,16,17,18,19,20,21,22,23,24,25,26,27,28,29,30]
1245658 [1,2,3,4,5,6,7,8,9,10,11,12,13,14,15,16,17]
1245658 [1,2,3,4,5,6,7,8,9,10,11,12,13,14,15,16,17,18,19,20,21,22,23,24,25,26,27,28,29,30,31,32,33]
1245658 [1,2,3,4,5,6,7,8,9]
1245658 [1,2,3,4,5,6]
1248618 [1,2,3,4,5]
1412107 [3,4,1,2,5]
1412107 [6,2,12,4,11,9,8,3,1,7,5,10]
1412107 [6,8,4,1,5,7,3,9,10,2]
1753136 [1,5,3,2,4]
1753136 [6,7,4,14,11,10,3,8,12,2,13,1,5,9,16,15]
2242311 [12,9,14,5,15,7,6,11,8,2,4,1,10,13,3]
2242311 [3,2,1,5,4]
2242311 [9,7,13,4,10,8,11,2,12,6,1,3,5,14]
1984028 [1,4,6,5,7,2,8,3]
1984028 [7,15,10,14,11,17,12,2,16,1,18,3,6,5,13,9,8,4]
1984028 [2,1,3,5,4]
1984028 [8,2,6,5,3,1,7,4]
1984028 [4,10,6,11,3,5,7,1,8,2,12,9]
1984028 [1,3,6,2,5,4]
2044604 [1,3,5,6,4,2]
2044604 [2,7,9,1,6,10,3,4,5,8]
2553426 [6,2,4,5,3,1]
2553426 [4,5,6,1,2,3]
2553426 [2,4,1,5,3]
1634357 [1,2,3,4,5,6,7,8,9,10,11,12,13,14]
1634357 [1,2,3,4,5,6]
1634357 [1,2,3,4,5,6,7,8]
1778414 [2,4,5,1,3,6,7]
1778414 [3,1,7,5,4,6,2,8]
1178523 [12,9,10,6,5,7,3,1,8,11,2,4]
1090573 [1,2,5,4,3]
1092441 [4,13,6,10,3,12,2,1,8,11,9,7,5]
1092441 [4,1,5,2,3]
1514088 [7,3,1,5,4,6,2]
2049698 [1,2,4,3,5]
2049698 [2,6,3,4,1,5]
1924396 [1,2,3,4,5,6]
1924396 [1,2,3,4,5,6,7,8]
1952887 [4,11,12,1,5,2,9,3,10,6,7,8]
1952887 [10,5,3,8,1,11,9,6,4,7,2]
839118 [5,1,12,9,6,4,8,11,10,3,2,7]
839118 [2,5,4,1,3,6]
839118 [1,2,7,3,6,5,4]
839118 [2,4,6,7,3,1,5]
839118 [1,4,2,5,3]
839118 [8,1,4,10,3,2,9,7,6,5]
839118 [4,5,1,3,2]
839118 [3,4,1,7,6,5,2]
839118 [1,3,2,4,5]
839118 [8,2,9,4,6,5,1,7,3]
1984028 [1,6,2,3,4,5]
2143620 [13,1,10,4,8,16,3,14,12,9,20,5,15,18,19,11,6,7,2,17]
2143620 [3,5,1,2,4]
2143620 [1,2,5,3,4]
2143620 [1,2,6,4,8,9,5,7,11,10,3]
470094 [5,3,2,1,4]
470094 [4,5,2,3,1]
470094 [19,22,21,2,4,7,16,10,1,13,14,6,9,18,17,11,3,15,5,20,12,8]
1230526 [1,5,3,2,4]
1230526 [4,1,3,2,5]
1230526 [7,4,2,10,8,6,1,5,9,3]
1230526 [3,4,7,2,5,8,6,1]
1230526 [4,5,2,1,3,6,7]
1230526 [19,14,11,4,7,13,18,20,12,1,2,22,15,8,16,24,23,17,5,21,9,6,3,10]
1230526 [4,1,2,5,3]
1230526 [7,4,9,1,2,5,3,6,8]
1230526 [1,4,3,2,5]
1230526 [3,5,4,2,1,6,7]
1585102 [2,8,1,7,3,6,5,9,4]
1585102 [4,6,8,9,3,10,1,7,11,2,5]
1585102 [6,3,2,4,5,1]
1593535 [11,4,2,8,3,7,1,12,13,9,10,5,6]
1604401 [6,1,8,10,4,5,2,3,9,11,7]
1604401 [3,1,4,8,2,5,7,6,9]
1692398 [1,3,4,5,2]
1692398 [13,8,10,14,16,9,11,2,15,5,12,1,7,4,6,3]
1692398 [2,4,3,6,1,5]
1703304 [2,13,5,12,8,3,11,4,7,6,9,1,10]
1703304 [1,2,5,4,3]
1703304 [6,10,1,5,2,8,4,9,3,7]
1711183 [4,1,2,5,7,3,6]
143799 [1,2,3,4,5,6,7,8,9,10]
2370275 [2,6,1,3,4,5,7]
2381383 [1,2,3,4,5,6,7,8,9,10,11,12,13,14,15,16,17,18,19,20,21,22,23,24,25,26,27,28,29,30,31,32,33,34,35,36,37,38,39,40,41,42,43,44,45,46,47,48,49,50,51,52,53,54,55,56,57,58,59,60]
150224 [1,5,4,2,3,7,6]
790962 [11,20,9,7,5,3,8,2,6,14,1,19,4,10,21,12,15,17,16,18,13]
790962 [3,4,9,8,10,2,6,7,1,5]
790962 [1,2,3,4,5]
790962 [5,4,3,1,2,6]
790962 [2,3,6,1,8,7,9,4,5]
790962 [5,3,2,8,1,7,6,4]
790962 [2,4,1,6,5,3]
790962 [3,5,2,4,1]
1907146 [2,1,10,7,8,9,5,3,6,4]
1907146 [9,6,1,8,25,16,24,18,19,22,13,23,11,4,20,27,10,7,26,12,21,5,15,17,2,14,3]
1984028 [3,4,2,1,5]
1984028 [2,4,3,1,5]
1230526 [4,5,3,7,2,6,1]
1230526 [2,13,12,11,6,1,3,8,4,15,9,17,16,14,5,10,7,18]
2291746 [1,2,3,4,5,6,7,8,9,10]
2291746 [1,2,3,4,5,6]
2291746 [1,2,3,4,5,6]
2291746 [1,2,3,4,5,6,7,8,9,10,11,12,13,14,15,16,17,18,19]
2291746 [1,2,3,4,5,6,7,8,9,10]
2370657 [4,5,2,3,1]
2370657 [5,4,6,3,7,2,1]
2370657 [1,10,8,3,6,2,7,4,9,5]
2370657 [4,2,7,9,8,6,3,10,5,1]
2370657 [5,4,7,2,8,3,9,6,1]
2370657 [2,1,6,4,3,5]
2370657 [4,1,3,5,2]
2370657 [6,5,10,2,7,9,3,8,4,1]
2370657 [8,4,10,3,7,2,1,6,9,5]
2390691 [5,1,3,4,2]
2390691 [4,2,1,3,5]
2390691 [2,4,3,5,1]
2390691 [6,8,3,10,4,2,1,7,5,9]
2390691 [3,2,1,4,5]
1393060 [1,2,3,4,5,6,7,8,9,10,11,12,13,14,15,16,17,18,19]
1452931 [1,2,3,4,5]
1452931 [1,2,3,4,5,6,7]
1462963 [16,4,5,6,19,10,11,9,14,13,8,12,18,1,7,2,17,20,3,15]
901864 [1,3,2,5,4]
901864 [4,2,1,5,7,6,3]
1118426 [5,7,3,6,4,2,1]
1118426 [2,7,1,3,6,4,5,8]
2395985 [5,2,7,8,4,3,1,6]
2405181 [1,2,3,4,5]
2490461 [1,2,3,4,5,6]
2490461 [1,2,3,4,5,6,7,8,9]
2490461 [1,2,3,4,5]
2524240 [6,5,4,2,3,1,8,7]
2540950 [5,2,3,6,1,7,4]
2559323 [14,9,3,5,7,10,16,6,1,2,15,12,13,4,11,8]
1542756 [1,3,4,5,2]
1542756 [5,2,3,4,1]
2259512 [4,1,6,8,2,3,5,7,10,9]
2259512 [10,5,9,7,2,11,3,4,6,8,1]
2259512 [2,10,1,5,9,17,4,6,12,8,3,11,16,15,13,7,14]
2580963 [1,2,3,4,5]
2580963 [1,2,3,4,5]
2580963 [1,2,3,4,5]
2580963 [1,2,3,4,5,6,7,8,9,10,11,12]
2580963 [1,2,3,4,5,6]
2580963 [1,2,3,4,5,6,7,8,9,10]
2580963 [1,2,3,4,5]
2580963 [1,2,3,4,5]
2581162 [4,8,9,3,7,5,6,1,11,13,12,2,10]
2583035 [2,5,4,1,3]
2583035 [2,4,8,7,3,6,9,1,5]
1331513 [3,4,1,6,2,5,7]
1598988 [1,19,31,8,2,21,26,17,6,4,11,30,34,15,9,24,18,22,16,13,10,32,27,35,20,5,14,33,28,29,3,12,25,36,7,23]
1604401 [5,6,9,1,8,7,4,2,3]
1604401 [6,18,26,10,23,12,20,24,2,14,22,21,13,5,15,4,16,17,11,9,7,19,3,1,25,27,8]
1604401 [3,9,8,18,11,2,4,5,17,15,10,13,7,16,1,6,14,12]
1105810 [6,2,4,7,3,1,5]
1117666 [7,8,5,9,2,3,6,13,4,11,10,1,12]
1727622 [3,1,2,4,6,5]
1727622 [1,5,8,6,7,4,2,9,3]
51752 [5,4,6,9,8,2,7,3,1]
135488 [37,10,17,31,20,29,8,1,26,16,21,34,28,19,4,30,3,11,14,6,15,22,2,25,27,32,7,18,36,24,5,12,33,13,23,35,9]
405547 [5,2,12,4,6,7,8,9,10,11,1,3]
405547 [9,10,1,4,2,5,13,3,8,15,7,6,14,12,11]
405547 [20,8,16,2,23,19,7,1,15,14,10,13,12,11,17,22,6,5,9,21,3,4,18]
407553 [10,8,9,2,3,6,4,1,11,7,5]
1640761 [1,3,5,4,2,6]
1383987 [5,1,3,2,4]
1383987 [2,3,6,4,5,1]
1383987 [4,5,2,1,3]
1395265 [3,2,1,6,5,4]
1395265 [2,1,3,7,8,5,6,4]
2193614 [1,2,3,4,5,6,7,8,9]
2200491 [5,3,2,8,9,6,7,1,4]
60877 [13,8,14,7,3,5,12,2,6,1,9,15,4,11,10]
76658 [6,7,2,1,4,5,3]
76658 [1,6,4,5,2,3]
85849 [6,1,3,5,2,4]
2309232 [1,5,2,3,4]
2310046 [1,2,3,4,5,6,7,8,9,10,11,12,13,14,15]
2310046 [1,2,3,4,5,6,7,8,9,10,11,12]
2310046 [1,2,3,4,5,6,7,8,9]
2310046 [1,2,3,4,5,6,7,8,9,10,11,12,13,14,15]
2310046 [1,2,3,4,5,6,7,8,9,10,11,12,13,14,15,16,17,18,19,20]
2310046 [1,2,3,4,5,6,7,8,9,10]
2310046 [1,2,3,4,5,6,7,8,9,10,11,12,13,14]
2310046 [1,2,3,4,5,6,7,8,9,10,11,12,13,14,15,16]
2310046 [1,2,3,4,5,6,7,8,9,10,11,12,13,14,15,16]
2310046 [1,2,3,4,5]
2310046 [1,2,3,4,5,6,7,8,9,10,11,12,13,14,15,16,17,18,19,20,21,22,23]
2310046 [1,2,3,4,5,6,7,8,9,10,11,12,13,14,15,16,17]
2310046 [1,2,3,4,5,6,7,8,9,10,11,12,13,14]
2322092 [4,2,5,3,1]
1692398 [4,7,3,5,1,2,6]
1692398 [9,16,20,17,33,31,42,21,25,35,12,22,8,19,7,38,13,3,28,27,30,23,10,18,39,24,2,4,14,32,41,36,1,26,11,37,15,6,5,43,40,34,29]
1712491 [6,9,11,2,1,5,3,10,7,12,4,8]
1747023 [6,1,2,3,7,5,4]
1747023 [4,1,5,2,3]
1747023 [8,12,6,11,5,10,7,3,1,4,9,2]
1747023 [9,1,2,11,6,8,10,14,7,5,3,4,13,12]
1807325 [1,2,3,4,5,6]
1811637 [13,5,26,24,9,16,12,7,14,22,8,18,29,17,3,4,23,19,21,2,20,25,6,10,11,1,27,28,15]
1811637 [10,2,6,15,12,5,4,9,1,7,3,14,8,11,13]
1894941 [1,2,3,4,5,6]
2236439 [3,5,8,7,2,1,6,4]
2236439 [13,10,14,2,6,5,8,15,9,1,3,4,7,12,11]
245353 [2,3,5,4,6,1]
616502 [10,9,6,11,7,2,3,1,8,4,5]
620068 [3,5,6,7,2,4,1]
2347213 [4,10,12,8,3,1,6,5,7,2,14,9,13,11]
2378157 [1,13,10,4,16,5,9,14,19,18,12,11,2,6,7,17,3,15,8]
2392529 [7,8,2,10,6,1,5,9,3,4]
2392529 [4,3,5,2,6,1]
2415367 [2,5,9,6,7,3,1,8,4]
2421328 [3,2,8,1,4,6,5,7,9]
429848 [17,4,12,8,5,16,11,2,10,15,21,18,7,3,6,19,14,20,1,13,9]
429848 [3,1,2,5,4]
429848 [9,4,8,17,7,12,14,6,5,16,11,15,10,3,1,2,13]
429848 [1,5,3,2,6,4,7,9,10,8]
521637 [2,1,5,3,4]
2143620 [3,9,6,2,4,10,8,5,1,7]
2282798 [6,18,13,4,2,10,8,3,12,17,22,20,11,14,9,21,15,16,19,1,7,5]
1790214 [6,3,5,4,2,1]
790962 [6,7,5,3,4,2,1]
837782 [21,2,12,26,14,1,8,7,25,27,5,11,15,24,20,10,3,13,18,4,28,17,19,23,6,9,16,22]
1881817 [1,2,3,4,5,6,7,8,9,10,11,12,13,14,15,16,17]
1888687 [1,2,3,4,5,6,7,8,9,10]
1932946 [7,11,10,5,4,1,3,15,13,8,14,12,6,2,9]
1932946 [4,6,3,1,5,2]
1932946 [5,6,4,2,1,3]
1932946 [6,13,5,11,10,19,14,3,8,18,4,12,7,15,16,1,17,2,9]
1938246 [8,5,11,1,3,4,6,10,7,2,9]
1942669 [1,2,3,4,5,6,7,8,9,10,11,12,13,14,15,16,17,18,19,20,21,22,23,24,25,26,27,28,29,30,31]
1952887 [1,3,9,6,7,2,4,8,5]
1952887 [13,5,4,11,9,3,16,17,6,7,1,18,15,10,8,2,14,12]
2169895 [2,14,15,3,17,8,5,4,12,6,1,18,16,9,11,7,13,10]
2288494 [11,10,8,13,12,2,7,5,4,3,9,6,1]
1412107 [6,10,7,8,1,4,3,2,9,5]
1412107 [4,5,2,1,3]
1412107 [5,3,1,8,6,4,7,9,2]
1412107 [1,2,3,4,5]
1412107 [5,2,4,1,3,6]
1412107 [6,1,5,2,3,7,4]
1412107 [5,1,2,3,6,4]
1412107 [1,5,2,4,6,3]
1412107 [4,2,11,8,3,10,1,7,9,5,6]
1811637 [4,6,18,8,15,7,1,27,3,14,23,16,13,9,10,25,19,20,2,12,5,17,11,24,22,21,26]
1822647 [23,10,14,13,22,9,21,15,5,4,20,6,1,12,7,18,8,2,3,11,17,16,19]
2049698 [7,5,9,3,2,1,6,8,4]
2049698 [5,1,6,2,3,4]
2049698 [8,5,3,4,1,6,2,9,7]
2414221 [2,6,5,1,4,7,3,8]
2442769 [13,5,2,1,17,16,7,8,3,14,12,6,10,9,18,11,4,15]
2452178 [1,2,3,4,5]
2452178 [1,2,3,4,5]
134633 [7,6,2,13,9,11,8,3,1,12,5,4,10]
134633 [7,8,4,5,3,6,2,1]
134633 [1,9,2,8,11,10,6,4,7,3,5]
134633 [1,22,27,7,33,15,14,25,9,17,5,18,23,12,11,26,8,31,10,16,32,6,4,30,28,3,19,24,13,29,20,21,2]
134633 [1,7,5,11,10,6,2,8,4,3,9]
134633 [2,3,8,4,15,11,5,14,7,12,1,6,9,13,16,10]
134633 [3,7,4,6,5,1,2]
194623 [1,2,4,11,7,12,15,8,3,14,10,5,6,13,9,16,17]
194623 [13,22,8,23,19,6,9,12,18,3,21,24,17,2,10,1,20,4,15,11,16,14,7,5]
202953 [2,6,7,4,5,10,12,3,9,11,8,1]
204031 [4,6,2,9,8,7,5,1,3]
206251 [1,5,3,2,4]
268600 [5,4,7,1,3,6,2]
268600 [6,12,2,11,16,1,3,15,9,13,14,4,7,8,5,10]
277291 [6,1,2,10,3,9,8,7,5,4]
299355 [9,1,7,2,6,8,4,5,3]
321436 [1,2,3,4,5]
321436 [1,2,3,4,5,6,7,8,9,10,11,12,13,14,15,16,17,18,19,20,21,22,23,24,25]
321436 [1,2,3,4,5,6,7,8,9,10,11,12,13,14,15]
321436 [1,2,3,4,5,6]
321436 [1,2,3,4,5,6,7,8,9,10,11,12,13,14,15]
1567444 [11,2,14,7,8,5,9,4,10,6,12,13,3,1]
1568487 [1,2,3,4,5,6,7]
1572740 [12,4,10,1,13,7,3,6,8,11,9,2,5]
1572740 [3,1,6,4,2,7,5]
1572740 [3,1,2,6,4,5]
1572740 [7,6,2,3,5,1,4]
1572740 [13,12,8,6,1,7,10,3,2,9,4,14,11,5]
1823910 [11,24,8,7,19,4,12,20,25,10,3,6,16,27,22,13,26,9,21,5,17,15,18,23,14,1,2]
1823910 [6,10,12,15,2,16,4,3,17,9,5,8,11,7,13,1,14]
1841877 [1,3,2,5,4]
615468 [3,5,2,1,6,4]
615468 [2,4,7,6,3,5,1,9,8]
615468 [1,4,3,6,5,2]
615468 [8,6,10,3,2,4,9,1,7,5]
615468 [4,10,6,7,2,3,11,1,9,8,5]
623191 [3,5,2,4,11,7,12,10,8,6,1,9]
623191 [3,4,2,5,1]
699762 [3,5,4,2,1,6,7]
725568 [1,4,3,5,7,6,2]
734536 [20,9,12,14,11,22,8,10,18,4,5,2,7,16,1,19,17,13,21,6,3,15]
734536 [6,8,10,2,3,12,5,7,14,1,17,4,11,13,9,16,15]
1092730 [5,4,2,1,3,7,6]
1104922 [1,2,7,4,6,10,5,3,8,9]
1104922 [4,8,2,7,6,1,5,3]
1106100 [7,1,5,2,6,9,4,3,8,10]
24184 [8,1,2,9,7,4,6,5,3]
110458 [5,4,3,8,9,6,2,7,1]
110458 [4,3,2,5,1]
110458 [2,1,3,9,4,10,5,7,11,8,6]
110458 [6,5,1,4,2,3]
441426 [3,2,5,6,4,1]
456623 [1,3,6,7,5,2,4]
469460 [13,1,8,2,6,19,14,7,20,5,22,17,11,24,23,21,16,4,9,12,15,10,18,3]
761089 [6,5,10,4,11,2,9,19,17,1,20,14,7,13,22,16,18,21,3,12,15,8]
761089 [3,4,2,5,1]
761089 [3,7,6,8,1,5,9,4,2]
761089 [5,4,3,2,1]
761089 [6,17,12,4,1,5,21,10,3,7,8,20,18,2,11,22,14,19,15,9,16,13]
761089 [1,7,4,5,2,3,6,8]
761089 [8,5,9,1,2,6,7,3,4]
761089 [3,4,5,2,1]
761089 [5,11,10,13,9,6,12,8,3,15,7,2,4,1,14]
761089 [2,3,9,11,8,4,1,10,12,13,6,7,5]
1297999 [2,1,4,5,7,6,3]
1297999 [12,5,2,10,1,3,11,8,6,7,4,9,13]
553940 [1,3,2,5,4]
559866 [2,4,8,1,3,7,5,6]
559866 [12,11,13,9,10,7,2,3,8,4,6,1,5]
581272 [1,2,3,4,5]
581272 [1,2,3,4,5]
1320533 [3,4,5,1,2]
1320533 [7,5,6,3,4,2,1]
1336589 [4,5,2,1,6,3]
1806363 [8,11,18,12,15,16,6,2,3,13,17,5,1,4,7,9,14,10]
1806363 [9,12,2,4,6,10,3,14,13,11,1,8,5,15,7]
1806363 [3,9,1,4,2,8,5,7,6]
1806363 [4,3,7,2,5,1,6]
1806363 [35,36,12,1,28,30,9,10,31,2,21,27,19,16,23,3,14,33,29,8,17,26,37,34,32,22,18,6,15,7,13,20,11,24,5,4,25]
1806363 [5,3,6,1,4,2]
1809250 [5,6,4,1,9,3,8,2,7]
1815262 [1,20,18,9,5,7,19,2,15,6,17,4,22,10,21,14,16,8,3,11,13,12]
2452178 [1,2,3,4,5,6,7,8,9,10,11]
2452178 [1,2,3,4,5]
2452178 [1,2,3,4,5,6,7,8,9,10,11,12]
2479187 [1,2,3,4,5,6]
2479187 [1,2,3,4,5]
2479187 [1,2,3,4,5]
2490461 [1,2,3,4,5,6,7]
2511290 [1,2,3,4,5,6,7]
2511290 [1,2,3,4,5,6,7]
2511290 [1,2,3,4,5,6,7,8,9,10]
2511290 [1,2,3,4,5,6,7,8,9]
2511290 [1,2,3,4,5,6]
2511290 [1,2,3,4,5,6,7,8]
2548347 [8,2,9,5,4,6,1,7,3]
2583035 [1,9,7,6,4,8,2,3,5]
2583035 [6,3,2,9,1,8,4,5,7,10]
2583035 [3,4,6,10,14,9,1,8,11,12,2,13,7,5]
2583035 [2,3,5,1,4]
2583035 [2,3,7,5,8,1,6,4]
2583035 [5,3,4,1,2]
2583035 [6,5,1,7,2,4,3]
2583035 [1,3,6,4,5,2]
317862 [5,6,12,9,10,2,4,3,11,7,8,1]
317862 [3,4,1,5,6,2]
317862 [4,3,7,6,2,8,5,1]
425706 [5,6,4,2,3,1]
456623 [3,2,5,8,6,4,1,7]
456623 [2,8,6,5,3,4,1,7]
481652 [19,30,7,24,5,13,35,11,21,14,9,6,34,28,17,23,22,12,1,4,33,29,25,26,20,10,15,32,3,2,16,27,31,8,18]
494679 [3,11,10,9,4,1,5,6,2,8,7]
521637 [4,6,5,3,1,2]
616502 [1,5,3,2,4]
1791251 [6,2,1,4,5,9,7,10,3,8]
1791251 [6,5,18,7,3,14,2,11,9,8,17,15,24,21,10,13,16,1,20,4,19,12,22,23]
1809250 [3,4,5,2,1]
1840209 [3,4,5,2,1,6]
1840209 [17,14,4,7,12,8,10,5,13,15,3,16,11,6,1,9,2]
1840209 [8,1,7,14,12,16,6,3,11,13,10,5,15,2,4,9]
1840209 [3,2,6,7,5,4,1]
1840209 [2,5,1,6,3,4]
1840209 [5,1,3,2,4]
1848398 [1,2,3,4,5,6]
1848398 [1,2,3,4,5,6,7,8,9,10,11,12,13,14,15,16,17,18,19,20,21,22,23,24,25]
1848398 [1,2,3,4,5,6]
1848398 [1,2,3,4,5,6,7,8,9,10,11,12,13,14,15,16,17,18,19,20,21,22,23,24,25,26,27,28,29,30,31,32,33,34,35,36,37,38,39,40,41,42,43,44,45,46,47,48,49]
1901938 [25,5,20,16,19,26,14,10,8,24,9,1,2,12,13,18,22,17,7,21,23,11,6,3,4,15]
1923897 [3,6,7,2,5,4,1]
1923897 [4,6,3,5,2,1]
1923897 [17,31,22,14,12,19,9,25,33,32,24,4,16,7,10,8,15,29,30,5,2,23,21,3,28,27,20,6,1,26,13,11,18]
1932946 [6,4,3,2,1,5]
1932946 [9,4,8,2,5,6,7,1,3]
1932946 [10,25,24,33,4,30,9,29,19,39,18,1,2,11,16,27,32,6,22,35,36,8,13,14,34,12,5,38,28,21,3,40,31,7,37,23,20,26,17,15]
1932946 [11,1,10,8,7,2,3,5,4,6,9,12]
1932946 [18,24,11,30,21,5,13,4,29,25,9,26,8,23,28,20,22,12,3,10,2,16,19,27,7,14,17,6,15,1]
1932946 [15,5,17,4,16,12,6,10,3,14,8,1,18,13,7,9,2,11,19]
2003901 [33,29,10,15,13,19,28,21,18,35,25,32,5,4,22,30,12,14,26,6,23,17,37,36,39,8,7,38,24,27,9,20,16,34,2,3,11,40,31,1]
2003901 [1,5,6,2,4,3]
2003901 [22,28,25,34,19,17,8,31,10,27,29,18,9,3,24,30,23,7,6,1,26,13,16,21,11,20,32,33,12,4,5,14,15,2]
2019514 [21,1,8,12,4,14,17,13,2,10,7,11,3,9,18,5,20,16,19,6,15]
2053307 [3,2,5,1,4]
1020886 [4,5,3,1,2]
1210810 [1,2,3,4,5,6]
1210810 [1,2,3,4,5,6,7]
1331086 [1,2,3,4,5,6]
1654428 [29,12,3,31,26,7,37,15,18,1,38,2,13,5,22,28,10,33,24,32,34,21,30,20,23,11,25,4,35,19,6,27,36,17,39,16,8,14,9]
1659234 [1,2,3,4,5,6,7,8,9,10,11,12,13,14,15,16,17]
2415367 [3,5,2,4,1]
2415367 [4,6,2,1,5,3,7]
2439350 [3,21,6,19,13,10,12,9,4,8,20,11,5,7,16,14,17,2,1,15,18]
1138925 [7,5,2,1,9,6,8,10,3,4]
1138925 [10,3,2,5,11,9,4,1,7,6,8]
1138925 [8,4,3,5,6,2,9,7,1]
1139265 [3,4,2,5,1]
1218901 [3,13,1,4,10,7,15,14,6,9,8,11,5,2,12]
1218901 [7,8,19,3,17,13,1,9,4,14,5,15,6,11,16,12,2,18,10]
1218901 [9,10,1,7,6,3,8,2,5,4,11]
1218901 [2,5,3,1,4]
1218901 [11,10,5,1,7,6,12,8,3,2,9,4]
1218901 [6,5,2,1,4,7,3]
1246374 [39,14,28,43,10,40,3,34,4,8,13,37,26,6,25,41,1,44,38,29,17,32,21,33,19,15,18,35,20,23,24,42,16,7,31,30,11,36,12,5,27,22,9,2]
1246374 [11,4,15,5,12,6,2,18,8,3,17,7,19,9,1,13,10,16,14]
1246374 [7,2,3,1,5,4,6]
1302220 [6,9,1,8,7,2,3,4,5]
1302220 [4,6,1,2,7,3,5]
1308113 [1,4,6,3,2,5]
425689 [10,7,4,9,2,8,6,12,1,3,5,11]
972143 [6,5,4,9,11,1,8,7,10,2,3]
1213548 [1,19,13,18,14,5,3,8,17,10,7,2,4,6,12,15,9,20,11,16,21]
2242311 [2,4,9,8,6,13,15,11,14,12,1,5,10,3,7]
2242311 [15,5,16,7,3,2,21,20,1,22,17,4,13,10,12,6,9,19,8,11,18,14]
2242311 [9,4,8,2,3,13,10,11,15,6,16,7,14,12,5,1]
2242311 [7,4,6,5,1,9,3,2,8]
2357837 [3,4,2,1,5]
2231824 [3,7,1,5,6,8,2,4]
2231824 [3,4,1,5,2]
2231824 [17,4,22,13,30,9,1,31,21,12,5,28,3,8,15,18,29,11,23,14,10,6,16,20,7,27,25,26,2,19,24]
2231824 [5,1,7,4,2,6,8,3]
2231824 [3,5,1,4,2]
2231824 [8,5,2,4,1,3,6,7]
2231824 [5,8,12,7,4,9,3,13,10,2,6,11,1]
2231824 [11,4,6,7,3,14,10,2,8,5,9,15,1,12,13]
2231824 [2,9,3,4,7,6,8,5,1]
2540950 [5,3,9,2,1,10,6,7,8,4]
1790214 [3,2,4,1,5]
33736 [3,1,4,2,5]
37232 [14,7,15,10,8,4,13,16,6,12,9,2,19,5,1,3,17,18,11]
290832 [3,2,5,7,8,6,4,1]
806521 [10,1,2,11,7,5,6,14,9,4,3,8,12,13]
1785149 [8,2,4,6,1,3,5,7]
1785149 [7,6,5,2,3,4,1]
1785149 [10,6,14,12,2,4,5,7,13,15,9,1,8,11,3]
1788365 [7,5,6,2,4,1,3]
1788365 [4,9,3,10,5,6,2,11,8,1,7]
1788365 [5,4,3,2,1]
1788365 [22,25,28,3,10,1,21,14,9,16,18,24,29,27,23,5,13,7,15,26,11,19,8,6,2,4,20,17,12]
1788365 [1,9,6,4,2,10,11,7,8,3,5]
1788365 [10,8,2,4,6,7,3,5,1,9]
1788365 [6,7,8,3,1,4,2,5]
1788365 [6,2,1,7,4,3,5]
1791251 [12,5,15,13,4,11,8,7,6,3,14,9,16,2,1,10]
1791251 [17,12,10,2,14,20,21,7,8,5,4,16,25,18,1,19,28,29,22,23,11,27,6,13,3,26,24,15,9]
1230927 [13,1,6,14,8,12,10,3,7,4,9,5,11,2]
1230927 [4,3,5,1,2]
1230927 [4,3,1,5,2]
1231230 [1,2,3,4,5,6,7,8,9,10]
1279122 [27,6,10,4,15,9,5,18,21,14,1,7,12,13,25,11,24,20,17,26,16,22,23,8,3,19,2]
1279122 [35,22,34,15,20,13,26,25,44,24,46,36,40,45,8,47,32,10,49,39,41,14,12,18,48,37,31,28,5,19,3,16,27,17,2,30,29,6,42,11,9,33,4,43,23,1,21,7,38]
1279122 [17,6,7,2,4,9,18,16,14,13,1,12,3,5,15,8,11,10]
1279122 [14,16,20,15,6,9,4,8,10,17,13,11,1,21,5,3,18,2,12,7,19]
1279122 [15,12,5,2,4,14,3,9,6,17,8,7,13,10,1,11,16]
1331854 [6,7,4,5,1,3,2]
1336589 [3,4,1,2,5,6]
1380345 [10,2,3,12,4,8,9,7,13,11,1,5,6]
1412107 [3,5,6,2,1,4]
1412107 [2,5,4,3,1]
1412107 [3,4,18,28,24,14,8,19,11,6,1,13,2,23,12,7,16,27,5,17,26,22,29,20,21,9,25,10,15]
1412107 [2,4,3,1,5]
1418920 [1,2,3,4,5,6,7,8,9,10,11,12,13,14,15,16,17,18,19,20,21,22,23,24,25,26,27,28]
1438316 [3,5,6,2,1,7,8,4]
1824630 [1,2,3,4,5]
1830123 [46,15,44,47,25,2,43,34,4,27,5,9,28,36,42,10,33,13,31,30,29,3,16,26,21,18,39,7,20,22,24,37,19,40,32,17,23,6,48,41,12,45,1,35,38,49,8,14,11]
1873148 [1,2,3,4,5,6,7]
1888687 [1,2,3,4,5,6,7,8,9]
1888687 [1,2,3,4,5,6,7,8,9,10,11,12]
1888687 [1,2,3,4,5,6,7,8,9,10]
1913472 [5,10,9,6,13,3,14,11,7,12,4,1,2,8]
1874962 [5,2,1,3,4]
1874962 [4,1,3,5,2,6,7]
1874962 [13,12,2,11,5,9,1,10,16,14,3,15,17,4,6,8,18,7]
1881817 [1,2,3,4,5,6,7]
1905655 [5,1,6,2,3,4]
1941520 [7,4,6,5,9,2,3,1,10,8]
1948814 [3,1,4,5,2]
1948814 [4,5,2,3,1]
1126205 [15,26,2,19,13,20,12,6,32,28,37,24,17,16,4,1,29,35,38,27,9,14,21,22,33,23,7,3,36,30,31,10,18,8,5,11,25,34]
1148586 [7,3,12,11,10,4,9,6,15,14,13,8,16,5,1,2]
1148586 [9,15,1,16,14,12,7,11,18,8,17,6,13,3,4,10,5,2]
1148586 [3,4,6,5,1,2,7,8]
1148586 [17,16,7,13,19,27,11,22,26,1,28,14,20,8,23,24,5,21,9,4,25,15,3,10,12,6,18,2]
1174064 [6,2,5,7,4,1,3]
1174064 [2,6,1,3,4,5]
1246374 [1,10,5,9,14,12,7,3,4,11,6,13,2,8]
1251390 [8,4,11,5,3,1,12,10,6,9,13,7,2]
1972165 [1,3,2,4,5]
1974260 [4,7,3,14,18,10,6,8,1,13,12,2,19,5,9,15,17,16,11]
2015664 [4,5,13,8,1,3,2,10,12,7,11,9,6]
1286303 [6,1,2,4,5,3]
1297999 [4,6,3,1,8,10,2,9,7,5]
1320533 [7,8,4,9,11,1,13,2,6,5,10,12,3]
1320533 [4,8,5,7,3,1,6,2]
1320533 [1,2,4,5,3,6]
1320533 [5,2,3,8,4,1,7,6]
2118743 [10,2,6,4,7,3,1,8,5,9]
1320533 [10,7,4,1,8,3,9,6,5,2]
1320533 [5,4,3,7,1,6,2]
1320533 [3,7,1,2,5,6,4]
1320533 [4,1,3,2,5]
751365 [9,2,4,8,6,13,1,7,10,14,15,11,3,5,12]
751365 [12,13,17,15,16,14,8,21,20,19,5,6,4,23,22,1,3,2,9,18,7,11,10]
751365 [7,8,9,4,3,6,5,11,2,14,1,13,15,12,10]
751365 [22,14,20,3,11,16,2,25,15,19,12,8,24,23,6,17,7,4,21,26,1,9,18,5,10,13]
1602934 [2,6,7,4,8,3,5,1]
1602934 [9,61,46,23,58,31,41,39,17,44,47,62,28,56,32,14,12,8,64,26,7,3,45,59,18,19,36,52,35,51,11,15,30,40,50,60,2,1,38,63,42,34,27,22,48,53,65,55,4,24,25,6,13,5,20,33,43,21,16,57,37,54,49,29,10]
1602934 [4,1,6,2,5,3]
1680426 [5,10,3,9,1,4,6,7,2,8]
1692398 [6,7,2,1,5,4,3]
1699521 [5,1,4,3,6,2]
1699521 [1,6,4,3,2,5,7]
2564495 [5,7,2,6,15,25,11,13,8,9,24,4,1,3,19,16,22,18,20,17,21,12,10,23,14]
2564495 [5,19,15,26,17,24,21,11,16,4,13,20,3,7,14,25,8,23,18,22,1,9,6,12,10,2]
2564495 [4,13,12,14,10,9,1,8,6,5,11,2,7,3]
1279122 [2,5,4,6,7,3,8,1,9]
1279122 [8,7,2,9,6,1,4,3,5]
1279122 [5,10,4,15,7,13,11,6,3,8,12,14,2,1,9]
1279122 [2,4,3,5,1]
1279122 [8,1,11,7,9,5,12,10,3,14,6,2,13,4]
1279122 [2,8,13,22,20,11,7,14,3,9,1,15,18,6,5,21,4,17,19,12,10,16]
1279122 [1,4,6,2,7,3,5]
1279122 [2,4,9,10,3,1,6,5,11,7,8,12]
1279122 [4,5,13,1,7,11,10,3,8,12,6,2,9]
1298261 [1,2,3,4,5,6,7,8]
1304220 [4,5,9,1,3,6,7,13,10,11,8,2,12]
1304220 [3,5,4,2,1]
1359753 [6,12,9,3,8,16,10,5,7,4,14,1,11,2,13,15]
1393060 [1,2,3,4,5,6,7,8,9,10,11,12,13,14,15,16,17,18]
1393060 [1,2,3,4,5,6,7,8,9]
1405810 [3,5,1,4,2]
1405810 [5,8,6,4,1,7,3,2]
1405810 [24,33,5,15,14,31,3,8,7,10,13,26,9,21,27,22,18,19,12,25,32,16,20,4,23,30,2,28,29,6,11,17,1]
1481473 [11,5,9,1,3,8,2,4,7,6,12,10]
1531241 [5,14,20,21,22,7,41,3,10,50,42,36,16,6,48,38,35,18,11,49,40,32,25,33,13,55,44,51,37,23,31,47,4,15,8,24,46,34,2,17,28,53,1,27,9,43,30,54,39,12,29,52,19,26,45]
1531241 [1,4,2,5,6,3]
1532446 [4,5,2,7,6,3,1]
1542768 [3,4,5,15,10,13,12,6,11,7,14,8,1,2,9]
1542768 [10,6,1,3,8,12,2,14,7,11,4,5,9,13]
1542768 [9,12,15,10,6,1,11,16,5,13,8,14,3,7,4,2]
1542768 [6,11,17,3,5,9,12,4,1,10,2,8,16,7,18,13,14,15]
1542768 [12,9,14,8,13,5,10,11,1,3,7,4,6,2]
2471516 [1,2,6,3,4,5,7]
700730 [1,11,4,3,2,5,7,6,13,12,9,10,8]
700730 [8,24,23,20,7,10,30,28,19,26,5,4,14,17,3,15,27,21,29,13,2,9,1,22,11,25,12,18,6,16]
700730 [1,6,12,2,5,7,9,8,4,10,11,3,13]
702478 [24,10,15,18,8,3,17,20,2,7,25,6,26,27,22,9,28,11,1,4,14,5,29,23,16,19,12,30,13,21]
704803 [7,5,8,2,9,4,11,1,3,6,10]
1182011 [2,4,1,5,3]
1200688 [6,3,5,4,8,1,7,2]
1200688 [2,1,4,7,8,6,5,3]
1200688 [5,2,10,7,1,3,6,11,9,8,12,4]
1200688 [4,31,10,15,9,11,22,25,19,27,29,17,1,8,28,5,20,21,6,7,30,3,13,14,24,2,26,16,12,23,18]
1200688 [3,2,11,7,8,9,13,1,6,12,10,5,4]
1974003 [9,5,7,4,1,12,14,10,11,2,8,3,6,13]
1974003 [2,9,6,14,1,5,17,7,4,15,16,13,19,11,12,8,10,3,18]
790962 [6,2,3,1,5,4]
790962 [7,5,9,3,4,1,6,2,8,10]
790962 [2,1,4,3,6,8,10,9,7,5]
790962 [3,1,2,6,5,4]
790962 [8,4,5,7,6,2,1,3]
790962 [5,3,2,1,4]
790962 [11,2,13,1,14,15,8,3,10,12,5,4,9,7,6]
790962 [7,9,10,1,5,8,4,12,11,3,6,2]
793169 [1,22,63,18,39,19,50,45,11,44,29,37,72,52,35,34,55,51,10,20,23,8,12,61,59,75,49,48,7,4,6,13,47,21,33,26,64,66,5,73,74,31,65,71,58,30,62,46,25,57,32,3,41,68,28,56,9,70,24,27,60,36,15,16,77,53,2,43,14,69,67,38,17,42,40,76,54]
796186 [3,6,1,5,2,4]
1790214 [5,4,3,1,2]
1790214 [6,5,2,4,1,3]
2018629 [2,3,5,1,4]
2018629 [35,26,25,44,55,69,79,72,30,21,20,59,46,65,5,11,61,75,17,16,42,73,43,54,23,56,31,58,57,19,6,70,2,38,62,37,18,27,66,15,78,24,63,74,33,45,12,77,71,9,64,22,48,47,49,36,52,10,1,53,3,28,4,51,76,32,67,13,41,8,50,7,34,68,60,14,39,40,29]
2018629 [9,19,6,7,24,26,23,18,15,14,2,8,28,22,16,4,21,27,20,5,17,25,12,10,3,11,1,13,29]
2018629 [3,11,5,10,1,4,6,7,12,8,2,9]
802669 [10,11,12,2,7,13,3,4,1,9,6,5,8]
802669 [7,5,1,3,6,4,2]
802669 [20,13,5,31,4,24,12,3,27,25,10,18,14,26,33,23,8,30,7,17,15,21,34,6,19,2,11,29,1,9,22,32,16,28]
802669 [2,9,6,10,14,18,17,13,16,7,19,11,20,5,8,4,12,3,15,22,1,21]
802669 [10,2,11,12,4,9,19,21,14,6,20,1,3,16,18,15,22,23,8,17,5,7,13]
802669 [14,5,6,9,13,3,15,7,18,16,8,17,11,2,12,4,1,10]
802669 [13,8,7,2,14,15,9,12,21,1,22,3,11,4,19,10,18,20,6,5,17,16]
802669 [6,2,8,9,5,3,1,4,7]
802669 [10,21,4,8,33,14,28,18,16,19,25,31,20,7,5,32,9,17,6,35,22,11,13,29,23,15,3,24,26,1,27,34,12,2,30]
806521 [26,77,89,79,85,91,60,58,75,90,29,41,84,15,16,70,33,51,47,65,28,56,74,18,36,1,3,78,38,12,34,71,73,4,72,21,67,13,39,69,66,32,45,35,82,20,19,63,2,24,40,64,10,62,55,80,92,49,7,52,25,9,93,81,27,61,6,44,68,11,37,48,76,8,17,59,22,57,88,31,5,53,50,86,46,43,23,54,87,14,30,83,42]
839229 [1,2,3,4,5,6,7,8,9,10,11,12]
839229 [1,2,3,4,5,6]
839229 [1,2,3,4,5,6]
839229 [1,2,3,4,5,6,7,8,9,10,11,12]
839229 [1,2,3,4,5,6,7]
839229 [1,2,3,4,5,6,7]
839229 [1,2,3,4,5,6,7,8,9,10,11,12,13,14,15,16,17,18,19,20,21,22,23,24,25,26,27,28,29,30,31,32,33,34,35,36,37,38,39,40,41,42,43,44,45,46]
839229 [1,2,3,4,5,6,7,8,9,10,11,12,13,14,15]
852601 [2,5,7,4,3,1,9,8,6]
581272 [1,2,3,4,5,6,7,8,9,10,11]
453717 [1,4,7,3,8,6,5,2]
456623 [3,5,8,7,6,1,4,2]
467813 [3,4,5,1,9,6,8,2,7]
467813 [1,5,3,6,4,2]
467813 [4,11,13,6,8,12,14,3,1,5,9,2,15,7,10]
467813 [2,5,3,8,1,6,9,4,7]
470094 [8,7,9,10,1,6,5,4,2,3]
476345 [1,5,3,6,2,4]
492663 [2,1,3,5,4]
492663 [2,6,9,8,4,1,3,5,7]
581272 [1,2,3,4,5]
581272 [1,2,3,4,5,6,7,8,9]
557277 [1,2,3,4,5,6,7,8,9,10,11,12,13,14]
557277 [1,2,3,4,5,6,7,8,9,10,11,12,13,14,15,16]
621402 [2,3,4,1,5]
621402 [8,24,20,12,17,3,14,21,10,4,6,15,1,13,23,5,18,2,7,25,9,22,19,11,16]
621402 [5,7,3,4,2,6,1]
621402 [5,3,4,2,1]
621402 [5,9,4,3,1,6,8,7,2]
625422 [1,2,3,4,5]
626652 [8,18,14,3,1,12,11,5,13,15,9,21,23,19,17,10,2,20,6,4,24,7,16,22]
626652 [12,19,7,10,13,31,25,16,30,23,18,21,3,17,1,22,2,6,9,15,5,4,14,27,28,11,26,29,20,8,24]
663707 [3,4,1,5,2]
685921 [3,5,2,6,4,1]
2311358 [1,6,5,4,3,2]
2340535 [2,11,4,1,3,10,7,5,8,12,9,6]
2340535 [4,10,6,8,7,9,1,2,5,3]
2340535 [1,6,3,4,7,8,2,10,9,5]
2340535 [6,5,7,2,3,4,1,8,9]
2340535 [3,6,1,4,5,2]
2340535 [6,16,2,14,3,10,15,5,12,17,13,4,7,1,11,8,9]
2345810 [1,2,3,4,5,6]
1046421 [3,1,7,5,6,2,4,8]
1092441 [6,4,1,2,3,5]
1092441 [4,1,3,8,7,5,6,2]
1092441 [2,4,1,3,5]
1092441 [4,3,2,7,6,8,1,5]
1106100 [5,3,8,7,6,4,2,1]
1106100 [3,9,7,1,6,4,5,2,8]
1106100 [2,6,4,3,1,5]
1227910 [4,2,1,3,6,5]
1227910 [5,1,4,3,2]
1231139 [1,2,3,4,5]
1231139 [1,2,3,4,5,6,7,8,9,10,11,12,13,14,15,16,17,18,19,20,21,22,23]
1231139 [1,2,3,4,5]
1275613 [1,2,4,5,3]
1275613 [10,4,9,6,2,8,1,7,5,3]
1275613 [8,9,19,6,16,20,14,21,4,5,12,3,17,10,18,11,1,15,7,2,13]
1275613 [7,2,6,4,10,3,11,12,1,9,8,5]
1297999 [17,18,13,4,16,3,14,6,8,12,7,15,11,1,2,5,10,9]
1297999 [3,14,13,5,9,11,17,12,8,15,16,7,4,18,6,1,10,2]
1297999 [5,3,6,1,4,2]
1104073 [6,7,1,4,3,2,5]
1111675 [1,2,3,4,5,6,7,8]
1111675 [1,2,3,4,5,6,7,8,9,10,11]
1279122 [2,1,3,5,4]
1279122 [7,4,8,5,1,2,6,3]
2246162 [4,8,5,7,1,12,15,3,14,9,13,10,11,2,6]
2246162 [2,3,5,1,4]
2261018 [5,2,4,1,7,6,3]
2261018 [3,6,4,1,5,2]
2261018 [4,2,5,3,1]
2261018 [3,4,7,9,2,8,10,6,1,5]
2261018 [3,2,7,1,6,4,5]
2261078 [6,2,9,7,3,5,13,15,16,17,4,10,12,8,11,1,14]
2284135 [1,2,3,4,5,6,7,8,9,10,11,12,13,14,15,16,17]
2284135 [1,2,3,4,5]
2284135 [1,2,3,4,5,6]
2296716 [12,6,19,11,21,20,15,3,24,23,9,2,8,5,7,17,22,1,18,16,4,14,13,10]
2296716 [1,7,6,5,2,3,13,12,10,4,9,11,8]
2296716 [8,10,14,7,9,12,11,4,2,1,15,3,5,16,13,6]
2309232 [1,5,7,2,3,6,4]
2318116 [11,7,12,4,5,1,3,10,6,9,2,8]
2326529 [8,1,7,9,4,3,5,6,2]
2326529 [4,3,1,2,5]
2390691 [2,1,5,4,3]
2390691 [3,4,2,1,5]
2390691 [12,1,10,6,4,5,3,8,13,7,9,2,11]
2392529 [7,3,1,12,2,8,9,14,13,15,5,4,11,6,10]
2414972 [4,2,5,9,8,1,7,3,6]
2435758 [8,5,6,13,9,11,10,4,1,14,7,3,12,2]
2484251 [7,9,4,5,8,3,1,2,6]
1248913 [1,4,8,3,10,6,2,11,7,9,5,12]
1279122 [5,6,1,3,7,4,2]
1279122 [2,1,5,4,3]
1279122 [7,3,8,6,1,4,2,5]
1328826 [1,2,3,4,5,6,7,8,9,10,11,12,13,14,15]
615468 [5,4,3,2,6,1,7]
634113 [50,22,29,8,14,65,37,5,25,35,26,56,32,18,54,31,68,49,1,58,13,46,45,11,27,9,40,44,53,41,19,17,30,62,66,67,63,55,57,15,28,61,48,2,7,60,12,43,3,47,21,33,52,24,59,42,6,51,20,38,23,64,4,39,36,10,34,16]
636116 [7,1,3,4,2,5,8,6]
1131819 [5,1,2,4,3]
1298261 [1,2,3,4,5,6,7,8,9]
844776 [4,6,3,1,8,11,7,10,9,12,5,2]
844776 [5,1,2,3,4]
844776 [3,5,2,4,8,7,6,1]
844776 [7,6,3,2,8,1,4,5,9]
900378 [9,6,3,2,1,5,8,7,4]
900378 [2,1,6,5,3,4]
19181 [4,5,1,2,3]
19181 [3,2,4,7,6,5,1,8]
19181 [4,6,1,3,7,5,2]
19181 [4,6,9,1,12,5,10,11,3,7,13,2,8]
22895 [8,7,9,1,3,6,2,4,5]
24184 [7,2,9,6,3,1,8,4,10,5]
24184 [2,1,11,7,4,10,5,9,6,3,8]
462509 [1,6,12,5,11,4,10,9,3,7,2,8]
462509 [17,9,1,14,15,4,7,5,13,10,8,11,12,6,2,3,16]
1500590 [4,2,6,3,1,5]
1500590 [2,3,1,5,4]
1004662 [1,2,3,4,5]
1004662 [1,2,3,4,5,6,7,8,9,10,11,12,13,14,15,16]
1275613 [3,4,1,2,5,6]
72259 [8,4,9,5,1,7,11,12,15,3,2,10,14,6,13]
110458 [7,10,17,11,18,20,5,19,2,9,8,16,15,12,21,3,1,4,13,14,22,6]
118159 [1,2,3,4,5,6]
122958 [1,4,2,3,5]
122958 [14,23,1,5,18,7,8,6,12,21,22,11,17,3,10,2,15,20,19,16,4,9,13]
122958 [1,6,5,7,4,2,3]
122958 [14,10,19,11,27,4,2,8,22,20,21,16,3,28,6,29,5,12,1,23,18,25,13,9,15,17,7,24,26]
122958 [4,8,14,13,3,10,19,16,7,18,1,12,2,9,15,11,17,6,5]
160892 [3,4,8,1,6,9,7,5,2]
160892 [13,15,10,14,6,12,3,18,1,4,16,8,17,7,5,2,9,11]
1647768 [5,4,1,6,2,3]
1157827 [6,4,10,8,11,7,2,9,1,3,5]
1157827 [1,2,5,3,4,6]
1157827 [5,2,6,1,3,4]
290832 [25,17,10,5,2,16,12,20,18,1,6,19,13,11,7,14,24,4,21,3,9,23,8,22,15]
290832 [5,1,3,2,4]
290832 [11,8,3,6,12,4,16,7,14,5,15,1,13,9,10,2]
468133 [6,2,4,5,3,1]
248790 [3,1,2,5,4]
716137 [1,2,3,4,5]
264359 [4,1,3,6,2,5]
244367 [6,4,3,7,1,5,2]
244367 [4,3,1,5,6,2,7]
244367 [3,11,12,14,8,16,13,10,17,9,6,2,5,1,15,7,4]
244367 [13,8,17,12,9,15,18,10,16,11,5,20,14,6,4,3,7,2,19,1]
1614920 [12,13,7,5,14,3,8,4,2,9,10,11,6,1]
1614920 [4,7,2,3,6,1,5]
1614920 [3,2,8,6,1,7,4,5]
1614920 [6,7,5,8,9,2,3,4,1]
1614920 [3,7,5,4,6,1,2]
1614920 [1,3,6,4,2,7,8,10,5,9]
1614920 [4,8,5,3,1,7,2,9,6]
1614920 [3,7,6,8,9,4,5,2,1]
1691388 [4,6,5,2,1,3]
1691388 [4,6,7,8,3,9,5,2,1]
1739856 [1,2,3,4,5,6]
1739856 [1,2,3,4,5,6,7,8,9,10,11,12,13]
1739856 [1,2,3,4,5,6,7,8,9,10,11,12,13,14,15,16,17,18,19,20,21,22]
1739856 [1,2,3,4,5]
364113 [7,8,6,9,2,10,3,5,11,4,1]
364113 [5,1,10,19,14,17,11,8,3,2,6,18,12,16,4,7,15,9,13]
364113 [5,4,6,2,3,1]
364113 [3,2,6,1,5,4]
364113 [1,2,3,5,4]
374121 [8,2,6,4,1,7,5,3]
261181 [1,2,3,6,4,5]
264359 [4,5,6,2,3,1]
264359 [4,5,2,1,3]
264359 [1,2,3,5,4,6]
264359 [5,1,3,2,6,4]
626652 [6,20,9,14,3,15,17,1,22,12,16,7,21,4,10,5,8,19,2,23,13,18,11]
626652 [4,7,8,13,2,18,21,9,5,14,3,10,6,11,16,15,1,22,17,20,12,19,23]
626652 [13,7,15,6,9,14,5,12,4,2,10,8,11,1,3]
626652 [3,6,4,5,9,8,1,7,2]
675751 [8,11,20,5,23,13,21,7,19,2,22,4,18,6,12,15,3,9,17,10,14,16,1]
692411 [1,4,5,2,3]
692411 [2,4,1,3,5]
699762 [3,6,8,7,2,1,4,5]
110458 [4,1,7,3,5,6,10,2,9,8]
374239 [9,6,1,2,3,11,5,4,7,8,10]
374239 [6,3,2,4,5,1]
374239 [10,11,7,13,1,2,4,5,6,8,12,3,9]
374239 [9,11,18,3,4,15,14,16,8,17,12,2,1,5,13,7,10,6]
374239 [1,5,6,3,4,2]
374239 [7,6,1,14,5,12,17,2,15,3,13,20,11,18,8,9,10,4,16,19]
374239 [9,20,28,11,17,2,24,1,21,13,4,14,12,8,5,27,10,18,19,26,25,6,23,16,3,7,15,22]
521260 [1,2,3,4,5,6,7]
529218 [1,2,3,4,5,6,7,8,9,10,11,12,13,14,15,16]
531096 [1,2,3,4,5,6,7,8,9,10,11,12,13,14,15,16,17,18]
690924 [3,9,12,17,1,6,19,13,11,15,16,10,14,8,4,18,5,2,7]
705554 [5,1,4,2,3]
95507 [2,1,5,6,4,3]
102984 [2,1,5,6,3,4]
521637 [4,1,3,2,5]
1117666 [2,6,1,4,3,5]
1139265 [8,3,5,7,9,2,6,4,1]
548891 [2,6,1,4,5,3]
557277 [1,2,3,4,5,6,7,8,9,10,11,12,13,14,15,16,17]
557277 [1,2,3,4,5,6,7,8,9]
665079 [13,9,6,14,17,18,1,4,3,5,15,11,8,7,10,16,2,12]
755106 [1,2,3,4,5,6,7]
867679 [2,22,16,15,13,8,18,19,14,10,20,4,3,5,11,12,9,21,6,7,1,17]
867679 [6,13,11,5,1,3,12,4,2,7,8,10,9]
711028 [5,4,1,3,2]
712586 [1,2,3,4,5,6,7]
948803 [1,2,3,4,5,6,7,8]
948803 [1,2,3,4,5,6,7,8,9,10,11,12]
1023832 [3,6,4,5,1,7,2]
1157136 [2,1,4,5,3]
1157136 [22,5,1,16,18,19,15,17,21,10,12,11,7,23,4,3,13,25,20,24,8,2,14,26,6,9]
1167944 [8,1,17,3,11,12,2,14,10,5,18,7,4,15,9,6,16,13]
1167944 [28,26,8,1,19,33,13,11,32,35,9,29,16,6,22,30,21,17,3,37,20,27,5,7,25,34,15,14,4,12,10,31,18,23,2,36,24]
1167944 [4,6,1,8,2,7,10,5,3,9]
1167944 [1,3,2,5,4]
1167944 [15,6,9,17,7,18,8,13,14,12,2,10,19,1,3,5,11,4,16,20]
1167944 [4,13,24,22,15,5,19,14,8,11,6,3,2,23,12,17,20,7,16,21,1,10,9,18]
1167944 [33,26,19,13,32,4,31,16,22,27,1,30,9,15,12,29,2,3,6,10,11,8,21,23,25,18,20,5,14,7,24,28,17]
1167944 [14,12,6,7,15,8,9,5,11,10,4,2,1,13,17,3,16]
1167944 [4,13,2,6,1,5,8,10,14,3,12,15,11,9,7]
1167944 [2,6,3,5,4,1]
1167944 [10,7,15,5,11,6,2,4,13,3,19,8,17,9,1,21,14,20,16,12,18]
1167944 [28,23,8,20,18,6,5,30,31,15,1,7,34,32,27,29,12,17,11,35,16,2,10,22,13,14,21,3,19,4,24,33,26,9,25]
1167944 [6,8,7,9,2,16,14,17,1,11,13,10,15,18,4,3,5,12]
1169267 [5,1,6,4,2,3]
1169267 [15,5,2,11,17,14,4,1,7,16,9,6,13,12,3,8,10]
1169267 [7,4,23,26,1,3,10,20,14,21,15,5,17,18,8,11,13,16,22,9,6,19,25,12,24,2]
1691388 [5,7,3,1,4,6,2]
1691388 [4,1,7,6,5,3,2]
884684 [1,2,3,4,5,6,7,8,9,10,11,12,13,14,15,16,17,18,19,20,21,22,23,24,25]
1383987 [6,1,10,2,11,7,13,8,4,16,15,3,12,5,14,9]
1393060 [1,2,3,4,5,6,7,8,9,10]
1393060 [1,2,3,4,5,6,7]
1393060 [1,2,3,4,5,6,7,8,9,10,11,12,13,14,15,16,17,18,19,20,21,22]
1393060 [1,2,3,4,5,6]
1735326 [1,2,3,4,5,6,7,8,9,10,11,12,13,14]
1735326 [1,2,3,4,5,6,7,8,9,10,11,12,13]
778460 [5,4,2,7,8,3,9,1,10,6,11,12]
793625 [1,2,3,4,5,6,7,8,9,10]
812149 [4,5,6,8,7,3,2,1]
835074 [13,6,18,11,8,5,2,7,15,16,17,1,9,4,19,10,14,12,3]
847729 [4,5,3,1,6,2]
847729 [9,4,3,5,2,6,8,1,7]
847729 [8,7,1,4,3,2,5,9,6]
847729 [3,5,4,6,2,1]
850590 [2,4,5,1,6,7,3]
850590 [4,1,2,3,5]
850590 [5,1,3,2,6,4]
850590 [1,4,5,2,6,3]
623191 [6,4,3,2,5,1]
623191 [5,4,13,17,15,7,1,16,3,8,2,14,10,12,9,6,11]
751854 [7,5,2,8,4,6,1,3]
289709 [7,5,2,1,4,6,3]
557277 [1,2,3,4,5,6,7,8,9,10,11,12,13,14,15,16,17,18,19,20,21,22,23,24,25,26,27,28,29,30,31,32,33,34,35,36,37,38,39]
1012145 [1,2,3,4,5,6]
1071040 [1,2,3,4,5,6,7,8,9]
1074381 [1,2,3,4,5,6,7]
1078413 [3,5,4,6,2,1]
1078413 [7,8,5,4,6,1,3,2,9]
1218901 [4,6,9,11,7,5,13,8,12,2,10,3,1]
1218901 [3,2,4,5,6,7,1]
1218901 [9,4,2,5,3,8,1,6,7]
1232620 [5,1,2,3,4]
1232620 [7,6,5,2,3,4,1]
309336 [5,2,7,6,4,1,3]
777553 [3,9,13,14,7,2,4,12,6,1,8,10,5,11]
793625 [1,2,3,4,5,6,7,8,9,10,11,12]
636116 [4,5,2,1,3,7,6]
636116 [16,2,12,20,4,6,19,1,3,7,9,14,17,18,11,5,10,8,15,13]
636116 [10,14,3,9,1,11,2,6,13,5,12,4,7,15,8,16]
642707 [1,5,7,4,3,9,2,6,8]
1381203 [1,2,3,4,5,6,7,8,9,10,11,12,13]
1383127 [12,8,7,3,14,13,11,2,6,10,9,5,1,4]
1383987 [3,1,7,8,5,2,4,6]
1393060 [1,2,3,4,5,6,7,8,9,10]
1393060 [1,2,3,4,5,6,7,8,9,10,11,12,13,14,15]
1806363 [21,9,8,3,14,11,5,19,18,7,12,4,20,6,2,10,17,15,13,1,16]
1806363 [9,2,4,6,13,12,8,14,15,10,7,11,3,5,1]
1806363 [21,30,9,31,26,20,1,27,19,2,3,8,22,12,16,7,14,5,29,23,15,4,18,10,24,6,28,25,13,17,11]
1806363 [18,4,17,2,3,9,8,11,12,16,15,10,7,5,1,6,13,14]
1810962 [1,7,8,9,2,4,3,6,5]
1823235 [2,1,3,6,5,4]
1827042 [1,5,8,7,3,4,6,2]
636116 [2,1,5,3,4]
636116 [3,1,4,5,2]
1439546 [5,4,3,1,2]
1412107 [4,5,13,10,3,8,6,9,1,2,12,7,11]
1412107 [7,2,8,9,1,3,4,6,10,5]
1412107 [6,7,2,5,1,3,4]
1412107 [3,1,2,8,7,6,4,9,10,5]
1412107 [5,4,3,7,6,2,1]
1412107 [4,1,3,7,2,5,6]
1806211 [6,3,2,5,1,4]
1930942 [5,4,3,2,1]
1930942 [4,12,10,2,3,8,13,14,1,11,15,5,7,16,6,9]
1938246 [1,5,2,4,3]
1955113 [9,11,12,4,15,10,3,17,13,5,14,7,2,6,1,8,16]
1955113 [3,2,4,7,8,1,6,5,9,10]
2236439 [10,16,29,14,6,13,24,15,19,22,28,32,8,45,44,18,11,31,33,39,27,4,40,20,9,37,21,1,42,41,38,3,36,26,12,23,34,30,43,35,2,5,7,17,25]
2236439 [4,7,6,2,5,8,1,3]
2236439 [30,34,17,28,18,21,19,31,7,24,26,37,5,15,25,22,2,16,36,1,13,27,20,29,6,3,12,38,35,9,8,14,23,10,4,32,33,11]
2255260 [1,2,3,4,5,6,7,8,9,10,11,12,13]
2281424 [3,4,1,5,2]
2281424 [14,6,8,5,1,2,12,7,3,10,4,9,11,13]
1169267 [8,10,9,3,13,6,11,14,2,5,7,4,1,12]
1393060 [1,2,3,4,5,6]
1439546 [2,5,1,3,4]
1447473 [18,10,12,2,8,16,17,11,19,14,3,4,1,9,5,15,6,20,13,7]
1218458 [10,4,7,3,11,6,5,2,1,9,8,13,12]
1218901 [4,2,3,6,7,8,1,5]
1218901 [6,5,3,1,2,4]
1218901 [1,4,5,3,2]
1218901 [2,10,11,12,4,15,5,14,7,1,9,13,3,8,6,16]
1218901 [1,2,3,5,4]
1221785 [1,2,3,4,5,6,7,8,9]
1223652 [12,3,6,5,13,15,2,4,9,17,1,8,7,16,11,14,10,18]
1223652 [3,2,1,5,4]
1223652 [7,32,38,3,22,35,25,20,24,29,17,15,37,1,4,30,21,5,8,14,34,36,6,2,13,33,39,19,12,11,31,18,28,16,10,27,26,9,23]
1223652 [7,22,6,18,15,1,14,8,19,13,11,20,5,23,21,16,12,3,2,10,4,9,17]
1363310 [1,2,3,4,5,6]
1363310 [1,2,3,4,5,6,7,8,9,10,11,12,13]
1369252 [4,3,5,2,1]
1369252 [2,4,3,1,5]
1395265 [1,8,4,3,7,6,2,5]
1401252 [1,2,3,4,5,6,7,8,9,10,11,12,13,14,15,16,17,18,19]
1401252 [1,2,3,4,5,6,7,8,9,10]
1583352 [9,11,5,16,14,2,7,1,13,10,12,4,17,8,15,3,6]
1444552 [18,26,6,25,2,17,1,5,3,10,20,23,8,14,27,15,11,19,13,16,28,12,9,22,21,7,4,24,29]
1450284 [19,11,32,2,31,16,4,10,9,25,17,29,20,14,23,26,27,28,18,24,13,22,30,3,12,1,21,5,7,15,8,6]
1450284 [5,2,4,9,7,8,3,6,1]
1452931 [1,2,3,4,5,6]
1452931 [1,2,3,4,5,6,7,8]
2246162 [7,6,5,1,2,4,3]
2246162 [3,8,7,4,6,1,5,2]
2246162 [2,6,3,4,8,5,1,7,9]
1412107 [10,3,2,6,7,11,9,5,8,4,12,1]
1412107 [4,11,13,14,8,3,2,7,1,12,5,9,10,6]
1412107 [18,14,8,10,7,1,12,2,19,16,17,6,21,3,15,9,4,20,11,13,5]
1835614 [2,1,5,3,4]
1879949 [9,6,7,11,5,2,4,12,1,13,10,3,8]
1881717 [7,4,2,9,1,8,5,6,10,3]
1881717 [5,3,4,1,6,2]
1881717 [5,3,10,2,8,11,7,1,4,6,9]
1885147 [2,6,7,5,1,3,4]
1885147 [2,3,7,5,6,8,1,4]
1885147 [5,1,4,2,3]
1885147 [5,6,3,1,4,2]
1885147 [11,10,4,6,1,9,5,12,2,3,8,7]
1885147 [2,7,6,3,8,5,1,4]
1885147 [1,2,6,4,5,3]
1888687 [1,2,3,4,5,6,7,8,9]
1888687 [1,2,3,4,5,6,7,8,9,10,11,12,13,14]
1888687 [1,2,3,4,5,6,7]
469460 [5,3,6,1,4,2]
688189 [1,5,4,3,2]
688189 [2,3,1,4,5]
2126801 [1,2,3,4,5,6,7,8,9,10,11,12,13,14,15]
2126801 [1,2,3,4,5,6]
1275613 [6,8,1,7,20,26,28,16,3,24,2,19,10,15,4,21,23,22,13,9,11,17,25,27,12,5,18,14]
1683484 [6,1,2,8,4,3,7,5]
1686996 [1,19,9,16,17,20,10,5,21,3,2,4,14,18,8,12,15,13,6,11,7]
1690618 [2,5,8,1,3,7,6,9,4]
1703304 [2,7,1,3,5,6,4,8]
1703304 [4,5,3,1,2]
1218901 [1,2,3,5,4]
1218901 [1,2,6,4,10,8,7,3,5,9]
1218901 [7,2,6,8,9,1,3,4,5]
1218901 [6,1,2,3,5,4]
1881817 [1,2,3,4,5,6,7,8,9,10,11,12,13,14,15,16,17,18,19,20,21,22,23,24,25,26,27,28,29,30,31,32,33,34,35,36,37,38,39,40,41,42,43,44,45,46,47,48,49,50,51,52,53,54,55,56]
1881817 [1,2,3,4,5,6,7]
1881817 [1,2,3,4,5,6,7,8]
1901938 [9,4,1,2,12,6,8,3,11,7,5,10]
1902894 [6,4,8,2,1,7,5,3]
1230526 [8,5,6,2,7,3,4,1]
2583035 [1,3,5,2,6,7,4]
1614920 [6,10,5,13,14,9,11,4,8,7,3,1,12,2]
1622906 [4,13,5,8,11,3,10,1,7,6,2,9,12]
1622906 [7,3,8,2,1,6,5,4,9]
1647320 [1,2,3,4,5,6]
1888687 [1,2,3,4,5,6,7]
1901483 [5,3,1,4,2,6]
1901483 [2,9,4,7,6,5,1,8,3]
2326529 [9,4,6,7,2,3,5,1,8]
958682 [1,2,3,4,5,6,7]
958682 [1,2,3,4,5]
978501 [1,2,3,4,5]
978501 [1,2,3,4,5]
978501 [1,2,3,4,5,6,7,8,9]
1182135 [15,10,5,16,14,11,8,12,9,13,7,6,1,3,4,2]
1318938 [3,4,8,2,7,5,9,10,1,6]
1321771 [1,2,3,4,5,6,7,8,9]
1321771 [1,2,3,4,5]
1321771 [1,2,3,4,5,6,7,8,9,10,11,12,13,14,15]
835931 [27,6,3,12,23,19,18,22,10,8,7,20,16,14,24,11,21,28,4,1,13,26,29,5,9,17,25,2,15]
835931 [6,4,1,3,2,5]
839229 [1,2,3,4,5,6,7,8,9,10,11,12,13,14,15,16,17,18]
839229 [1,2,3,4,5]
839229 [1,2,3,4,5]
416399 [9,3,7,4,6,12,1,2,5,11,10,8]
416664 [5,14,6,8,3,7,1,9,12,11,13,10,4,2]
1948775 [5,4,1,3,2,6]
1948775 [9,5,13,2,11,4,12,7,6,8,1,3,10]
1948775 [12,2,13,3,5,9,6,7,4,1,11,8,10,14]
1948775 [2,3,4,5,1]
1948775 [13,19,7,18,12,5,14,16,2,1,9,6,3,11,17,10,15,4,8]
1948775 [3,1,7,10,9,6,5,2,8,4]
1948775 [5,1,6,3,4,2]
1948775 [5,20,7,12,22,10,6,18,4,19,9,13,21,11,17,23,8,14,1,16,3,2,15]
1952887 [2,10,14,7,5,12,8,11,3,15,6,4,13,1,9]
1954004 [25,31,32,13,24,5,18,11,3,17,6,14,2,8,29,1,26,27,22,30,16,10,19,28,35,33,34,15,9,20,7,12,23,21,4]
1954004 [10,9,5,2,4,3,1,8,7,6]
1954004 [5,10,9,7,6,1,2,4,8,3]
2520299 [10,1,11,8,7,2,3,5,9,4,6]
2520299 [5,2,3,1,4]
2534247 [1,2,3,4,5,6,7,8,9,10,11,12,13,14,15,16,17]
2534247 [1,2,3,4,5,6,7,8,9,10,11]
2534247 [1,2,3,4,5]
510680 [8,5,15,4,12,3,14,10,2,16,6,13,9,7,1,11]
510680 [11,2,19,20,18,1,21,10,12,7,17,5,6,14,15,16,22,3,8,4,9,13]
510680 [14,6,5,10,2,9,11,13,8,7,1,4,12,3]
1992684 [15,3,10,5,12,9,6,4,11,14,7,2,13,1,8]
2010640 [13,6,8,4,14,1,7,9,2,3,11,12,10,5]
2010640 [3,4,10,9,2,5,7,8,6,1]
2010640 [7,2,5,1,3,6,4]
2010640 [2,1,5,4,7,3,6]
2010640 [8,7,6,3,5,2,4,1,9]
2010640 [8,6,2,4,12,13,9,10,7,3,1,5,11]
2010640 [9,7,3,1,5,4,6,2,8]
2010640 [4,15,3,5,11,8,7,10,13,6,1,14,2,12,9]
2010640 [3,7,5,1,4,9,8,2,6]
2160183 [1,8,5,7,4,6,9,2,3]
2160183 [4,3,5,1,2]
2169267 [3,7,5,1,2,6,4,8]
2473314 [5,1,3,2,4,6]
2473314 [25,3,6,7,16,2,22,5,11,1,20,17,23,4,19,18,24,12,8,15,26,10,14,9,13,21]
2473314 [7,3,9,13,8,4,14,11,10,6,12,5,1,2]
564256 [6,3,10,8,9,2,5,4,1,7]
564256 [6,4,2,5,1,3]
564256 [5,2,1,6,3,4]
581272 [1,2,3,4,5,6,7,8,9,10]
1182135 [7,8,6,12,17,14,4,10,11,1,5,16,15,2,3,13,9]
631807 [7,11,2,12,10,14,5,3,13,9,4,15,6,8,1]
631807 [3,5,8,7,1,4,6,2,10,9]
808364 [3,4,5,2,1]
1548114 [41,11,54,27,28,17,34,35,30,48,47,6,15,39,46,45,33,42,26,14,18,23,21,49,4,38,43,56,31,8,3,40,53,5,10,19,12,2,7,44,55,22,37,9,25,16,13,36,20,24,52,32,1,50,51,29]
1562408 [3,2,4,5,1]
1562408 [19,2,3,7,11,1,21,5,12,8,20,13,6,22,10,18,15,4,9,16,17,14]
1562408 [10,9,6,1,11,2,12,5,8,4,3,7]
1562408 [12,21,23,8,19,17,22,13,5,4,3,20,15,7,10,1,27,28,2,18,11,29,14,9,26,25,6,16,24]
1562408 [3,9,10,11,6,2,7,4,1,8,5,12]
1619579 [9,8,4,7,5,6,3,1,2]
1619579 [4,7,6,8,9,5,1,2,10,3]
1619579 [12,7,17,24,25,29,27,26,34,10,1,36,5,19,23,30,4,3,21,13,18,8,28,11,35,31,6,9,33,22,14,20,15,16,2,32]
1619579 [11,2,9,1,10,4,7,6,5,3,12,8]
1619579 [2,14,8,7,5,3,9,1,4,6,12,10,13,11]
1619579 [10,4,2,11,1,7,6,8,3,9,5]
1619579 [2,14,10,3,5,8,9,7,11,13,4,6,12,1]
1619579 [7,4,1,2,3,8,10,9,5,6]
1619579 [4,10,9,12,1,2,7,3,5,6,11,8]
1621087 [4,7,12,5,2,3,11,10,9,6,1,8]
1622906 [1,6,2,3,4,5]
1728794 [1,14,6,15,5,3,12,13,11,2,7,9,10,4,8]
1728794 [4,3,1,2,5]
1728794 [9,7,4,5,3,1,6,2,8]
1735089 [4,2,1,3,5]
1747023 [11,8,15,18,12,2,7,13,9,10,3,16,17,14,4,5,6,1]
1747023 [5,3,1,2,4]
450577 [6,3,9,2,14,12,11,10,4,5,7,13,1,8]
1744285 [4,7,22,23,18,19,17,13,10,15,1,24,8,12,5,25,20,9,3,14,26,11,6,16,2,21]
1744285 [25,15,9,2,17,28,20,5,23,6,3,24,21,22,10,14,12,18,26,16,13,11,8,27,29,1,19,4,7]
1978399 [9,2,1,6,4,7,5,8,3]
1978399 [5,1,4,3,2]
1978399 [5,4,3,1,2]
1978399 [4,6,10,9,1,3,7,5,2,8,11]
2044604 [5,3,1,4,2,6,7]
2044604 [11,12,15,7,6,14,1,5,13,2,16,10,4,3,17,8,9]
2378157 [7,1,3,4,2,5,6,8]
2583477 [19,35,3,28,30,15,8,18,5,26,36,11,22,6,2,39,13,34,4,7,24,29,16,33,31,25,23,1,38,9,27,21,14,12,37,20,32,10,17]
1887306 [2,6,9,5,7,11,4,12,1,8,10,13,3]
1887306 [11,5,4,10,3,1,9,12,6,2,7,8]
1887306 [4,5,1,2,3]
1887306 [11,18,14,32,1,13,20,2,24,27,25,30,12,9,28,5,22,19,33,3,15,29,7,16,23,26,8,6,4,10,31,17,21]
1887306 [7,9,1,6,4,8,3,5,2]
1887306 [6,4,5,2,3,1]
1887306 [2,1,6,5,4,3,7]
1887306 [14,8,4,13,7,2,3,1,6,16,5,11,15,9,17,12,10]
1888687 [1,2,3,4,5,6,7,8,9]
1888687 [1,2,3,4,5,6,7,8,9,10,11,12,13,14,15,16,17,18,19,20]
1888687 [1,2,3,4,5]
2053307 [6,8,5,3,1,9,10,2,4,7]
2053307 [7,4,11,10,5,9,3,6,1,8,2]
329462 [2,4,1,5,3]
407553 [1,3,5,2,4]
407553 [1,4,5,3,6,2,7]
210846 [2,7,3,6,1,5,4]
1984028 [4,6,7,1,2,3,5,9,8]
2226651 [3,5,2,6,1,4]
2226651 [4,10,8,2,5,1,6,3,7,9]
2433810 [2,6,1,7,5,3,8,4]
2433810 [4,8,9,1,2,10,7,5,3,6]
2440251 [1,2,3,4,5,6,7,8,9,10,11,12,13,14,15,16,17,18]
1143918 [6,3,4,1,2,8,7,9,5]
1143918 [8,6,5,4,1,7,2,3]
1249770 [4,1,6,3,5,2,7]
1249770 [3,2,4,7,6,1,5]
1249770 [1,2,5,3,4]
1249770 [6,9,5,10,1,8,2,7,3,4]
1249770 [10,5,3,1,6,4,9,12,7,11,8,2]
1249770 [1,5,3,6,10,9,7,4,2,8]
1328488 [26,37,40,34,45,16,2,10,6,23,22,18,39,15,29,5,14,1,42,7,30,41,28,8,25,38,36,32,33,35,46,31,4,9,17,20,19,24,43,13,21,27,11,44,12,3]
1602934 [4,7,8,5,6,1,3,9,2]
2561387 [5,7,3,2,4,1,6]
2561387 [13,8,2,14,5,12,9,1,4,10,15,16,6,3,7,11]
2561387 [9,5,7,20,22,14,15,11,24,2,6,17,3,16,23,13,21,10,19,12,8,4,18,1]
2561387 [11,7,23,10,25,1,24,13,20,16,21,17,22,14,6,26,2,5,19,3,8,15,18,4,9,12]
2561387 [2,11,4,5,6,15,10,14,8,18,17,19,12,7,13,16,9,3,1]
2580963 [1,2,3,4,5]
2580963 [1,2,3,4,5,6,7]
1210810 [1,2,3,4,5,6,7,8]
1153721 [1,2,3,4,5,6,7]
1171223 [4,2,5,1,7,3,6]
1171223 [4,5,2,1,3,6]
1171223 [8,18,12,1,11,10,19,17,6,16,7,14,15,13,2,5,9,3,4]
1171223 [5,4,2,3,1,6]
1171223 [5,2,1,7,4,3,6]
1171223 [2,9,6,1,5,3,8,7,4]
1171223 [1,10,6,23,20,17,18,16,7,5,25,24,15,19,4,21,8,3,14,13,9,12,11,2,22]
1171223 [23,15,34,3,2,18,19,6,27,5,11,1,10,33,32,29,17,24,12,13,14,20,28,36,35,31,22,21,25,4,16,8,9,26,7,30]
1200688 [9,3,5,7,6,4,8,2,1]
1200688 [4,10,5,3,1,6,8,7,2,9]
1245658 [1,2,3,4,5,6,7,8,9,10,11,12,13,14,15,16,17,18,19,20]
1245658 [1,2,3,4,5,6,7,8,9,10,11,12,13,14,15,16,17,18,19,20,21,22,23,24]
1246374 [2,3,4,1,5]
1248913 [4,2,6,5,1,3]
1252393 [16,10,9,12,8,5,14,11,6,4,13,15,3,2,7,1,17]
1252393 [7,2,4,8,13,1,6,9,5,10,12,11,14,3]
1277469 [1,2,3,4,5]
1277469 [1,2,3,4,5,6,7,8,9,10,11,12,13,14]
1286303 [1,5,6,3,2,7,4]
1286303 [4,1,3,2,5]
1336589 [2,1,3,6,5,4]
1336589 [13,17,15,3,23,2,14,8,5,6,7,4,12,24,11,1,19,16,20,21,22,18,10,9,25]
1336589 [13,9,1,12,11,2,8,6,10,3,7,4,5,14]
1248618 [1,2,3,4,5,6]
1248618 [1,2,3,4,5,6,7,8,9,10,11]
1248618 [1,2,3,4,5,6,7]
2490102 [6,2,3,1,4,5]
2490461 [1,2,3,4,5,6,7,8,9]
2490461 [1,2,3,4,5,6,7]
2499516 [4,5,3,6,1,2]
935922 [1,5,3,4,2]
935922 [3,4,5,6,7,2,1]
949107 [5,4,1,2,3]
949107 [8,4,6,2,7,1,3,5,9]
980094 [1,4,5,3,2]
980094 [4,2,3,6,1,5]
985452 [1,3,5,2,4,6]
985452 [6,2,5,4,1,3]
2367633 [5,3,4,6,1,2]
2367633 [5,3,4,6,1,2]
2367633 [9,10,8,4,6,11,13,5,3,1,7,14,12,2]
2367633 [6,9,3,4,1,10,8,11,5,2,7]
2548347 [3,5,2,1,4,6]
2548347 [4,3,1,5,6,2]
1248913 [1,3,2,5,4]
1275613 [2,7,9,19,12,3,4,5,20,11,10,6,8,13,16,18,14,1,17,15]
1275613 [4,2,6,1,3,5]
1275613 [16,10,4,11,7,13,8,9,2,3,6,1,12,5,15,14]
1275613 [6,1,2,5,3,4]
1275613 [5,8,12,6,7,2,4,11,13,1,9,3,10]
1302220 [3,4,6,1,5,2]
1369252 [7,5,11,4,6,1,13,8,2,3,10,14,9,12]
1369252 [4,2,3,6,5,1]
1377811 [24,5,8,6,14,10,13,20,9,16,18,23,4,2,17,25,3,7,12,11,1,15,19,22,21]
1377811 [10,12,9,11,2,5,7,4,6,8,1,3]
1377811 [3,12,11,7,8,4,1,5,2,10,9,6]
1389997 [3,6,4,1,5,2]
1389997 [10,3,7,9,8,5,1,6,2,4]
1389997 [1,4,3,5,2]
135488 [18,15,17,4,26,9,25,13,29,22,23,28,24,7,20,14,12,21,3,30,8,5,11,27,1,6,19,16,10,2]
521351 [5,39,37,13,43,10,32,28,19,6,9,42,11,36,26,8,2,44,3,33,23,16,35,27,24,41,30,14,4,15,40,31,17,18,21,38,1,7,25,29,12,20,22,34]
1840567 [3,8,13,6,1,9,5,12,10,7,15,16,2,14,4,11]
2024936 [3,2,4,5,1]
2041007 [10,4,8,11,6,3,12,7,9,2,5,1,13]
2069966 [3,4,5,1,2]
2113901 [2,3,5,1,4]
2129565 [2,4,1,3,5]
2129565 [39,16,35,19,2,28,10,14,31,4,34,41,45,44,1,13,23,9,37,27,29,25,40,17,38,30,8,15,24,32,33,5,12,11,6,26,46,48,21,20,22,36,42,7,3,47,43,18]
2161139 [4,2,1,3,5]
2161139 [15,13,6,9,1,5,2,7,8,16,18,3,17,14,11,10,4,12]
2161139 [9,10,13,4,16,14,8,3,5,12,1,6,7,15,11,2]
2161139 [2,1,4,5,6,3]
2169267 [3,6,7,4,5,1,2]
1735326 [1,2,3,4,5]
1918553 [1,2,3,4,5]
1918553 [1,2,3,4,5,6,7,8,9]
1918553 [1,2,3,4,5]
1918553 [1,2,3,4,5]
364113 [1,7,2,5,3,6,4]
1185642 [29,9,15,24,27,13,5,4,22,14,8,26,3,19,23,10,2,6,11,28,25,7,12,1,17,18,20,21,16]
1216284 [5,4,3,7,8,6,9,1,2]
1216284 [3,5,4,2,1]
1216284 [6,5,2,4,3,1]
1216284 [10,6,3,9,7,5,1,4,2,8]
1216765 [1,2,3,4,5,6,7,8,9,10,11,12,13]
1249770 [9,12,8,3,6,10,4,7,2,11,1,5]
1259481 [1,2,3,4,5,6,7,8]
1331854 [8,2,7,1,5,6,4,3,9]
1331854 [8,1,5,10,4,9,7,2,3,6,11]
1331854 [8,7,1,6,4,2,3,5]
1331854 [3,7,4,12,6,16,15,9,13,11,14,2,10,1,8,5]
1331854 [2,1,3,4,6,5]
1762880 [7,5,11,8,1,9,3,10,4,2,13,12,6]
1762880 [16,24,19,13,18,21,17,5,20,2,4,10,6,14,1,15,23,22,7,3,8,12,11,9]
1762880 [32,44,16,3,51,10,4,33,15,23,42,38,55,43,18,24,53,30,6,29,22,31,13,26,19,7,8,34,50,25,14,35,1,58,5,37,28,59,12,45,48,20,57,11,56,46,41,47,39,52,17,40,36,49,2,21,9,54,27]
1769232 [1,4,5,3,2]
1748436 [6,1,3,8,5,9,2,4,7]
1785149 [11,9,1,4,8,15,3,13,19,18,10,12,2,6,14,7,17,20,16,5]
1157136 [5,7,4,6,1,10,9,2,8,3]
1157136 [14,7,2,13,1,10,9,3,16,12,11,8,6,15,18,5,4,17]
1171223 [2,9,5,6,8,4,11,10,7,3,1]
1171223 [12,5,15,16,14,2,11,3,18,13,4,17,9,7,19,8,1,6,10]
1171223 [15,5,4,7,2,6,14,3,12,8,13,9,1,16,10,11]
1902894 [9,4,3,1,2,5,6,7,8]
2060487 [6,7,2,4,1,5,3]
2078799 [6,4,2,5,1,3]
2078799 [13,14,4,2,1,3,5,11,9,10,15,12,7,6,8]
2078799 [3,10,2,8,14,13,11,9,4,6,1,7,15,12,5]
2267404 [9,11,6,1,7,10,4,8,2,5,3]
2421328 [37,7,53,25,48,35,38,19,10,3,8,21,40,56,2,1,32,28,47,43,36,4,17,16,41,26,57,44,46,6,13,50,49,45,33,52,9,11,51,27,39,22,23,5,12,54,30,42,55,15,18,24,29,14,20,34,31]
2430015 [4,18,11,1,6,12,21,16,9,13,7,15,2,19,17,14,3,10,20,5,8]
2430015 [3,4,5,2,1]
2430015 [5,6,2,3,7,1,8,4]
2449640 [1,2,3,4,5]
2449640 [1,2,3,4,5,6,7,8,9,10,11,12,13,14,15,16,17,18,19,20,21,22,23,24,25,26,27,28,29]
2449640 [1,2,3,4,5,6,7]
2449640 [1,2,3,4,5,6]
2449640 [1,2,3,4,5,6,7]
808364 [2,20,3,1,12,21,8,22,7,24,15,17,10,19,18,23,14,5,4,6,13,9,16,11]
51752 [3,4,2,1,5]
51752 [2,1,4,5,3]
51752 [1,2,4,3,5]
51752 [2,1,4,5,6,3]
1171223 [3,5,7,6,1,4,2]
1218901 [9,16,5,14,18,2,6,4,10,13,12,7,1,17,19,11,8,3,15]
1218901 [10,5,7,1,8,2,4,9,6,3]
1218901 [5,1,3,6,2,4]
1218901 [18,29,40,19,21,22,14,1,35,28,7,38,9,3,15,43,13,6,11,44,16,27,20,24,32,31,26,42,41,5,17,33,30,4,34,36,25,2,12,39,37,8,23,10]
1218901 [11,3,9,6,12,10,1,2,15,5,13,8,4,7,14]
1221785 [1,2,3,4,5,6]
1230526 [1,4,5,2,3]
1230526 [1,4,3,5,2,7,6]
1248913 [1,6,7,2,3,4,5]
1314325 [17,7,5,2,4,9,15,10,12,1,3,14,16,6,13,11,8]
1314325 [9,4,10,1,7,6,5,11,8,3,2]
1314325 [3,5,2,1,4]
1314325 [5,3,7,1,6,2,8,4,9]
1314325 [1,7,11,5,3,9,8,6,2,10,4]
1807325 [1,2,3,4,5]
1807325 [1,2,3,4,5,6,7]
1834502 [5,2,4,3,1]
1863380 [1,2,3,4,5,6,7,8,9]
1863380 [1,2,3,4,5,6,7]
1885147 [12,3,5,1,4,11,7,6,2,8,10,9]
1885147 [1,7,11,4,8,2,9,3,10,6,5]
1885147 [11,12,1,7,8,13,5,4,10,3,2,9,6]
1885147 [7,6,4,8,9,1,5,3,2]
1885147 [6,1,4,3,5,2]
1885147 [9,8,6,2,7,10,4,5,3,1]
1885147 [1,8,9,7,5,3,6,2,4]
1885147 [2,3,1,4,5]
1885147 [2,4,5,3,6,1]
1885147 [4,1,2,8,3,5,6,7]
1900492 [3,2,1,5,4]
1948814 [3,2,4,5,1,6]
1948814 [4,3,1,5,2]
1974170 [1,3,5,2,4]
1974260 [12,8,2,10,13,9,1,7,5,6,3,15,11,14,4]
2052088 [7,8,5,6,1,2,3,4]
2052088 [5,8,13,9,7,14,10,11,2,15,4,3,12,6,1]
1732429 [4,17,10,11,6,12,16,18,7,15,14,5,8,13,9,1,3,2]
1732429 [11,12,8,14,7,13,6,10,5,4,3,2,9,1]
1734750 [5,4,1,7,6,3,2]
1734750 [9,12,3,2,7,5,11,10,4,6,1,13,8]
1734750 [5,4,1,2,3]
1754583 [5,3,4,2,6,8,7,1,9]
1762623 [7,2,4,6,3,1,8,9,5]
1791251 [1,15,17,26,4,5,3,6,18,8,21,20,2,22,13,23,24,7,10,14,12,9,25,16,11,19]
930903 [1,4,6,2,5,7,3]
930903 [8,4,6,1,2,9,10,7,3,5]
933067 [1,2,3,4,5,6,7,8,9,10,11,12,13,14,15,16,17,18,19,20,21,22,23,24,25,26,27,28,29,30,31,32,33]
933067 [1,2,3,4,5,6]
935922 [9,5,7,2,6,8,3,10,4,1]
935922 [5,4,1,3,6,2]
938507 [31,30,3,7,25,13,22,2,34,33,32,6,26,21,28,12,15,10,11,17,23,24,20,5,9,8,1,18,27,29,14,19,4,16]
1799180 [64,54,26,1,20,41,33,35,3,27,38,58,22,8,47,17,30,63,59,24,25,51,14,62,66,10,16,60,67,12,56,31,61,46,29,36,28,9,45,23,34,48,68,2,40,5,42,69,53,18,50,65,11,6,37,13,52,19,70,44,21,43,55,39,4,49,7,57,15,32]
1848398 [1,2,3,4,5,6,7,8,9,10,11,12,13,14,15,16,17,18,19,20,21,22,23,24,25]
1881817 [1,2,3,4,5,6,7,8,9,10,11,12,13,14,15,16,17,18,19,20,21,22,23,24,25,26,27,28,29,30,31,32,33,34,35,36,37,38,39,40,41,42,43]
1918553 [1,2,3,4,5,6]
1279122 [20,8,9,21,3,15,2,13,4,14,22,10,23,18,17,11,6,1,16,12,19,5,7]
1279122 [5,4,7,6,11,9,10,3,1,8,2]
1279122 [8,5,11,3,1,7,10,2,13,4,9,6,12]
1282945 [1,2,3,4,5,6,7,8,9,10,11,12,13]
661583 [11,8,10,12,2,6,9,14,5,3,4,1,7,16,13,15]
665079 [16,21,24,9,29,8,23,17,4,11,27,32,25,12,28,7,13,20,1,2,6,14,31,26,10,30,5,15,19,3,18,22]
692411 [4,6,3,2,5,1]
1006353 [1,2,3,4,5,6]
1012145 [1,2,3,4,5,6,7,8,9,10,11]
1012145 [1,2,3,4,5,6,7,8,9,10]
1043430 [1,2,3,4,5,6,7,8,9,10,11,12,13,14,15,16,17,18,19,20,21,22,23,24,25,26,27,28,29,30,31,32,33,34,35,36,37,38,39,40,41,42,43,44,45,46,47,48,49,50,51,52,53,54,55,56,57,58,59,60,61,62,63,64,65,66,67,68,69,70,71,72,73]
2498205 [5,6,2,8,15,1,4,3,9,11,7,10,14,13,12]
2498205 [2,3,1,5,4]
2548347 [7,2,5,10,9,4,8,3,1,6,11]
2548347 [5,3,2,4,6,1]
2548347 [6,1,4,7,5,2,3]
2548347 [1,5,9,6,2,3,4,8,7]
1129282 [5,1,4,2,3]
1129282 [1,2,5,3,4]
1129282 [3,5,4,1,2]
1129282 [8,9,17,7,3,6,15,10,11,20,19,14,12,4,16,5,18,1,13,2]
1129282 [4,3,1,2,5]
1129282 [13,1,10,6,9,3,7,2,4,12,8,5,11]
1129282 [1,3,8,5,6,4,2,7]
1129282 [4,10,5,3,7,8,1,9,6,2]
1129282 [1,3,5,2,4]
1129282 [7,10,4,11,2,5,9,6,8,3,1]
1211061 [4,3,2,9,6,8,1,5,7]
1255547 [2,5,4,1,3]
1984028 [9,4,8,3,1,2,5,6,7]
1984028 [2,3,10,4,7,8,9,5,11,6,1]
1984028 [1,3,7,2,8,4,6,5]
1984028 [1,9,6,11,10,3,4,8,7,5,2]
1984028 [2,3,5,6,1,4]
1984028 [2,14,16,18,12,8,9,1,6,17,11,5,7,15,13,10,19,4,3]
2044604 [7,9,4,13,11,12,3,6,1,10,5,2,8]
2309232 [3,4,2,7,1,6,5]
2309232 [1,6,4,5,3,2]
2309232 [4,6,8,5,1,2,3,10,7,9]
2309232 [6,5,7,1,9,8,4,3,2]
2326725 [7,3,10,8,6,1,9,5,2,4]
2326725 [7,1,4,3,6,5,2]
2326725 [4,9,3,20,8,14,13,22,12,6,17,10,11,7,5,1,19,16,21,18,15,2]
2326725 [5,2,7,3,6,1,4]
2326725 [5,3,2,1,6,4]
2326725 [9,12,4,10,8,1,6,5,7,11,2,3]
2326725 [4,11,5,2,6,7,1,3,12,8,9,14,10,13]
234690 [1,2,3,4,5,6,7,8,9,10,11,12,13,14]
234690 [1,2,3,4,5,6,7]
234690 [1,2,3,4,5,6]
261181 [2,5,3,1,4]
264359 [6,29,17,8,19,21,28,5,13,23,32,7,11,24,9,34,27,31,10,15,35,4,30,12,26,25,1,2,20,16,14,33,18,3,22]
264359 [2,9,5,14,10,4,12,11,3,6,1,7,13,8]
264359 [2,7,4,11,8,6,1,10,9,5,3]
264359 [1,5,3,4,2]
264359 [3,13,18,5,8,17,14,12,1,4,7,10,11,15,6,16,9,2]
268600 [2,3,9,7,8,1,4,6,5]
268600 [6,2,1,5,4,3]
268600 [5,7,4,6,1,3,2]
268600 [1,5,2,4,6,3]
268600 [7,2,1,5,4,3,6]
268600 [4,3,2,1,5]
268600 [1,37,4,19,27,9,2,5,28,14,34,35,23,22,30,38,13,12,18,7,32,29,16,24,3,10,25,36,26,20,17,8,11,33,15,6,21,31]
268600 [8,5,1,2,9,10,7,4,12,3,11,6]
268600 [5,1,4,6,2,7,3]
335397 [5,4,7,1,8,11,17,3,13,14,6,2,9,19,16,12,18,15,10]
354032 [5,1,3,2,4]
354032 [3,1,5,6,2,7,4]
364113 [5,4,1,3,2]
393986 [1,2,3,4,5,6,7,8,9,10,11,12,13,14,15,16,17,18,19,20,21,22,23,24,25,26,27,28,29,30,31,32,33,34,35]
393986 [1,2,3,4,5,6,7,8,9]
441426 [1,5,6,4,3,7,2]
441426 [5,1,3,2,4]
441426 [9,1,8,6,7,10,5,2,4,3]
636116 [4,14,6,1,11,12,10,2,7,9,8,5,13,3]
638393 [7,2,3,6,5,1,4]
638393 [9,19,17,15,3,2,10,12,6,13,1,7,4,11,5,18,16,14,8]
638393 [7,6,8,9,2,5,3,4,1]
638393 [1,6,7,3,5,4,9,2,8,10]
638393 [8,18,14,1,19,7,5,4,13,6,12,16,15,10,2,9,17,20,3,11]
638393 [6,2,5,1,4,7,3]
1467043 [7,1,4,3,5,6,2]
670685 [9,1,10,3,7,11,8,5,6,2,4,12]
672521 [7,5,18,11,19,10,9,15,13,16,1,14,17,3,6,12,4,2,8]
672521 [1,2,4,7,5,3,6,8]
672521 [2,1,4,6,3,8,7,5]
672521 [1,6,3,7,9,10,8,5,2,4]
688189 [20,14,12,23,2,10,29,16,17,5,25,11,24,31,6,1,22,3,18,4,32,7,28,27,30,33,21,15,19,8,9,26,13]
710166 [1,2,3,4,5,6,7,8,9,10,11,12,13,14,15,16,17,18,19,20,21]
710166 [1,2,3,4,5,6,7,8,9,10,11,12,13,14,15,16]
812299 [4,1,3,2,7,8,6,10,9,5]
839514 [11,31,4,8,40,1,43,27,30,35,24,32,41,22,26,23,14,29,36,15,20,33,17,25,42,18,39,28,34,9,38,19,6,3,5,10,12,2,37,21,13,7,16]
839514 [6,5,4,1,3,2]
839514 [11,14,3,20,15,17,5,7,24,22,2,19,25,13,6,8,23,4,9,12,1,18,16,10,21]
839514 [1,5,7,6,3,2,4]
839514 [9,2,1,5,6,3,8,4,7]
847416 [25,17,31,4,1,13,3,27,16,14,21,5,15,30,12,10,7,22,19,28,26,2,8,24,20,6,11,18,29,23,9]
847416 [5,3,2,6,1,8,12,11,10,4,13,9,7]
847416 [12,2,1,15,4,14,6,8,11,13,9,7,3,5,10]
850590 [1,6,8,16,15,14,2,3,9,5,11,4,10,12,17,18,13,7]
850590 [24,33,19,23,9,1,17,4,22,21,2,10,36,8,32,13,16,29,35,26,18,3,25,5,28,38,7,15,20,31,27,30,11,6,12,14,34,37]
856313 [10,3,5,1,7,9,6,2,13,11,8,14,12,4]
856313 [2,3,4,1,5]
893182 [6,5,3,4,1,2]
1563751 [1,5,4,6,3,2]
1563751 [5,6,11,7,13,10,4,1,14,8,9,15,2,12,3]
1563751 [15,10,3,18,9,17,11,19,4,2,14,13,8,7,6,5,12,16,1]
1563751 [1,13,5,17,8,2,10,11,19,15,6,3,18,7,12,9,14,4,16,20]
1563751 [6,1,4,3,2,10,9,7,8,5]
1563751 [12,19,10,15,13,7,11,14,9,1,16,2,6,5,3,4,17,8,18]
187651 [9,7,8,13,5,14,4,6,12,11,3,1,10,2]
2390691 [3,14,9,4,5,7,20,18,22,15,10,12,17,13,1,19,11,2,8,6,16,21]
2390691 [1,10,9,2,12,3,7,4,14,13,6,11,8,5]
2392529 [2,4,1,5,3]
2392529 [12,10,18,14,11,1,4,7,19,8,9,17,5,6,20,16,15,13,3,2]
2404803 [1,2,3,4,5,6,7,8,9,10,11]
2404803 [1,2,3,4,5]
2406851 [5,9,10,1,3,7,4,6,2,8]
2406851 [5,2,3,7,6,4,1,8]
2406851 [7,4,5,2,1,3,6]
2406851 [1,5,4,2,3]
642707 [6,5,1,7,2,3,8,4]
642707 [2,1,4,5,6,3]
642707 [12,4,6,1,9,10,8,5,11,2,7,13,3]
642707 [1,5,2,4,3]
642707 [2,5,4,6,1,3]
642707 [14,16,9,13,10,3,6,11,7,1,8,12,4,5,2,15]
665079 [12,7,8,10,1,14,3,6,2,18,4,5,16,9,13,11,17,15]
665079 [9,4,2,7,14,11,17,15,3,8,18,1,5,16,6,19,10,12,13]
665079 [22,40,26,4,36,8,30,25,32,9,29,20,5,38,18,7,11,37,12,15,31,41,43,16,28,45,44,24,1,2,35,10,27,17,21,6,33,14,3,19,23,34,42,47,46,39,13]
677697 [1,2,3,4,5,6,7,8,9,10,11,12,13,14,15,16,17,18,19,20,21,22,23,24,25,26,27,28,29,30,31,32,33,34,35,36,37,38,39,40,41,42,43,44,45,46,47,48,49,50,51,52,53,54,55,56,57,58,59,60,61,62]
699762 [13,7,11,10,12,1,6,3,5,8,9,4,2]
716137 [1,2,3,4,5]
716137 [1,2,3,4,5,6]
716137 [1,2,3,4,5,6,7,8,9,10,11,12,13]
732486 [6,10,4,9,8,1,3,2,5,7]
757408 [1,3,4,5,2]
757408 [5,7,10,4,3,6,1,9,2,8]
782168 [7,4,1,11,10,6,2,3,8,9,5]
782168 [8,4,5,7,3,11,1,6,2,9,10]
839118 [1,7,6,5,4,10,2,3,8,9]
839118 [8,7,3,4,1,2,6,5]
839118 [1,2,3,5,6,4]
839118 [1,2,4,5,3]
839118 [3,5,4,2,1]
839118 [10,1,4,9,12,13,3,7,6,14,11,8,5,2]
852601 [7,1,3,6,2,8,4,5]
869625 [6,4,10,13,7,8,2,3,1,12,9,11,5]
2272218 [1,2,3,4,5,6,7]
374121 [5,4,7,1,6,2,3]
374121 [2,10,3,4,5,8,6,7,9,1,11]
425689 [3,1,5,8,4,6,2,7]
425689 [10,5,9,2,7,4,3,8,6,1]
425689 [4,10,6,8,5,11,7,3,2,9,1,12]
425689 [6,9,12,10,15,14,1,11,8,5,7,19,2,3,20,17,18,4,13,16]
456749 [8,7,4,6,2,5,1,3]
468133 [4,1,2,3,8,6,7,9,5]
477224 [7,5,2,1,3,4,6]
497248 [6,1,4,2,5,3]
497248 [7,4,6,3,1,8,5,2]
1481473 [14,12,8,5,4,15,7,10,1,3,13,11,2,6,9]
1531241 [5,4,2,3,7,1,6]
1531241 [2,7,1,9,10,6,5,12,8,4,11,3]
1531241 [2,4,3,1,5]
2204341 [7,5,1,6,2,3,4]
399574 [3,1,6,5,2,4]
412247 [2,3,6,7,4,1,5,8]
412478 [15,4,7,11,2,1,6,18,8,13,16,9,19,3,17,14,5,12,10]
416399 [8,4,5,7,6,2,1,3]
416399 [3,6,2,1,8,5,7,4]
420583 [2,5,4,3,1]
441426 [1,3,4,5,2]
441426 [6,1,5,2,4,3]
441426 [12,22,21,9,4,2,15,13,8,10,7,16,3,6,1,18,19,14,20,5,17,11]
456749 [3,5,1,2,4]
469460 [5,4,1,3,2]
508254 [10,3,2,5,4,6,7,1,9,8]
521351 [8,7,3,10,12,4,5,6,2,13,11,1,9]
521351 [3,8,5,4,1,7,2,6]
521351 [1,2,4,10,19,13,9,3,14,21,16,12,18,8,5,6,17,15,7,11,20]
521351 [4,24,3,2,6,14,19,15,18,25,13,12,8,17,16,22,26,7,20,11,21,1,9,10,5,23]
524296 [15,10,1,5,8,20,6,2,13,9,7,11,21,19,14,18,3,16,4,17,12]
581272 [1,2,3,4,5]
581272 [1,2,3,4,5,6]
583610 [5,4,3,2,1]
1068993 [7,8,4,1,3,5,2,6]
2197793 [3,14,1,5,7,15,9,6,12,8,4,18,19,2,17,10,13,16,11]
2433810 [3,1,4,5,2]
2282798 [41,31,13,29,44,39,17,33,42,15,23,27,3,26,4,14,49,34,2,46,25,28,47,36,10,16,48,9,6,8,19,30,20,38,7,18,1,11,32,45,43,21,24,5,37,40,35,22,12]
2282798 [9,15,5,11,8,12,13,2,7,4,6,16,3,1,10,14]
2272218 [1,2,3,4,5,6]
2281424 [11,16,2,12,1,4,9,15,13,5,10,14,7,3,8,6]
2281424 [5,3,6,4,2,1]
2281424 [2,5,10,9,15,4,11,3,6,1,12,13,16,8,14,7,17]
2281424 [9,13,4,10,12,1,3,8,16,6,15,2,11,7,5,14]
2281424 [2,4,1,5,3]
2281424 [27,18,11,30,24,8,21,12,13,22,20,3,31,14,6,28,9,4,17,10,33,2,1,32,19,15,26,29,5,7,25,23,16]
2281424 [6,8,16,3,10,5,1,13,15,4,12,7,11,14,9,2]
2281424 [7,2,10,8,9,1,11,3,6,5,4]
2281424 [7,1,3,6,2,4,5]
1873148 [1,2,3,4,5,6,7,8]
1881817 [1,2,3,4,5,6,7,8,9,10,11,12,13,14,15,16]
1881817 [1,2,3,4,5,6,7,8,9,10,11,12,13,14,15,16,17]
1886549 [1,2,3,4,5,6,7,8,9]
1886804 [6,4,2,3,1,5]
1887792 [11,13,9,16,3,18,5,14,1,7,6,10,2,15,12,4,19,17,8]
1888545 [9,7,4,14,16,2,5,1,12,11,8,10,17,6,15,13,3]
1888545 [6,3,2,4,5,1]
2574644 [8,13,7,2,11,3,6,4,1,9,10,12,5]
1339103 [2,5,1,3,4,6]
1811637 [6,5,4,7,2,3,1]
1014041 [1,2,3,4,5,6,7,8,9,10]
1041212 [1,2,3,4,5,6,7,8,9,10,11,12,13,14,15,16,17,18,19,20,21,22,23,24,25,26,27,28,29,30,31,32,33]
1071493 [1,2,3,4,5,6,7]
1071493 [1,2,3,4,5,6]
1074381 [1,2,3,4,5,6,7,8,9,10,11,12,13,14,15,16,17,18,19,20,21,22,23,24,25,26,27,28,29,30,31,32,33,34,35,36,37,38,39,40,41,42,43,44,45]
1090366 [17,16,22,26,2,13,11,1,20,24,12,9,7,5,27,10,21,25,18,19,14,8,6,3,23,4,15]
1090366 [9,20,15,16,5,3,12,1,2,14,6,17,18,23,11,22,7,10,4,21,19,8,13]
1092441 [3,4,5,1,2]
1092441 [5,3,10,2,12,4,9,6,1,8,13,11,7]
1148586 [5,4,1,3,2]
1148586 [5,6,2,4,7,3,1]
1148586 [6,5,2,8,3,4,1,9,7]
1148586 [8,4,11,5,3,12,2,9,10,7,14,15,1,13,6]
1148586 [5,3,10,4,7,8,6,9,1,2]
1148586 [2,7,8,6,5,3,4,1]
1148586 [5,2,7,1,4,6,3]
1148586 [8,17,4,12,3,11,1,16,13,5,6,9,14,2,7,10,15,18]
1148586 [11,12,3,8,10,1,6,7,13,5,4,2,9]
1148586 [1,5,3,4,2]
1512064 [11,1,5,12,8,4,7,10,6,9,2,3]
1542939 [11,3,13,8,14,4,9,12,5,1,10,7,2,6]
958682 [1,2,3,4,5,6,7,8,9,10,11,12,13,14,15,16,17,18]
971442 [5,3,4,1,9,8,7,6,2]
972143 [4,3,1,6,7,2,5]
972143 [6,3,1,5,4,2]
985452 [4,2,5,1,3]
1014041 [1,2,3,4,5,6,7,8,9,10]
1071040 [1,2,3,4,5,6,7,8,9,10,11,12,13,14]
1071493 [1,2,3,4,5,6,7,8,9,10,11,12]
1639620 [4,5,1,3,2]
1658839 [4,3,2,1,5]
1072326 [5,6,2,3,1,4]
1090366 [20,1,17,21,11,18,7,9,4,6,12,5,15,3,14,16,2,10,13,8,19]
1090366 [2,5,1,4,3,6]
1090366 [8,10,6,2,7,1,4,3,5,9]
1104922 [3,1,9,4,6,10,8,11,2,7,12,5]
1104922 [10,5,11,13,12,3,8,15,7,6,1,4,2,9,14]
1336589 [1,3,2,5,6,4]
1408513 [14,8,5,1,11,15,13,2,7,10,6,4,16,3,9,12]
2585449 [7,8,13,12,6,3,5,2,11,10,4,1,9]
2585449 [2,5,3,7,1,4,6]
2585449 [18,4,15,11,16,8,9,2,3,12,7,14,10,5,17,1,6,13]
1886804 [2,7,1,6,4,3,5,8]
1887306 [9,3,4,1,8,6,5,7,2]
1900492 [16,2,5,6,8,9,7,12,14,10,18,17,1,3,15,13,4,11,19]
1913472 [3,6,2,4,1,5,7]
1923897 [5,1,7,4,2,6,3]
1940428 [1,2,3,4,5,6]
1940428 [1,2,3,4,5,6,7,8,9,10,11,12,13,14,15,16,17,18,19]
1940428 [1,2,3,4,5,6,7,8,9,10,11,12,13,14]
1941520 [2,4,3,1,5]
1952887 [2,4,3,5,1]
1952887 [5,17,14,12,10,8,9,4,2,7,15,1,3,13,16,11,6]
1952887 [5,12,2,9,6,10,13,7,1,4,11,3,14,8]
1954004 [7,1,3,6,4,2,5]
1961735 [1,9,8,5,2,3,4,6,7,10]
1961735 [6,10,5,9,2,7,1,3,4,8]
1961735 [1,4,3,8,5,7,6,2]
2020878 [8,1,13,3,17,10,2,4,6,5,18,14,12,7,11,15,19,16,9]
2093437 [1,6,5,11,13,4,8,12,9,14,15,17,7,2,16,10,3]
2093437 [5,2,1,6,3,4]
2093437 [5,7,4,6,2,3,1]
2093437 [1,13,8,11,12,7,10,5,3,14,6,2,4,9]
1439546 [5,7,4,2,10,9,1,8,6,3]
1439546 [1,4,5,3,2]
510680 [46,40,39,44,23,11,32,4,28,35,3,34,12,38,9,41,30,31,42,18,45,14,6,21,36,15,17,8,26,22,7,13,29,20,16,2,37,43,1,27,33,5,24,10,19,25]
510680 [4,8,3,7,2,5,1,6]
784053 [35,24,12,25,13,16,29,31,17,33,15,2,1,27,28,20,23,11,26,14,19,32,3,10,6,22,8,7,5,18,21,4,30,34,9]
2574644 [10,6,1,9,7,5,11,8,2,3,4]
210846 [6,2,1,5,4,8,7,3]
407553 [5,3,7,1,4,6,2]
463733 [5,1,3,4,2]
463733 [16,27,24,14,18,23,22,17,12,15,19,11,9,13,25,5,1,8,21,4,7,3,26,6,20,10,2]
463733 [22,18,23,6,7,1,15,24,2,11,9,16,4,21,20,3,25,19,5,17,13,14,8,10,12]
463733 [8,2,4,9,3,6,7,1,5]
463733 [3,1,8,4,2,10,12,9,16,7,13,5,14,11,6,15]
463733 [11,4,21,2,33,14,37,31,28,19,17,10,22,25,6,35,36,34,1,32,30,12,15,27,20,24,26,13,23,3,7,5,9,29,18,8,16]
1211061 [6,5,2,1,3,4]
1331272 [5,3,8,7,4,1,6,2,9]
1331272 [4,6,5,3,8,7,2,1]
1331272 [8,3,2,4,10,1,5,7,9,6]
1331272 [4,1,6,3,5,2]
1331272 [7,4,1,5,3,6,2]
1331272 [5,4,3,2,1]
1331272 [8,5,6,3,9,7,4,2,10,1]
1744285 [25,16,42,21,44,5,28,40,23,33,6,34,7,11,2,19,41,26,13,32,24,31,1,10,46,39,12,14,35,22,36,38,17,47,20,43,9,4,30,37,18,29,27,3,15,8,45]
802605 [1,2,3,5,4]
802605 [3,6,4,5,1,2]
804217 [3,12,7,2,9,5,8,10,11,6,1,13,4]
884684 [1,2,3,4,5,6,7,8,9,10,11,12,13,14,15,16,17,18,19,20,21]
890209 [4,1,6,5,3,2,7]
891255 [6,8,1,7,2,4,3,5]
966688 [4,2,1,5,3]
980094 [8,14,1,10,5,2,9,13,6,4,12,3,7,11]
980094 [19,3,4,27,1,11,8,25,7,29,9,12,30,5,28,17,26,18,33,2,31,10,32,20,13,24,21,15,16,14,6,23,22]
980094 [6,3,8,5,9,10,7,4,2,13,12,11,1]
301528 [7,6,2,1,3,5,4]
301528 [12,8,11,13,7,10,6,9,5,4,2,1,3]
2436049 [1,5,4,6,3,2,8,7]
2459190 [1,9,8,4,6,2,3,5,7]
2459190 [8,9,3,7,6,1,2,5,4]
2490461 [1,2,3,4,5]
1686860 [2,5,7,6,3,4,1]
1687310 [2,6,1,5,3,4]
1687310 [15,11,5,4,7,17,23,3,22,9,20,21,13,16,8,12,26,24,10,18,19,25,2,14,1,6]
1692398 [1,4,2,3,5]
1692398 [5,2,1,3,4]
1692398 [4,2,10,1,6,9,7,5,8,3]
1799180 [8,7,4,3,11,1,10,5,2,9,6]
1799180 [1,16,12,8,5,7,10,13,2,14,18,4,9,3,15,19,6,11,17]
1799180 [3,23,16,28,22,25,27,17,2,13,4,7,26,9,12,14,24,29,1,30,21,18,8,15,20,6,19,11,10,5]
1799180 [1,2,6,3,5,4]
1801527 [1,2,3,4,5,6,7,8,9,10,11,12,13,14,15,16,17,18,19,20,21,22,23]
2340535 [5,2,1,4,3]
458124 [4,12,6,2,8,10,20,18,17,7,14,15,19,9,1,11,16,13,5,3]
458124 [5,1,2,6,3,4]
458124 [3,4,2,1,6,5]
458124 [2,8,3,5,7,6,4,9,1]
458124 [7,6,5,3,2,4,1]
458124 [8,6,1,7,3,4,9,5,2]
458124 [3,6,10,9,2,4,7,1,5,8]
458124 [3,2,5,1,6,7,4]
1153336 [3,2,5,1,4]
1280135 [3,11,2,8,10,7,1,4,5,9,6]
1282110 [1,2,3,4,5,6,7,8,9,10,11,12,13,14,15,16]
1293118 [6,3,7,8,4,5,1,2]
1293118 [2,3,5,1,6,4]
1293118 [8,18,7,13,19,2,9,3,4,17,5,12,1,15,14,16,10,6,11]
1520051 [1,2,3,4,5,6,7,8,9]
1520051 [1,2,3,4,5,6,7,8,9,10,11,12,13,14]
867679 [3,4,2,1,5]
867679 [2,1,3,4,5,6]
793169 [35,45,28,32,44,29,27,47,3,37,1,9,5,8,19,7,14,30,18,4,17,23,11,20,31,40,38,25,12,39,10,26,13,6,21,24,15,36,34,43,2,41,46,16,22,33,42]
793169 [6,5,2,3,1,4]
793625 [1,2,3,4,5,6,7,8,9]
806521 [1,5,2,4,3,6]
806521 [1,15,8,6,22,3,23,26,29,4,21,9,7,11,18,5,24,25,20,14,27,19,13,17,16,30,10,12,2,28]
806521 [7,10,1,3,4,6,9,11,12,2,5,8]
317862 [3,5,2,1,4]
1778414 [4,5,2,3,1]
1778414 [13,6,11,2,5,8,10,7,4,9,3,12,1]
1078228 [13,10,1,6,17,8,11,9,14,15,3,12,16,4,2,7,5]
1086656 [4,2,5,3,8,6,1,7,9]
1571401 [14,12,4,10,1,2,8,7,6,3,11,5,9,13]
1571401 [1,7,2,3,5,6,4]
1571401 [5,8,10,9,11,3,12,1,6,2,4,7]
1571401 [8,9,6,3,7,4,11,5,1,2,10]
1579040 [12,15,11,16,2,14,6,4,13,8,18,1,5,7,10,17,9,3]
1940428 [1,2,3,4,5,6,7]
1940428 [1,2,3,4,5]
1940428 [1,2,3,4,5]
1940428 [1,2,3,4,5,6,7,8,9,10,11,12,13,14,15,16,17,18,19,20]
1942669 [1,2,3,4,5]
2557126 [1,4,2,3,5,6]
2557126 [6,4,2,3,1,5]
2557126 [2,5,8,6,1,7,4,3]
2557126 [2,5,4,1,3]
2557126 [1,11,32,27,7,9,3,6,21,13,30,15,22,26,19,20,8,5,24,25,4,31,2,12,10,28,23,16,14,17,29,18]
2557126 [12,6,8,9,7,4,5,10,2,11,1,3]
2566470 [1,8,14,13,4,6,3,7,10,5,2,9,11,12]
2566470 [4,6,2,8,5,1,3,7]
2557126 [2,4,6,5,1,3]
2557126 [2,8,1,4,6,3,5,7,9]
2557126 [1,4,5,2,3]
2557126 [1,5,3,6,7,2,4]
2557126 [4,3,5,1,6,2]
2557126 [4,5,1,3,2]
1230526 [5,2,3,4,7,1,6,8,9]
1230526 [7,3,1,2,8,6,9,5,4]
1259188 [5,24,30,23,9,21,26,2,19,4,31,3,1,29,8,18,13,20,28,14,7,17,22,27,25,16,15,11,6,32,10,12]
2578206 [3,1,4,5,2]
2583035 [9,4,2,7,8,1,6,3,5]
2583035 [3,1,2,5,4]
2583035 [8,2,5,1,3,10,6,7,9,4]
2199061 [7,5,2,4,6,1,3]
802605 [4,5,6,1,3,2]
1901938 [2,3,7,5,8,6,1,4]
1901938 [20,3,21,1,19,9,11,13,4,5,15,2,12,17,18,10,16,8,7,14,23,22,6]
1901938 [1,5,2,8,6,4,3,7]
1908736 [5,2,1,4,3]
1908736 [5,1,6,3,4,2]
1908736 [14,2,12,7,13,8,4,3,6,10,11,9,1,5]
2185613 [10,5,2,1,9,16,8,17,18,4,12,7,3,21,19,11,15,6,13,20,14]
2185613 [2,10,6,9,1,4,8,3,7,11,5,12]
2259512 [2,6,5,3,1,4]
2259512 [4,3,6,2,1,5]
2259512 [5,2,1,6,4,3]
710166 [1,2,3,4,5,6,7]
710166 [1,2,3,4,5,6,7,8,9,10,11,12,13,14,15,16,17,18]
730306 [4,5,2,1,3]
1336589 [5,1,2,4,3]
1339103 [10,4,1,11,5,13,15,6,7,9,2,3,8,14,12]
1339103 [2,5,6,4,1,3]
1339103 [4,2,5,1,3]
1339103 [4,1,3,2,5]
1622906 [2,5,1,4,3,6]
1923897 [2,12,14,6,5,3,10,1,4,8,9,11,7,13]
197756 [4,1,3,2,5]
197756 [4,3,2,1,5]
1810529 [3,5,2,4,7,9,1,8,6]
1748436 [5,1,6,4,10,11,8,7,9,2,3,12]
1753136 [5,1,2,3,4]
2261018 [9,11,5,19,1,2,15,16,13,14,4,7,10,17,8,6,12,18,3]
2261018 [3,7,5,8,1,6,4,2]
2281424 [1,2,3,5,4]
1542753 [7,3,6,2,4,5,1,8]
135488 [3,6,1,5,2,4]
172491 [4,3,1,5,2]
172491 [7,3,8,4,2,1,5,6]
172491 [10,15,7,11,2,6,14,13,3,1,5,9,12,16,4,8]
2579603 [8,1,9,3,6,7,2,10,5,4]
2581162 [4,6,2,5,7,10,3,9,1,8]
2581162 [3,4,5,1,2,6]
135488 [1,6,3,4,5,2]
2420256 [1,2,5,3,6,4]
2548347 [2,5,6,1,3,4]
1182135 [7,4,11,12,6,8,3,10,9,1,2,5]
2053307 [1,9,3,17,4,10,12,16,14,6,7,13,2,15,5,11,8]
510680 [5,7,3,6,2,4,1]
510680 [10,22,17,18,3,1,7,4,9,15,2,16,21,6,8,11,19,20,12,13,5,14]
510680 [2,6,7,5,4,8,9,3,11,1,10]
510680 [3,15,9,4,5,6,8,2,14,11,1,13,10,16,12,7]
510680 [1,13,12,4,3,15,5,9,2,14,17,10,8,7,6,16,11]
510680 [9,15,12,17,4,18,3,11,19,14,10,16,8,5,13,2,7,1,6]
1879949 [9,2,11,5,7,1,10,4,8,3,6]
1881817 [1,2,3,4,5]
1881817 [1,2,3,4,5,6]
1881817 [1,2,3,4,5]
1881817 [1,2,3,4,5]
1881817 [1,2,3,4,5,6,7,8]
2078799 [5,8,3,6,4,7,2,1,9]
2242311 [66,69,17,61,65,57,7,37,10,24,29,20,16,14,53,2,35,25,8,58,55,1,32,62,34,67,50,3,47,36,33,26,64,46,43,31,13,18,68,12,51,28,45,42,52,22,21,44,56,6,23,9,39,60,4,49,27,38,59,54,63,5,40,48,41,30,19,11,15]
1848398 [1,2,3,4,5,6,7]
1848398 [1,2,3,4,5,6,7,8,9]
1686860 [7,13,14,11,5,6,12,9,2,1,8,4,3,10]
1686860 [1,5,4,3,6,2,9,7,8]
1686860 [18,5,1,30,19,33,23,2,12,8,11,9,7,10,29,6,25,35,31,21,4,14,26,15,17,28,32,24,20,13,34,3,22,16,27]
1697436 [8,9,6,2,7,3,5,4,1]
1703263 [6,2,5,3,1,4]
244367 [3,1,4,5,6,7,2]
261181 [6,3,2,5,1,4]
261181 [7,4,1,14,9,5,10,12,11,2,13,3,15,8,6]
282921 [1,2,3,4,5,6,7,8,9,10,11,12,13,14,15,16]
309336 [6,5,4,9,8,2,3,7,1]
1693059 [4,1,5,3,2]
1701108 [3,12,10,13,21,24,9,1,19,18,22,4,15,17,20,14,7,16,23,5,6,2,8,11]
1701108 [1,3,2,5,4,6]
1732429 [6,7,1,2,3,5,4]
1747023 [2,4,6,5,3,1]
364113 [20,19,17,12,9,1,22,15,10,16,23,14,3,13,11,6,5,4,18,24,8,7,21,2]
364113 [7,2,5,3,6,1,8,4]
375609 [2,5,3,1,4]
631807 [6,1,2,3,5,4]
2575952 [2,4,5,3,1]
2575952 [1,2,5,3,4]
2575952 [5,6,1,8,3,7,2,4]
2575952 [7,3,10,11,2,4,8,6,1,5,9]
2575952 [4,8,6,2,3,7,1,5]
2575952 [3,5,6,4,7,2,1]
2575952 [8,9,6,7,11,12,14,1,2,13,4,3,5,10]
2575952 [9,10,1,6,4,13,2,8,3,5,7,12,11,14]
808364 [3,1,5,7,8,9,6,2,4]
2044604 [5,2,4,3,1]
2143620 [9,7,6,10,4,11,13,15,8,16,17,14,3,1,12,2,5]
1467043 [14,10,2,3,5,8,4,11,7,12,13,15,9,1,16,6]
1467043 [5,4,1,2,3]
780905 [4,1,6,5,2,3]
1970644 [13,12,9,19,25,11,14,17,4,22,26,24,18,5,8,7,16,3,21,1,23,10,15,27,2,6,20]
456623 [4,5,7,1,6,3,8,2]
456623 [2,1,3,5,4]
2152672 [4,6,5,1,2,3]
2579603 [2,4,1,6,5,3]
2490461 [1,2,3,4,5,6,7]
412478 [1,2,6,3,7,4,5]
416399 [7,6,3,5,1,4,8,9,2]
416399 [11,8,5,2,13,14,4,6,3,12,1,9,7,10]
1462963 [1,5,4,2,3]
1470906 [1,2,3,4,5,6,7]
2101786 [13,7,15,1,10,3,6,8,9,12,16,2,11,5,14,4]
2108687 [3,2,6,4,5,1]
2108687 [5,1,4,3,2]
2236439 [28,9,27,31,25,6,43,7,17,20,3,10,49,12,29,37,24,42,11,36,18,21,15,22,34,14,4,35,41,23,8,5,39,1,44,30,16,32,48,33,40,47,2,45,19,38,26,13,46]
2236439 [2,3,8,7,5,4,1,6]
1090573 [5,2,6,4,3,1]
1094259 [12,14,3,10,13,8,16,6,11,17,15,9,1,4,5,2,7]
1094259 [4,2,3,1,5,7,6]
1094259 [14,12,5,17,9,8,1,21,6,2,4,20,13,16,11,18,7,15,3,19,10]
1094259 [8,1,13,3,11,6,12,7,14,2,5,10,9,4]
2185613 [7,3,6,1,5,4,2]
2190812 [16,14,2,15,5,7,11,12,6,3,10,1,8,9,13,4]
2190812 [14,12,9,3,4,15,8,11,6,2,7,10,1,5,13]
2193614 [1,2,3,4,5,6,7,8,9,10,11,12,13,14,15,16,17,18,19]
779944 [1,5,7,4,3,2,6]
784053 [6,5,7,1,2,3,4]
971167 [1,8,3,11,10,14,13,12,9,5,6,2,7,4]
1145026 [3,15,13,11,8,2,9,19,16,10,14,12,5,6,4,17,18,1,7]
1145026 [15,9,13,21,12,5,4,2,18,17,11,10,16,20,14,19,8,3,7,1,6,22]
88591 [1,7,2,4,8,6,3,5]
1255547 [2,5,3,1,4]
1744285 [7,4,41,38,31,10,16,44,6,8,29,18,28,25,24,35,33,11,23,42,17,37,34,19,1,15,2,22,20,27,21,3,36,39,13,5,14,26,9,12,40,30,43,32]
1930942 [4,3,8,5,1,2,6,7]
1984028 [9,10,2,1,6,4,11,8,3,7,5]
1984028 [2,5,4,6,7,1,3]
1984028 [7,5,6,4,3,1,2]
2044604 [3,5,1,4,2]
2088936 [7,6,5,2,4,3,1]
2088936 [3,6,2,4,8,7,1,5]
2088936 [1,3,7,5,4,6,2,8]
2524240 [6,2,3,1,5,4]
1412107 [5,7,4,2,1,8,3,6]
1412107 [7,6,5,4,1,3,2]
1412107 [7,5,6,1,2,3,4]
1412107 [9,3,10,6,2,11,5,8,1,7,4]
1747023 [7,3,9,1,13,2,4,10,12,6,11,8,5]
2510364 [1,2,3,4,5,6,7,8,9,10,11,12,13,14,15,16,17,18,19,20,21,22,23,24,25,26,27,28,29,30,31,32,33,34,35,36,37,38]
1467043 [6,1,2,4,5,7,3,8]
1467043 [5,4,1,2,3]
1525711 [5,4,3,8,1,7,6,2]
1534975 [1,2,3,4,5]
1583352 [19,14,7,16,3,10,9,8,1,2,17,6,15,12,5,18,4,11,13]
1585102 [8,3,10,11,1,5,4,2,9,6,7]
751365 [5,4,1,3,6,2]
350265 [3,1,4,6,5,2]
365556 [1,2,3,4,5,6,7,8]
365556 [1,2,3,4,5]
365556 [1,2,3,4,5,6,7]
808364 [6,5,2,1,4,3]
374239 [4,5,2,1,6,7,3]
1512064 [6,3,2,5,1,4]
2281424 [10,35,28,27,32,8,19,2,21,23,18,30,12,24,17,33,6,31,1,4,7,22,11,14,20,9,34,26,38,5,37,16,36,15,29,3,25,13]
2281424 [8,12,15,16,23,19,14,13,10,5,1,20,17,18,9,11,21,2,6,22,7,4,3]
2289040 [3,5,4,2,6,1]
2289794 [5,2,13,1,12,4,6,8,9,10,3,7,11]
2289794 [4,5,9,8,2,3,1,6,7]
2361405 [5,3,4,2,1]
2367633 [1,7,6,5,3,2,4,8]
2367633 [3,4,5,7,6,1,2]
2370657 [1,2,5,4,3,6]
2370657 [5,6,1,4,3,2]
2370657 [3,5,6,2,4,1,7]
2370657 [5,3,12,11,2,10,14,13,1,7,6,8,4,9]
2370657 [4,1,3,2,5]
2370657 [5,6,3,2,4,1]
2370657 [4,2,5,3,1]
2390691 [5,7,10,3,1,14,13,16,8,4,11,15,12,6,2,9]
2390691 [4,2,6,3,7,5,1]
2390691 [26,2,43,6,3,8,29,32,17,36,11,21,37,23,18,31,45,15,38,10,35,28,30,40,27,25,19,44,39,9,5,24,12,4,16,41,42,33,13,22,1,20,34,7,46,14]
2390691 [4,3,6,2,1,5,7]
2390691 [6,11,12,10,2,5,14,7,9,3,4,1,8,13]
2414221 [5,3,8,7,6,1,4,2]
2422795 [4,22,17,19,20,10,23,13,8,1,7,18,12,15,5,6,14,3,9,16,21,11,2]
2436049 [3,13,11,1,12,6,2,9,4,7,8,10,5]
1248913 [6,2,4,1,3,5]
1257839 [5,1,4,3,2,6,7]
1300554 [8,2,6,4,5,3,7,1]
1300554 [4,1,2,5,3]
1300554 [14,11,4,16,17,12,2,1,13,6,15,9,7,10,5,3,8]
1300554 [5,16,13,6,7,4,9,14,2,10,15,17,3,8,12,1,11]
1300554 [2,4,1,3,5]
1300554 [5,4,1,3,2]
1309075 [2,3,7,6,1,5,4,8]
1331854 [4,8,9,3,1,7,2,5,6]
1331854 [5,2,4,6,1,3]
1331854 [8,13,6,4,12,9,15,3,10,2,17,5,1,7,16,11,14]
1331854 [23,20,32,18,50,22,38,51,8,2,30,25,7,48,17,42,3,52,47,10,27,15,40,5,21,19,34,46,16,41,31,36,9,12,11,6,14,37,33,1,35,44,4,39,45,43,26,13,49,28,29,24]
1331854 [4,3,7,5,10,9,2,8,6,1]
1331854 [11,12,7,13,4,9,10,3,1,6,8,2,5]
1331854 [7,12,3,2,11,1,8,9,6,4,10,5]
1331854 [6,2,7,1,5,3,8,4]
1331854 [15,17,13,16,6,7,4,2,12,11,1,18,10,3,20,14,5,9,19,8,21]
1331854 [7,6,4,3,2,5,1]
1331854 [7,8,3,15,10,2,5,4,12,9,1,6,14,11,13]
1369252 [2,3,4,6,1,5]
1369252 [4,13,2,12,1,3,11,6,10,9,5,8,7]
1370384 [14,9,2,1,18,12,15,11,17,19,10,3,6,8,5,4,16,7,13]
1370384 [5,9,7,6,4,2,1,3,8]
1370384 [1,8,2,7,5,3,9,4,6]
1408741 [3,2,1,4,5]
1439546 [9,4,1,8,6,5,7,3,2]
1439546 [2,5,1,7,6,3,4]
1572176 [1,2,3,4,5,6,7,8,9,10,11,12,13,14]
1572176 [1,2,3,4,5,6,7,8,9,10,11,12,13,14,15,16,17,18,19,20,21,22,23,24]
1572176 [1,2,3,4,5,6,7,8]
1572176 [1,2,3,4,5,6]
1578249 [8,6,5,7,2,1,3,4,9]
1578249 [4,2,3,1,5]
1578249 [3,6,4,5,2,1]
1578249 [4,2,7,1,6,5,3]
1585102 [2,6,3,1,4,5]
1585102 [6,5,10,8,1,3,4,9,11,2,7]
1585102 [10,12,5,13,4,11,2,7,8,1,15,3,14,9,6]
2289040 [2,8,1,10,7,9,3,13,5,4,11,12,6]
1732429 [12,21,13,22,10,2,23,19,7,15,18,16,8,17,5,24,14,6,9,4,3,1,20,11]
1734750 [4,5,3,1,2]
433902 [2,5,8,3,9,1,6,12,4,10,7,11]
433902 [6,13,4,3,10,8,7,1,5,14,2,12,9,11]
433902 [8,12,1,18,15,4,3,14,2,9,11,17,5,10,13,16,7,19,20,6]
433902 [15,14,17,21,3,20,7,5,10,9,6,19,8,22,13,1,16,11,4,12,2,18]
2221814 [5,3,1,4,2]
2221814 [6,3,1,4,7,2,8,5]
2221814 [16,18,4,12,13,3,17,11,10,1,5,8,9,7,14,2,15,6]
2221814 [1,6,2,4,3,5]
2236439 [15,3,8,19,12,1,17,16,11,7,5,6,14,18,13,9,2,4,10]
2238657 [10,28,30,15,5,16,13,3,33,8,18,1,20,9,4,7,12,32,26,23,14,34,22,2,11,29,31,19,6,27,24,21,17,25]
2238657 [7,6,1,8,3,5,4,2]
2238657 [2,3,5,1,4]
2281424 [5,4,7,6,1,3,2]
2281424 [11,6,5,1,9,10,8,2,4,3,7,12]
2281424 [3,2,5,4,1]
2281424 [2,7,3,5,6,4,1,8,9]
631807 [7,14,6,3,16,13,8,11,2,4,10,5,1,12,15,9]
900378 [5,4,3,1,6,2]
2031993 [6,9,10,2,13,7,5,15,12,4,1,3,14,11,8]
2212062 [10,24,8,5,20,13,21,30,18,15,28,9,1,23,11,17,4,3,29,22,33,6,26,14,7,12,19,27,32,31,25,16,2]
2212062 [5,10,11,14,19,18,20,16,6,8,17,2,15,9,7,3,1,4,12,13]
2212062 [14,21,3,11,8,12,9,1,7,22,5,20,6,18,16,17,4,2,13,15,10,19]
2212062 [4,1,3,11,9,13,6,5,12,8,7,2,10]
2212062 [1,7,10,9,25,22,3,15,20,11,17,26,8,16,6,18,2,23,21,4,24,5,13,12,27,14,19]
2420256 [3,9,8,7,1,5,6,2,4]
2420256 [5,3,9,2,4,1,6,8,7]
406058 [4,3,7,6,5,1,2,8]
406058 [4,5,6,1,2,3]
406058 [15,7,16,6,22,8,3,21,5,17,4,11,18,12,14,2,1,9,19,20,10,13,23]
1118426 [1,2,5,4,6,3]
287386 [12,8,11,7,2,1,5,10,3,9,6,4]
309336 [2,7,1,4,5,3,6]
350265 [3,1,4,2,6,7,5]
350265 [1,2,4,5,3]
366407 [1,3,6,5,8,9,7,2,4]
366407 [12,16,14,35,58,29,59,55,7,33,20,25,60,40,38,21,28,49,36,39,2,27,22,9,31,34,17,46,24,47,51,42,26,52,1,56,53,32,41,8,54,6,57,15,4,3,10,30,23,48,11,43,50,13,19,45,37,5,44,18]
411733 [7,1,3,2,4,5,8,6]
411733 [5,7,4,1,9,3,6,2,8]
393986 [1,2,3,4,5,6,7]
393986 [1,2,3,4,5,6,7,8,9,10,11,12,13,14,15,16,17,18,19,20,21]
399574 [8,4,7,9,6,3,5,2,1]
433902 [46,6,13,41,48,49,27,29,16,25,39,31,45,26,4,12,42,47,15,21,9,28,10,43,18,40,3,24,34,38,17,23,37,32,2,22,5,30,20,35,50,7,8,33,11,19,36,44,14,1]
433902 [2,1,3,5,4]
433902 [1,14,11,2,22,8,12,17,20,9,6,15,19,4,16,10,5,3,18,13,7,21]
443990 [1,16,17,19,12,13,20,9,4,14,8,15,5,11,2,10,6,21,3,18,23,22,7]
443990 [7,10,2,8,1,4,3,5,6,9]
443990 [14,9,11,2,8,5,13,3,1,7,10,4,6,12,15]
443990 [10,4,3,6,8,11,12,9,14,1,2,13,7,5]
443990 [38,21,16,2,8,1,27,20,37,39,40,44,11,49,32,33,18,41,36,47,4,45,3,42,6,15,48,22,14,13,31,5,9,7,28,43,24,35,10,46,19,25,23,30,17,34,29,12,26]
980498 [4,1,3,2,6,5]
988299 [3,2,1,9,6,7,5,8,4]
1001055 [12,10,1,3,9,14,4,11,7,6,2,8,13,5]
1001055 [18,16,7,28,4,5,6,33,22,24,19,10,11,29,25,1,8,23,21,14,3,32,34,2,12,20,9,30,15,13,26,27,31,17]
1012145 [1,2,3,4,5,6,7,8,9,10,11,12,13,14,15,16,17,18,19]
1014041 [1,2,3,4,5,6,7]
1071040 [1,2,3,4,5,6,7,8,9,10,11,12,13]
1078413 [14,11,5,10,12,13,3,7,4,15,9,8,2,6,1]
1090366 [7,1,4,6,5,2,3,11,9,8,10]
1090366 [4,5,2,1,6,3]
1090366 [1,25,8,15,3,35,38,33,29,14,30,19,18,11,27,37,23,10,34,24,26,22,39,21,32,31,36,12,17,13,20,2,7,5,4,6,16,28,9]
1090366 [13,5,12,4,10,2,14,9,11,3,1,8,6,15,7]
1090366 [5,1,4,3,7,2,6]
1090366 [6,1,2,5,7,8,4,3]
1090366 [20,3,7,5,11,8,4,14,10,6,1,19,12,9,15,13,16,2,18,17]
1090625 [2,7,6,5,4,8,9,3,1]
1106100 [3,2,1,6,4,5]
1106100 [10,7,12,4,16,3,14,9,15,2,6,8,1,11,5,13]
1106100 [5,1,4,2,6,3]
1106100 [4,3,1,2,5]
1106100 [10,4,11,5,2,3,8,12,7,9,1,6]
1106100 [3,1,5,2,6,4]
1106100 [2,6,4,11,9,7,3,12,5,8,1,10]
1111675 [1,2,3,4,5]
1111675 [1,2,3,4,5,6,7]
1111675 [1,2,3,4,5]
1111675 [1,2,3,4,5,6]
1143249 [1,2,3,4,5,6,7]
1143249 [1,2,3,4,5,6,7]
1143249 [1,2,3,4,5,6,7,8,9,10,11,12,13,14,15,16,17,18,19,20,21,22]
1143249 [1,2,3,4,5,6,7,8,9,10,11,12,13,14,15,16,17]
1143249 [1,2,3,4,5]
1297999 [26,22,19,13,10,9,23,2,24,20,33,28,11,6,27,32,4,21,3,25,16,5,17,31,14,8,18,12,7,29,15,30,1]
1297999 [13,15,10,7,11,12,9,3,14,4,1,2,8,6,5]
1308113 [4,5,1,3,6,2]
1331854 [14,8,5,18,10,3,16,6,4,7,1,15,11,19,9,17,22,20,21,12,2,13]
1558275 [1,2,3,4,5,6,7,8,9,10]
1567444 [4,3,6,1,9,7,8,10,2,5]
1567444 [7,5,2,8,1,6,3,4]
1567444 [6,3,1,4,2,5]
1583352 [5,2,1,3,4]
1604401 [5,3,6,4,2,1]
1604401 [1,6,9,5,8,4,2,7,3]
1655216 [4,2,7,3,6,5,1]
1655216 [4,2,3,5,1]
1071493 [1,2,3,4,5]
1071493 [1,2,3,4,5,6,7,8,9,10,11,12,13,14,15,16,17,18,19,20,21,22,23,24,25]
1071493 [1,2,3,4,5,6,7,8,9]
1686860 [16,21,2,39,22,14,8,20,17,3,13,26,23,5,24,19,15,9,34,11,7,36,42,29,35,30,1,6,25,28,10,33,37,41,38,43,18,31,12,32,4,27,40]
1686860 [9,8,13,16,20,2,14,21,11,1,10,18,5,4,12,7,6,17,19,3,15]
1692398 [1,5,4,3,2]
1697436 [4,1,5,2,3]
1697436 [4,7,5,1,2,8,6,3]
1699521 [6,5,2,7,1,4,3]
1699521 [4,7,5,6,3,2,1]
1721133 [9,13,11,7,12,19,8,16,2,18,4,5,14,6,17,15,1,3,10]
1728794 [3,1,5,4,2]
1728794 [8,9,6,2,3,5,1,7,4]
416399 [20,4,17,16,13,5,6,12,19,7,9,11,10,3,2,1,8,18,14,15]
591092 [4,6,5,2,1,3]
615543 [13,2,4,15,7,1,3,12,6,5,10,14,9,8,11]
615543 [1,4,3,5,2]
1622906 [3,1,4,2,5]
1622906 [6,2,10,15,11,9,12,3,8,4,7,5,1,13,14]
1622906 [6,3,7,5,2,4,1,8]
1919508 [3,4,2,1,5]
1919508 [3,4,5,1,6,2]
1952887 [5,4,3,1,6,2]
1231230 [1,2,3,4,5]
1248913 [6,4,7,1,2,5,3]
1248913 [3,11,13,16,12,5,15,7,8,6,18,14,1,2,17,9,4,10]
1251390 [2,5,3,1,4,6]
1259481 [1,2,3,4,5,6,7,8,9,10,11,12]
1277469 [1,2,3,4,5,6,7,8,9,10,11,12,13,14,15,16,17,18,19,20,21,22,23,24,25,26]
1277469 [1,2,3,4,5,6,7,8,9,10,11,12,13,14,15]
1381203 [1,2,3,4,5]
1381203 [1,2,3,4,5]
1393060 [1,2,3,4,5,6,7]
1439546 [1,2,3,4,5]
1439546 [1,6,10,5,2,3,7,8,12,4,11,9]
1439546 [13,10,8,6,2,7,12,14,9,3,4,11,5,1]
516251 [6,3,4,7,1,2,5,8]
548891 [1,5,4,2,3]
576510 [16,9,15,8,5,1,10,7,11,17,3,12,6,2,13,18,14,4]
591798 [39,19,31,3,38,13,30,37,2,23,36,1,40,20,28,9,24,26,5,16,12,8,18,6,33,29,22,15,34,7,10,11,14,27,25,32,21,4,35,17]
591798 [7,2,12,8,13,9,15,4,6,5,10,3,1,14,11]
591798 [3,1,5,2,4]
591798 [5,8,3,2,10,1,6,9,4,7]
591798 [6,3,1,7,9,5,8,4,2]
591798 [8,13,4,5,3,15,7,2,11,9,14,1,10,12,6]
598615 [3,4,5,1,2]
619568 [6,1,3,7,8,4,2,9,5]
636116 [9,1,6,5,3,8,2,10,7,4]
636116 [4,3,2,6,1,5]
638393 [4,6,5,2,1,3]
638393 [2,7,1,5,3,4,8,6]
638393 [8,6,9,5,7,1,4,2,3]
638393 [2,22,31,8,12,23,10,4,32,7,34,25,33,11,3,27,18,14,13,24,28,29,19,20,17,5,6,30,21,26,16,9,1,15]
638393 [12,8,11,6,3,4,2,10,1,9,7,5]
638393 [7,3,4,6,5,2,1]
661966 [5,13,4,11,1,9,6,16,14,15,3,12,8,7,2,10]
661966 [4,1,3,5,7,8,2,6]
661966 [1,2,5,4,3]
2023960 [9,10,1,2,6,4,3,8,5,7]
2023960 [1,14,11,13,12,10,4,7,8,2,5,3,6,9]
2121124 [12,7,13,9,3,8,6,4,2,1,11,15,5,10,14]
2121124 [3,2,4,6,5,1]
285619 [12,2,3,6,11,4,8,7,10,1,5,9]
285619 [7,22,23,3,20,32,9,17,24,5,21,18,1,31,14,6,16,19,8,4,15,35,13,33,12,27,36,30,34,28,25,11,29,2,26,10]
285619 [19,16,17,3,18,5,1,10,11,13,9,14,20,12,8,21,15,2,6,4,7]
285619 [5,3,4,1,2,6]
285619 [6,4,2,1,7,5,8,3]
285619 [5,3,6,2,4,1]
289998 [4,5,1,6,2,3]
289998 [5,4,3,2,1]
321436 [1,2,3,4,5,6,7,8]
321436 [1,2,3,4,5,6]
321436 [1,2,3,4,5]
321436 [1,2,3,4,5]
2326725 [7,3,10,5,2,4,9,6,11,8,1]
2326725 [6,3,2,5,1,7,4]
2326725 [2,4,6,5,1,3]
2326725 [1,5,2,3,4]
2326725 [4,1,7,9,5,6,3,2,8]
2326725 [21,19,22,13,3,17,24,4,11,12,8,14,25,2,10,1,6,18,7,23,9,16,20,15,5]
2326725 [1,4,6,9,5,2,10,7,8,3]
2326725 [4,3,6,5,2,1]
2540950 [7,2,14,1,11,10,4,8,6,12,9,13,3,5]
2540950 [4,7,1,3,2,5,6]
373971 [4,8,1,2,7,3,5,6]
412478 [4,7,1,6,5,3,2]
412478 [5,2,4,8,7,1,9,6,3]
412478 [4,1,3,5,2]
412478 [15,7,2,8,5,1,6,12,19,17,21,13,3,11,20,10,14,9,18,4,16]
413278 [3,17,10,7,2,18,19,5,21,4,13,12,11,15,9,16,14,1,20,6,8]
413278 [5,2,3,1,4]
425689 [1,2,4,5,3]
438300 [1,5,4,3,2]
465376 [1,3,4,2,5,6]
1568487 [1,2,3,4,5,6]
1571401 [4,3,1,2,5]
1571401 [1,3,7,4,2,11,6,8,5,10,9,12]
1572176 [1,2,3,4,5]
1799180 [9,10,8,2,30,33,15,32,35,16,23,28,3,36,34,14,21,17,39,27,13,31,18,22,38,19,12,20,11,37,29,4,25,6,5,40,24,26,1,7]
2319846 [3,2,1,5,4]
2326529 [2,3,7,6,5,1,4]
2326529 [14,12,6,10,5,20,13,8,4,19,2,9,1,18,7,3,17,11,15,16]
2413234 [8,7,3,5,2,1,6,4]
2413234 [10,3,1,11,2,12,7,8,9,5,4,6]
2413234 [1,6,2,5,4,3]
1395265 [3,2,1,5,4]
1747023 [7,3,9,6,2,5,4,10,8,1]
1752803 [1,2,3,4,5]
1152160 [2,5,4,1,3]
1245874 [4,1,3,5,2]
1328488 [5,6,3,1,2,4]
1328488 [7,6,1,8,5,3,9,4,2]
1328488 [2,12,8,3,11,10,9,7,5,13,6,1,4]
1328488 [5,17,6,16,12,1,11,8,3,7,10,9,14,18,13,2,4,15]
1328488 [5,4,2,6,1,3]
1328488 [4,5,1,2,3,6,7]
1328488 [11,8,1,5,7,12,13,2,10,3,4,9,6]
1328488 [3,1,4,2,5]
1328488 [5,6,4,2,3,1]
837782 [26,7,9,24,25,11,4,3,5,29,22,6,16,12,15,1,21,14,20,23,13,10,2,27,17,19,18,28,8]
837782 [14,15,9,24,20,1,13,22,8,11,12,3,6,5,16,25,26,10,18,2,23,21,7,19,17,4]
847416 [1,3,4,2,5,7,6,8]
847416 [7,4,5,3,2,6,1]
847416 [19,36,8,27,10,4,21,1,41,30,37,12,40,24,14,22,17,13,7,3,28,6,9,39,31,34,23,2,26,5,20,18,35,29,16,15,33,38,32,25,11]
631807 [2,7,13,6,1,10,4,9,3,8,12,5,11]
1118426 [6,2,5,4,3,1]
2490102 [7,8,6,4,1,5,10,3,2,9]
2490102 [13,1,9,16,10,15,8,5,19,7,12,18,2,14,11,6,17,4,3]
2490102 [2,1,5,4,3]
2490102 [5,3,12,2,10,7,8,9,11,6,4,1]
2490102 [6,7,5,3,2,1,4]
2490102 [2,6,3,5,1,7,8,4]
2490461 [1,2,3,4,5,6,7,8]
2511290 [1,2,3,4,5,6]
2511290 [1,2,3,4,5,6,7,8,9,10,11,12,13,14,15,16,17,18,19,20,21]
755981 [6,4,3,2,9,1,5,7,8]
1231139 [1,2,3,4,5,6]
2049698 [5,6,1,3,4,2]
2049698 [2,3,6,1,4,5]
2049698 [1,4,3,5,6,2]
2318116 [12,14,2,3,5,16,9,13,11,4,8,7,15,1,6,10]
2490102 [2,1,4,5,3,6]
2490102 [12,7,18,4,16,14,5,8,9,15,2,3,6,17,13,11,1,10]
2490102 [4,3,1,5,8,7,6,2]
210846 [5,1,4,2,3,6]
317862 [8,4,1,3,7,5,6,2]
2498205 [6,3,5,2,4,1]
2498205 [7,2,1,4,8,3,5,6]
2498205 [3,4,2,5,1]
2498205 [2,1,5,6,4,3]
2498205 [10,9,1,6,7,2,8,5,4,3]
2498205 [3,1,4,5,2]
2498205 [3,2,9,4,10,6,8,1,7,5]
2498205 [8,4,6,2,7,3,9,1,5]
2498205 [2,7,5,1,6,8,9,4,3]
2498205 [10,5,6,2,4,11,1,9,7,13,8,12,3]
1118206 [2,1,10,9,6,4,5,8,7,3]
1747939 [4,1,5,3,2]
1769232 [2,1,7,3,15,27,30,18,17,22,23,29,13,14,8,10,25,33,9,31,28,5,34,4,21,11,26,24,6,32,12,19,20,16]
19181 [30,34,21,23,19,10,5,16,14,1,2,27,29,18,24,13,20,9,33,22,7,25,28,6,3,8,17,15,11,12,31,4,32,26]
19181 [8,10,15,9,3,12,7,2,11,14,13,1,6,4,5]
19181 [7,2,3,8,5,1,9,4,6]
117584 [1,2,3,4,5,6,7,8,9,10,11,12,13,14,15]
117584 [1,2,3,4,5,6,7,8,9,10,11,12,13,14,15,16,17,18,19]
122958 [8,9,1,6,5,7,2,4,3,10]
122958 [4,5,6,7,10,3,9,1,2,8]
2101786 [1,6,3,2,5,4]
2101786 [7,8,2,1,6,3,5,4,10,9]
1157136 [3,5,2,1,4]
1210810 [1,2,3,4,5,6,7,8,9]
1210810 [1,2,3,4,5,6,7,8,9,10]
1210810 [1,2,3,4,5,6,7,8,9,10,11,12,13,14,15,16,17,18,19,20,21,22,23]
559866 [3,6,8,12,7,2,9,1,11,4,5,10]
559866 [2,3,5,4,1,6]
642707 [5,13,12,19,9,14,10,18,3,8,2,11,17,6,1,7,15,4,16]
22895 [8,4,2,3,5,1,6,9,7]
22895 [5,6,4,3,1,2]
43932 [3,2,4,1,6,5]
76658 [7,3,4,5,1,6,2]
76658 [27,14,22,16,12,11,18,25,13,24,15,10,26,8,23,3,19,6,21,20,17,1,7,4,9,5,2]
76658 [5,3,1,2,9,7,4,6,8]
76658 [5,4,6,2,1,3]
1206044 [7,18,5,14,4,9,16,8,12,1,3,2,17,20,11,6,13,10,15,19]
2289794 [1,2,5,4,3]
143799 [1,2,3,4,5,6,7,8,9,10,11,12]
1941520 [3,2,5,12,14,1,13,16,4,8,11,10,6,15,17,9,7]
1863380 [1,2,3,4,5,6,7,8,9,10,11,12]
1863380 [1,2,3,4,5,6,7,8,9,10,11,12,13,14,15,16,17,18,19,20,21,22,23]
1881817 [1,2,3,4,5,6,7,8]
1881817 [1,2,3,4,5,6,7]
1894941 [1,2,3,4,5,6,7,8,9,10,11]
1923897 [3,4,1,2,5]
1923897 [9,8,13,7,10,11,5,3,2,1,12,4,6]
1923897 [5,3,4,1,2]
1213548 [1,3,10,5,8,6,2,9,4,12,7,11]
1213548 [2,6,12,4,5,1,17,11,8,7,3,15,13,10,16,9,20,14,19,18]
1218901 [6,8,4,7,10,11,9,3,1,5,2]
1218901 [9,4,1,6,3,5,8,7,2]
1218901 [3,4,6,2,1,5]
1218901 [8,1,6,11,9,4,3,2,10,5,7]
1221502 [9,8,1,3,6,4,10,7,2,5,11]
1221502 [9,4,7,10,8,2,5,6,3,1]
2190812 [2,1,4,3,8,7,6,5]
463733 [1,4,6,3,5,2]
2318116 [3,4,2,1,5]
2414972 [2,5,7,6,3,4,1]
1636133 [3,2,4,1,5]
1636133 [12,7,4,21,2,11,10,22,20,6,9,18,5,1,13,14,19,16,8,17,3,23,15]
1991269 [8,4,6,2,5,9,3,1,7]
510769 [1,2,3,4,5,6,7,8,9,10,11,12]
2448496 [7,15,6,10,2,14,11,13,1,8,4,9,3,12,5]
2448496 [10,5,6,1,11,9,2,4,3,8,7]
1500590 [3,8,4,7,6,2,10,12,9,1,11,5]
1500590 [13,11,8,5,10,4,19,6,12,9,14,18,2,3,16,15,7,1,17]
1500590 [3,2,5,4,1,6]
1500590 [7,1,9,8,10,6,2,4,3,5]
1500590 [1,4,3,2,5]
1500590 [8,1,6,5,3,4,2,9,7,10]
1640761 [7,5,10,2,8,6,4,11,9,3,1]
1640761 [10,5,9,16,3,11,13,6,8,4,2,14,15,1,7,12]
1976045 [5,1,3,4,6,2]
1976045 [1,6,2,7,5,3,4]
1976045 [5,10,6,7,1,3,8,4,11,9,2]
1976045 [1,6,3,2,5,7,4]
1976045 [7,13,9,11,3,6,14,8,10,15,2,4,12,5,1]
1976045 [2,13,3,12,7,9,5,10,6,8,1,11,4]
1976045 [4,3,2,1,5]
2233002 [4,5,3,1,2]
2238657 [6,3,9,5,8,11,12,10,4,7,2,1,13]
2255260 [1,2,3,4,5,6,7,8,9,10,11,12,13,14,15]
2436485 [14,12,10,4,6,13,5,7,11,3,16,15,9,18,2,1,8,17]
1367204 [11,9,1,12,2,4,3,5,13,7,10,8,6,14]
1367204 [2,5,4,1,3]
1367204 [5,8,7,1,2,6,4,3]
1367204 [1,21,6,7,2,11,14,16,4,13,25,8,24,23,12,9,18,20,22,15,27,17,10,26,19,3,5]
1514042 [2,4,14,7,8,6,9,13,12,5,1,11,10,3]
317862 [2,1,7,5,6,4,3]
317862 [2,7,6,4,5,3,1]
317862 [26,10,17,25,21,13,20,19,9,15,4,18,7,3,5,2,14,16,22,12,8,6,23,11,1,24]
317862 [2,1,4,5,3]
317862 [12,8,17,29,24,1,23,5,16,22,3,15,13,26,31,18,6,30,28,4,21,14,11,19,10,2,7,9,27,20,25]
407553 [10,11,5,12,9,1,6,3,4,8,7,2]
1661858 [19,1,6,22,29,25,16,20,18,28,14,30,23,2,3,15,11,24,7,31,9,21,26,13,8,12,27,10,17,4,5]
2386307 [2,3,1,5,4]
2395129 [7,10,11,5,3,9,4,8,1,6,2]
2395129 [2,5,1,3,4]
2406851 [4,2,3,1,5,7,6]
244218 [2,1,5,3,4,6]
244218 [1,2,10,4,5,6,7,9,8,12,3,11]
244218 [1,4,3,7,2,6,5]
277291 [2,3,1,4,5]
285619 [8,9,6,1,2,11,5,4,12,7,3,14,10,13]
289998 [4,3,2,5,1]
337595 [19,8,5,22,17,15,23,13,2,3,21,7,20,4,9,14,12,18,16,24,1,6,10,11]
338752 [5,9,3,8,10,11,2,6,4,7,1]
1277469 [1,2,3,4,5,6,7,8,9,10,11,12,13,14,15]
1277469 [1,2,3,4,5,6,7,8]
1277469 [1,2,3,4,5,6,7,8,9,10,11,12,13,14,15,16]
1298261 [1,2,3,4,5,6,7,8]
393986 [1,2,3,4,5,6,7]
416399 [7,3,9,2,6,12,13,4,8,5,10,11,14,1]
453717 [4,5,8,3,2,7,1,6]
453717 [4,1,3,2,5]
467813 [1,5,3,2,4]
467813 [5,3,2,1,4,6]
476345 [14,3,1,8,5,2,12,15,6,16,17,11,10,13,4,9,7]
1567444 [4,13,5,7,10,1,2,11,8,9,6,3,12]
1567444 [8,1,11,5,14,2,15,4,7,3,13,6,9,17,16,12,10]
645703 [9,8,15,1,13,12,2,10,4,5,3,6,14,7,11]
661583 [1,16,3,2,13,11,17,15,10,14,4,6,18,19,5,9,12,7,8]
81492 [15,27,33,23,6,32,16,12,30,25,36,24,1,8,34,18,7,9,3,5,20,10,2,29,26,22,35,13,14,4,21,11,28,17,19,31]
81492 [2,36,9,35,4,24,16,32,11,37,25,40,30,43,45,39,7,28,18,12,31,23,20,14,34,17,33,44,26,38,22,1,5,8,10,41,13,15,42,47,27,3,21,6,19,46,29]
82733 [6,1,3,2,4,7,5]
82733 [6,5,7,4,1,3,2]
82733 [4,5,6,1,3,2]
110458 [9,4,2,5,1,8,3,6,7]
1886898 [5,8,1,3,7,2,6,4,9,11,10]
1912304 [5,6,4,2,8,7,1,3]
779944 [2,4,7,12,1,15,19,18,9,3,17,11,14,13,10,16,6,8,5]
779944 [5,2,4,6,3,7,1]
808364 [11,2,12,10,4,6,8,1,3,9,5,7]
1129282 [2,4,3,1,5]
1368005 [25,7,16,15,23,18,19,20,21,17,5,8,14,24,12,11,22,9,26,3,4,13,6,27,2,10,1]
1368005 [1,3,2,5,4]
1368005 [39,29,28,33,47,6,36,40,13,26,5,14,19,7,31,42,8,17,45,9,22,15,16,44,18,11,41,46,34,3,30,4,37,21,24,32,38,10,2,20,23,25,35,27,12,43,1]
2395129 [2,4,5,3,1]
2412938 [1,2,3,4,5,6,7,8,9,10,11,12,13,14,15,16,17,18,19,20,21,22,23,24,25,26,27,28,29,30,31,32,33,34,35,36,37,38,39,40,41,42,43,44,45,46,47,48,49,50,51,52,53,54,55,56,57,58,59]
2412938 [1,2,3,4,5,6,7,8,9,10,11,12,13,14,15,16]
2422795 [4,6,2,1,5,3]
2430015 [1,2,4,3,6,9,8,5,7]
2430015 [4,1,6,2,5,3,7]
2436485 [2,8,7,10,1,5,4,6,3,9]
2436485 [2,11,12,1,5,7,6,16,10,3,8,14,4,15,9,13]
2436485 [3,1,5,4,2]
194623 [4,7,1,2,5,8,3,6]
206251 [2,3,4,5,1]
239513 [4,9,11,13,2,7,1,10,12,6,8,5,3]
245835 [12,16,19,11,8,17,15,14,1,18,10,9,3,6,13,2,7,20,4,5]
245835 [2,6,4,3,1,5]
251987 [5,3,2,6,1,7,8,4]
251987 [5,2,4,1,3]
251987 [2,4,1,10,9,6,11,7,8,3,5]
264359 [3,7,4,8,5,1,9,2,6]
264359 [1,4,3,5,2]
264359 [2,4,11,7,8,9,10,3,14,13,16,1,15,12,17,6,5]
264359 [7,2,1,5,10,8,6,3,4,9]
321436 [1,2,3,4,5,6,7,8,9]
336795 [13,8,2,11,5,4,1,12,3,14,15,10,7,6,16,9]
37232 [4,2,5,1,3,6]
73405 [5,3,4,1,7,2,6]
1309075 [8,9,6,3,7,5,1,4,10,2]
1318938 [8,3,7,6,5,1,4,2]
1389997 [4,3,2,1,5]
1405440 [1,2,3,4,5,6,7,8,9,10,11,12,13,14,15,16,17,18,19,20,21,22,23,24,25,26,27,28]
1405440 [1,2,3,4,5,6,7,8,9,10,11,12,13,14,15,16,17,18,19,20,21,22,23,24,25,26,27,28,29,30,31,32,33,34,35,36,37,38,39,40,41,42,43,44,45,46,47,48,49,50,51,52,53,54,55,56,57,58,59,60]
1462963 [5,1,4,12,10,13,3,2,9,8,11,6,7]
1467043 [7,6,2,3,8,10,9,11,5,1,4]
1470346 [4,1,2,5,3]
1552171 [2,1,4,5,3]
1567444 [13,1,21,22,12,7,20,18,9,15,8,3,17,14,5,16,4,19,2,10,11,6]
1567444 [2,7,11,8,1,14,17,16,4,9,5,15,6,12,3,13,10]
1567444 [4,5,2,3,1]
1567444 [4,7,6,3,1,2,5]
1579040 [20,15,19,3,9,5,8,17,7,2,13,1,18,11,12,10,6,4,14,16]
1602581 [3,8,7,4,2,5,6,11,9,10,1,12]
1602581 [3,7,1,5,6,4,2]
755981 [4,6,5,1,2,3]
2342077 [2,3,6,7,5,4,8,1]
2342077 [1,5,4,2,3]
2471663 [8,5,1,3,4,6,7,2]
2212062 [2,6,4,3,5,7,1]
591092 [8,1,3,15,2,4,13,6,11,10,16,14,7,5,12,9]
690480 [1,3,4,2,5,6]
702478 [1,8,9,6,3,4,10,2,7,5]
1106100 [4,9,1,11,8,6,7,3,5,2,10]
1106100 [2,3,6,4,1,5]
1106100 [4,3,6,9,5,7,8,2,1]
1106100 [1,3,4,2,5]
1106100 [7,4,1,6,3,5,2]
1106100 [12,6,5,10,2,13,11,1,8,4,14,9,7,3]
1106100 [5,3,1,2,6,7,4]
1111675 [1,2,3,4,5]
852601 [2,6,10,3,11,7,9,8,5,4,1]
852601 [12,4,16,18,6,21,11,20,14,2,10,15,3,19,7,9,5,13,8,1,17]
852601 [4,1,5,2,3]
856313 [4,5,3,2,1]
856313 [1,15,5,3,2,10,7,4,11,8,13,9,16,17,19,6,18,12,14]
856313 [13,11,18,16,17,12,6,14,2,19,3,7,15,21,9,20,1,22,5,10,4,8]
856313 [1,8,13,6,7,4,2,5,3,9,12,11,10]
2233002 [1,3,4,2,5]
2233002 [12,18,5,14,16,1,11,7,2,9,21,10,19,20,6,4,13,8,17,15,3]
2236439 [11,22,46,47,19,9,26,42,17,25,54,10,18,33,13,36,48,45,34,29,2,7,31,23,50,3,5,30,1,53,21,37,41,24,14,20,49,6,15,4,38,8,32,28,39,12,44,52,51,16,35,40,43,27]
1118426 [2,4,6,1,5,3]
972143 [2,4,1,5,3]
972143 [2,3,5,1,4]
1094259 [37,20,5,27,28,19,21,12,15,11,25,14,7,13,24,10,22,32,33,23,30,35,6,3,18,29,17,9,16,36,4,1,8,34,26,2,31]
1094259 [1,4,6,7,3,5,2]
65485 [4,3,5,2,6,1]
50306 [16,6,9,5,3,15,7,10,12,19,14,1,11,4,13,17,8,18,2]
50306 [3,16,8,1,10,17,4,15,5,9,6,12,2,18,13,11,7,14]
50692 [1,2,3,4,5,6,7,8,9,10,11,12,13,14,15,16]
50692 [1,2,3,4,5,6,7,8]
1193431 [11,9,1,7,3,2,4,12,10,6,13,8,5]
1193431 [11,3,21,7,9,16,8,17,1,15,18,6,14,19,12,13,2,10,4,22,5,20]
1279356 [1,2,3,4,5]
134633 [1,3,6,4,2,5]
134633 [1,9,7,5,8,2,6,4,3]
134633 [5,4,2,6,3,1]
134633 [1,3,4,2,5]
134633 [5,6,8,3,2,4,1,7]
134633 [1,8,3,7,9,5,4,6,2]
134633 [6,10,3,13,9,2,1,8,11,5,7,12,14,4]
134633 [11,23,13,16,22,6,21,12,27,14,2,18,17,7,3,24,5,4,8,10,20,15,9,25,19,26,1]
134633 [1,3,2,5,6,4]
19181 [1,6,4,3,8,2,5,7]
19181 [5,1,3,4,7,2,6]
350265 [9,8,5,3,4,6,7,1,2]
350265 [8,1,11,7,4,6,3,2,10,9,5]
365556 [1,2,3,4,5,6,7,8,9,10,11,12,13,14,15]
365556 [1,2,3,4,5,6,7,8,9,10,11,12,13,14,15,16,17,18,19]
374121 [3,4,2,1,5,6]
374121 [5,2,3,6,4,1]
374121 [2,3,5,1,4]
374239 [4,5,1,3,2,6]
374239 [3,2,1,5,4,6]
374239 [4,6,7,3,1,2,5]
374239 [6,1,4,5,7,2,3]
374239 [6,15,18,1,13,7,2,14,12,20,4,10,17,11,19,5,16,9,8,3]
374239 [16,4,19,6,2,22,5,15,18,13,20,8,10,12,7,1,11,14,17,21,9,3]
374239 [5,1,4,2,3,6]
374239 [2,3,4,7,5,1,6]
374239 [4,13,7,3,2,12,11,5,14,6,1,9,8,10]
374239 [7,3,6,1,2,5,4]
374239 [5,11,13,4,2,1,10,12,6,7,8,3,9]
374239 [5,4,2,3,1]
374239 [6,7,2,8,5,3,1,4]
374239 [5,4,1,3,2]
374239 [16,3,2,13,8,11,4,12,1,5,6,15,9,10,14,7]
374239 [2,1,3,4,5]
43932 [2,10,1,11,7,4,5,8,3,6,9]
43932 [2,1,3,5,4]
43932 [1,4,6,3,2,5]
58158 [1,2,3,4,5,6,7,8]
58158 [1,2,3,4,5,6,7,8]
268600 [6,1,3,2,8,5,9,10,7,4]
268600 [44,14,19,16,3,29,39,18,17,31,22,45,35,2,32,21,28,38,13,26,12,7,40,43,27,41,4,24,37,1,25,33,9,36,11,8,30,10,42,15,34,20,5,23,6]
268600 [6,1,7,3,8,4,2,5,9,10]
268600 [2,5,4,7,8,1,3,9,6]
2078799 [6,4,3,2,1,5]
2078799 [4,5,1,3,2]
2078799 [6,7,3,8,11,9,14,5,13,4,1,10,2,12,15]
1068993 [14,18,10,1,15,7,11,4,21,2,19,13,6,16,20,22,9,26,24,25,8,12,17,23,5,3]
1096255 [1,2,3,4,5,6]
50306 [5,4,3,6,2,1]
62577 [1,2,3,4,5,6]
62577 [1,2,3,4,5,6,7,8,9,10,11,12,13]
43932 [2,3,4,1,5]
136584 [1,2,3,4,5,6]
136584 [1,2,3,4,5,6,7,8]
1444552 [4,7,8,2,12,9,5,10,3,1,13,11,6]
1444552 [4,3,6,8,7,2,10,1,5,9]
1444552 [41,1,39,27,18,44,3,15,33,23,25,26,13,30,36,21,34,31,9,11,19,10,38,37,17,45,42,4,28,35,7,43,40,24,29,12,6,14,2,20,8,22,5,16,32]
1449958 [3,5,2,1,4]
1449958 [11,5,1,7,2,4,9,10,8,6,3]
1563464 [5,4,2,3,8,6,1,7,9]
1563464 [5,9,10,8,2,11,3,12,7,6,1,4]
1563464 [3,4,6,2,1,5]
1604401 [10,5,14,18,8,19,6,9,13,12,11,16,17,2,15,7,1,4,3]
88591 [4,2,3,1,5]
88591 [2,5,7,6,8,3,4,1]
88591 [5,20,19,6,16,7,12,4,15,3,24,11,18,21,23,26,9,27,10,14,25,1,17,2,28,8,13,22]
88591 [7,5,13,25,19,4,22,10,16,21,1,24,9,23,6,17,14,11,2,18,3,12,15,20,8]
251902 [5,4,2,1,3]
289998 [6,2,3,7,4,1,5]
289998 [1,2,4,6,3,5]
301528 [3,5,2,6,1,4]
301528 [1,4,5,3,2]
301528 [5,3,1,2,4]
301528 [5,2,4,6,1,3]
301528 [1,5,2,4,3]
1470585 [5,2,3,1,4,7,6,8]
1572176 [1,2,3,4,5,6,7,8,9,10,11,12,13,14,15,16,17,18,19,20,21,22,23,24,25,26,27,28,29,30,31,32,33,34,35,36,37,38,39]
1572176 [1,2,3,4,5,6]
160892 [5,3,4,2,8,7,1,6]
160892 [6,5,4,7,3,1,2]
160892 [2,1,4,5,3]
160892 [4,7,3,1,2,6,5]
160892 [6,1,2,4,7,5,3]
160892 [7,15,11,8,10,4,9,2,3,16,14,13,1,6,5,12]
244218 [5,2,4,1,7,6,8,3]
198464 [1,2,3,4,5,6,7,8,9,10,11,12,13,14,15,16,17,18,19,20,21,22,23,24,25,26,27,28]
516251 [8,4,5,7,2,9,6,1,3]
244367 [6,7,1,4,3,8,2,5]
244367 [4,6,5,3,1,2]
244367 [10,3,13,4,9,5,7,14,11,8,12,6,1,2,16,15]
244367 [4,9,14,8,10,17,23,7,1,13,15,21,16,11,5,6,3,18,22,12,20,19,2]
244367 [1,4,8,5,11,3,9,10,7,6,2]
244367 [4,8,2,1,7,5,6,3]
244367 [4,5,6,7,2,1,3]
245353 [4,3,1,2,5]
245353 [7,5,2,1,3,6,4]
1320533 [8,11,34,25,33,18,19,14,4,9,10,32,23,27,21,1,26,24,15,30,3,6,12,31,29,28,2,13,20,16,17,22,7,5]
1320533 [10,1,2,8,5,4,12,11,9,13,7,6,3]
1320533 [7,2,3,4,6,1,5]
206251 [5,2,4,6,1,3]
239513 [4,1,3,7,11,12,6,2,9,8,10,5]
337540 [4,5,2,10,9,8,3,6,7,1]
337540 [1,4,2,3,5]
351506 [1,2,3,4,5]
1321771 [1,2,3,4,5,6,7,8,9]
934064 [18,10,15,8,2,12,1,14,5,17,16,6,3,19,9,13,11,7,4]
1103145 [1,2,3,4,5,6,7,8,9]
349690 [1,2,3,4,5,6,7,8,9,10,11,12,13,14,15,16,17,18]
367419 [5,1,10,2,3,4,8,9,7,6]
367419 [9,3,5,1,8,4,2,7,6]
367419 [6,11,3,7,4,9,8,2,1,10,5]
367419 [5,12,3,10,2,4,6,9,7,11,8,1]
367419 [6,8,2,4,5,3,7,1]
875869 [4,2,7,3,5,8,6,1,9]
1387981 [5,9,7,3,2,6,4,1,8]
1642737 [8,7,5,6,4,2,3,1,9]
1642737 [10,29,13,7,15,45,1,44,20,38,11,43,35,8,12,6,5,33,31,22,27,46,41,16,26,2,17,21,18,25,9,24,23,34,49,47,30,19,37,36,14,39,3,4,48,40,42,28,32]
1642737 [3,6,4,8,5,7,1,2]
1642737 [45,37,41,15,24,57,39,23,8,31,4,33,38,16,36,14,1,17,35,54,51,25,56,12,48,7,5,11,53,29,2,27,9,46,49,18,19,13,10,42,61,22,60,44,58,28,55,20,59,50,21,30,26,43,40,3,52,47,6,32,34]
1654428 [22,13,2,10,25,21,19,23,18,12,20,29,30,3,26,15,11,5,6,1,9,16,8,14,4,17,28,24,7,27]
289709 [4,5,1,3,2]
299355 [3,8,9,4,6,5,2,1,7]
335397 [5,7,3,4,8,6,2,1]
335397 [1,2,5,3,8,7,19,16,9,13,11,14,6,12,18,10,17,4,15]
337540 [48,36,43,28,51,31,27,23,35,7,32,38,1,57,78,76,64,55,79,14,4,62,66,71,77,11,73,75,63,12,44,6,53,22,33,54,74,13,70,15,50,49,19,24,61,25,2,80,26,69,40,46,72,30,58,59,45,17,42,37,41,16,52,8,20,29,34,47,3,56,9,39,65,81,18,67,10,68,5,82,21,60]
425689 [10,7,8,4,5,2,1,9,6,3]
433902 [14,8,11,15,3,7,4,9,13,1,5,10,2,6,12]
688189 [5,2,4,1,3]
893182 [18,5,3,12,8,19,13,14,1,4,10,15,7,16,9,6,17,2,11,20]
1686565 [7,3,4,6,5,9,1,2,8]
1687310 [3,5,1,8,4,2,6,7,9]
1687310 [11,3,6,1,8,10,9,4,7,2,5]
1687310 [1,9,2,3,6,5,10,4,7,11,8]
1687310 [9,16,11,1,7,2,6,15,8,4,3,5,12,14,10,13]
1687310 [4,1,2,6,5,7,3]
1687310 [8,2,6,3,5,9,1,4,7]
1687310 [6,2,3,5,4,1]
486549 [4,9,3,6,1,7,5,2,8]
1171223 [4,3,2,5,1]
1171223 [17,12,1,9,14,2,13,4,11,10,8,16,5,15,7,6,3]
1182135 [1,2,6,5,3,4]
1182135 [5,2,8,10,9,7,1,6,4,3,11]
1699521 [1,6,2,3,5,4]
1735089 [13,1,7,12,14,5,8,3,16,11,9,17,6,4,2,15,10]
663707 [1,2,8,4,3,5,7,6]
394345 [4,5,9,2,1,6,3,8,7]
685921 [4,5,10,9,3,2,12,11,8,6,1,7]
26594 [6,5,4,2,1,3]
28327 [6,7,1,5,19,31,29,2,9,12,8,20,32,14,23,34,28,35,4,11,27,10,33,15,16,18,24,25,21,22,30,17,3,26,13]
28327 [5,2,1,4,3]
750497 [4,3,5,1,2]
750497 [10,3,11,1,14,5,8,2,15,13,4,7,12,6,9]
750497 [11,12,5,2,9,10,3,1,7,8,4,6]
750497 [1,3,2,4,5,6]
750497 [7,9,6,8,12,4,1,2,5,10,11,3,13]
972329 [3,2,1,5,4]
980498 [7,13,18,5,4,9,23,14,17,8,2,10,15,20,22,24,6,11,19,3,21,16,12,1]
980498 [5,2,3,1,4]
1697501 [4,1,3,2,5,6]
1703304 [1,2,3,5,4]
1706553 [6,3,2,5,1,4]
301528 [5,3,4,1,2]
301528 [7,10,8,12,5,9,4,1,11,6,2,3]
782168 [5,6,2,9,1,7,8,3,4]
782168 [2,3,5,4,1]
793169 [5,4,1,2,3]
793169 [2,7,3,6,4,5,1]
793169 [10,15,5,9,12,6,13,2,8,19,14,1,7,3,17,4,11,18,16]
793169 [6,7,8,5,3,9,4,2,1]
933067 [1,2,3,4,5,6]
947524 [4,1,2,5,3]
947524 [9,5,6,26,16,14,24,12,4,18,15,13,23,21,1,2,10,8,25,7,20,17,19,22,11,3]
441426 [8,7,4,6,9,3,1,2,5]
1081077 [13,6,9,3,15,1,4,7,5,11,16,2,10,17,14,8,12]
1081077 [1,6,2,8,4,5,9,3,7]
1081077 [1,2,5,4,3]
1081077 [15,11,4,12,13,17,1,6,20,7,2,9,10,18,3,16,19,21,8,5,22,14]
1081077 [10,1,11,9,6,3,4,12,8,7,2,5]
1089896 [6,10,7,8,2,9,3,5,1,4]
1089896 [5,3,10,7,6,9,8,2,4,1]
1103145 [1,2,3,4,5,6,7,8,9,10,11,12,13]
1103145 [1,2,3,4,5,6]
1103145 [1,2,3,4,5,6,7,8,9]
1105810 [6,1,3,2,5,4]
1252393 [3,14,20,17,1,6,27,10,16,25,4,8,15,7,19,21,26,23,2,12,18,9,11,5,24,22,13]
1253390 [7,16,11,13,4,14,10,3,5,9,8,12,1,6,15,2]
1253390 [4,1,3,5,2,6]
1253390 [1,5,6,3,2,4]
1253390 [16,12,5,7,17,11,1,6,14,9,2,13,8,3,15,4,10]
1285029 [6,4,2,7,3,1,8,5]
1014041 [1,2,3,4,5]
1138925 [6,3,8,5,7,4,1,2]
1138925 [6,1,21,8,18,15,11,4,19,2,20,10,17,12,5,16,9,13,7,14,3]
1534975 [1,2,3,4,5,6,7]
1097876 [1,5,10,14,9,15,12,8,13,7,6,2,4,11,3]
1269670 [9,7,6,3,1,5,8,2,4]
1279115 [9,2,5,7,4,6,3,11,8,1,10]
790962 [10,6,8,7,2,9,5,4,11,1,3]
790962 [7,9,6,2,11,3,5,8,10,1,4]
790962 [9,6,1,5,12,10,8,7,2,13,11,14,3,4,15]
790962 [11,1,2,5,10,6,3,14,15,12,7,9,8,13,4]
790962 [8,2,5,1,3,7,6,4]
790962 [4,10,3,1,6,9,5,7,8,2]
790962 [2,1,11,5,6,3,12,8,7,9,4,10]
790962 [6,5,1,7,3,2,4,8,9]
790962 [3,6,2,1,4,5]
790962 [16,12,15,8,3,6,14,10,5,4,1,2,7,9,13,11]
790962 [9,4,13,1,2,5,8,12,10,11,14,6,7,3]
796186 [3,8,1,9,5,6,2,4,7]
1223263 [8,6,5,1,3,2,4,10,9,7]
1308113 [10,7,5,9,8,2,1,6,3,4]
1699521 [8,10,9,2,1,6,3,11,12,5,7,4]
1834502 [2,5,3,7,1,4,6]
1834502 [2,5,3,1,6,4]
1845202 [17,8,34,18,10,36,21,28,24,30,19,25,26,2,13,11,35,20,5,29,6,9,23,22,14,3,31,27,7,12,32,15,16,33,1,4]
1845202 [8,7,9,2,6,1,4,5,3]
1848398 [1,2,3,4,5,6]
548891 [4,5,6,3,2,1]
548891 [3,1,4,5,2]
36131 [1,8,6,2,17,3,18,15,20,12,7,4,10,14,19,9,5,13,11,16]
978884 [22,2,6,24,14,27,25,17,1,13,12,11,23,18,15,3,5,20,19,16,8,10,7,9,21,26,4]
978884 [6,13,10,11,14,16,8,9,4,12,2,3,17,19,1,7,15,5,18]
978884 [12,8,9,14,7,10,15,3,16,5,11,4,17,6,18,2,13,1]
980498 [5,2,3,4,7,6,1,8]
1747023 [3,1,2,4,5]
1748436 [4,1,5,3,2]
1216765 [1,2,3,4,5,6,7]
1216765 [1,2,3,4,5,6,7,8]
1221502 [7,5,3,1,2,9,6,8,4]
2126801 [1,2,3,4,5]
2127351 [8,1,10,16,9,12,18,14,6,13,15,3,7,11,17,2,4,5]
2129565 [17,2,23,4,31,3,19,13,16,22,21,26,28,6,29,5,15,24,32,27,14,1,18,25,30,10,8,9,7,12,20,11]
2129565 [7,6,8,9,3,2,1,5,4]
2169267 [9,10,5,4,14,7,11,6,13,2,1,8,12,3]
2169267 [4,5,6,3,8,7,10,1,11,2,9]
2169267 [2,1,4,3,5,6]
1103145 [1,2,3,4,5,6]
1103145 [1,2,3,4,5]
1103145 [1,2,3,4,5,6,7,8,9,10,11]
1104073 [5,6,4,2,1,3]
1104073 [5,4,3,1,2]
476688 [3,8,6,4,9,7,2,1,5]
476688 [3,8,7,10,11,2,1,9,5,6,4]
476688 [1,3,4,5,2]
748075 [13,32,2,33,28,1,35,6,17,15,16,24,8,39,22,29,20,7,21,31,19,5,30,23,37,27,10,26,34,38,40,36,14,25,4,11,3,12,9,18]
756191 [1,2,3,4,5,6,7,8,9,10,11,12,13,14,15,16,17,18,19,20,21,22]
756191 [1,2,3,4,5,6,7,8,9,10,11,12,13,14,15,16,17,18,19,20,21,22,23,24]
756191 [1,2,3,4,5,6,7,8,9,10,11,12,13,14,15,16,17,18,19,20,21,22,23,24,25,26,27,28,29,30]
756191 [1,2,3,4,5,6,7,8,9,10,11,12,13,14,15,16,17,18,19,20,21,22]
756191 [1,2,3,4,5,6,7,8,9,10,11,12,13,14,15,16,17,18,19,20,21,22]
756191 [1,2,3,4,5,6,7,8,9,10,11,12,13,14,15,16,17,18,19,20,21,22,23]
756191 [1,2,3,4,5,6,7,8,9,10,11,12,13,14,15,16,17,18,19,20]
756191 [1,2,3,4,5,6,7,8,9,10,11,12,13,14,15,16,17,18,19,20,21,22]
768249 [6,20,4,19,12,10,25,16,18,9,8,17,7,23,13,24,14,11,1,2,21,15,22,3,5]
768249 [7,5,1,10,12,8,2,9,11,13,3,6,4]
768249 [6,3,4,5,2,1]
768249 [2,3,8,7,6,4,1,5]
768249 [3,5,2,1,4]
1747023 [8,2,6,5,7,1,3,4]
1747023 [7,10,9,5,6,3,8,2,4,1]
1479466 [4,2,5,1,6,3]
1561074 [16,10,12,17,11,9,2,14,15,3,6,7,4,13,5,8,1]
1571714 [4,3,1,5,2]
1571714 [3,2,1,4,5,7,6]
1606903 [5,15,36,10,40,31,37,6,20,42,41,11,12,32,3,34,16,14,1,4,2,24,25,39,33,29,35,44,21,43,22,19,38,9,23,7,13,30,28,27,17,18,8,26]
1331854 [8,2,14,5,13,12,15,1,7,3,9,16,6,10,4,11]
1753136 [3,4,5,2,1]
2097149 [2,8,5,3,10,1,7,9,6,4]
2097149 [5,8,2,3,1,6,4,7]
1795319 [1,2,3,4,5,6,7]
1799180 [13,12,11,7,22,10,15,21,26,16,9,14,2,24,20,19,23,17,4,8,25,3,6,18,1,5]
1799180 [3,1,5,2,4]
1542753 [2,1,13,5,11,8,6,9,7,12,4,10,3]
1562408 [11,2,1,7,8,6,10,3,4,5,9,12]
1562408 [4,7,6,2,1,5,3]
1251390 [4,2,1,8,7,3,6,5]
1747023 [1,6,4,3,5,2]
1126205 [2,6,3,8,7,1,4,5]
1126205 [2,17,9,3,12,14,1,16,6,13,7,4,8,11,10,15,18,5]
1762623 [2,4,3,5,1]
1778414 [2,4,5,1,3]
1778414 [3,4,2,5,1]
1778414 [5,3,1,2,6,4]
1783728 [12,30,26,4,23,31,14,7,6,18,21,1,15,17,19,20,28,22,25,27,13,5,10,8,24,29,2,3,11,16,9]
793625 [1,2,3,4,5,6,7,8,9,10,11,12]
2473314 [26,18,10,17,9,21,27,28,7,20,11,8,30,32,19,36,24,6,31,2,34,23,33,13,3,4,35,12,22,5,1,14,15,29,16,25]
2473314 [1,3,5,4,2]
2504639 [9,2,7,5,10,11,4,8,6,3,1]
790962 [9,10,8,1,4,5,3,7,6,2,11]
790962 [2,1,3,4,5]
1117666 [5,2,1,3,4]
1122915 [3,4,6,5,1,2]
1122915 [39,13,3,6,19,22,4,9,35,40,20,26,24,10,37,36,23,16,8,5,15,29,17,28,12,32,11,30,33,21,1,31,7,18,2,14,41,38,27,34,25]
81492 [8,3,2,1,5,9,7,6,4]
81492 [10,9,3,7,1,8,12,14,13,15,6,11,5,4,2]
2566955 [2,3,4,1,11,7,6,5,13,9,8,10,12]
2566955 [7,1,5,6,4,3,2]
2566955 [2,3,7,4,10,6,8,5,1,9]
2566955 [3,2,7,1,4,6,5,8,9]
2566955 [1,5,3,4,2]
1930567 [1,5,2,4,3]
1930567 [5,2,1,4,3]
1480380 [4,9,15,2,18,16,19,21,12,10,6,13,8,20,14,1,11,5,7,17,3]
661966 [17,21,30,4,20,15,25,31,16,28,33,29,24,5,7,10,26,23,9,1,22,27,12,3,19,11,18,32,14,6,8,2,13]
661966 [8,2,5,3,14,7,15,12,10,6,16,1,13,11,9,4]
661966 [7,8,12,17,1,9,14,6,16,10,5,18,3,11,15,4,19,13,2]
661966 [4,6,5,2,7,3,1,8]
661966 [3,7,2,1,5,6,4]
661966 [4,7,1,3,6,5,2]
675751 [22,10,21,9,14,20,1,17,15,12,6,23,16,5,2,8,4,3,18,19,11,7,13]
682168 [1,6,7,2,5,3,4]
682168 [19,9,17,4,12,13,1,15,2,3,20,22,7,23,21,8,5,11,16,18,6,10,24,14]
1104922 [4,2,5,3,1]
780905 [1,3,6,7,2,5,4]
780905 [5,2,1,6,4,7,8,3]
780905 [3,5,2,4,6,7,1]
780905 [26,19,14,13,18,20,15,1,17,3,12,4,28,22,11,8,21,7,23,2,24,9,25,10,27,16,5,6]
780905 [2,4,3,1,5]
2219576 [3,4,2,1,6,5]
2221814 [10,12,13,18,6,9,8,16,17,4,1,5,11,3,19,15,2,7,14]
997586 [16,11,9,13,14,10,6,7,2,1,3,5,12,4,8,15]
997586 [3,2,1,6,5,4]
1924396 [1,2,3,4,5,6,7,8,9,10,11,12,13,14,15,16,17,18,19,20,21,22,23,24,25,26,27,28,29,30,31,32,33,34,35,36,37,38,39,40,41]
413654 [6,3,1,4,2,5]
418151 [1,2,3,4,5,6,7,8,9,10,11]
418151 [1,2,3,4,5,6,7,8,9,10]
1585102 [7,5,3,4,8,9,6,2,1]
1585102 [1,2,7,4,5,6,3]
2246162 [16,8,1,13,6,5,4,15,7,17,9,3,10,14,11,2,12]
2246162 [13,3,5,10,9,11,2,8,12,19,14,16,1,17,18,7,4,6,15]
2246162 [12,16,9,13,5,11,7,4,2,6,1,15,14,10,8,3]
1308113 [6,5,3,1,2,4]
1369252 [5,3,7,8,6,1,2,4]
1381203 [1,2,3,4,5]
1381203 [1,2,3,4,5]
1383987 [3,2,4,5,1]
1563464 [14,1,7,9,5,12,10,6,4,2,3,13,11,8]
1563464 [3,8,6,15,10,14,1,12,4,7,2,5,11,13,9]
1563464 [19,18,14,12,17,3,1,16,7,9,10,5,15,11,13,4,2,6,8]
1563464 [9,15,3,12,4,10,18,8,21,19,13,14,11,1,20,6,7,17,2,16,5]
1563464 [4,9,2,6,8,7,5,1,3]
1563464 [15,14,12,3,10,13,9,6,11,7,2,8,1,5,4]
1874962 [6,3,5,7,2,4,1]
1888545 [5,4,1,9,7,3,2,8,6]
1888687 [1,2,3,4,5,6,7]
1888687 [1,2,3,4,5,6,7,8,9,10]
2273352 [3,1,5,2,4]
2284135 [1,2,3,4,5,6,7,8,9]
642707 [5,2,1,4,3]
642707 [9,23,2,10,22,5,19,15,16,4,14,21,13,8,12,6,7,18,20,1,11,3,17]
661966 [7,6,3,2,5,1,9,12,4,11,8,10]
661966 [2,4,3,6,5,1,7]
661966 [3,6,2,1,5,4]
665079 [2,1,3,5,4]
1153336 [24,3,15,16,21,9,19,2,20,7,4,18,17,14,25,11,5,1,13,12,23,6,22,10,8]
1153336 [7,4,2,3,6,9,8,10,1,5]
1153336 [7,2,9,5,3,1,6,4,8,10]
1153336 [10,3,2,1,8,11,14,12,13,9,4,6,5,7]
1153336 [11,1,7,2,3,5,4,10,6,8,9]
1153336 [9,21,10,11,8,5,2,14,7,13,18,6,4,1,20,12,15,19,22,16,3,17]
1153336 [10,7,5,8,9,4,6,11,1,2,12,15,14,3,16,13]
1153721 [1,2,3,4,5]
1171223 [37,24,15,5,12,10,9,7,31,19,38,3,11,41,39,6,21,40,2,27,8,17,30,36,20,33,26,43,28,18,32,23,42,16,35,1,34,25,4,13,22,14,29]
1171223 [9,26,19,8,22,14,3,17,18,7,25,4,24,5,16,21,2,15,6,1,11,10,23,20,12,27,13]
1171223 [6,2,17,5,14,16,8,12,4,1,10,11,9,15,3,7,13]
1153336 [14,2,10,5,8,1,4,11,3,7,6,9,13,12]
1153336 [5,1,2,6,3,4]
1153336 [6,5,2,1,7,4,3,9,8]
1153336 [2,5,3,4,1]
210846 [1,8,11,5,3,2,12,6,7,9,10,4]
450577 [4,2,6,5,1,3]
1970644 [2,5,1,3,4]
2309232 [4,1,10,5,6,7,9,3,8,2]
2315641 [7,6,2,4,5,3,1]
1686565 [11,4,12,16,15,14,3,2,10,6,7,13,9,1,8,5]
1686565 [1,5,4,2,3]
1686860 [2,8,7,6,4,3,5,1]
1686860 [4,6,1,5,3,7,2]
463733 [6,2,16,9,15,10,11,8,7,3,14,12,4,17,13,5,1]
463733 [1,9,6,5,8,4,3,10,7,2]
463733 [9,5,16,6,7,19,14,10,13,4,3,18,12,8,20,15,11,17,1,2]
2020878 [2,5,1,4,6,3,7]
2020878 [4,3,5,2,1]
2504639 [1,3,4,2,5]
1171223 [20,29,2,3,12,10,22,18,15,8,21,27,25,16,28,5,24,7,4,13,1,30,14,11,17,6,26,19,9,23]
1563751 [2,1,4,6,3,7,5,8]
1563751 [3,1,4,5,2]
1563751 [3,5,2,1,6,4]
22895 [3,2,7,6,10,5,1,9,4,8]
22895 [9,2,7,4,13,3,1,16,5,6,8,17,14,10,11,15,12]
110458 [11,22,15,19,8,21,13,7,12,14,1,18,16,2,9,4,23,25,24,5,17,3,6,20,10]
139350 [5,2,10,11,16,1,6,17,3,9,18,8,4,12,13,14,19,20,7,15]
160892 [1,3,9,4,2,6,8,7,10,5]
160892 [4,8,6,2,7,3,1,5]
182355 [3,1,8,2,6,4,7,5]
182355 [5,6,4,2,3,1,7,8]
182355 [5,2,4,1,3]
244367 [5,3,2,8,10,14,13,1,4,11,12,7,6,15,9]
244367 [1,2,4,5,3]
2318116 [3,2,1,8,10,4,6,7,9,5]
2566955 [2,5,4,1,6,3]
2583477 [18,25,2,5,1,14,13,21,27,17,23,19,3,6,12,26,15,22,11,8,7,20,16,10,9,4,24]
2385834 [10,2,1,6,9,4,12,7,5,11,8,3]
1769232 [8,11,1,5,7,12,2,3,4,10,6,9]
1381203 [1,2,3,4,5,6,7,8,9,10,11,12]
364113 [3,2,5,6,4,1]
364113 [8,6,1,5,9,3,4,7,2]
364113 [4,1,3,5,2,6]
365013 [9,10,4,11,13,12,7,3,8,1,6,5,2,14,15]
383378 [5,1,4,6,3,2]
383378 [2,3,6,5,4,1,7]
726805 [1,2,3,4,5]
726805 [1,2,3,4,5,6,7,8,9,10,11,12,13]
392101 [1,5,6,8,7,3,2,4]
393986 [1,2,3,4,5,6,7,8]
411733 [3,1,2,5,4]
411733 [10,1,4,5,3,2,8,6,9,7]
413654 [10,16,3,5,1,12,4,15,7,9,11,2,14,6,13,8]
413654 [8,5,9,4,6,1,3,7,2]
413654 [5,2,3,4,1]
413654 [6,5,2,1,3,4]
750497 [7,10,6,1,9,11,3,8,12,4,2,5]
2420256 [3,2,5,6,1,4]
743385 [1,2,3,4,5,6,7,8,9]
743385 [1,2,3,4,5,6,7,8,9,10,11,12]
751854 [5,4,1,2,3]
661583 [1,5,2,4,3]
661583 [5,4,2,1,3]
793625 [1,2,3,4,5,6,7,8,9]
797194 [4,7,8,3,1,2,6,5]
797194 [4,6,2,5,3,9,7,8,1]
797194 [1,4,5,2,3]
135488 [4,5,3,2,7,1,6]
264359 [4,3,5,2,1]
264359 [3,6,7,1,5,2,8,4]
2291343 [4,5,6,2,1,3,7]
2291343 [8,9,5,3,1,6,2,4,7]
2291343 [15,9,8,2,4,23,20,22,16,7,14,19,5,17,21,13,18,1,24,10,11,6,3,12]
2456550 [5,2,4,3,1,9,8,7,6]
705554 [6,4,5,2,1,3]
2144690 [1,2,3,4,5]
2169895 [3,4,2,1,5]
2169895 [5,1,7,8,2,3,6,4]
2390691 [2,9,25,4,17,30,7,34,11,21,19,6,33,32,14,27,31,24,10,13,15,22,5,26,35,18,1,28,12,23,29,20,8,3,16]
2390691 [3,2,4,5,1]
2169267 [8,1,2,3,7,4,5,6]
2415367 [4,2,1,5,3]
2041007 [9,2,8,1,4,7,12,6,3,11,10,5]
268600 [2,1,3,5,4]
268600 [6,1,3,2,4,5]
268600 [6,12,9,11,5,17,2,4,8,3,16,18,19,10,7,13,15,14,1]
268600 [8,19,29,30,1,5,18,20,16,24,3,11,2,7,6,17,13,4,12,14,27,15,31,25,26,22,9,23,21,28,10]
268600 [3,6,2,4,1,5]
268600 [1,4,6,5,3,2]
268600 [5,12,11,1,2,8,14,7,3,13,10,9,4,6]
268600 [1,5,2,4,3,7,6,8]
309336 [6,12,9,7,10,2,8,5,11,3,4,1]
366407 [1,6,16,22,15,4,3,11,7,12,10,8,2,13,9,20,23,26,17,24,27,25,21,5,19,28,18,14]
465858 [7,8,4,9,3,2,5,6,1]
477614 [1,4,8,13,14,11,3,2,10,6,5,7,9,12]
1602934 [3,5,4,6,2,1]
1602934 [1,3,4,2,5]
1785149 [5,9,6,7,3,1,10,2,4,8]
1785149 [4,3,1,2,5]
1785149 [2,4,1,3,6,5]
51752 [5,17,21,29,19,2,10,20,28,31,12,8,1,32,11,22,9,7,3,18,16,25,14,26,13,23,4,24,27,15,6,30]
51752 [7,5,1,6,3,8,4,9,2]
51752 [8,6,3,12,1,18,4,7,14,20,2,15,13,16,9,17,10,19,5,11]
210846 [5,3,4,2,6,7,1]
2452178 [1,2,3,4,5,6]
2504639 [4,3,8,9,13,12,14,1,15,17,16,5,11,2,7,10,6]
2504639 [2,4,8,6,3,1,5,7]
2504639 [2,5,7,11,13,8,9,1,12,10,6,3,4]
2504639 [18,15,8,5,22,1,2,21,9,3,12,16,13,7,11,4,10,19,6,14,20,17]
2504639 [2,5,3,1,4]
2504639 [4,6,5,2,7,1,3]
2511290 [1,2,3,4,5]
2526874 [1,2,3,4,5,6,7,8,9,10,11,12]
2526874 [1,2,3,4,5,6,7,8]
2526874 [1,2,3,4,5,6,7]
2528780 [1,6,7,2,8,4,10,3,9,5,11]
2528780 [5,1,3,2,4]
2528780 [10,4,11,9,1,8,7,3,6,2,5]
2547943 [1,7,8,5,9,3,10,6,2,4]
2557126 [3,2,1,4,5,6]
2557126 [4,1,2,5,3]
2557126 [2,4,8,7,3,5,6,1]
2573441 [9,6,2,7,8,3,5,1,4]
2578206 [4,12,6,3,10,7,5,9,1,8,14,2,11,13]
2578206 [5,9,6,12,1,11,7,14,8,10,3,2,4,13]
2580963 [1,2,3,4,5,6,7,8,9,10,11,12,13,14,15,16,17]
2580963 [1,2,3,4,5,6,7,8,9,10]
2580963 [1,2,3,4,5,6,7,8,9,10,11]
317862 [1,2,6,3,5,4]
329462 [7,5,3,2,6,1,8,4]
450577 [3,8,5,2,1,7,6,4]
450577 [6,4,1,3,2,5]
1339103 [5,2,3,1,6,4]
1339103 [3,13,2,5,1,6,10,8,11,7,12,4,9]
1941520 [4,5,7,6,3,8,2,1]
1686996 [26,28,20,22,27,10,16,2,23,24,3,21,8,7,25,14,29,19,12,13,9,15,11,4,18,6,17,30,1,5]
1697436 [4,12,7,11,9,10,6,8,3,5,2,13,1]
1697436 [5,3,4,1,2]
28327 [10,9,4,2,6,8,1,7,5,3]
28327 [25,24,4,14,18,21,12,11,8,13,6,9,20,10,19,3,7,16,17,23,1,22,2,5,15]
28327 [2,3,4,5,1]
28327 [14,17,1,10,19,7,4,16,13,3,11,8,2,18,6,12,5,15,9]
33736 [4,15,51,42,49,29,24,26,21,23,33,16,22,48,46,47,45,54,13,7,55,32,11,14,8,27,2,50,38,19,6,43,53,30,52,39,5,20,40,9,10,25,36,12,17,1,56,37,3,31,35,28,34,44,41,18]
43932 [2,8,6,10,5,1,4,9,7,3]
43932 [2,4,3,1,6,5]
62577 [1,2,3,4,5]
62577 [1,2,3,4,5,6,7,8,9,10,11]
62577 [1,2,3,4,5,6,7,8,9]
394345 [7,9,6,13,5,2,14,16,10,8,1,3,11,12,15,4]
411733 [3,6,2,4,1,5]
621402 [2,7,5,8,6,3,4,1]
122958 [3,1,12,13,7,4,5,11,8,9,10,2,14,6]
122958 [13,17,15,16,19,12,5,20,10,3,14,7,6,8,4,18,1,11,2,9]
122958 [2,1,4,3,5]
182355 [2,4,1,3,5]
182355 [2,4,3,5,1]
209258 [1,6,4,5,2,3]
212914 [1,2,3,4,5,6,7,8,9]
213347 [11,1,2,4,6,3,8,14,7,13,9,5,12,10]
213347 [8,4,10,11,1,7,3,2,12,5,6,9]
213347 [4,9,7,2,8,3,1,5,6]
1887792 [3,2,1,4,5]
1888687 [1,2,3,4,5,6]
1902894 [3,5,2,4,6,1]
864251 [14,12,2,41,20,27,36,11,35,8,32,26,7,1,34,33,4,47,23,49,30,19,24,6,51,18,40,13,43,31,37,22,45,28,39,44,16,38,25,21,9,50,46,5,42,3,52,17,15,48,10,29]
890209 [5,4,3,6,7,9,2,8,1]
891255 [5,2,4,6,7,1,3]
891255 [7,5,3,1,4,9,8,6,2]
930903 [4,1,3,2,6,5]
949107 [7,8,1,9,3,4,13,5,10,14,12,11,2,6]
1942669 [1,2,3,4,5]
1952887 [13,8,20,10,23,22,7,17,9,6,14,15,21,18,3,4,1,19,24,5,11,12,2,16]
1014041 [1,2,3,4,5]
1014041 [1,2,3,4,5,6,7]
1035318 [2,1,4,7,6,3,5]
1035318 [16,7,12,23,19,5,6,1,9,15,18,22,21,20,11,8,17,4,10,14,2,13,3]
1035318 [4,5,6,8,3,2,7,1]
2158192 [1,2,3,4,5,6,7,8,9,10,11,12,13,14,15,16,17]
2160183 [4,5,1,2,3]
2168028 [4,6,3,2,5,1]
2370657 [2,5,4,1,3]
1901483 [3,1,5,4,2,6]
1901483 [4,35,22,31,7,29,20,1,3,5,18,9,23,15,25,13,6,27,2,30,21,34,8,11,10,17,26,38,32,14,33,37,28,39,24,36,19,12,16]
1923897 [2,3,4,1,5,7,6]
1923897 [4,2,5,1,3,6]
1941520 [7,6,10,2,4,9,8,11,1,3,5,12]
1943191 [4,6,5,1,2,3]
1956329 [1,4,5,3,2]
1956329 [13,9,20,11,18,10,6,5,16,4,12,19,7,14,1,8,2,17,21,3,15]
2193614 [1,2,3,4,5,6,7,8,9,10,11,12,13]
2193614 [1,2,3,4,5,6,7,8,9,10,11]
2199061 [6,21,9,8,15,14,4,12,3,7,19,17,13,10,1,5,2,16,18,11,20]
2395985 [1,3,2,8,7,5,6,4,9,10]
2405882 [2,15,7,13,5,18,21,8,20,19,4,6,1,11,3,14,10,9,17,16,12]
2405882 [5,3,4,1,2]
413278 [5,3,1,2,4,6]
413278 [7,1,3,4,2,8,5,6]
413278 [11,10,13,6,3,8,14,4,7,1,5,9,2,12]
1989619 [10,14,7,12,9,6,16,8,5,1,13,15,11,3,17,4,2]
1992863 [2,4,5,3,1]
1992863 [4,3,1,2,5]
1992863 [5,1,2,4,3]
2015664 [1,10,9,3,6,11,5,2,8,7,4]
2023211 [4,3,5,6,7,1,2]
2060487 [4,2,6,1,5,3]
2060487 [1,2,5,6,4,3]
2060487 [3,5,2,4,6,1]
2093437 [3,4,2,1,5]
2097149 [21,29,36,32,26,8,12,22,9,13,27,2,38,1,35,11,3,20,19,30,14,18,4,7,24,25,37,17,6,34,16,5,15,10,28,33,23,31]
2097149 [6,8,2,1,11,3,9,7,13,10,5,4,14,12]
2097149 [2,8,13,6,10,4,3,11,12,1,15,16,5,7,9,14]
2097149 [6,13,7,8,14,12,11,15,22,1,19,9,21,2,17,4,18,16,3,5,10,20]
750497 [9,42,45,13,30,55,56,10,17,51,18,24,27,23,57,15,6,22,2,28,5,59,47,33,8,38,25,7,41,4,54,14,1,40,37,34,29,3,16,26,20,52,46,12,53,32,48,50,43,44,11,35,21,36,31,19,49,58,39]
329462 [9,16,33,26,5,11,4,25,18,1,32,28,14,2,6,12,22,19,34,30,17,35,13,21,15,23,20,27,3,24,29,31,7,10,8]
329462 [2,7,3,6,5,4,10,9,8,1]
359361 [16,22,12,26,18,37,25,23,20,14,3,21,19,4,33,2,10,32,42,24,35,28,36,29,15,13,41,8,6,17,5,43,1,11,7,27,39,9,31,40,38,45,30,34,44]
359361 [4,22,23,9,7,2,6,14,1,15,11,16,17,24,13,10,3,20,19,18,5,21,12,8]
463733 [7,1,6,3,11,10,12,2,16,13,8,17,14,5,4,9,15]
463733 [8,5,9,10,1,2,3,7,6,4]
463733 [38,12,22,13,39,37,19,3,42,23,33,21,17,28,11,8,10,34,14,20,24,15,18,32,36,40,7,27,9,6,35,25,1,41,26,29,5,30,4,16,31,2]
463733 [8,10,7,2,5,1,4,3,9,6]
463733 [6,2,5,4,3,1]
631807 [3,6,8,4,7,5,2,1]
808364 [4,5,1,2,3]
1255547 [5,4,12,7,14,18,3,19,6,2,13,10,11,15,17,8,16,20,1,9]
1331272 [2,5,4,3,1]
1331272 [4,6,5,3,2,1]
1331272 [3,5,1,4,2]
1764290 [1,2,3,4,5,6,7,8,9,10,11,12,13,14,15,16,17,18,19,20,21,22,23,24,25]
1806211 [9,12,5,6,2,8,13,7,11,3,10,4,1]
1572176 [1,2,3,4,5,6,7,8,9,10,11,12,13,14,15,16,17,18,19,20,21,22,23,24,25,26,27,28,29,30,31,32,33]
1594652 [9,5,7,8,13,17,12,3,10,14,11,6,16,2,15,19,18,4,1]
1804806 [6,10,14,19,20,2,1,18,4,3,13,11,8,17,9,7,12,16,5,15,21]
309336 [7,3,1,2,5,4,6]
309336 [1,3,4,2,5]
850590 [4,7,15,14,13,17,18,12,9,20,16,10,8,11,6,3,2,19,5,1]
850590 [5,4,6,2,1,3]
850590 [3,4,2,1,5]
850590 [13,14,8,1,3,12,11,5,2,10,4,6,15,9,7]
850590 [6,2,5,3,4,1]
867679 [20,18,3,16,14,2,1,12,9,6,19,11,8,4,5,17,13,15,10,7]
867679 [11,1,7,13,10,5,4,14,8,6,3,9,12,2]
867679 [10,21,5,9,19,4,16,6,1,2,15,14,18,12,13,8,17,7,20,11,3]
867679 [13,9,5,6,14,10,3,15,2,11,8,1,4,7,12]
1823910 [1,9,7,3,8,4,10,5,2,6]
1823910 [4,5,2,6,3,7,1]
1823910 [6,1,8,3,7,5,4,2]
2017374 [2,6,4,3,5,7,1]
2052088 [4,6,2,7,1,8,9,5,3]
2485057 [7,1,6,4,3,2,5]
2485057 [4,5,6,3,2,1]
2490461 [1,2,3,4,5,6,7,8,9,10,11,12,13,14,15]
2204659 [9,17,8,15,18,4,16,5,6,3,13,7,12,2,10,1,11,14]
2238657 [3,6,2,5,4,1]
2238657 [19,15,14,5,7,13,16,21,1,6,17,8,11,10,18,3,24,12,23,9,20,22,2,4]
2238657 [22,18,10,7,2,14,12,15,9,8,1,20,21,19,17,11,13,16,5,4,6,3]
2238657 [6,4,3,2,10,9,5,8,1,7]
2255260 [1,2,3,4,5,6,7,8,9,10,11,12,13,14,15,16,17,18,19,20,21]
2281424 [2,3,1,5,4]
2281424 [10,9,5,12,8,2,1,11,6,7,3,4]
2291746 [1,2,3,4,5]
2364120 [1,2,3,4,5,6,7,8,9]
2390691 [17,10,31,14,13,29,26,24,16,12,4,5,25,9,30,3,21,18,23,2,8,19,15,20,27,6,22,28,1,11,7]
2405882 [3,5,4,7,2,6,1]
2405882 [13,1,17,5,9,10,15,7,16,8,6,11,3,12,14,4,2]
2414221 [1,2,4,3,5]
2414221 [4,3,2,1,5]
2414221 [5,9,2,4,7,6,1,8,3]
661583 [5,15,17,10,1,3,4,11,8,7,2,19,9,13,6,14,16,18,12]
661583 [1,4,6,3,5,2]
661583 [2,1,3,4,5]
661583 [4,3,5,2,1,6,7]
661583 [24,17,18,5,8,10,9,19,4,20,15,3,23,14,1,16,13,11,7,22,2,21,12,6]
972329 [2,5,3,1,4]
980094 [6,5,3,2,1,4]
980094 [12,3,9,4,2,10,1,6,5,7,8,11]
980094 [2,1,5,4,6,3]
980094 [9,25,5,12,27,3,4,21,13,1,23,7,17,8,2,19,11,6,20,18,22,16,10,15,24,26,14]
1450284 [1,3,2,4,5,6]
1450284 [3,1,2,4,5]
1450284 [4,8,6,3,1,2,5,9,7]
1450284 [3,2,6,5,1,7,4]
1452931 [1,2,3,4,5,6]
1452931 [1,2,3,4,5]
2204659 [26,24,39,36,22,2,28,9,40,23,11,33,38,17,1,32,21,8,14,27,19,7,43,16,20,5,35,6,29,3,10,41,34,18,31,37,42,13,15,12,25,30,4]
2236439 [12,37,16,45,7,48,47,52,6,17,53,18,29,44,8,3,13,46,31,33,32,4,24,35,26,21,2,22,15,27,39,14,41,9,36,49,10,40,25,20,23,42,28,51,30,5,43,38,19,34,1,50,11]
2282798 [23,25,36,8,20,24,4,5,39,21,9,3,18,37,35,14,38,40,43,31,2,19,33,16,26,15,1,42,28,29,12,6,34,11,10,22,32,13,41,17,7,27,30]
2282798 [4,8,6,1,3,7,5,2]
2282798 [3,7,2,1,8,4,5,6]
2282798 [3,7,8,13,12,11,6,14,16,17,2,1,5,4,15,9,10]
2291746 [1,2,3,4,5,6,7,8,9,10,11,12,13,14,15,16,17,18,19,20,21,22,23,24,25,26,27,28,29,30,31,32,33,34,35,36,37,38,39,40,41,42,43,44,45,46,47,48,49,50,51,52,53,54,55,56,57,58,59,60,61,62,63,64,65,66,67,68]
2292659 [11,3,1,7,15,13,10,18,17,5,8,9,16,2,6,4,12,14]
2379844 [2,1,3,6,8,7,4,5]
2385834 [4,3,5,1,10,8,6,9,7,2]
2385834 [13,11,17,3,4,18,15,22,10,23,2,19,16,31,8,7,5,29,6,14,26,9,1,21,28,12,30,20,27,25,24]
2118743 [6,2,3,5,4,1]
2118743 [3,1,6,5,8,2,7,4]
2118743 [2,1,4,7,9,5,8,6,3]
2118743 [4,5,1,2,3,6]
2118743 [20,11,17,6,14,5,19,12,1,3,9,10,21,2,18,8,16,13,15,4,7]
2118743 [13,6,7,10,9,5,12,11,3,1,4,8,2]
2122044 [9,3,5,6,1,2,7,8,4]
2140356 [1,2,4,3,5]
2140356 [6,2,5,7,1,3,4]
2193614 [1,2,3,4,5]
2238657 [7,10,50,41,19,18,23,29,53,17,24,27,2,45,3,44,4,38,43,11,42,1,49,5,35,21,8,12,22,26,34,51,52,31,13,20,25,14,15,6,39,36,28,16,47,33,30,48,37,40,9,46,32]
2238657 [19,15,18,13,6,4,7,14,5,11,17,2,16,12,9,3,8,10,1]
2238657 [16,14,6,17,3,5,11,12,15,10,2,9,7,18,21,4,1,8,20,23,22,19,13]
2238657 [14,3,6,15,1,8,11,7,13,10,12,4,5,9,2]
2240491 [9,7,5,12,3,2,1,10,11,6,8,4]
2292659 [4,1,5,3,2]
2361405 [2,6,1,3,7,8,5,4]
949107 [2,13,1,8,9,3,5,12,4,10,11,14,7,6]
966688 [4,3,1,5,2]
978501 [1,2,3,4,5]
985452 [4,1,8,5,10,11,6,12,2,13,14,7,9,3]
1379023 [1,5,6,2,7,3,4]
1383987 [2,3,5,6,4,1]
1383987 [2,3,6,18,1,8,10,14,16,17,7,9,15,5,12,21,20,13,19,4,11]
1383987 [6,4,1,3,2,5]
1383987 [9,4,3,8,1,6,7,5,2,10]
1383987 [7,5,2,6,1,4,3]
1383987 [7,3,8,2,4,11,6,9,5,10,1]
1886898 [1,8,2,9,5,7,6,4,3]
1886898 [2,3,1,4,5]
1886898 [5,12,10,7,6,4,8,2,3,1,11,9]
1886898 [6,10,16,4,15,8,5,3,7,17,18,13,14,9,11,12,2,1]
1907146 [19,28,26,4,27,8,6,20,16,25,1,15,18,12,14,3,7,9,5,2,11,21,23,10,13,24,17,22]
1907146 [1,2,3,6,5,7,4,9,8]
1020886 [1,5,3,6,2,4]
1023832 [20,17,14,13,10,2,9,18,11,3,8,16,15,4,7,1,19,12,5,6]
2255260 [1,2,3,4,5,6,7,8,9,10,11,12,13,14,15,16,17,18,19,20,21,22,23,24,25,26,27,28,29,30,31,32,33,34,35,36,37,38,39,40,41,42,43,44,45,46,47,48,49,50,51,52,53,54,55,56,57,58,59,60,61,62]
2259512 [30,11,6,20,23,15,21,5,16,17,2,10,14,28,27,24,32,7,9,13,19,33,18,29,8,22,3,25,4,31,26,12,1]
2259512 [33,32,16,19,28,15,22,42,4,8,17,29,11,26,3,23,18,25,38,44,14,24,37,1,13,5,21,27,46,30,10,41,7,47,31,39,12,43,9,20,2,36,40,45,34,35,6]
1358150 [5,4,2,3,1,7,8,6]
1358150 [6,8,5,2,3,1,7,4]
1358150 [9,7,8,10,2,1,6,3,5,4]
1360769 [3,1,5,2,6,4]
1395265 [2,8,5,9,6,1,4,7,3]
1439546 [1,2,5,7,6,4,3]
1439546 [5,6,1,4,8,3,7,2]
1467043 [9,7,18,17,14,11,2,12,20,6,8,3,5,16,13,4,15,19,10,1]
1467103 [1,2,3,4,5,6,7,8,9,10,11]
2281424 [11,6,9,10,15,14,4,1,13,7,12,5,2,3,8]
2281424 [15,5,17,14,13,3,9,16,11,6,2,7,8,10,18,12,4,1]
2281424 [28,16,15,24,10,13,2,25,17,12,21,1,22,14,9,4,8,27,29,23,19,5,7,6,11,3,26,18,20]
2281424 [4,5,2,6,1,3]
2281424 [8,4,7,3,6,1,5,2]
2284135 [1,2,3,4,5,6,7,8,9,10,11,12,13,14,15]
2284135 [1,2,3,4,5,6,7,8,9,10]
2289794 [28,19,16,20,17,2,23,3,25,11,22,18,15,26,5,13,8,10,21,27,12,1,6,29,24,4,9,7,14]
2289794 [33,18,24,23,11,2,5,29,4,7,21,37,26,30,6,19,17,12,20,34,13,3,25,36,9,35,14,15,10,32,28,1,16,8,27,22,31]
2289794 [1,5,2,4,3]
1531280 [6,3,5,1,4,7,2]
1531280 [1,3,6,2,14,8,13,4,10,11,5,12,9,7]
1532446 [4,7,5,8,2,3,6,1]
1534975 [1,2,3,4,5]
1534975 [1,2,3,4,5,6,7,8,9]
1542768 [9,12,1,13,21,14,10,15,7,20,11,8,2,18,3,6,19,16,5,17,22,4,23]
1542768 [4,16,9,8,3,18,2,17,1,7,14,11,13,20,12,5,19,6,15,10]
1542768 [16,17,2,7,11,4,6,1,13,8,3,10,12,5,15,9,14]
1542768 [7,13,12,20,14,16,1,18,2,9,17,4,19,11,8,3,10,5,15,6]
1542768 [10,22,43,33,16,18,44,15,11,2,14,29,42,20,4,34,23,24,36,1,41,30,40,32,7,12,9,8,45,38,21,35,5,13,39,6,19,26,37,17,31,25,27,28,3]
1546322 [28,32,24,2,15,14,1,20,17,4,29,27,23,31,5,21,22,34,7,6,16,8,26,3,13,18,30,19,35,9,25,12,11,33,36,10]
1546322 [1,13,22,11,7,23,20,15,3,4,16,5,26,18,12,9,17,10,21,27,6,8,19,25,14,24,2]
1546322 [2,6,1,3,4,5]
1546322 [4,3,12,15,21,27,9,13,2,24,26,6,7,28,16,23,17,5,25,22,18,11,20,1,10,19,14,8]
1546322 [5,7,3,1,8,6,2,10,9,4]
1546322 [13,9,21,6,17,20,3,14,18,8,15,22,19,12,5,11,16,1,10,2,4,7]
1595250 [4,5,3,1,2,6]
1595250 [14,10,4,6,9,11,15,8,2,1,3,5,7,12,13]
554417 [1,4,6,2,3,5]
554417 [5,3,4,2,6,1]
554417 [2,7,4,1,6,5,3,8]
554417 [9,3,14,10,15,2,1,13,4,6,8,11,5,12,7]
554417 [6,1,4,3,5,2]
554417 [16,22,20,33,17,21,2,12,34,13,25,23,7,15,3,35,24,27,29,4,32,8,1,30,28,31,14,36,6,5,26,19,11,9,18,10]
559866 [1,3,5,15,14,6,9,12,8,11,7,10,4,13,2]
2044604 [13,10,3,11,9,1,14,6,16,17,4,7,12,15,5,8,2]
2044604 [11,20,14,10,23,13,8,16,18,17,12,15,9,19,4,3,5,7,2,24,21,6,1,22]
2296992 [14,2,15,21,17,13,20,1,23,19,3,9,8,11,22,12,5,16,7,10,4,6,18,24]
2378157 [2,3,1,6,4,5]
134633 [12,3,11,4,9,2,8,1,10,5,7,6]
152880 [2,11,14,1,7,8,9,12,6,10,3,4,5,13]
160892 [4,6,10,2,5,13,12,7,11,1,3,8,9]
711028 [3,4,2,7,1,5,6]
2049698 [6,1,13,4,10,8,3,2,7,9,11,5,12]
2143620 [11,5,13,17,2,6,4,10,1,8,16,15,14,7,12,9,3]
1383987 [3,6,1,7,10,2,5,13,14,9,4,11,15,8,12]
1552171 [38,18,12,43,20,24,7,42,8,14,4,22,25,17,2,16,31,5,39,28,26,40,36,32,33,9,6,15,10,30,29,34,13,41,23,1,3,37,11,21,19,35,27]
1563464 [12,2,6,7,10,4,5,13,9,11,8,1,3]
2273352 [2,3,1,5,4,6]
2273352 [2,3,4,5,1]
2282798 [37,45,22,18,36,13,41,16,4,15,40,1,3,27,47,25,30,33,46,29,21,39,38,7,11,44,31,8,24,10,34,17,35,5,32,12,19,6,42,28,43,23,20,2,9,14,26]
2574644 [11,2,4,1,5,10,3,7,9,6,8]
2578206 [4,6,3,2,1,5]
2579603 [12,4,8,5,13,6,2,1,10,11,7,9,3]
2579603 [3,4,1,5,6,2]
2580963 [1,2,3,4,5,6,7,8,9,10,11,12,13,14,15,16]
2580963 [1,2,3,4,5,6]
2580963 [1,2,3,4,5,6,7,8,9,10,11]
2580963 [1,2,3,4,5,6,7,8,9,10,11,12]
317862 [12,4,9,6,3,5,10,1,13,7,11,14,2,8]
716356 [25,2,26,11,22,5,27,17,31,15,9,7,21,10,23,29,20,6,4,19,14,28,16,12,30,8,18,13,24,3,1]
716356 [4,2,3,6,1,5]
716356 [5,2,4,1,3]
716356 [4,3,2,5,1]
716356 [1,6,3,2,4,5]
716356 [2,6,1,3,5,4]
716356 [4,6,12,3,9,10,13,11,8,1,7,5,2]
716356 [1,4,2,3,5]
716356 [3,1,6,7,2,5,4]
716356 [7,3,1,4,8,6,5,2]
716356 [2,3,4,1,5]
808364 [5,2,1,3,4]
1255547 [8,4,5,2,6,1,9,7,3]
1331513 [4,6,1,5,7,10,2,12,9,13,11,8,3]
1331513 [7,8,6,1,4,5,3,2]
1331513 [2,5,4,6,3,1]
1404164 [12,11,6,10,8,4,2,3,7,9,1,13,5]
1542756 [4,5,9,6,3,7,2,8,1]
1542756 [3,2,1,6,4,5]
1577231 [5,7,8,4,1,6,3,2]
1594652 [3,20,18,21,16,1,7,8,13,9,4,14,5,22,17,19,6,12,11,2,23,15,10]
1594652 [5,6,7,10,3,4,1,9,8,11,2]
1744285 [5,9,1,25,29,30,26,15,7,3,27,4,21,6,2,14,17,12,8,19,13,24,16,22,28,23,20,18,11,10]
2044604 [28,18,27,11,22,25,13,14,15,6,3,16,10,9,29,2,26,12,24,20,7,1,23,17,19,8,5,4,21]
2143620 [1,8,4,7,6,5,14,3,17,11,18,16,9,12,2,15,13,10]
2143620 [8,5,12,14,2,7,10,9,3,4,6,1,11,13]
2143620 [28,23,25,35,13,12,9,18,8,4,44,16,3,32,33,39,34,14,43,29,36,2,27,41,19,21,11,30,5,22,40,45,10,31,26,17,7,6,20,38,42,15,24,37,1]
2420256 [9,5,1,11,7,3,2,8,12,4,6,10]
2420256 [5,2,1,7,4,3,6,8]
1965353 [3,4,1,2,5]
1965353 [8,2,1,3,7,5,4,6]
1965353 [5,4,3,9,1,2,7,6,8]
2575952 [4,7,8,6,3,5,2,1]
2575952 [9,7,14,2,13,10,1,5,3,8,11,12,6,4,15]
2575952 [8,3,6,1,7,9,5,2,4]
2575952 [7,5,1,3,2,4,6]
2575952 [8,4,2,6,5,7,1,3]
2580963 [1,2,3,4,5]
2580963 [1,2,3,4,5,6]
2580963 [1,2,3,4,5,6]
2580963 [1,2,3,4,5,6,7,8]
2580963 [1,2,3,4,5,6,7,8,9,10,11]
2581162 [6,8,5,2,4,3,1,7,9]
2581162 [5,4,2,6,3,1]
405547 [1,4,2,6,3,5]
405547 [7,1,2,8,6,4,5,9,3]
2023211 [6,4,2,8,1,7,3,9,5]
2027502 [6,1,2,9,7,8,5,3,4]
2060487 [8,2,6,5,3,9,10,7,4,1]
2110847 [4,1,5,12,8,22,11,17,10,18,6,15,20,7,21,3,19,13,9,16,14,2]
2110847 [7,2,1,10,4,3,6,8,5,9]
2110847 [1,6,4,2,3,5]
2113901 [2,3,1,4,5]
2118743 [16,12,14,7,10,9,3,1,5,8,17,6,4,11,15,2,13]
2149580 [2,4,1,5,3]
2149580 [2,4,3,1,5]
2097831 [2,5,3,1,4]
2097831 [5,6,4,2,3,1]
2097831 [3,7,2,1,5,6,4]
2097831 [1,4,2,3,5]
2097831 [2,4,8,1,9,5,3,6,7]
2101786 [19,5,14,2,7,12,24,32,18,6,27,3,26,21,1,30,17,13,8,20,33,10,4,34,31,28,15,9,22,25,11,23,29,16]
2101786 [2,7,14,5,9,11,4,6,13,10,8,12,1,3]
2101786 [7,16,11,13,2,6,14,8,10,4,1,12,15,5,3,9]
2204341 [4,5,1,2,3]
2439350 [9,4,1,6,2,8,5,7,3]
2439350 [4,2,5,3,1]
2439350 [21,4,8,3,18,45,17,41,35,15,5,11,37,48,34,16,42,40,44,43,38,47,27,28,30,10,2,39,46,13,9,29,1,25,22,26,6,20,14,33,31,7,24,32,36,23,49,12,19]
2439350 [26,23,11,2,18,9,6,14,24,5,25,1,7,13,19,22,20,27,12,3,17,15,4,21,10,8,16]
2439350 [3,4,2,5,1]
2451375 [1,2,3,4,5,6,7,8,9,10,11,12,13,14,15,16,17,18,19,20,21,22,23,24,25,26]
112856 [5,7,1,9,8,2,3,10,4,6]
112856 [5,6,1,3,2,4]
127405 [1,2,3,4,5,6]
2255260 [1,2,3,4,5,6,7,8,9,10,11,12,13,14,15,16]
2261018 [22,25,26,15,9,21,5,33,24,12,31,30,28,19,13,11,4,6,2,1,20,32,16,34,7,8,3,29,10,23,17,14,18,27]
2261018 [4,8,9,2,1,3,5,7,6]
2261018 [5,3,6,1,2,4]
2261018 [15,29,13,12,8,18,30,2,25,21,24,19,16,28,20,27,31,5,14,1,26,22,3,11,17,23,10,6,9,4,7]
2269158 [1,3,13,8,4,12,6,5,10,9,7,2,11]
2269158 [3,2,4,5,1]
2269158 [1,5,4,3,6,2,7]
2269158 [20,32,14,26,15,3,25,24,23,9,16,33,28,17,31,7,10,13,4,5,2,22,19,12,29,30,1,8,27,18,21,6,11]
1930942 [3,12,2,11,8,6,5,9,13,7,10,1,14,4]
1930942 [4,1,5,2,3]
1930942 [8,16,4,5,3,13,10,14,11,6,12,9,1,7,15,2]
2129565 [2,5,3,4,1]
2129565 [25,14,3,15,30,26,16,13,5,19,20,12,8,6,1,11,18,22,27,4,17,24,7,10,23,21,9,29,2,28]
2140356 [1,4,2,8,3,5,6,7]
2140356 [18,8,10,4,21,20,11,14,3,2,17,7,5,12,9,19,13,16,1,15,6]
2140356 [14,20,32,26,3,4,23,18,28,1,17,21,16,24,9,5,34,8,12,7,29,6,13,2,10,11,19,22,25,15,33,31,30,27]
2140356 [6,7,3,5,1,4,2]
2144690 [1,2,3,4,5]
2149580 [3,1,4,2,5]
2149580 [1,7,3,6,4,2,5]
2326725 [1,2,5,3,6,4]
2326725 [9,3,6,1,7,10,11,5,2,12,4,13,8]
2326725 [9,27,11,19,17,26,3,12,14,4,23,5,20,2,1,10,15,6,21,18,24,8,22,25,7,16,13]
2326725 [2,17,21,8,6,22,19,15,4,11,12,24,26,16,5,14,1,25,20,13,23,10,7,3,18,9]
2326725 [3,5,1,7,6,9,4,10,8,2]
2420256 [5,2,6,3,1,4]
2420256 [12,8,10,13,9,11,4,14,3,6,1,7,5,2]
206251 [7,6,1,3,2,4,5]
1563464 [2,16,13,1,3,5,9,15,10,17,12,6,11,8,14,4,7]
1563464 [1,5,4,6,3,2]
1563464 [12,7,1,9,3,8,13,6,5,2,4,11,10]
1571355 [8,12,5,6,7,3,2,9,4,11,16,15,10,13,14,1]
1571355 [13,5,21,22,28,9,31,24,2,23,25,8,19,15,26,3,6,32,7,10,11,27,30,16,4,20,12,14,1,18,29,17]
1571355 [19,16,11,8,1,23,3,18,10,30,2,24,12,21,15,9,33,6,32,29,28,20,27,25,7,31,5,13,4,26,14,22,17]
1571355 [5,3,1,2,4]
1572740 [6,2,1,3,7,4,5]
1604401 [4,3,2,6,1,5]
1604401 [2,10,7,11,9,8,4,12,1,13,6,3,5]
1604401 [10,20,13,14,8,4,17,9,3,18,19,12,2,16,6,21,7,22,11,1,15,5]
1621087 [1,2,4,3,7,5,6]
1692398 [4,5,6,3,10,1,14,2,17,12,8,16,7,9,11,13,15]
1583352 [1,5,6,2,4,3]
1583352 [2,6,4,1,3,5]
1631327 [4,1,6,5,2,3]
1664974 [4,1,9,5,7,3,6,2,8]
1701108 [30,36,32,18,35,27,3,17,13,1,8,6,33,37,12,28,22,15,10,25,24,26,7,4,9,34,2,5,23,29,20,21,31,14,11,19,16]
1703263 [10,3,5,8,16,1,11,15,9,4,6,2,13,12,7,14]
1703263 [1,9,3,8,7,6,2,5,10,11,4]
1703263 [4,3,2,1,6,5]
1718049 [9,2,11,7,5,10,4,3,12,1,6,8]
1718049 [13,9,11,7,1,10,4,5,2,3,6,12,8]
1718049 [6,9,5,10,13,8,7,12,2,4,3,11,1]
1718049 [11,18,19,13,15,16,1,8,3,2,14,4,9,6,5,10,17,12,7]
1718049 [3,9,12,14,11,10,15,1,8,4,6,7,16,2,13,5]
1718049 [13,11,9,7,3,2,4,1,15,12,10,14,8,5,6]
1721133 [21,2,1,3,13,16,17,5,10,4,19,20,14,15,12,18,8,9,7,6,11]
1748436 [7,3,10,1,4,8,2,5,9,6,11]
1778414 [1,6,3,4,8,7,2,5]
1686860 [1,3,12,10,5,4,11,14,9,2,8,6,13,7]
1686860 [4,2,12,11,14,9,8,3,5,10,13,6,7,1]
1697436 [12,13,8,7,5,9,3,14,2,10,4,11,15,1,6]
1697436 [4,3,5,1,6,2]
1697436 [8,2,3,10,4,6,7,9,5,1]
1752803 [1,2,3,4,5,6,7,8,9]
1785149 [6,2,5,1,4,7,3]
1785149 [10,2,8,4,1,5,9,3,7,6]
1785149 [8,12,5,6,1,10,2,9,13,4,7,11,3,15,14]
1785149 [8,11,3,16,7,6,2,10,5,15,1,14,17,13,9,12,4]
1785149 [9,10,7,5,2,8,6,4,3,1]
1785149 [3,1,4,2,5]
1785149 [14,3,8,4,18,22,1,12,9,5,6,21,16,19,23,15,10,13,7,2,11,20,17]
1785149 [8,1,2,7,3,6,4,5]
1785149 [13,17,19,6,8,11,5,16,9,15,14,4,10,18,21,1,3,7,2,20,12]
1810529 [1,6,2,7,5,3,4]
1810529 [10,3,9,7,6,5,4,1,2,8]
1862788 [2,11,12,4,8,15,24,22,6,1,27,23,7,17,18,28,26,3,20,16,13,9,25,21,5,10,19,14]
1862788 [6,18,13,4,2,10,5,21,1,14,17,12,22,8,19,7,3,11,16,15,9,20]
1862788 [11,15,10,9,17,21,16,4,12,20,6,1,19,22,8,3,18,14,2,13,7,5]
1862788 [24,21,22,23,14,7,13,10,19,3,6,9,11,16,12,15,4,20,5,8,17,2,1,18]
1862788 [8,6,1,9,7,2,10,11,5,3,4,12,13]
1863380 [1,2,3,4,5,6,7,8,9,10,11,12,13,14,15,16,17]
1863380 [1,2,3,4,5,6,7,8,9,10,11,12,13,14,15,16,17,18,19,20,21,22,23,24,25,26,27,28,29]
1863380 [1,2,3,4,5]
557277 [1,2,3,4,5,6,7,8,9,10,11,12,13,14,15,16,17]
642707 [22,2,13,5,9,20,15,4,10,14,3,17,11,23,24,18,21,19,7,8,1,6,16,12]
2378157 [4,6,3,7,2,1,5]
1918494 [12,4,7,11,6,8,10,3,1,5,9,2]
1923897 [5,4,7,10,9,2,11,3,6,8,1]
1961735 [2,1,3,5,4]
1907146 [7,11,3,6,1,5,8,2,9,4,10]
1907146 [5,3,6,4,7,2,1]
2023960 [10,15,3,13,11,14,2,5,12,6,4,9,8,7,1]
2023960 [6,3,5,1,2,7,4]
2143620 [5,6,1,3,4,2,7]
2143620 [3,6,5,4,1,2]
2143620 [4,2,3,5,1]
2375786 [7,2,1,5,4,3,6]
2375786 [2,1,5,4,3]
2375786 [11,1,10,4,7,9,6,2,8,5,3]
2375786 [3,2,4,5,1]
2540950 [3,6,9,8,7,11,2,12,5,1,4,10]
22895 [7,2,3,4,5,6,1]
50306 [7,6,3,1,2,5,4]
1171223 [1,7,5,3,2,6,4]
1255547 [5,2,7,1,3,6,4]
2020878 [4,3,8,10,11,1,5,9,2,7,6]
1331272 [1,7,3,6,5,8,9,4,2]
1331272 [8,5,19,10,2,20,11,12,3,6,1,9,13,21,18,16,15,14,4,7,17]
1331272 [3,7,2,1,8,6,4,9,5,10]
1331272 [9,1,6,2,12,16,5,3,13,4,14,11,17,10,15,7,8]
1331272 [3,4,1,2,5]
1331272 [2,3,4,5,1]
1331272 [7,2,5,6,8,3,4,1]
1930942 [3,1,2,5,4]
1930942 [16,7,3,5,9,8,11,13,18,1,6,20,2,19,15,14,17,12,10,4]
1978399 [7,14,6,11,5,8,3,9,13,10,12,2,4,1]
1978399 [37,25,18,1,16,27,32,22,12,34,33,11,24,26,19,31,9,5,2,15,17,30,6,7,13,29,36,20,23,35,3,8,10,21,14,4,28]
2091506 [7,2,6,8,3,1,5,4,10,9]
2126801 [1,2,3,4,5,6]
2126801 [1,2,3,4,5,6,7,8,9,10,11,12,13]
2126801 [1,2,3,4,5]
2126801 [1,2,3,4,5,6]
2169895 [7,6,9,1,3,8,2,11,5,10,4]
82733 [3,2,5,7,9,6,1,10,4,8]
82733 [1,2,6,4,5,3]
124790 [1,2,3,4,5,6,7,8,9,10,11,12,13,14,15]
2108687 [8,5,7,1,3,4,6,2]
171559 [7,8,5,1,2,3,6,4]
171559 [4,9,6,11,10,2,3,8,7,1,5]
171559 [16,5,14,8,3,15,9,12,2,11,7,13,1,4,6,10]
171559 [13,4,7,11,8,1,5,12,9,10,3,14,6,2]
1091343 [1,6,3,4,2,5]
1091343 [2,1,3,4,5]
1091343 [14,1,4,13,5,12,10,7,11,6,9,2,15,3,8]
1091343 [5,3,2,1,4,7,6]
1091343 [4,5,2,1,3]
1091343 [1,5,2,3,4]
1091343 [23,17,9,19,18,15,20,1,5,6,13,10,2,4,16,12,8,21,3,14,11,7,22]
1105810 [4,2,10,11,7,12,8,9,3,5,1,6,13]
1937208 [2,9,10,4,1,6,3,5,7,8]
1942669 [1,2,3,4,5,6,7,8,9,10]
1942669 [1,2,3,4,5,6,7]
1974260 [14,8,5,1,7,3,13,10,2,12,6,9,4,11]
1974260 [5,4,3,2,1]
1974260 [3,6,19,17,12,7,18,2,15,16,1,8,4,14,13,5,9,10,11]
2174590 [1,2,5,3,4]
2174590 [3,6,5,13,1,10,11,9,16,8,14,4,15,7,17,12,2]
1143249 [1,2,3,4,5,6,7,8,9,10,11,12,13,14,15]
1143249 [1,2,3,4,5,6,7,8,9,10,11,12,13,14,15,16,17,18,19]
1143249 [1,2,3,4,5,6,7,8,9,10,11,12,13,14,15,16,17,18,19,20,21,22,23,24,25,26,27,28,29,30,31,32,33]
1143249 [1,2,3,4,5]
1404181 [6,3,5,4,1,2]
1404181 [4,3,6,1,7,13,5,11,8,14,12,9,10,2]
1579040 [2,1,5,4,3]
1579040 [3,5,4,6,1,2]
1579040 [2,6,4,11,5,8,1,10,9,3,7]
1579040 [6,8,2,5,7,3,4,1,9]
245835 [3,4,2,5,1]
311979 [1,2,3,4,5,6,7,8,9,10,11]
321436 [1,2,3,4,5,6]
321436 [1,2,3,4,5,6,7,8,9,10,11,12,13,14,15]
321436 [1,2,3,4,5,6]
587798 [1,2,3,4,5,6,7,8,9,10,11,12,13,14,15,16]
587798 [1,2,3,4,5,6,7,8,9,10,11,12,13]
1762623 [3,1,5,2,4]
1762623 [3,6,9,8,2,4,7,1,5]
1762623 [4,3,5,6,1,7,8,2]
1907146 [7,5,2,4,1,8,6,3,9]
1907146 [63,52,66,6,32,38,19,57,47,60,11,15,4,31,42,64,69,18,25,59,53,41,33,55,51,70,10,34,23,44,46,29,75,40,5,27,20,37,14,43,2,7,56,50,74,76,9,12,71,39,68,48,3,45,22,17,67,65,26,62,28,36,16,73,35,61,49,24,21,72,30,8,1,58,54,13]
1942669 [1,2,3,4,5,6]
1942669 [1,2,3,4,5,6,7,8,9]
2379844 [22,2,13,9,6,1,4,17,18,11,3,10,12,5,7,19,15,20,21,14,16,8]
2379844 [2,8,1,7,6,5,4,3]
2379844 [5,2,11,7,12,4,3,6,1,9,8,10]
2456550 [28,45,9,14,47,21,10,31,11,13,42,36,20,16,40,26,15,4,41,7,29,50,8,46,51,22,25,32,24,1,33,27,37,5,48,34,3,43,52,6,23,19,2,12,49,17,18,30,35,39,38,44]
2471663 [8,5,1,4,7,2,6,3]
2516014 [1,12,3,11,9,10,6,13,7,14,18,17,5,2,4,8,16,15]
2516014 [4,6,2,7,5,3,1]
1579040 [5,6,1,4,3,2]
1697436 [5,4,12,6,15,11,9,13,8,10,3,14,1,2,7]
1697436 [12,3,4,10,13,1,9,7,5,15,6,14,8,2,16,11]
71413 [5,2,1,3,4,6]
82733 [4,2,7,5,1,6,3]
96063 [5,7,2,4,1,3,6]
110458 [1,15,10,9,12,2,14,11,8,7,4,5,17,3,18,6,16,13]
110458 [1,8,10,2,6,13,5,11,14,9,12,3,4,7]
110458 [4,1,3,19,16,11,9,14,10,2,12,5,17,15,18,8,7,6,13,20]
122958 [2,3,13,11,7,4,1,6,5,9,12,14,10,8]
122958 [20,9,1,14,23,22,13,8,11,16,21,4,10,7,19,15,3,24,6,18,12,17,2,5]
122958 [8,2,7,4,11,9,14,3,10,13,6,1,12,5]
122958 [5,2,3,4,1,6]
122958 [6,5,10,2,7,8,3,4,9,1]
122958 [2,1,17,4,7,18,6,3,11,5,10,15,16,8,14,9,13,12,19]
139350 [4,5,7,3,8,2,1,6]
139350 [1,8,9,5,4,2,7,6,3]
139350 [1,5,2,3,4]
171777 [12,7,14,4,10,13,3,1,8,6,9,2,15,11,5]
171777 [1,7,4,5,3,2,6]
171777 [23,35,32,13,6,1,20,24,42,14,30,41,11,26,17,34,10,36,9,31,22,4,40,18,27,33,25,21,7,8,29,12,5,16,28,3,15,38,39,37,19,2]
171777 [11,16,17,12,18,2,14,1,10,8,9,5,6,4,15,13,3,7]
182355 [4,3,2,1,5]
197756 [5,13,2,8,14,10,7,6,4,11,9,3,1,12]
209258 [5,3,8,6,2,1,4,7]
211816 [4,1,5,3,6,2]
211816 [1,6,4,3,5,8,2,7]
244843 [5,3,6,7,4,8,1,2]
244843 [1,4,6,3,5,2]
244843 [3,7,4,5,1,2,6]
244843 [3,8,7,6,1,2,4,5]
244843 [4,7,3,2,6,9,8,10,1,5]
244843 [4,8,1,7,5,11,2,3,9,10,6]
245835 [6,8,2,13,12,9,4,3,10,1,11,5,7]
245835 [7,10,4,13,12,14,15,6,2,5,11,17,8,1,16,3,18,9]
248790 [6,3,5,1,2,4]
249788 [5,17,19,1,2,14,12,3,7,10,18,8,6,9,16,11,13,4,15]
249788 [10,1,12,2,14,13,17,16,3,6,7,15,11,9,5,8,4]
249788 [2,3,5,1,4]
817700 [10,4,2,1,6,5,3,7,8,9]
817700 [1,2,4,5,3,6]
935922 [2,4,5,3,1]
935922 [7,8,6,1,5,2,4,3,9]
261181 [14,12,11,5,2,1,7,10,3,4,13,9,6,8,15]
285619 [6,2,1,4,7,3,12,8,5,10,9,11]
1941520 [4,1,5,6,3,2]
1952887 [5,2,6,1,4,3,8,7]
1952887 [6,5,4,3,2,1]
1952887 [1,6,17,4,15,8,13,11,12,9,10,14,5,7,16,3,2]
1952887 [7,4,6,8,3,2,1,5]
1153721 [1,2,3,4,5]
1153721 [1,2,3,4,5,6]
1153721 [1,2,3,4,5,6,7,8]
1153721 [1,2,3,4,5,6]
1153721 [1,2,3,4,5,6]
1153721 [1,2,3,4,5,6,7]
1153721 [1,2,3,4,5,6,7]
1153721 [1,2,3,4,5,6]
1153721 [1,2,3,4,5]
1153721 [1,2,3,4,5,6,7,8,9]
1171223 [4,2,3,7,6,1,5]
1171223 [9,11,17,3,20,21,22,6,12,14,24,13,7,16,1,18,15,8,23,10,25,5,2,4,19]
1171223 [7,3,9,1,8,5,4,2,6]
1171223 [7,5,1,2,6,4,3]
1171223 [4,11,16,3,18,9,13,15,14,5,1,7,8,17,12,10,2,6]
1171223 [6,5,16,15,2,10,11,19,1,21,20,12,22,9,17,14,3,7,8,18,4,13]
1171223 [5,3,9,1,2,6,8,4,7]
1171223 [37,8,29,52,59,14,39,55,31,34,46,3,58,21,10,7,51,35,38,53,12,20,19,36,6,30,47,43,56,16,49,18,50,44,27,4,15,54,24,9,23,26,40,33,48,41,45,32,5,17,2,25,28,42,22,60,13,11,1,57]
1178523 [1,10,18,2,16,8,20,21,3,17,6,15,22,19,5,4,7,12,9,14,11,13]
1190935 [28,32,20,29,10,26,2,7,8,36,5,31,9,6,30,34,21,14,24,37,13,15,1,4,23,18,27,25,11,16,22,19,17,12,35,3,33]
1245658 [1,2,3,4,5,6,7]
1245658 [1,2,3,4,5,6,7,8,9,10,11]
1251390 [9,5,10,2,4,13,6,14,7,3,8,12,1,11]
1923297 [2,13,10,3,6,9,8,12,11,5,1,4,7]
1923297 [8,7,6,3,2,1,4,5]
1923297 [5,3,9,2,8,6,1,7,4]
2520299 [5,11,9,3,8,10,1,6,7,4,2]
2526874 [1,2,3,4,5,6,7,8,9,10,11]
2526874 [1,2,3,4,5,6]
2526874 [1,2,3,4,5]
204031 [2,5,1,4,3]
212914 [1,2,3,4,5]
212914 [1,2,3,4,5,6,7]
212914 [1,2,3,4,5]
239513 [4,3,5,2,8,9,1,7,6]
240435 [1,5,2,4,3]
240435 [6,4,10,1,7,5,3,2,9,8]
244099 [1,2,3,4,5,6,7,8,9,10,11,12,13,14,15,16,17]
303960 [2,1,8,6,9,5,7,4,3]
309336 [5,7,8,6,4,1,2,3]
336595 [40,6,7,26,13,32,14,28,36,19,15,27,31,12,5,3,8,37,34,9,4,11,20,22,38,17,39,10,24,35,21,23,30,16,25,18,2,1,33,41,29]
336595 [10,5,2,9,3,8,4,12,1,7,11,14,13,6]
336595 [4,3,2,1,5]
336595 [5,37,50,20,45,39,8,33,19,3,44,34,40,41,23,48,16,14,47,32,52,36,38,49,11,21,35,10,12,18,30,42,2,24,7,46,29,1,28,15,6,51,9,22,27,25,31,43,4,17,13,26]
336595 [32,2,19,11,36,29,40,3,1,5,38,14,23,31,20,46,39,18,41,26,24,15,44,22,25,6,48,4,17,27,47,10,12,16,37,8,30,9,7,35,34,33,13,42,28,45,21,43]
370441 [11,25,1,21,15,23,17,4,12,13,20,26,6,18,8,27,19,10,14,7,22,2,3,24,5,16,28,9]
393986 [1,2,3,4,5,6,7,8,9,10,11,12,13,14,15,16,17,18,19,20,21,22,23,24,25,26,27,28,29,30]
420583 [2,4,5,1,6,3]
453717 [6,2,3,4,5,1]
2024936 [8,3,1,5,4,9,7,2,6]
2052394 [14,21,9,13,5,20,6,7,11,3,15,17,8,4,22,10,2,16,19,12,1,18]
2060487 [2,6,5,3,1,4]
2060487 [6,1,4,2,3,5,7]
2169267 [7,2,8,4,3,1,5,6]
2169267 [4,1,5,2,3]
2193614 [1,2,3,4,5,6,7,8,9,10,11,12,13,14,15,16,17,18,19,20,21,22,23,24]
636692 [10,6,2,4,1,7,3,9,8,5]
672521 [10,3,11,8,4,6,9,1,2,5,7]
672521 [3,2,8,6,9,12,4,1,7,10,11,5]
675751 [4,6,10,1,7,2,11,3,5,9,8]
675751 [6,9,3,2,1,4,5,7,8]
702478 [9,5,13,18,7,20,15,21,8,23,12,6,4,17,3,2,16,10,19,11,22,1,24,14]
702478 [11,8,2,9,4,7,5,10,3,1,6]
756191 [1,2,3,4,5,6,7,8,9,10,11,12,13]
756191 [1,2,3,4,5,6]
756191 [1,2,3,4,5,6,7,8,9]
756191 [1,2,3,4,5,6,7,8,9,10,11,12,13,14,15]
756191 [1,2,3,4,5,6,7,8,9,10,11,12,13]
756191 [1,2,3,4,5,6,7,8]
756191 [1,2,3,4,5]
756191 [1,2,3,4,5,6,7,8,9,10,11,12,13,14,15,16]
757408 [4,7,5,1,6,2,3]
812600 [9,18,3,6,12,10,20,16,7,19,14,8,15,5,13,4,17,11,1,2]
812600 [14,3,7,4,2,1,8,10,6,9,12,13,11,5]
812600 [7,19,23,5,9,11,2,21,10,12,20,16,24,14,15,8,1,25,6,4,13,22,3,18,17]
812600 [1,7,5,4,6,3,2,8]
812600 [2,4,5,3,8,1,7,6]
1913472 [4,2,5,1,9,3,8,7,6]
1913472 [5,3,2,1,6,4,7]
2128271 [1,2,3,4,5,6,7,8,9,10,11,12,13]
2281424 [3,1,4,5,2]
2281424 [3,1,9,6,8,7,5,2,4]
2322092 [8,5,4,2,7,3,1,9,6]
2340535 [3,2,6,8,11,4,1,10,5,7,9]
2345810 [1,2,3,4,5]
2368665 [8,4,5,1,6,2,7,3]
2414972 [4,5,2,3,1]
2440251 [1,2,3,4,5,6,7,8,9,10,11,12,13,14,15,16,17,18,19,20,21,22,23,24,25,26,27]
2440251 [1,2,3,4,5,6,7,8,9,10,11,12,13,14,15,16,17,18]
2459190 [24,22,16,21,8,6,17,1,10,9,18,25,19,14,12,20,23,2,3,28,29,26,4,7,5,27,13,30,15,11]
2551191 [1,2,3,4,5]
1514042 [3,5,1,6,8,7,4,2]
1542753 [8,2,9,3,5,1,4,7,10,6]
1542753 [9,15,5,8,3,1,7,11,10,4,6,14,12,2,13]
1546322 [1,7,5,12,4,8,11,10,3,9,2,6]
1546322 [7,9,14,8,11,1,10,4,5,6,13,3,12,2]
1546322 [1,2,3,4,5]
1546322 [7,12,13,11,9,3,1,10,8,5,2,6,4]
1546322 [11,8,10,6,3,5,1,7,2,4,9]
1546322 [9,17,14,11,18,10,15,7,3,5,4,8,2,13,1,12,16,6]
1645664 [5,2,3,4,1]
1688620 [4,8,9,7,3,2,10,6,1,5]
1691942 [1,2,3,4,5,6,7,8,9,10]
1699521 [14,15,9,13,11,7,10,3,2,5,12,6,4,1,8]
1699521 [2,12,6,9,3,4,11,10,5,7,1,8]
1699521 [1,6,3,4,2,7,5]
1703304 [3,4,5,6,8,7,2,1]
1703304 [5,2,4,3,1]
1594652 [3,13,7,6,14,10,2,5,1,4,12,11,8,9]
1744285 [2,4,5,1,6,3]
1978399 [14,4,10,6,3,1,11,9,12,2,5,8,15,7,13]
1978399 [5,3,2,1,4]
1978399 [1,2,3,5,6,7,4]
1978399 [6,7,28,22,11,9,14,17,21,12,1,25,26,8,3,2,16,24,10,27,19,4,20,5,13,15,18,23]
2143620 [16,4,25,21,22,11,14,13,10,7,2,18,1,26,3,12,9,5,19,15,20,23,24,6,17,8]
958682 [1,2,3,4,5,6]
1974470 [3,9,10,17,4,16,1,5,12,14,15,8,2,6,7,13,11,18]
1976045 [4,3,5,2,1,6,7]
1976045 [30,12,15,9,7,6,22,4,19,23,24,16,3,10,21,5,18,26,14,8,28,20,25,11,1,13,2,29,17,27]
43932 [9,7,2,3,1,11,8,6,4,5,10]
50692 [1,2,3,4,5,6,7,8,9,10,11,12,13,14,15,16,17,18,19,20,21,22,23,24,25,26,27,28]
60557 [1,2,3,4,5,6,7,8,9,10,11,12,13,14,15,16,17,18,19,20,21,22,23,24,25,26,27,28,29,30,31,32,33,34,35,36,37,38,39,40,41,42,43]
60557 [1,2,3,4,5,6]
60557 [1,2,3,4,5,6,7,8,9,10,11,12,13,14,15,16,17,18,19,20,21,22,23,24,25,26,27,28,29,30,31,32,33,34,35,36,37,38,39,40,41,42,43]
352658 [6,9,5,3,1,10,4,8,7,2]
356634 [1,2,3,4,5,6,7,8]
462509 [5,3,2,11,10,4,1,7,9,6,8]
85849 [7,6,2,8,1,3,9,4,5,10]
88591 [6,3,7,4,2,1,5]
88591 [2,3,19,7,20,1,23,29,17,30,5,25,6,8,28,13,26,15,18,27,9,22,24,12,11,16,21,14,10,4]
1360769 [1,3,2,6,5,4]
1387981 [12,4,15,13,16,8,7,11,19,9,1,5,3,17,14,6,10,18,2]
1387981 [6,2,3,5,4,1]
1389997 [4,5,3,2,1]
1735326 [1,2,3,4,5,6]
2078799 [2,5,3,1,7,4,6]
755981 [2,6,7,4,3,8,5,1]
1255547 [1,4,7,8,13,14,3,9,12,5,10,11,2,15,6]
965694 [1,2,3,4,5,6]
965694 [1,2,3,4,5,6,7,8,9,10,11,12,13,14,15,16,17]
965694 [1,2,3,4,5,6,7,8,9,10,11,12,13,14,15,16]
965694 [1,2,3,4,5,6,7,8]
33736 [4,3,1,2,5]
33736 [1,6,8,4,5,3,2,7]
126068 [4,3,2,5,1]
19181 [7,4,2,1,9,10,8,6,11,5,3]
22895 [5,1,2,4,3]
43932 [4,2,3,1,5]
43932 [5,1,6,3,2,4]
43932 [9,20,18,4,8,11,17,6,7,3,16,1,19,14,10,15,12,5,13,2]
50692 [1,2,3,4,5,6,7,8,9,10,11,12,13,14,15,16,17,18]
50692 [1,2,3,4,5,6,7,8,9,10,11,12,13,14,15,16,17]
1762623 [1,4,6,2,7,3,5]
1762623 [6,5,3,4,2,1]
1822647 [2,1,7,6,5,8,11,10,9,3,4]
25809 [31,4,30,34,47,28,16,39,6,40,49,37,5,7,43,32,41,26,25,3,38,48,36,21,18,46,33,45,23,20,42,24,9,10,44,11,35,19,17,14,29,27,22,1,2,13,15,8,12]
25809 [3,7,1,4,2,6,5]
25809 [4,6,5,7,2,3,1]
301528 [1,5,2,6,4,3,7]
301528 [7,5,8,9,1,3,4,2,6]
301528 [18,8,13,5,14,16,4,11,6,15,7,3,12,1,9,19,2,10,17]
301528 [6,10,14,11,4,12,13,15,17,5,16,1,18,8,7,2,9,3]
301528 [3,4,1,2,5]
321436 [1,2,3,4,5]
321436 [1,2,3,4,5,6,7,8,9,10,11,12,13,14,15]
43932 [6,3,7,9,1,4,8,2,5]
24184 [1,5,7,4,3,2,6]
24184 [7,6,4,5,3,2,1]
24184 [2,9,1,5,8,3,6,4,10,7]
60557 [1,2,3,4,5,6,7,8,9,10,11,12,13]
234690 [1,2,3,4,5,6,7]
240435 [3,9,4,16,7,10,1,13,11,12,14,2,15,8,5,6]
244367 [2,3,5,1,4]
244367 [6,11,1,17,2,8,5,13,4,14,10,15,9,7,12,16,3]
244367 [6,4,3,5,2,1,7]
244367 [5,1,2,4,3]
248790 [11,8,1,6,4,10,2,7,13,12,9,3,5]
248790 [1,2,5,3,7,8,6,4,9]
248790 [1,6,5,3,2,4]
160892 [1,5,2,6,8,4,3,7]
192781 [2,4,1,3,7,5,6]
192781 [3,8,7,6,10,11,5,9,4,2,1]
192781 [3,1,6,9,8,4,11,7,2,5,10]
192781 [6,9,5,4,2,8,10,7,1,3]
192781 [3,6,1,2,7,5,4]
192781 [7,1,6,2,8,5,4,3]
192781 [1,6,4,2,3,5]
192781 [5,2,3,6,1,7,4]
192781 [6,7,3,2,4,5,1]
192781 [8,9,1,5,6,3,4,7,2]
192781 [12,4,10,1,9,8,5,7,11,6,2,3,13]
192781 [10,1,9,7,6,4,5,3,8,2]
450577 [4,1,3,5,2]
450577 [1,7,8,2,6,3,5,4]
469309 [4,3,2,5,7,8,6,1]
204031 [6,3,5,2,4,1]
204031 [1,2,6,4,3,5]
204031 [6,2,4,5,1,3]
204031 [8,2,9,6,5,3,1,7,4]
204031 [5,2,1,3,4]
204031 [5,2,3,4,1]
204031 [2,1,5,6,4,3]
204031 [8,9,2,4,3,10,7,6,5,1]
899728 [6,4,1,2,5,3]
899728 [8,7,4,6,1,3,2,5]
96063 [2,6,4,5,7,3,1]
105141 [1,2,3,4,5,6,7,8]
972143 [4,3,2,1,6,5]
972143 [15,11,16,2,9,5,13,14,1,12,7,3,4,6,10,8]
972143 [10,6,3,7,4,5,2,9,1,11,8]
366407 [9,1,2,10,4,6,8,3,5,11,12,7]
393986 [1,2,3,4,5,6,7,8,9]
394345 [5,1,4,2,6,3]
394345 [1,7,4,10,11,2,3,9,8,5,6]
389743 [2,3,5,1,4]
2415367 [10,11,7,14,4,1,13,12,3,6,9,16,5,15,8,2]
289998 [3,2,5,1,4,6]
296759 [4,3,8,9,6,5,7,2,1]
2452178 [1,2,3,4,5,6,7,8,9,10,11,12,13,14,15,16,17,18,19,20,21,22,23,24,25,26,27,28,29,30,31,32,33,34,35,36,37,38,39,40,41,42,43,44,45,46,47,48,49,50,51,52,53,54,55,56,57,58,59]
425689 [10,14,17,2,4,12,18,7,8,11,16,1,9,6,5,19,3,20,15,13]
425689 [5,2,3,4,1]
425689 [1,6,3,4,2,5]
425689 [9,19,3,8,15,17,13,14,10,18,2,12,11,1,5,7,6,16,4]
425689 [1,22,21,7,18,5,9,15,4,19,11,16,13,3,12,25,24,8,23,20,14,10,6,17,2]
425689 [6,7,2,3,5,1,4]
425689 [5,3,4,2,1]
425689 [2,4,3,6,5,1]
394345 [4,2,7,5,6,1,9,3,8]
394345 [6,19,23,5,13,18,20,11,7,15,16,21,2,4,17,8,22,9,1,14,3,10,12]
711028 [2,6,4,1,3,7,5]
711028 [5,1,6,4,8,2,7,3]
1856951 [2,3,1,5,4]
289709 [2,3,1,5,4]
365556 [1,2,3,4,5,6,7,8,9,10,11,12,13,14,15,16,17,18,19,20,21,22]
365556 [1,2,3,4,5,6,7]
365556 [1,2,3,4,5,6,7,8,9]
365556 [1,2,3,4,5,6,7,8,9,10,11,12,13]
373598 [9,19,11,3,7,23,16,20,22,13,12,8,5,21,10,2,1,17,15,4,18,14,6]
373598 [4,5,1,6,3,2]
374239 [13,22,3,24,14,23,20,15,10,16,18,9,12,21,4,11,17,5,8,1,2,6,19,7]
374239 [25,15,24,27,7,17,23,26,19,6,14,29,13,28,4,2,11,16,9,8,3,22,21,18,1,5,12,10,20]
378743 [15,20,8,22,16,1,9,13,11,10,23,24,19,18,6,21,4,26,2,25,3,14,17,5,7,12]
665079 [8,3,6,5,2,7,4,1]
715376 [11,13,10,1,8,9,12,7,5,2,3,4,6]
462509 [2,4,5,3,1]
516251 [4,3,2,6,1,5]
521351 [5,1,3,4,2]
521351 [4,1,5,6,2,3]
524296 [6,1,5,4,2,3]
524296 [23,19,14,18,2,15,21,9,12,8,4,20,1,13,16,22,6,3,17,10,11,5,7]
524296 [6,2,3,1,5,8,7,4]
587885 [1,2,3,4,5,6,7]
588314 [5,7,17,27,23,10,12,4,15,22,2,20,6,9,13,3,16,1,24,8,18,26,28,25,21,14,19,11]
364113 [1,5,4,3,2,6]
374121 [5,4,2,3,1]
793169 [5,3,6,8,7,1,2,4,9]
793169 [7,8,17,21,16,19,1,14,15,10,18,4,6,12,11,3,9,2,5,20,13]
793625 [1,2,3,4,5,6,7,8,9,10,11,12,13,14]
806521 [10,3,12,2,4,6,11,7,1,13,9,8,5]
806521 [2,6,8,3,10,5,9,4,1,7]
867679 [2,1,5,3,4]
935922 [4,2,3,1,5]
944514 [3,2,4,1,6,7,5]
600206 [8,17,18,15,6,20,21,13,5,19,9,16,7,14,22,1,3,12,10,4,11,2]
2392766 [4,5,6,3,1,2]
677342 [6,3,1,2,5,4]
678274 [4,9,7,11,1,12,10,3,2,8,5,6]
715376 [2,3,1,5,4]
715376 [2,6,3,9,4,8,7,5,1]
812600 [4,6,3,2,5,1]
812600 [9,11,5,6,3,12,1,8,2,7,4,10]
841580 [29,27,30,4,11,22,5,33,23,14,6,17,21,3,20,25,32,24,12,16,19,1,15,7,13,2,10,26,18,8,31,28,9]
841580 [15,7,2,4,16,6,34,11,10,39,1,32,21,12,14,31,23,13,19,37,36,27,29,24,41,18,30,9,38,22,26,28,25,3,5,33,17,8,40,35,20]
1111675 [1,2,3,4,5,6]
682239 [3,5,6,2,4,1]
933067 [1,2,3,4,5,6,7,8]
980094 [3,6,2,9,1,8,10,5,7,4]
1664967 [1,6,4,2,5,3]
441426 [4,2,5,1,3,6,8,7]
412559 [1,2,3,4,5]
1548114 [7,8,3,1,10,2,6,5,9,4]
1111675 [1,2,3,4,5,6,7,8,9,10,11]
1336589 [4,16,8,9,7,1,12,13,15,3,14,5,10,6,17,2,11]
1336589 [1,2,5,4,3]
390502 [1,2,3,4,5,6,7,8,9,10]
390502 [1,2,3,4,5,6,7,8,9,10,11,12,13,14,15]
1071040 [1,2,3,4,5,6,7,8]
1071040 [1,2,3,4,5,6,7,8]
1449688 [1,10,14,5,8,7,13,12,15,4,3,6,2,9,11]
1449688 [7,5,3,8,4,6,1,2]
1449688 [2,3,6,5,4,1]
1449688 [5,2,1,3,4]
1449688 [2,5,3,4,1,6]
793546 [5,7,3,4,2,1,6,8]
793546 [5,1,6,4,3,2]
793546 [1,8,4,7,5,2,6,3]
933067 [1,2,3,4,5,6,7,8,9]
933067 [1,2,3,4,5,6,7,8,9,10,11,12]
978501 [1,2,3,4,5,6,7]
988299 [6,2,8,4,1,5,3,7]
596515 [4,3,1,2,6,5]
596515 [1,6,3,9,7,5,10,4,2,8]
890209 [3,4,6,2,5,1]
893182 [2,4,6,5,1,3]
893182 [1,4,2,5,3]
1001535 [1,2,3,4,5,6,7,8,9,10]
1001535 [1,2,3,4,5,6,7,8,9]
1001535 [1,2,3,4,5,6,7,8,9,10,11,12,13]
1001535 [1,2,3,4,5,6,7,8,9,10,11,12,13,14,15]
1001535 [1,2,3,4,5,6,7,8,9,10]
1035262 [13,8,9,6,7,4,5,1,15,11,12,14,10,3,2]
1047632 [3,2,5,1,4]
1288820 [3,4,6,7,5,2,1]
1308113 [12,14,4,3,15,6,8,11,17,9,7,16,10,13,1,2,5]
1308113 [5,2,3,1,4]
1200231 [8,4,5,2,6,1,9,7,3]
1200231 [1,3,2,5,4]
1205381 [4,2,3,5,1]
354032 [2,4,3,5,6,1]
354032 [8,7,2,16,6,4,15,18,12,13,5,9,10,1,17,14,3,11]
1552171 [5,4,6,7,8,2,3,1]
629670 [5,6,3,2,4,1]
1153721 [1,2,3,4,5]
1153721 [1,2,3,4,5]
1153721 [1,2,3,4,5,6]
1153721 [1,2,3,4,5,6,7]
1153721 [1,2,3,4,5,6,7]
1153721 [1,2,3,4,5,6,7,8,9]
1153721 [1,2,3,4,5,6,7,8,9,10]
1153721 [1,2,3,4,5,6]
1153721 [1,2,3,4,5,6,7,8]
1153721 [1,2,3,4,5,6,7,8]
1320533 [1,5,3,4,2]
1323002 [6,1,7,15,9,2,3,16,4,14,12,11,10,5,13,8]
1449958 [5,1,8,2,7,4,6,3,9]
1182135 [4,10,7,15,8,13,11,14,2,16,6,3,12,19,18,5,1,17,9]
1185642 [7,1,12,5,11,9,4,8,2,6,10,3]
1185642 [12,6,3,2,1,7,13,9,8,11,4,5,10]
1622906 [2,5,4,1,3,6]
1622906 [1,6,4,7,2,3,5]
1280135 [5,2,3,6,4,1]
1297999 [2,9,7,11,4,6,5,1,8,10,3]
1447473 [31,36,25,35,12,9,3,6,20,5,19,42,40,24,34,29,16,2,21,18,39,8,33,11,41,13,32,28,10,26,14,23,17,37,1,30,4,38,7,22,15,27]
695088 [4,3,2,1,5]
695088 [4,7,1,6,5,3,2]
695088 [3,2,6,5,1,7,4]
837782 [8,6,7,5,4,3,1,9,2]
852601 [5,1,4,2,3,6]
1462963 [21,23,12,3,19,9,18,11,16,4,10,15,1,14,7,8,13,2,22,6,17,20,5]
1894941 [1,2,3,4,5,6]
1901483 [6,3,4,1,2,5]
1901483 [10,6,18,15,1,19,17,7,16,13,3,12,8,4,14,11,5,9,2]
1901483 [3,2,1,5,6,4,7]
1901483 [1,4,5,3,2]
1901483 [7,18,8,22,3,14,5,24,16,1,9,20,2,21,4,17,19,11,6,15,13,23,12,10]
1901483 [1,4,5,2,3]
1901483 [4,8,5,10,9,6,2,7,1,3]
1901483 [2,3,1,5,4]
1901483 [7,2,5,1,3,6,4]
2078799 [3,2,5,7,4,6,1]
2078799 [1,8,5,2,6,3,4,7,9]
2078799 [3,5,1,6,2,4]
2098487 [12,17,18,16,1,14,11,8,15,5,2,19,13,6,20,3,9,10,4,7]
2098487 [2,4,1,3,5]
2098487 [2,7,11,10,12,1,13,8,3,9,6,5,4]
2098487 [5,3,14,17,13,9,16,1,15,12,10,11,7,8,4,2,6]
2113901 [2,6,3,5,1,4]
1131819 [3,4,2,1,5]
1141178 [4,12,11,6,10,2,1,9,15,14,5,16,17,8,7,13,3]
839118 [8,5,6,3,2,9,1,11,4,7,10]
839118 [1,5,6,2,4,3]
839118 [3,4,2,1,5]
839118 [11,12,13,14,8,2,15,4,9,5,16,1,3,10,7,6]
839118 [11,2,9,16,7,5,13,12,6,14,15,1,19,18,20,4,10,17,3,8]
839118 [1,2,4,3,5,6]
839118 [1,7,6,5,3,4,2]
839118 [2,1,4,5,3]
839118 [26,28,4,25,14,21,15,24,3,12,18,17,11,20,16,23,8,6,19,10,2,22,5,27,29,13,7,9,1]
839118 [3,7,5,9,2,4,1,8,6]
839118 [8,12,3,13,4,1,11,9,2,7,5,6,10]
839118 [2,5,4,1,3]
839118 [1,9,5,4,3,7,6,8,2]
839118 [1,14,12,6,2,7,4,11,5,10,16,9,13,15,8,3]
839118 [1,3,4,5,2]
839118 [4,9,3,7,2,5,6,1,8]
839118 [12,7,6,4,3,9,11,1,13,10,5,8,2]
845850 [5,1,7,4,2,3,6]
845850 [2,4,3,1,5]
845850 [10,7,3,1,5,8,9,2,4,6]
1810529 [2,8,7,6,4,10,3,5,9,1]
2259512 [5,11,2,8,1,3,9,4,10,6,7]
2259512 [4,7,8,5,10,1,2,9,6,3]
2259512 [7,5,1,2,3,4,6]
1727622 [3,8,2,4,9,1,7,6,5]
1738862 [1,2,3,4,5,6]
1738862 [1,2,3,4,5]
1738862 [1,2,3,4,5]
1738862 [1,2,3,4,5,6]
1738862 [1,2,3,4,5,6,7,8,9,10]
1738862 [1,2,3,4,5]
1738862 [1,2,3,4,5]
1738862 [1,2,3,4,5,6,7,8,9,10,11,12,13]
1738862 [1,2,3,4,5,6]
1738862 [1,2,3,4,5,6]
1686860 [21,30,25,3,22,19,6,13,20,7,9,16,27,23,15,17,1,8,5,11,26,10,29,24,4,28,14,2,12,18]
1686860 [27,50,21,29,8,41,37,5,22,13,42,48,31,12,14,15,45,1,51,28,36,47,20,2,40,4,46,19,18,35,38,17,49,26,9,34,25,3,33,6,11,10,43,30,7,39,16,32,23,44,24]
1686860 [5,4,2,1,3]
1686860 [13,12,17,19,2,11,22,14,25,30,9,24,16,1,18,5,6,21,26,29,4,3,28,27,31,10,15,23,32,7,20,33,8]
2161139 [9,4,3,8,18,5,7,16,1,11,6,15,12,17,14,13,2,19,10]
2161139 [41,40,21,50,3,10,14,2,12,30,45,29,6,43,9,33,28,47,35,22,11,52,31,34,25,36,17,20,51,24,18,32,37,19,16,13,1,7,4,42,38,48,8,23,49,5,15,26,39,44,46,27]
516251 [6,5,4,1,3,7,2]
333499 [1,2,3,4,5,6,7]
337540 [1,5,4,3,2]
1592132 [3,2,1,4,6,5]
2113901 [4,3,1,2,5]
2580963 [1,2,3,4,5,6,7,8,9,10,11,12,13,14,15,16,17,18,19,20,21,22,23,24,25,26,27]
2580963 [1,2,3,4,5,6,7,8]
1230526 [3,1,5,4,2]
1230526 [1,2,3,5,4]
1567444 [11,6,5,7,4,3,10,9,1,2,8]
1588015 [1,2,3,4,5,6]
1360769 [4,2,1,3,5]
1748436 [3,9,1,7,4,5,2,10,6,8]
1900492 [1,6,4,9,7,2,3,8,5]
1902894 [5,2,3,4,1]
2000678 [1,2,3,4,5,6]
2003901 [3,1,7,4,8,6,2,5]
2003901 [3,4,1,7,2,5,6]
2003901 [1,3,5,6,2,4]
1594652 [2,3,1,5,4]
1594652 [4,14,2,6,9,5,12,7,15,10,3,13,1,11,16,8]
1744285 [6,1,7,3,5,8,4,2]
2060487 [3,7,2,6,1,4,5]
2060487 [5,4,2,3,1]
2060487 [2,1,3,5,4]
2060487 [3,6,2,4,1,5]
2078799 [2,5,1,4,3,6]
2110993 [8,10,5,11,3,6,4,12,1,9,7,2]
1073596 [1,2,3,4,5,6,7,8]
1799180 [7,5,3,2,1,6,4]
1799180 [1,4,9,5,7,3,8,2,6]
1799180 [23,3,4,21,24,6,8,15,14,17,9,16,20,2,19,10,12,11,1,18,13,7,22,5]
2168028 [2,5,1,6,3,4]
808364 [3,1,6,2,5,4]
2093437 [10,9,15,7,12,1,4,5,18,2,6,21,20,8,17,13,14,16,22,3,19,11]
2093437 [5,3,4,2,1]
2093437 [11,19,18,14,16,23,3,9,20,13,4,21,5,6,2,10,7,15,22,8,12,24,1,17]
899670 [35,6,37,29,34,44,39,18,31,28,33,8,30,50,13,24,23,32,15,41,43,7,40,21,54,27,46,36,25,47,22,42,3,1,2,10,20,48,11,51,17,12,53,16,38,26,14,5,52,19,4,45,49,9]
1014041 [1,2,3,4,5,6,7]
1033225 [5,3,2,1,4]
1033225 [16,6,13,5,7,4,3,12,2,8,10,1,17,14,15,11,9]
2406851 [1,4,2,6,5,3]
2406851 [3,6,1,5,2,4]
2310046 [1,2,3,4,5,6,7,8,9]
2310046 [1,2,3,4,5,6,7,8,9,10,11,12,13,14,15,16,17,18,19,20,21,22,23,24,25,26,27,28,29,30,31]
2310046 [1,2,3,4,5,6,7,8,9,10,11,12,13,14,15,16,17,18,19,20,21,22,23,24,25,26,27,28,29,30,31,32,33,34,35,36]
2310046 [1,2,3,4,5,6,7,8,9,10,11,12,13,14,15,16,17,18,19,20]
2310046 [1,2,3,4,5,6,7,8,9,10,11]
2326529 [9,7,6,4,5,8,3,2,1]
2440251 [1,2,3,4,5,6]
2440251 [1,2,3,4,5,6,7,8,9,10,11,12,13,14,15,16,17,18]
2440251 [1,2,3,4,5,6,7,8,9,10]
2440251 [1,2,3,4,5,6,7,8,9,10,11]
463733 [2,7,6,8,3,5,1,4]
463733 [8,9,3,10,4,5,2,6,1,7]
463733 [5,2,1,4,6,3,7]
463733 [7,5,4,3,8,9,1,6,2]
2314610 [11,12,6,1,5,18,2,14,7,9,4,10,15,16,3,13,8,17]
1143249 [1,2,3,4,5,6,7,8,9,10,11,12]
1143249 [1,2,3,4,5,6,7,8,9,10,11,12,13,14,15,16,17]
1143249 [1,2,3,4,5]
1143249 [1,2,3,4,5,6,7,8,9,10,11,12,13]
1143249 [1,2,3,4,5,6,7,8,9,10,11,12,13,14,15]
1487190 [3,1,4,2,9,8,6,5,7]
1487190 [7,3,6,2,4,5,1,8]
1487190 [9,15,4,11,8,10,7,19,2,1,17,12,5,16,3,14,18,13,6]
1448312 [7,3,2,4,6,5,8,1]
1448312 [6,3,5,2,1,4]
2101786 [1,5,4,2,3,6,7]
2101786 [5,3,2,1,4]
2101786 [5,3,2,4,1]
2101786 [3,4,2,6,5,1]
2101786 [6,4,8,5,3,2,7,1]
2101786 [11,12,8,3,7,6,5,1,9,10,4,2]
2101786 [5,4,3,6,1,2,7]
2101786 [9,7,1,2,8,5,6,4,3]
2107360 [5,8,4,1,2,3,7,6]
2107360 [5,7,3,4,12,11,10,6,2,8,1,9]
2107360 [18,25,1,6,27,11,30,16,13,8,7,21,10,5,12,15,9,23,24,20,26,14,3,4,29,28,17,19,22,2]
2113901 [2,5,3,4,6,1]
2113901 [9,8,6,10,7,11,1,4,3,13,12,5,2]
2113901 [7,10,1,11,5,6,8,3,2,4,9]
2296992 [1,3,4,2,5]
2296992 [1,2,3,4,5,6]
2296992 [5,2,4,3,1]
1815262 [8,12,2,13,17,10,14,20,15,5,1,16,9,19,7,6,4,11,18,3,21]
1833688 [5,2,3,12,10,11,9,1,4,6,7,8]
2310046 [1,2,3,4,5]
2340535 [6,3,4,1,2,5,7]
2098487 [4,6,1,5,3,2]
2193614 [1,2,3,4,5,6,7,8]
2233002 [9,3,2,1,6,4,5,8,7,11,10,13,12]
2240491 [16,10,5,15,14,2,8,7,17,6,12,11,3,9,13,1,4]
2240491 [4,5,1,2,3]
2240491 [4,1,3,6,5,2]
2240491 [2,7,1,9,5,8,4,3,6]
2240491 [7,4,3,1,2,12,5,8,11,6,9,10]
1090573 [1,4,3,2,5]
1092441 [3,4,2,5,1]
1092441 [4,18,6,14,13,5,8,1,10,15,3,9,12,17,7,11,16,2]
1092441 [4,1,7,3,9,2,8,5,6]
1092441 [3,5,4,6,2,1]
1092441 [4,6,5,3,2,7,1]
1216284 [4,1,5,3,2]
507022 [6,4,1,7,2,3,5,9,8]
1907146 [1,4,3,6,2,5]
1965353 [5,6,1,3,2,4]
2098487 [16,15,14,17,1,7,6,10,2,12,4,13,11,3,9,8,5]
2291746 [1,2,3,4,5,6,7]
2291746 [1,2,3,4,5,6,7,8,9,10,11]
2291746 [1,2,3,4,5]
2291746 [1,2,3,4,5,6,7,8,9,10,11,12,13,14,15,16]
2291746 [1,2,3,4,5,6,7,8,9,10,11,12,13,14,15,16,17,18,19,20,21,22,23,24]
2472443 [8,15,2,12,11,16,9,13,4,7,5,6,10,1,17,14,3]
2540950 [3,4,5,6,1,2]
948803 [1,2,3,4,5]
1279115 [1,8,2,5,7,15,4,6,11,3,10,13,12,9,14]
2020878 [6,7,2,5,4,1,3]
1863380 [1,2,3,4,5,6]
1470906 [1,2,3,4,5]
1470906 [1,2,3,4,5]
1470906 [1,2,3,4,5]
1470906 [1,2,3,4,5,6,7,8,9]
1470906 [1,2,3,4,5,6,7]
1479996 [22,6,18,2,12,8,11,4,10,7,17,19,5,13,9,15,20,16,14,21,1,3]
1479996 [1,8,6,3,7,9,4,2,5]
1479996 [4,1,6,5,2,3]
1479996 [6,5,3,2,4,8,7,1]
1479996 [7,8,10,6,2,3,1,9,5,4]
1479996 [6,2,7,8,4,3,9,1,5]
1481473 [14,16,3,17,5,18,9,7,19,15,12,8,11,4,1,20,10,21,6,2,13]
1645664 [6,3,5,2,4,1]
1956329 [5,4,3,6,7,1,2]
1961735 [9,7,1,8,6,2,5,3,4]
1961735 [2,7,12,11,4,5,3,9,6,10,16,1,13,14,15,8]
1961735 [7,3,8,2,11,5,9,6,10,14,4,13,12,1]
1961735 [16,14,2,12,7,17,13,5,9,15,8,11,10,4,1,6,3]
1961735 [3,4,2,1,5]
264359 [14,9,1,5,13,12,10,11,16,3,2,7,8,15,6,4]
277291 [7,2,3,6,1,4,5]
2097831 [5,2,4,1,3]
2097831 [7,4,3,5,2,8,1,6]
2150451 [2,10,4,6,1,11,8,5,7,9,3]
2150451 [5,1,4,2,3]
1213548 [7,26,2,23,11,17,15,9,10,19,5,13,3,14,28,1,21,20,8,16,6,24,12,4,27,22,18,25,30,29]
1216284 [14,15,8,4,22,11,7,5,18,12,1,2,19,13,16,3,9,20,10,21,17,6]
1216284 [2,3,4,5,1]
1216284 [14,3,9,8,10,12,7,11,5,4,1,13,2,6]
1221097 [3,1,5,6,4,2]
1221097 [4,9,3,10,1,6,5,2,7,8]
1701108 [4,21,14,2,5,12,16,3,8,1,17,13,18,9,6,19,22,7,20,15,10,11]
1703304 [3,2,8,4,5,7,6,1]
1703304 [1,10,11,3,6,5,2,8,9,4,7]
1703304 [5,3,4,1,2,6]
1703304 [13,14,9,8,17,22,12,27,2,16,4,26,1,3,23,25,6,15,18,5,10,24,19,20,11,7,21]
1721133 [3,1,5,7,6,4,2]
2199061 [7,11,6,2,4,9,1,3,8,10,5]
944514 [6,7,4,5,3,8,2,1]
944514 [10,22,8,1,2,12,14,13,20,18,15,9,3,7,26,24,11,17,5,4,6,19,25,16,21,23]
947524 [1,10,13,11,3,17,8,12,5,6,18,4,7,16,19,20,9,15,2,14]
978501 [1,2,3,4,5,6,7,8,9,10,11,12,13,14]
1023832 [20,30,29,8,21,23,32,28,34,7,2,11,13,6,19,12,9,27,16,25,26,18,17,14,33,10,1,3,15,24,22,4,31,5]
1023832 [2,1,3,6,5,4]
1094259 [6,5,4,2,7,3,1]
1094259 [4,11,9,1,8,5,3,12,2,13,7,10,6]
1094259 [10,7,9,11,19,12,21,20,17,1,14,18,5,4,22,3,2,8,6,15,16,13]
1094259 [11,8,5,2,9,10,6,3,7,12,4,14,13,1]
1108559 [7,1,9,2,8,3,6,5,4]
1126205 [4,10,19,9,2,17,5,18,14,24,12,21,11,22,23,16,1,25,7,3,15,6,8,13,20]
1126205 [11,14,7,2,10,1,5,8,4,13,9,3,6,15,12,16]
1126205 [6,1,3,4,2,5]
34932 [7,1,3,5,8,6,2,9,4,10]
35673 [1,2,3,4,5,6]
35673 [1,2,3,4,5]
50692 [1,2,3,4,5,6,7,8,9,10,11]
50692 [1,2,3,4,5,6]
81492 [8,2,4,5,3,1,7,6]
81492 [4,7,6,3,1,2,5]
81492 [11,1,8,20,6,21,14,10,5,3,17,16,19,7,22,12,4,15,18,2,9,13]
88591 [16,1,18,10,6,3,8,9,15,5,17,12,13,14,11,19,2,7,4]
88591 [13,12,14,8,11,1,7,3,5,2,9,10,4,15,6]
88591 [4,5,2,1,3]
88591 [3,5,6,2,4,1]
201433 [11,15,12,5,4,2,3,1,16,6,8,7,13,14,10,9]
201433 [7,2,24,9,27,20,12,10,8,3,5,16,4,14,13,19,15,11,22,21,25,6,18,17,28,1,26,23]
201433 [6,4,2,10,5,13,3,9,7,16,14,8,1,15,12,17,11]
201433 [3,4,5,6,1,2,7]
201433 [6,14,4,10,2,8,1,5,13,7,3,11,12,15,9]
201433 [13,5,23,4,6,3,20,19,16,12,15,18,7,11,24,14,17,1,22,10,8,2,9,21]
201433 [8,10,7,2,9,1,5,13,6,12,3,4,11]
201433 [1,3,4,5,6,7,2]
201433 [1,4,5,3,2]
201433 [1,5,9,10,8,7,2,11,6,4,3]
201433 [1,5,3,11,2,7,9,10,8,6,4]
201433 [1,4,3,2,5]
201433 [5,1,7,4,3,6,2]
201433 [2,3,4,7,6,8,1,5]
201433 [3,10,9,2,1,7,6,12,4,5,11,8]
201433 [17,5,10,15,14,6,12,11,13,7,3,8,4,1,9,16,2]
201433 [11,12,2,5,1,13,10,3,7,9,8,6,4,14]
201433 [5,11,4,10,3,2,1,7,13,6,12,9,8]
201433 [11,23,10,8,13,32,15,25,29,17,30,20,18,24,19,31,12,9,7,21,14,28,5,1,4,22,27,26,16,3,6,2]
201433 [4,2,6,5,1,3]
206251 [1,8,9,6,3,4,2,7,5]
1259481 [1,2,3,4,5,6,7]
1259481 [1,2,3,4,5,6]
2318116 [11,9,4,5,17,15,1,21,6,8,14,20,10,3,2,18,13,16,19,12,7]
1212827 [6,10,11,5,2,12,3,8,7,1,9,4]
1212827 [1,15,13,5,19,17,11,2,12,18,4,14,8,10,20,3,7,16,6,9]
1579040 [1,2,5,4,3]
1583352 [3,4,5,2,1]
1583352 [2,3,10,5,8,7,9,11,6,4,1]
450577 [4,5,1,3,6,7,2]
450577 [1,18,9,15,16,6,8,11,17,2,5,7,12,13,3,14,4,10]
450577 [1,4,5,2,3]
492663 [1,2,3,4,5,6]
1331272 [3,1,4,9,2,8,5,7,6,10]
1331272 [11,9,5,1,12,3,7,8,15,2,13,10,4,14,6]
1331272 [16,4,12,13,5,15,6,1,14,3,10,8,2,18,11,17,9,7]
1331513 [2,1,4,5,3]
1368005 [2,6,8,5,1,7,3,4]
1368005 [1,13,7,2,12,8,6,15,3,14,5,4,11,16,9,10]
1686860 [4,2,5,6,1,3]
1918494 [2,9,11,10,5,4,6,14,7,8,1,13,12,3]
1918494 [10,8,4,15,6,13,1,7,2,9,11,16,14,12,3,5]
1918494 [11,13,3,4,14,8,10,6,5,2,12,7,9,1,15]
1918494 [5,10,12,9,1,6,8,11,3,2,7,4]
1918553 [1,2,3,4,5]
1924396 [1,2,3,4,5,6,7,8,9,10,11,12,13,14,15,16,17]
1924396 [1,2,3,4,5]
1924396 [1,2,3,4,5,6]
1924396 [1,2,3,4,5,6,7]
1924396 [1,2,3,4,5,6,7,8,9]
1965353 [5,1,6,2,3,12,9,7,10,4,8,11]
1938246 [1,5,6,4,2,3,8,7]
1976045 [6,2,3,5,4,1]
2003901 [10,4,3,11,1,2,7,8,6,5,9]
2003901 [5,6,8,20,9,18,17,15,22,16,23,12,24,27,13,4,28,7,2,14,11,26,21,19,10,25,3,1]
2003901 [7,8,5,6,9,4,3,1,2]
1674815 [1,2,3,4,5,6,7]
1691942 [1,2,3,4,5]
1691942 [1,2,3,4,5,6,7,8,9]
1984028 [6,5,7,4,3,1,2]
2143620 [4,3,5,2,1]
2143620 [2,3,6,5,4,1]
2143620 [8,9,1,13,12,5,14,7,10,15,2,11,3,6,4]
2143620 [3,2,5,11,12,6,14,9,10,16,7,1,4,8,15,13]
1693059 [3,5,4,1,2]
1712491 [4,6,3,7,1,5,2]
1738862 [1,2,3,4,5,6]
1748436 [9,17,13,15,16,12,11,19,5,10,18,3,7,14,8,4,6,2,1]
1748436 [4,17,2,8,11,5,3,13,9,20,16,10,15,6,18,19,12,1,14,7]
1785149 [4,5,6,10,1,11,8,2,3,9,7]
2301568 [5,7,8,4,10,6,1,2,3,9]
2301568 [6,2,1,5,4,3,7]
2301568 [1,3,6,2,8,5,7,9,4]
2301568 [13,6,9,1,5,12,8,3,15,14,2,4,7,10,11]
2301568 [9,2,7,4,10,1,8,6,5,3]
2364120 [1,2,3,4,5,6,7,8,9,10,11,12,13,14,15,16,17,18,19,20,21,22,23,24,25,26,27,28,29,30]
2364120 [1,2,3,4,5,6,7,8,9,10,11,12,13,14,15,16,17]
2364120 [1,2,3,4,5,6,7,8]
2364120 [1,2,3,4,5,6,7,8]
2370275 [5,2,3,4,1]
2379844 [6,2,4,3,1,5]
309336 [2,1,5,4,3,6]
1561074 [5,2,4,6,3,1]
2052088 [5,2,1,3,4]
2361405 [7,1,10,16,2,5,9,8,17,4,18,13,12,11,14,19,3,20,6,15]
2452178 [1,2,3,4,5,6,7,8]
2459190 [12,6,16,3,5,8,13,4,15,9,1,11,14,7,10,2]
2459190 [4,3,2,5,1]
2459190 [4,5,6,13,10,17,1,9,15,16,14,7,18,11,3,12,8,2]
32222 [7,3,5,4,1,2,8,6,9]
32222 [13,5,21,16,20,19,12,4,11,6,14,22,3,7,18,1,8,15,2,9,23,10,17]
32222 [17,16,11,18,13,9,22,14,10,5,1,2,12,27,7,8,4,26,15,28,19,20,24,25,21,3,6,23]
32222 [16,9,4,11,12,3,13,6,8,7,10,5,14,15,2,1]
32222 [3,4,5,2,1]
32222 [3,14,24,23,28,10,9,21,6,20,26,2,13,7,1,8,22,18,27,4,11,16,12,17,19,5,15,25]
32222 [25,20,22,15,29,14,12,31,18,10,30,1,19,16,3,27,11,6,7,8,23,5,28,32,17,24,13,4,26,21,2,9]
32222 [12,20,13,19,17,5,11,18,21,1,15,3,9,6,2,14,7,16,8,10,4]
32222 [1,2,5,6,4,3,7]
84223 [2,5,4,1,7,3,6]
416750 [1,4,5,2,3]
1255547 [6,9,5,10,11,1,8,12,3,7,2,4]
2068006 [20,22,5,23,6,9,11,19,7,18,12,2,14,4,8,21,1,3,16,10,13,17,15]
2091506 [3,5,1,4,2]
2091506 [16,20,9,2,25,12,5,6,19,22,17,24,23,13,15,4,21,3,1,11,8,18,26,7,14,10]
2143620 [7,6,4,8,1,2,5,3]
2143620 [3,5,2,1,4]
2212062 [4,5,2,3,1]
2540950 [2,5,6,4,1,7,3]
2540950 [5,1,4,6,2,3,7]
2540950 [4,1,2,3,5]
2566955 [8,11,10,9,1,2,7,3,6,5,12,4]
125136 [39,22,9,32,23,27,44,42,2,43,16,15,13,19,10,20,47,51,21,50,12,25,38,3,30,5,34,48,33,28,35,1,14,24,37,17,4,36,45,41,40,18,29,46,31,11,6,49,8,7,26]
125136 [2,5,1,7,3,6,8,4]
1542756 [13,12,5,7,4,11,6,8,1,9,3,10,2]
1744285 [3,8,5,2,6,7,4,9,1]
1171223 [12,14,9,7,1,8,5,10,6,11,13,4,3,2]
1060427 [1,2,3,4,5,6,7]
171559 [7,6,3,1,10,4,2,9,8,5]
171559 [7,8,4,5,6,1,3,2]
337540 [1,4,7,5,2,6,3]
337540 [3,13,18,11,10,14,17,5,2,12,4,7,9,15,16,1,8,6]
1375689 [6,3,1,5,2,4,7]
1683484 [4,5,2,3,6,1]
1683484 [4,3,1,8,2,5,6,7]
1683484 [1,2,4,7,3,9,8,5,6]
1848398 [1,2,3,4,5,6,7,8,9,10,11,12,13,14,15,16,17,18,19,20,21,22,23,24,25,26,27,28]
1851127 [1,2,3,4,5]
1450284 [18,28,20,15,9,11,19,35,4,33,14,7,22,6,23,34,32,31,25,10,17,5,2,13,29,27,30,36,1,24,16,26,21,12,8,3]
1473460 [2,4,5,3,1]
1520051 [1,2,3,4,5,6,7,8]
1520051 [1,2,3,4,5,6,7,8,9,10,11,12,13,14,15,16]
268600 [4,12,7,11,8,1,2,6,3,5,9,10]
268600 [17,22,24,7,12,2,8,5,4,15,6,26,14,23,13,21,20,11,1,9,3,27,18,10,16,19,25]
268600 [4,2,1,3,5]
268600 [3,7,8,6,5,2,9,4,1]
268600 [5,1,4,8,7,6,2,3,9]
268600 [7,5,2,4,1,3,6]
1583352 [1,3,2,4,5]
2253077 [1,7,2,5,3,4,6]
2253077 [1,6,7,2,5,4,3]
2253077 [1,5,2,3,4]
2253077 [9,3,4,1,10,11,6,2,7,8,5]
2253077 [2,8,5,3,1,6,7,4]
2361405 [2,1,4,5,3]
2370657 [8,15,9,5,6,12,10,16,2,11,1,14,13,4,3,7]
2379844 [2,5,4,1,3]
2379844 [6,5,2,4,7,1,3]
2379844 [5,2,4,1,6,3,7]
2379844 [4,3,1,2,5]
2379844 [5,6,4,1,2,7,8,3]
2386307 [2,3,1,4,5,6]
2386307 [2,6,7,3,5,1,4]
930903 [2,1,3,4,6,5]
930903 [12,2,6,14,11,3,17,5,15,4,18,10,9,7,8,13,16,1]
930903 [11,2,1,3,20,30,22,19,14,6,27,16,8,9,26,4,21,7,23,12,10,24,29,28,25,13,18,17,15,5,31]
948803 [1,2,3,4,5,6]
949107 [1,4,2,6,5,3,7]
978501 [1,2,3,4,5,6,7]
978501 [1,2,3,4,5,6,7,8,9]
2547921 [5,4,2,3,1]
317862 [1,2,4,3,5]
510680 [2,1,3,4,5]
510680 [9,1,5,3,7,8,4,2,6]
510680 [16,3,22,27,11,15,12,1,18,23,34,21,32,20,7,35,2,24,4,17,28,13,14,19,36,25,8,5,10,33,6,29,30,26,9,31]
510680 [4,5,8,3,7,9,6,2,1]
510680 [9,3,11,10,2,1,6,7,5,8,4]
510680 [10,8,6,12,5,1,9,4,3,2,7,11]
1012145 [1,2,3,4,5,6,7,8,9,10,11,12,13]
1012145 [1,2,3,4,5,6,7,8,9,10,11,12,13,14]
1012145 [1,2,3,4,5,6,7,8,9,10,11,12,13,14,15,16]
1012145 [1,2,3,4,5,6,7,8]
1223263 [4,2,5,3,1]
1331272 [4,1,3,2,6,5,8,7]
1331272 [8,1,6,2,7,12,10,11,9,3,5,4]
1331272 [10,11,4,17,13,12,22,21,14,16,19,7,9,1,6,15,3,23,8,18,20,2,5]
1331272 [4,3,5,2,1]
1331272 [4,6,3,1,5,2]
1331272 [8,7,11,6,2,4,3,10,9,12,5,1]
1368005 [3,8,6,2,1,4,7,5]
1683239 [1,6,2,5,4,3]
1744285 [1,5,18,6,10,2,14,15,22,3,9,16,7,21,12,4,13,11,20,19,23,17,24,8]
1856951 [7,1,6,5,8,2,4,3]
1930942 [13,15,3,7,11,9,1,12,2,6,5,8,4,10,14]
2044604 [15,9,14,8,16,7,11,12,5,2,1,6,4,3,13,10,17]
2121124 [12,7,13,14,2,4,6,9,1,11,5,8,3,10]
2121124 [3,5,6,2,1,4,7]
22895 [3,8,2,4,9,6,5,1,7]
463733 [5,10,17,11,7,14,8,12,2,3,13,9,4,16,6,1,18,15,19]
1171223 [2,7,9,1,8,6,5,3,4]
1546322 [1,7,8,4,2,3,6,5]
1562408 [6,3,7,1,8,4,5,2]
1614920 [4,5,13,7,8,3,11,9,2,1,12,10,6]
779944 [3,5,32,2,9,38,34,4,14,25,36,22,28,18,16,20,23,11,27,29,26,31,19,6,21,24,12,8,15,33,37,13,17,7,35,30,1,10]
779944 [13,12,8,1,4,11,7,9,5,2,6,10,3]
779944 [19,9,17,10,5,4,6,7,8,1,12,13,18,16,11,2,15,3,14]
779944 [3,6,1,5,2,4]
831059 [5,6,10,14,11,3,13,12,7,17,9,15,8,1,2,16,4]
831059 [3,2,5,4,1]
831059 [6,4,2,5,1,3]
831059 [5,4,2,3,1]
844776 [8,4,7,5,3,2,6,1]
844776 [3,1,4,5,7,2,8,10,6,12,11,9]
844776 [1,2,5,4,3]
844776 [2,8,3,4,10,7,11,17,1,18,15,9,6,12,14,16,5,13]
1255547 [6,7,5,1,2,8,3,4]
1368005 [7,1,6,5,2,4,3]
1368005 [5,12,2,9,6,11,7,8,1,3,10,4]
1368005 [1,3,2,6,4,5]
1368005 [6,3,2,1,4,5]
1331513 [1,3,4,6,5,2]
1331513 [6,5,3,4,1,2]
1331513 [19,34,1,18,32,11,20,3,38,27,5,26,29,13,36,37,17,4,7,2,35,21,22,31,23,25,28,30,9,15,6,10,14,39,12,16,24,33,8]
1331513 [7,1,3,6,2,5,4]
1331513 [7,5,4,6,11,12,2,3,1,13,8,9,10]
2212062 [22,26,6,1,17,8,23,29,14,18,25,3,12,24,28,16,4,19,20,13,21,27,5,15,2,11,10,7,9]
2296992 [4,11,7,5,2,1,9,10,3,8,6]
2296992 [1,2,11,10,4,13,6,3,15,8,14,7,9,5,12]
2296992 [2,1,4,5,3]
2296992 [3,10,11,9,8,7,4,2,5,6,1]
2296992 [17,21,9,4,5,15,16,2,13,11,14,19,20,1,22,12,18,8,7,6,10,3]
2296992 [5,7,14,9,12,8,4,2,1,13,6,16,17,11,18,3,15,10]
1879949 [4,3,1,2,5]
1867811 [1,2,3,4,5,6,7]
1867811 [1,2,3,4,5,6,7,8]
1885147 [1,3,4,2,5]
1885147 [3,4,7,6,5,1,2]
1887306 [22,39,12,18,47,24,1,51,54,15,43,20,41,3,35,9,16,46,49,44,11,29,28,33,55,36,37,40,34,32,45,30,13,21,42,48,14,4,52,25,53,26,38,10,27,23,5,2,31,6,7,19,8,50,17]
1888687 [1,2,3,4,5,6,7,8,9,10,11,12,13,14,15,16,17,18,19,20,21,22,23,24,25,26,27,28,29]
1976045 [1,5,7,4,8,6,3,2]
2027502 [6,10,1,2,4,3,7,8,5,9]
2027502 [12,11,10,5,3,8,16,15,13,14,2,6,17,4,9,7,1]
2027502 [9,5,4,6,3,7,2,8,1]
2027502 [1,2,4,3,5]
2027502 [5,8,6,7,3,9,2,10,1,4]
2027502 [2,4,6,1,5,3]
2031993 [3,1,4,7,6,2,5]
2041007 [13,1,12,10,8,3,7,14,15,9,11,4,6,2,5]
2118743 [4,10,9,2,6,7,8,1,3,5]
2118743 [7,5,1,3,6,4,2]
2118743 [4,2,10,9,8,5,1,7,3,6]
2118743 [10,24,25,13,17,23,11,16,14,9,21,15,26,7,22,3,8,1,4,19,12,2,20,5,6,18]
2129565 [1,2,6,8,4,5,3,7]
192781 [2,8,1,3,9,6,4,7,5]
192781 [1,4,3,5,7,2,6]
192781 [6,9,3,1,8,7,4,5,2]
192781 [2,5,1,3,4]
192781 [9,5,7,8,10,2,3,1,6,4]
192781 [4,7,2,1,6,3,5]
192781 [3,1,4,2,5]
192781 [2,5,3,1,6,4,7,8]
192781 [18,15,16,26,23,24,6,5,7,3,29,22,2,8,12,19,27,17,10,30,25,13,9,11,21,4,1,20,28,14]
192781 [10,5,8,2,7,6,4,3,1,9,11]
192781 [4,1,3,2,6,5]
192781 [2,8,6,5,7,4,3,1]
1092441 [5,2,1,3,4]
1158222 [9,15,27,11,30,24,7,35,26,3,19,36,16,28,33,1,13,18,25,31,29,10,37,17,21,34,23,22,2,6,8,32,12,5,4,20,14,38]
1158222 [18,4,11,8,10,12,14,9,17,13,6,19,21,22,7,20,1,2,24,5,15,3,16,23]
1178523 [1,2,5,3,4]
1182135 [12,3,1,7,14,11,15,4,8,2,9,5,6,16,10,13]
1251390 [9,8,6,4,5,1,3,7,2,10]
1251390 [1,2,3,4,6,5]
1251390 [4,3,1,6,5,2]
2379844 [3,5,2,1,4]
1251390 [21,11,18,3,5,4,9,13,20,15,23,17,8,2,22,19,25,6,10,16,1,7,24,14,12]
2041007 [1,2,8,9,7,5,6,4,3]
2053307 [3,2,1,6,5,4]
2101786 [1,7,3,5,8,2,6,4]
1718838 [11,10,3,1,8,2,5,7,9,6,12,13,14,4]
1718838 [6,3,1,2,4,5]
1718838 [6,2,5,1,4,3]
1718838 [2,11,5,13,9,3,1,7,10,12,8,4,6,14]
1718838 [14,7,12,2,10,11,1,5,6,3,4,8,15,9,13]
1718838 [10,12,11,8,1,4,2,13,5,7,3,6,9]
1718838 [6,2,3,9,5,12,1,14,11,15,7,10,4,13,8]
1732429 [19,26,14,22,2,3,10,5,8,6,12,4,28,23,27,18,7,1,15,17,13,24,20,16,21,9,25,29,11]
1753136 [3,4,5,6,2,1]
1753136 [12,13,8,11,1,2,3,15,5,14,6,16,4,7,9,10]
2108687 [1,10,9,11,2,7,8,5,12,4,6,3]
2108687 [4,3,5,2,1]
2122044 [12,29,38,24,34,28,31,13,3,6,33,11,30,39,22,35,17,16,10,4,1,36,41,23,9,7,8,32,37,40,14,5,15,2,25,27,19,21,20,26,18]
2186994 [3,1,8,9,2,4,7,6,5]
1791251 [2,3,4,1,5]
1799180 [11,15,31,24,8,2,1,34,29,3,21,4,14,17,28,7,10,22,36,13,23,9,26,12,35,27,5,20,32,16,6,18,19,33,25,30]
1799180 [17,28,30,7,15,24,12,19,11,3,13,21,27,25,23,29,1,2,18,9,20,31,5,6,22,8,16,14,4,26,10]
1810529 [3,9,6,7,10,1,2,4,5,8]
1753136 [2,1,3,5,4]
1753136 [4,2,3,5,1,6,7]
875869 [5,6,4,8,3,1,2,7]
891255 [3,5,4,1,2]
899728 [2,4,1,8,3,5,6,7]
1153721 [1,2,3,4,5]
1153721 [1,2,3,4,5]
1153721 [1,2,3,4,5,6,7,8,9,10,11]
1185642 [5,6,8,10,7,9,2,3,1,4]
1534893 [26,7,20,31,14,18,4,30,15,10,29,8,1,25,24,5,2,12,11,21,19,27,3,16,28,6,17,23,22,13,9]
1015339 [2,5,3,1,7,6,4]
1015339 [3,5,6,4,7,1,2]
1016621 [5,1,3,4,2]
1016621 [6,12,8,5,9,10,11,4,2,3,1,7,13]
1089896 [11,3,9,2,12,10,7,1,8,5,6,4]
1089896 [3,5,4,1,2]
1108879 [6,4,2,11,9,10,7,13,12,3,8,5,1]
1108879 [1,7,4,5,6,2,3]
1108879 [3,1,2,4,5]
1108879 [5,7,2,9,20,21,14,13,19,10,8,15,3,16,4,17,11,18,12,1,6]
1108879 [5,16,6,17,1,12,10,2,14,3,7,8,15,13,4,9,11]
1108879 [10,22,3,6,9,7,2,20,18,19,11,12,13,4,5,21,23,15,16,14,1,8,17]
1108879 [12,2,20,19,16,4,9,1,15,22,21,18,10,7,11,8,3,13,17,14,6,5]
1108879 [32,23,22,1,37,26,5,30,20,21,6,15,9,10,8,11,31,13,7,24,33,28,27,35,29,4,17,25,34,36,2,3,19,18,16,14,12]
1108879 [6,3,1,5,7,4,8,2]
1108879 [15,9,3,2,10,7,13,6,11,14,4,12,1,5,8]
1108879 [3,6,9,11,10,8,5,1,4,2,7]
1131819 [1,4,5,2,3]
1153336 [5,1,4,8,7,2,6,3]
1182135 [9,7,5,4,13,6,10,11,12,8,3,1,2]
1218901 [1,5,4,6,2,3]
1218901 [21,5,13,1,20,19,22,8,25,11,26,14,6,15,23,7,12,2,4,27,3,28,10,18,9,16,17,24]
1218901 [1,17,4,16,12,11,14,19,13,7,5,9,20,2,6,8,18,3,10,15]
1218901 [5,1,4,6,2,7,3]
1218901 [1,4,2,3,6,5]
1298261 [1,2,3,4,5,6,7]
1298261 [1,2,3,4,5,6,7,8]
1302220 [10,15,4,5,3,1,11,12,9,8,13,7,6,14,2,16]
2017374 [5,3,2,1,4,6]
2017374 [2,9,4,6,8,5,1,3,7]
1211061 [3,5,4,1,2]
1211061 [3,5,4,2,1]
2193614 [1,2,3,4,5,6,7,8,9,10,11]
1772866 [1,2,3,4,5,6,7,8]
1772866 [1,2,3,4,5,6,7,8,9,10]
1772866 [1,2,3,4,5]
1783752 [4,6,1,2,3,5]
1783752 [2,3,5,8,1,6,4,7]
1791251 [1,13,11,4,7,10,8,6,14,2,9,12,5,3]
1791251 [1,3,4,2,5]
1804806 [1,5,3,2,4]
1881817 [1,2,3,4,5,6,7,8,9,10,11,12,13,14,15,16,17,18,19,20,21,22,23,24,25,26,27,28,29,30,31,32,33,34,35,36,37,38,39,40,41,42,43,44,45,46,47,48,49,50,51,52]
1923297 [3,1,4,5,2]
1923297 [10,7,2,3,6,12,11,9,4,1,5,8,13]
1923297 [7,4,11,1,2,8,10,5,6,3,9]
1923297 [13,11,5,2,7,12,1,9,8,10,14,4,3,6]
1923297 [1,5,3,6,2,4]
1926205 [1,2,3,4,5,6,7]
1948814 [2,1,4,3,5,6]
1948814 [3,2,5,8,6,7,1,4]
1948814 [1,6,3,9,5,2,7,4,8]
1948814 [4,8,6,1,2,3,7,9,5]
1948814 [8,1,5,3,4,2,7,6]
1952887 [16,15,10,12,7,4,2,5,3,11,9,8,14,13,6,1]
1952887 [13,20,1,7,19,6,5,16,8,2,11,15,3,12,17,18,4,9,10,14]
1965353 [2,5,4,3,1]
135488 [3,6,1,2,7,4,5]
631807 [6,5,4,1,2,7,3]
631807 [3,6,2,1,5,4]
779944 [7,9,5,13,6,12,10,3,2,4,1,8,11]
779944 [3,4,6,5,1,2]
2557126 [2,1,3,6,5,4]
2557126 [2,5,3,1,10,6,8,4,7,11,9]
2557126 [5,3,1,4,2,6]
2566470 [2,4,3,1,5]
2574644 [6,2,4,1,3,5]
2574644 [7,1,9,4,11,5,3,10,13,6,14,15,2,12,16,8]
2574644 [21,8,13,17,6,9,18,7,22,1,5,16,14,11,3,19,20,12,15,4,10,2]
2574644 [7,2,1,4,8,5,3,6]
2574644 [1,10,2,8,5,12,9,11,4,7,6,3]
2574644 [14,3,10,6,12,4,17,8,11,9,5,15,7,2,13,16,1]
2584367 [1,2,3,4,5,6,7,8,9,10,11,12,13,14,15,16,17,18,19,20,21]
2584367 [1,2,3,4,5,6,7,8,9,10,11,12,13,14,15,16,17,18,19,20,21,22,23,24,25,26,27,28,29,30,31,32,33,34]
958682 [1,2,3,4,5,6,7,8,9,10,11,12,13]
965694 [1,2,3,4,5,6]
965694 [1,2,3,4,5]
965694 [1,2,3,4,5,6,7,8,9,10,11,12,13,14,15,16,17,18]
1014041 [1,2,3,4,5,6]
1031008 [4,5,6,3,2,1]
1031008 [1,6,2,4,7,3,8,5]
1041212 [1,2,3,4,5,6,7,8,9,10]
1041212 [1,2,3,4,5,6,7,8]
1041212 [1,2,3,4,5,6,7,8,9,10,11,12,13,14,15,16,17,18,19,20,21,22]
1043430 [1,2,3,4,5,6,7,8,9,10,11,12,13]
1043430 [1,2,3,4,5,6,7,8,9,10,11,12,13,14,15,16,17,18,19,20,21,22,23,24,25,26,27,28,29,30,31,32,33,34,35,36,37,38,39,40,41,42,43,44,45,46,47,48,49,50,51,52,53,54,55,56,57,58,59,60,61,62,63,64,65]
1047632 [14,34,24,17,36,32,12,6,31,1,38,18,2,33,28,20,19,23,29,13,9,40,15,7,26,22,37,21,11,44,43,10,35,25,3,8,30,41,4,5,39,27,16,42]
1048048 [1,2,3,4,5,6,7,8,9,10,11,12,13,14]
1048048 [1,2,3,4,5,6,7]
1048048 [1,2,3,4,5,6,7,8,9,10,11,12,13]
1048048 [1,2,3,4,5,6]
1048048 [1,2,3,4,5,6,7,8,9,10,11,12]
1331272 [5,2,3,1,6,4]
1331272 [7,8,6,5,4,2,1,9,3]
1331272 [10,6,11,1,12,2,9,7,3,5,4,8]
1331272 [6,5,4,1,2,12,10,3,9,14,7,8,15,11,13]
1331272 [2,5,4,3,6,8,9,7,1]
1331272 [5,3,4,2,1]
1331272 [2,6,5,1,4,3]
1331513 [5,3,6,4,1,2]
1331513 [10,13,2,8,12,9,1,4,3,6,7,5,11,14]
1331513 [2,3,4,1,5]
1542756 [5,3,4,2,1]
1073596 [1,2,3,4,5,6,7]
1095429 [2,6,3,4,1,7,5,8]
1095429 [2,3,4,5,1]
1095429 [4,2,1,5,3]
1095429 [5,2,1,3,4]
1119343 [8,6,1,3,7,4,2,5]
1119343 [5,4,3,2,1]
1119343 [8,2,7,9,1,6,14,15,13,4,10,17,11,16,5,12,3]
1119343 [1,3,6,5,2,4]
2144690 [1,2,3,4,5,6,7]
1542756 [18,7,13,6,17,10,4,19,9,16,5,15,1,3,14,11,8,12,2]
1744285 [1,3,5,2,4]
1744285 [6,19,10,18,26,31,27,9,8,7,20,16,30,13,25,32,17,12,28,15,23,3,22,4,24,5,11,14,21,2,1,29]
1744285 [10,11,3,18,15,27,24,26,12,17,2,5,6,16,19,13,20,29,31,7,4,9,32,21,28,25,8,23,1,14,22,30]
2193614 [1,2,3,4,5,6,7]
2193614 [1,2,3,4,5,6,7]
1648179 [1,2,3,4,5,6,7,8,9,10,11,12,13,14,15,16]
2383262 [2,11,14,10,9,6,12,3,15,1,8,5,13,7,16,4]
2383262 [3,13,2,8,9,7,5,10,1,14,6,12,11,4]
2383262 [3,12,2,8,9,1,14,11,4,13,7,6,5,10]
2383262 [11,10,1,12,4,6,8,7,3,2,9,5,13]
2390691 [2,14,12,8,6,15,3,11,4,10,16,1,13,5,7,9]
2390691 [14,8,16,1,7,9,15,11,6,4,12,3,2,5,10,13]
2390691 [11,5,12,19,2,17,20,25,6,24,10,4,22,1,16,7,21,13,3,18,9,8,14,23,15]
2390691 [7,3,9,1,4,6,5,8,2]
2390691 [6,2,1,9,8,5,7,3,4]
2403084 [1,2,3,4,5,6,7,8,9,10,11,12,13,14,15,16,17,18,19,20,21,22]
2403084 [1,2,3,4,5,6,7,8,9,10,11,12]
2403084 [1,2,3,4,5,6,7,8,9,10,11,12,13,14,15,16,17,18,19,20,21,22,23,24,25,26,27,28,29,30,31,32,33,34,35,36]
2404803 [1,2,3,4,5,6,7,8,9,10,11,12,13,14,15,16,17,18,19,20,21,22,23,24,25]
2404803 [1,2,3,4,5,6,7,8,9,10,11,12,13,14,15,16]
2404803 [1,2,3,4,5,6,7,8]
2415367 [4,1,6,3,2,5]
2445099 [1,2,3,4,5,6,7,8,9]
2471516 [6,10,3,11,7,14,8,15,2,13,18,1,17,4,9,12,5,16]
2580963 [1,2,3,4,5]
2580963 [1,2,3,4,5,6]
2580963 [1,2,3,4,5,6,7]
2580963 [1,2,3,4,5,6,7]
2580963 [1,2,3,4,5,6]
2580963 [1,2,3,4,5,6,7,8,9,10]
2580963 [1,2,3,4,5,6,7]
2580963 [1,2,3,4,5,6,7,8,9,10]
2580963 [1,2,3,4,5,6,7,8]
2580963 [1,2,3,4,5,6,7,8]
2580963 [1,2,3,4,5]
2580963 [1,2,3,4,5,6]
808364 [2,4,3,7,5,6,1]
1331272 [1,6,4,3,2,5]
1331272 [6,2,4,5,3,1,7,8]
1331272 [16,4,6,10,18,19,1,15,2,17,7,14,3,11,13,8,5,9,12]
1331272 [1,17,11,4,2,12,3,13,9,10,14,16,5,7,8,6,19,18,20,15]
1331272 [7,4,5,3,2,1,6]
1331272 [1,4,5,7,6,3,8,2]
1331272 [10,6,2,9,7,8,1,5,13,12,3,4,11]
2524240 [2,4,3,5,1]
2540950 [6,2,5,4,3,1]
2540950 [2,5,6,3,1,4]
930903 [25,27,9,4,28,22,11,8,13,20,16,12,24,3,18,17,15,7,21,6,5,2,19,14,26,10,1,23]
287386 [2,5,3,1,4]
287386 [5,4,1,6,8,3,7,2]
289998 [7,4,6,2,3,9,5,8,1]
303960 [6,5,8,3,2,9,7,1,4]
755106 [1,2,3,4,5,6,7]
795659 [2,3,1,5,7,8,4,6,9]
1948814 [1,5,8,4,6,3,2,7]
1948814 [2,7,6,3,8,5,4,1]
2490461 [1,2,3,4,5,6,7,8]
2490461 [1,2,3,4,5]
2490461 [1,2,3,4,5,6,7,8,9,10,11,12,13,14,15,16,17,18,19,20,21,22]
2490461 [1,2,3,4,5,6,7]
2490461 [1,2,3,4,5,6,7,8,9,10,11]
2516014 [12,13,17,7,18,14,15,19,11,2,4,8,9,6,10,1,5,16,3]
2516014 [3,4,1,2,5]
2516014 [9,10,4,3,8,11,1,6,2,7,5]
980498 [2,1,5,6,4,7,3]
1900492 [4,2,5,6,3,1]
1546322 [5,1,4,2,3]
1546322 [7,6,2,3,5,9,8,4,1]
1546322 [10,3,9,8,5,7,11,6,2,4,1]
1546322 [17,6,10,18,5,13,14,19,8,1,4,7,2,3,16,11,15,12,9]
1546322 [4,1,2,3,5,7,6,8]
1546322 [1,6,3,2,4,5]
1562408 [2,3,6,5,1,4]
1562408 [2,7,6,1,4,9,5,3,8]
1562408 [2,1,3,4,5]
1562408 [3,4,5,1,2]
1562408 [1,9,4,7,3,8,5,2,6]
1636133 [1,2,5,4,3]
1206044 [1,5,2,11,6,9,3,7,4,10,8]
1223263 [1,10,3,4,5,7,6,9,2,8]
1223263 [2,6,1,5,3,4]
1223263 [2,4,3,5,1]
1368005 [43,44,10,34,28,31,32,18,2,23,47,29,7,9,3,20,21,49,45,51,17,19,39,6,30,4,5,22,8,50,40,37,42,52,27,33,24,53,41,26,48,11,46,36,25,12,15,14,35,16,38,54,13,1]
2052088 [3,2,6,11,10,4,8,7,1,9,5,12]
2113901 [1,5,3,4,2]
2113901 [5,1,2,3,4]
2149580 [4,1,5,2,6,3]
2149580 [6,1,2,4,5,3]
2203548 [4,3,2,5,6,1]
2203548 [6,7,1,5,3,2,4]
2203548 [24,30,29,16,19,10,9,12,20,32,23,6,17,31,3,7,26,5,22,2,28,27,11,14,13,25,21,4,18,1,15,8]
2203548 [8,12,6,2,3,5,11,9,7,10,1,4]
2203548 [7,12,17,23,9,35,31,4,28,36,8,5,27,34,18,13,25,22,24,26,32,15,19,30,33,16,6,21,2,10,14,20,3,1,11,29]
2203548 [5,11,10,17,6,8,9,18,15,4,2,13,7,14,12,3,1,16]
1282386 [11,10,6,4,9,13,2,14,5,12,7,3,1,8]
1282386 [2,3,4,5,1]
1308113 [6,5,2,1,4,3]
1308113 [5,9,1,6,8,4,2,7,3]
1314325 [2,3,9,7,5,8,4,1,6]
1314325 [10,2,11,5,12,9,1,3,6,8,7,4]
1314325 [3,1,4,6,7,2,9,5,8]
1314325 [18,5,3,7,6,31,19,22,17,11,1,29,2,20,21,30,14,32,15,10,25,28,4,12,23,33,8,16,24,27,26,9,13]
1360769 [4,1,5,2,10,12,7,9,11,3,6,8]
1449688 [3,4,9,5,6,7,1,8,2,10]
2237131 [1,4,3,6,5,2]
1405440 [1,2,3,4,5,6,7,8,9,10,11,12,13,14,15,16,17,18,19,20,21,22,23,24,25,26,27,28,29,30,31,32,33,34,35,36,37,38,39,40,41,42,43]
1405440 [1,2,3,4,5,6,7,8,9,10,11,12,13,14,15,16,17,18,19,20,21,22,23,24,25,26,27]
1405440 [1,2,3,4,5,6,7,8,9,10,11,12,13,14,15,16,17,18,19,20,21,22,23,24,25,26,27,28,29,30,31,32,33,34,35]
1405440 [1,2,3,4,5,6]
1467103 [1,2,3,4,5,6,7,8,9,10,11]
1505071 [1,2,3,4,5,6,7,8,9,10,11,12,13]
1531280 [4,5,2,1,3,6]
1703304 [7,1,6,5,3,2,4]
1735089 [7,1,6,10,3,5,15,2,14,12,13,9,11,8,4]
1735089 [14,19,1,9,12,11,8,5,3,15,17,4,13,16,18,10,7,6,2]
1746537 [10,8,2,6,4,5,7,9,3,1]
1746537 [8,5,4,29,17,2,34,21,40,19,31,3,28,6,10,11,25,37,16,33,13,15,23,26,7,12,39,35,1,18,36,38,14,27,22,32,24,30,20,9]
1785149 [5,11,3,9,4,10,13,6,2,7,8,1,12]
1785149 [16,5,25,18,3,8,20,10,19,2,17,14,1,24,21,7,12,23,15,26,22,9,6,11,4,13]
1785149 [2,7,5,4,1,6,3]
1785149 [13,6,8,12,5,7,3,10,1,14,11,9,4,2]
1791251 [3,1,5,9,4,6,2,10,7,8]
1804806 [15,2,6,4,3,5,7,13,10,11,12,1,14,9,8]
22895 [8,6,1,3,12,7,5,10,11,4,13,2,9]
192781 [10,7,6,1,8,2,5,4,3,9]
1108559 [1,27,17,12,2,31,18,8,5,33,26,10,20,9,21,28,6,23,24,25,16,19,7,30,22,34,3,13,15,29,32,11,14,4]
1779138 [12,14,15,17,3,10,9,7,8,11,4,5,6,2,1,13,16]
1907146 [9,3,1,10,8,6,2,7,5,4]
1907146 [1,9,4,6,3,10,7,8,5,2]
1907146 [7,4,9,5,6,1,10,2,8,3]
2107360 [35,29,7,2,3,24,6,18,31,12,1,32,33,30,22,40,4,9,25,11,36,34,28,13,17,19,21,37,39,27,26,5,23,10,16,14,8,20,15,42,41,38]
2540950 [4,1,2,3,5]
1223652 [7,2,12,6,4,1,10,8,9,3,11,5]
1251390 [10,3,1,20,19,23,5,12,13,17,8,15,16,14,2,21,18,22,7,6,9,11,4]
1251390 [14,4,8,5,3,15,9,1,2,11,10,7,13,12,6]
1251390 [6,26,32,1,18,25,31,22,20,10,34,5,4,3,33,13,12,9,11,7,29,16,19,21,2,28,15,14,30,17,23,27,24,8]
1251390 [12,11,9,10,5,1,6,2,3,8,7,4]
1309075 [2,4,6,3,9,5,8,10,1,7]
1309075 [2,8,6,3,4,7,5,1,9]
1298261 [1,2,3,4,5]
1363310 [1,2,3,4,5,6,7,8,9,10,11,12,13,14,15,16,17,18,19,20,21,22,23,24,25]
1383987 [3,6,9,1,8,7,2,4,5]
1383987 [4,1,2,3,5]
2121124 [5,8,4,15,1,16,13,10,6,7,14,11,3,2,17,9,12]
2121124 [11,9,7,5,3,1,10,4,6,2,8]
2121124 [6,10,5,2,1,15,12,3,9,11,7,4,13,8,14]
2121124 [2,1,3,4,5]
2121124 [3,5,11,8,9,2,6,1,12,4,7,10]
2121124 [3,6,13,9,2,7,1,14,10,4,15,8,12,5,11]
2143620 [1,3,8,6,4,7,2,5]
234690 [1,2,3,4,5,6,7]
234690 [1,2,3,4,5,6]
234690 [1,2,3,4,5]
234690 [1,2,3,4,5,6,7]
234690 [1,2,3,4,5,6,7,8,9]
234690 [1,2,3,4,5,6,7,8,9]
234690 [1,2,3,4,5,6,7,8,9]
234690 [1,2,3,4,5,6]
234690 [1,2,3,4,5]
244367 [1,6,2,5,7,4,3]
244367 [15,4,6,16,2,8,12,14,18,13,3,7,5,11,10,9,17,1]
249788 [5,8,2,1,4,10,9,7,3,6]
1090625 [8,1,6,7,4,5,9,2,3]
1090625 [4,1,3,5,2]
337540 [14,7,9,18,10,2,6,12,3,5,16,1,4,19,21,15,20,11,13,8,17]
393986 [1,2,3,4,5,6,7,8,9,10,11,12,13,14,15,16,17,18,19,20,21,22,23,24,25,26,27]
393986 [1,2,3,4,5,6,7,8,9,10,11,12,13,14,15]
2185613 [6,4,3,5,1,2]
2219576 [5,4,9,1,12,7,2,6,10,8,3,11]
2219576 [3,1,4,2,5]
1918553 [1,2,3,4,5,6]
1923297 [2,3,5,4,1]
1923297 [7,2,3,9,4,5,1,8,6]
1923297 [7,1,2,5,3,6,4]
1923297 [7,2,6,3,4,1,5]
1923297 [2,4,5,3,1]
1956329 [19,16,17,8,20,9,22,2,10,14,21,13,7,12,6,4,3,23,15,1,18,5,11]
2291746 [1,2,3,4,5,6,7,8,9,10,11]
2291746 [1,2,3,4,5,6,7,8,9,10,11,12,13,14,15,16,17,18,19,20,21,22,23,24,25,26,27,28,29,30,31,32,33,34,35,36,37,38,39,40,41,42,43,44,45]
2421328 [12,1,5,3,13,31,38,15,22,4,10,21,11,14,6,36,35,29,16,20,19,24,40,34,25,37,33,9,17,7,18,2,41,39,26,30,32,27,8,23,28]
2421328 [12,2,10,15,4,14,1,8,11,3,6,5,7,9,16,13,17]
2451375 [1,2,3,4,5]
2452178 [1,2,3,4,5,6,7,8,9]
2452178 [1,2,3,4,5,6,7,8,9,10,11,12,13]
2452178 [1,2,3,4,5,6,7,8,9,10,11,12,13,14,15]
2468575 [15,6,24,26,16,25,20,21,1,9,4,5,23,13,7,27,10,31,17,12,18,29,8,28,2,19,22,14,11,3,30]
2490461 [1,2,3,4,5]
2490461 [1,2,3,4,5]
2498205 [2,9,11,8,3,5,7,6,4,10,1]
2498205 [9,4,2,5,7,11,1,8,10,3,6]
2498205 [7,1,8,2,4,10,11,3,6,5,9]
2498205 [1,5,3,4,2]
2498205 [2,5,1,4,3]
2498205 [6,4,1,8,10,3,7,5,2,9]
2499516 [3,10,1,4,6,2,5,7,9,8]
1158222 [15,18,1,8,12,20,28,26,24,3,11,21,2,27,25,34,33,4,16,7,13,31,22,6,19,5,14,32,17,10,9,30,29,23]
289709 [2,5,3,4,7,1,8,6]
309336 [5,2,1,4,3]
1887306 [1,5,9,8,12,11,2,4,6,7,3,10]
2015664 [12,8,9,2,15,11,17,18,16,5,6,4,13,7,10,3,14,1]
2031993 [8,3,7,2,4,5,6,1]
2101786 [1,9,3,2,15,7,5,6,4,12,11,13,14,8,10]
2101786 [1,11,2,10,8,4,5,9,3,7,12,6]
2102752 [1,2,3,6,7,5,4]
2102752 [1,4,2,6,5,3]
2102752 [2,1,4,5,8,3,7,6]
2107360 [3,5,4,2,1]
2128271 [1,2,3,4,5,6,7,8,9,10,11,12,13,14,15]
2128271 [1,2,3,4,5,6,7,8]
2128271 [1,2,3,4,5,6,7]
2128271 [1,2,3,4,5,6,7,8]
768249 [3,6,2,5,4,1,7]
1200231 [16,20,10,18,13,15,3,9,1,14,4,8,11,7,12,17,5,6,19,2]
1470906 [1,2,3,4,5,6]
1753136 [8,15,4,14,10,13,2,11,5,7,6,9,12,3,1]
1753136 [9,8,4,5,3,2,7,10,11,1,6]
1856951 [2,5,10,7,9,8,1,3,6,4,11]
1856951 [1,7,9,3,2,5,4,8,6]
1856951 [36,26,3,4,29,37,31,25,30,34,32,17,19,8,22,2,27,18,11,24,7,35,15,16,14,38,5,13,33,21,1,10,6,20,23,28,9,12]
1907146 [29,26,27,17,13,24,16,2,20,22,10,5,19,4,8,12,15,3,25,6,28,9,21,11,23,31,18,30,32,14,1,7]
1825805 [1,2,3,4,5,6,7,8,9,10]
1833688 [3,4,5,2,1]
1833688 [6,4,1,5,3,2]
1833688 [3,1,4,7,5,2,6]
1833688 [6,4,2,5,7,1,3]
1862788 [4,9,3,1,5,2,7,6,10,11,8]
1862788 [8,10,3,7,2,6,5,1,4,9]
1862788 [4,2,1,8,7,5,6,3]
1862788 [5,4,3,1,6,7,2]
1862788 [9,15,7,17,16,11,8,19,3,18,12,6,10,1,13,4,14,5,2]
1879949 [6,1,4,2,5,3]
1961735 [4,6,1,3,2,5,7]
1961735 [5,1,3,7,8,6,9,2,10,4]
1961735 [3,5,12,8,9,20,10,7,18,2,19,17,4,14,11,15,6,1,16,13]
1961735 [1,9,2,4,6,3,8,5,12,7,11,10]
1961735 [6,2,4,1,5,3]
1961735 [3,5,2,1,4]
1961735 [5,3,6,1,4,2]
1995559 [6,3,5,4,1,2]
2003901 [2,3,4,5,6,1]
2017374 [6,5,4,2,7,3,1]
2152672 [3,4,5,1,2]
2152672 [6,7,4,3,2,1,5]
2168028 [2,1,5,9,6,8,7,4,3]
2186994 [1,5,3,2,4]
2190812 [2,7,1,4,3,6,5]
2193614 [1,2,3,4,5,6,7,8]
2193614 [1,2,3,4,5,6,7,8,9]
2261018 [3,4,5,2,1]
2261018 [3,6,1,5,4,2]
2261018 [1,3,9,6,5,7,2,8,4]
2261018 [3,6,2,7,4,5,8,1]
2261018 [2,1,6,11,10,9,4,3,8,7,5]
2272218 [1,2,3,4,5,6,7]
2289040 [3,5,4,1,2]
2289040 [7,12,3,11,9,5,1,2,6,10,13,8,14,4]
2311056 [4,2,3,5,1]
2311056 [3,10,6,20,5,18,2,1,17,14,12,19,7,9,4,11,8,15,13,16]
2345810 [1,2,3,4,5,6,7,8,9]
852601 [4,1,3,2,6,5]
1505173 [1,7,5,8,4,3,6,2]
1753136 [1,9,8,2,15,11,14,7,3,6,5,10,12,4,13]
1799180 [6,2,5,4,1,3]
1799180 [15,30,4,20,23,12,16,27,13,25,17,24,5,3,19,8,10,14,1,22,28,6,26,2,9,29,11,18,21,7]
1799180 [25,5,11,9,22,21,2,19,4,24,6,23,20,26,13,16,3,10,14,12,29,18,28,7,17,15,8,27,1]
1841877 [5,4,1,6,3,2]
1845202 [4,3,2,5,1]
1851127 [1,2,3,4,5,6,7,8]
1956329 [6,1,2,7,10,4,8,5,11,3,9]
1956329 [4,5,3,2,6,1]
1974260 [9,8,1,13,10,11,16,7,2,12,6,14,5,3,17,4,15]
1974470 [9,10,13,3,2,11,1,4,6,14,7,8,12,5]
1974470 [1,5,7,3,4,6,2]
1974470 [21,3,22,8,19,17,2,18,13,15,10,20,16,14,7,5,1,9,4,12,6,11]
1991269 [7,9,3,8,5,6,1,4,2]
1991269 [6,1,5,3,2,4]
1991269 [2,4,5,1,6,3]
1991269 [6,3,7,5,1,4,2]
1991269 [5,3,8,7,4,2,1,6]
2003901 [9,4,5,7,1,6,2,3,8]
2003901 [3,11,4,10,2,13,12,1,5,8,6,7,9]
2003901 [8,14,9,2,10,4,16,12,13,11,7,3,15,1,5,6]
930903 [30,11,8,23,27,22,9,2,21,24,31,12,28,3,20,26,7,25,13,15,14,29,16,4,18,10,6,1,17,19,5]
930903 [4,1,5,2,6,3]
930903 [3,5,8,6,7,9,2,1,4]
965694 [1,2,3,4,5,6,7,8,9,10,11,12,13,14]
965694 [1,2,3,4,5,6]
965694 [1,2,3,4,5,6]
965694 [1,2,3,4,5,6,7,8,9,10,11,12,13,14,15,16,17,18]
965694 [1,2,3,4,5,6]
985452 [1,5,2,6,4,3]
1014041 [1,2,3,4,5]
1020886 [13,4,8,6,14,11,5,1,7,12,3,9,10,2]
1023832 [4,5,7,3,8,6,2,1]
1023832 [9,2,1,3,5,11,4,8,12,6,10,13,7,14]
1029687 [2,3,5,1,6,4]
1047632 [1,10,14,15,13,4,6,12,3,9,16,8,11,2,7,5]
1052476 [5,2,6,1,4,3]
1068993 [5,3,4,2,1]
1086656 [5,7,6,4,2,3,8,1]
1090366 [2,4,5,3,1]
1090366 [8,4,3,7,2,5,1,6]
1090366 [3,29,12,15,9,2,13,31,34,14,6,5,7,11,30,33,24,26,4,17,23,1,20,18,35,32,22,27,19,21,8,25,28,16,10]
1090366 [4,3,1,5,2,6]
1090366 [12,13,10,6,1,5,7,8,11,3,2,4,9]
1090573 [6,4,5,1,8,3,2,7]
1090573 [10,12,17,8,6,4,3,14,7,19,21,1,9,5,2,16,13,15,11,18,20]
1092441 [11,1,12,18,2,21,8,6,14,13,4,15,3,19,17,10,20,9,16,5,7]
2580963 [1,2,3,4,5,6]
2044604 [3,2,8,5,6,9,1,7,4]
2102447 [12,1,5,4,7,6,3,9,11,2,8,10]
2102447 [14,4,15,17,8,11,5,3,18,19,1,6,10,12,2,16,13,9,7]
2102447 [1,2,4,3,5]
2102447 [8,6,3,5,2,4,9,1,7]
2102447 [7,1,2,8,3,4,6,10,5,9]
615468 [1,10,2,3,5,9,7,8,4,6]
645703 [19,11,12,6,4,3,17,16,1,23,9,22,14,10,13,18,7,20,15,8,21,5,2]
675467 [1,2,3,4,5,6]
700730 [14,6,2,3,17,11,13,1,7,9,15,8,4,10,5,12,16]
1907146 [6,3,9,8,2,10,7,11,5,4,1]
1907146 [5,4,6,1,10,11,7,8,2,9,3]
1594652 [11,14,12,9,1,10,3,8,6,13,7,2,5,4]
1594652 [12,4,10,13,1,2,6,9,8,7,3,11,5]
566385 [1,2,3,4,5]
566385 [1,2,3,4,5,6]
566385 [1,2,3,4,5,6,7,8,9,10,11,12,13,14,15,16,17,18,19,20,21,22,23,24,25,26,27,28,29,30,31,32,33,34,35,36,37,38,39,40,41,42,43,44,45,46,47,48,49,50,51,52,53,54,55,56,57,58,59,60,61,62,63,64,65,66,67,68,69,70,71]
1542756 [1,4,2,5,6,3]
1318329 [1,32,29,35,16,17,20,14,10,36,38,27,15,18,34,13,28,23,31,30,21,12,7,6,3,24,19,26,11,9,22,5,2,39,33,40,37,8,4,25]
71413 [9,5,10,12,8,2,1,7,3,6,11,13,4]
944122 [6,3,5,2,4,7,1]
1153721 [1,2,3,4,5,6,7]
1153721 [1,2,3,4,5,6,7,8]
1153721 [1,2,3,4,5,6,7]
1153721 [1,2,3,4,5]
1153721 [1,2,3,4,5,6,7,8,9]
1171223 [2,3,1,6,5,4]
1171223 [9,8,6,2,5,7,1,4,3]
40071 [2,3,4,1,5]
40071 [5,4,1,2,3]
40071 [5,7,6,4,1,3,2]
29497 [3,6,5,4,1,2]
244367 [2,7,3,4,6,1,5,8]
244367 [2,3,9,8,1,4,7,6,5]
244367 [3,1,7,5,8,2,4,6]
244367 [8,13,9,15,10,5,6,12,1,14,7,11,2,4,3]
244367 [5,11,3,9,6,10,7,8,2,1,4]
244367 [10,5,8,9,2,15,14,16,4,6,3,12,1,13,7,11]
244843 [5,3,7,2,4,6,8,9,1]
244843 [3,4,5,7,2,10,6,11,9,1,8]
244843 [5,10,11,2,6,8,4,1,3,7,12,9]
244843 [22,23,12,13,2,5,4,16,8,11,15,14,21,19,3,1,18,9,10,7,17,20,6]
244843 [1,10,9,7,4,5,6,8,2,3]
248790 [2,4,1,5,3]
750497 [1,2,13,4,6,14,12,7,11,9,10,5,16,3,15,8]
1974470 [12,5,14,6,13,8,3,4,9,2,1,17,11,10,7,18,16,15]
1974470 [2,10,5,9,6,13,1,7,12,4,8,3,11]
1974470 [5,3,1,4,2]
1974470 [4,1,3,5,2,6,7]
1974470 [2,3,4,5,1,6]
1974470 [4,1,7,6,2,3,5]
2547943 [3,4,1,2,10,8,13,12,6,5,7,11,9]
81492 [3,2,1,4,6,5,7]
81492 [8,1,2,13,6,11,12,5,9,4,10,14,7,15,3]
81492 [3,2,4,5,1]
81492 [4,9,2,7,5,1,3,8,6]
81492 [1,5,6,2,3,4,7]
81492 [44,24,30,59,45,1,11,28,34,31,37,48,66,38,55,10,25,33,42,4,61,51,7,6,26,64,57,50,29,63,27,41,21,60,49,67,12,17,19,58,40,54,22,62,3,18,47,46,20,15,16,9,23,2,53,8,52,36,65,43,39,14,13,5,35,56,32]
118159 [1,2,3,4,5,6,7,8,9,10,11,12]
36131 [6,4,7,3,5,1,2]
36131 [3,6,9,12,7,5,8,10,1,13,4,2,11]
321436 [1,2,3,4,5,6,7,8,9]
321436 [1,2,3,4,5,6,7,8,9]
321436 [1,2,3,4,5,6]
1932946 [13,7,10,2,6,12,1,3,15,14,5,11,4,8,9]
1932946 [7,2,3,1,8,9,5,4,6]
1932946 [2,10,6,13,5,4,1,8,7,9,11,3,12]
1932946 [16,4,8,7,3,12,13,10,9,17,6,18,1,14,15,2,5,11]
1932946 [8,2,12,7,10,3,9,11,13,4,5,6,1]
1965353 [1,6,10,9,5,2,8,3,7,4]
68235 [6,11,5,2,4,10,1,9,8,3,7]
68235 [5,2,8,9,1,10,7,6,3,4,11]
71413 [19,10,18,14,7,13,6,11,8,3,20,17,15,5,1,9,12,4,2,16]
71413 [7,2,3,1,10,4,5,6,8,9]
367419 [7,6,4,5,3,8,1,2]
374121 [10,5,4,8,2,3,11,9,1,6,7,12]
387662 [1,2,3,4,5,6,7,8,9,10,11,12,13,14,15,16]
387662 [1,2,3,4,5,6,7,8,9,10,11,12,13,14,15,16,17,18,19]
387662 [1,2,3,4,5,6,7,8,9,10,11,12,13,14,15]
82733 [2,7,1,3,4,6,5]
82733 [3,1,4,8,2,6,7,5]
95507 [9,7,5,6,2,3,4,8,1]
95507 [3,4,2,5,1]
251902 [6,5,3,4,1,2,7]
251902 [13,19,5,2,20,16,12,10,15,1,4,7,9,3,14,6,11,18,8,17]
117584 [1,2,3,4,5,6,7,8,9,10,11,12,13,14,15,16,17,18,19,20,21,22,23,24,25,26,27,28,29,30,31,32,33,34,35,36,37,38,39,40,41,42,43,44,45,46,47,48,49,50,51,52,53,54,55,56,57,58,59,60,61,62,63,64,65,66]
158641 [4,2,1,7,8,11,10,5,12,9,3,6]
160892 [8,2,5,3,9,7,6,1,4]
2390691 [4,1,2,3,6,5]
2390691 [4,7,18,13,2,17,20,15,6,9,1,12,10,19,23,11,21,8,5,3,22,16,14]
2390691 [13,18,24,10,8,23,25,27,3,2,29,4,15,21,12,22,6,17,19,26,5,28,7,14,20,11,9,1,16]
2526874 [1,2,3,4,5,6,7,8]
2526874 [1,2,3,4,5]
2526874 [1,2,3,4,5,6,7,8,9,10]
2526874 [1,2,3,4,5,6,7,8,9,10,11,12,13,14,15]
2548347 [2,4,5,7,3,1,6]
2548347 [6,5,4,1,3,2]
76658 [6,3,2,9,5,8,1,4,7]
201433 [26,17,21,1,8,25,3,33,5,9,11,28,7,2,31,13,12,15,4,19,23,27,20,18,14,10,22,16,29,32,24,6,30]
201433 [8,1,12,2,4,10,6,11,5,9,3,7]
201433 [3,7,6,2,5,4,1]
201433 [1,5,6,3,2,4]
201433 [7,3,1,8,5,4,2,6]
201433 [7,4,3,6,2,1,5]
201433 [11,2,4,9,8,12,3,5,7,10,6,1]
201433 [15,25,10,8,27,20,3,17,19,4,24,2,5,16,22,14,18,23,21,1,7,26,12,6,11,9,13]
43932 [7,5,6,1,2,3,4]
43932 [6,7,3,8,1,4,5,9,2,10]
43932 [3,5,4,1,2]
43932 [5,7,4,2,3,1,6]
43932 [2,3,4,5,1]
50306 [4,3,2,1,5]
50306 [6,1,7,5,3,2,4]
61977 [9,5,1,2,10,11,6,3,4,8,7]
61977 [6,3,10,9,11,1,5,8,4,2,7]
2430015 [4,6,5,2,8,3,7,9,1]
58158 [1,2,3,4,5,6]
58158 [1,2,3,4,5,6,7,8,9,10]
707195 [1,2,3,4,5,6,7,8,9,10]
707195 [1,2,3,4,5,6]
707195 [1,2,3,4,5,6,7]
768249 [9,12,5,14,13,4,7,11,2,3,10,8,6,1]
768249 [22,8,13,15,12,5,21,14,7,10,2,1,20,18,3,4,6,17,23,16,19,9,11]
201433 [5,2,3,1,4]
171302 [2,11,14,21,19,15,16,9,13,7,20,10,8,5,22,6,17,12,3,4,1,18,24,23]
1293118 [7,12,11,13,6,9,2,3,14,10,1,5,8,4]
122492 [14,16,9,28,24,3,10,4,47,43,12,23,42,45,25,2,6,18,30,40,19,34,46,35,8,41,33,7,27,5,1,11,26,48,39,20,31,44,22,15,38,21,13,32,17,37,29,36]
134302 [1,2,3,4,5,6,7,8,9]
152880 [2,5,1,7,6,4,8,3]
152880 [11,10,6,12,8,5,13,1,4,7,9,2,3]
152880 [6,3,1,5,4,2]
152880 [13,4,8,2,12,6,7,11,10,3,9,5,1]
164544 [5,4,12,9,2,1,6,10,7,14,11,13,3,8]
164544 [14,11,5,20,3,1,8,9,16,4,18,13,15,10,2,19,17,6,7,12]
164544 [6,15,8,13,11,2,4,3,1,12,16,18,9,10,19,7,14,17,5]
164544 [4,11,13,7,8,10,18,3,6,17,1,5,15,9,16,12,14,19,2]
164544 [11,7,32,5,22,4,28,21,27,14,30,15,2,10,20,16,31,23,33,24,6,13,18,29,8,17,1,19,3,26,25,12,9]
164544 [8,1,9,7,11,3,5,13,4,10,12,2,6]
171559 [2,3,6,4,5,1]
182355 [2,6,3,7,13,1,5,8,12,15,14,11,4,10,9]
194623 [11,16,2,4,6,3,7,10,22,8,9,20,14,19,13,12,15,18,5,1,21,17]
194623 [4,8,11,5,2,9,10,12,1,7,3,6]
425689 [1,3,2,4,5]
521637 [9,8,14,5,15,12,6,3,1,4,13,11,7,10,17,16,2]
1449688 [5,4,2,1,3]
1449688 [3,2,4,5,1]
1470346 [6,4,3,5,1,2]
616502 [4,2,9,3,5,6,1,7,8]
335429 [3,7,8,6,4,10,1,12,2,5,9,11]
337540 [2,3,5,4,1]
337540 [2,9,6,8,22,3,19,10,11,7,13,17,14,12,18,4,15,5,21,16,1,20]
337540 [12,3,13,8,1,5,10,11,9,7,18,15,4,14,6,16,2,17,19]
337540 [14,10,1,5,8,19,2,17,15,13,11,7,18,6,3,12,9,4,16]
802669 [2,4,9,10,7,5,3,6,11,8,1]
802669 [5,3,6,4,2,1]
802669 [34,11,13,9,14,4,25,23,31,8,30,1,15,27,2,29,28,12,10,19,22,3,32,5,18,20,7,21,16,26,17,33,6,24]
802669 [5,6,1,3,2,4]
802669 [1,5,2,4,3]
802669 [7,5,3,6,4,1,2]
802669 [5,3,6,2,1,8,4,7,9]
1302220 [6,4,3,2,5,1]
1302220 [1,16,2,3,15,5,6,8,14,10,12,11,7,13,4,9]
1302220 [6,1,2,4,3,5]
1321771 [1,2,3,4,5,6,7,8,9]
504649 [1,2,4,5,3]
504649 [26,3,12,6,25,17,9,23,22,28,11,10,13,16,27,5,8,20,15,4,1,19,21,18,7,14,24,2]
504649 [1,5,4,6,3,2]
504649 [2,5,13,3,8,11,10,4,7,1,6,9,12]
504649 [14,19,5,1,11,9,16,7,13,8,2,18,6,3,4,10,12,15,17]
661966 [2,7,1,11,16,9,8,15,5,12,14,13,4,6,17,10,3]
665079 [1,10,17,8,14,6,12,7,2,5,18,9,15,16,13,11,4,3]
682168 [8,1,7,3,6,5,2,4]
551337 [12,10,3,9,2,1,7,11,8,6,4,5]
551337 [5,2,3,1,4]
551337 [2,7,10,4,6,3,1,9,5,8]
879404 [1,2,4,5,6,8,7,3]
890209 [16,15,24,34,22,9,26,7,30,18,33,28,10,6,29,19,27,1,8,13,11,4,3,23,25,2,31,5,21,17,20,12,14,32]
447886 [5,4,8,3,2,6,1,7]
459098 [5,3,1,4,2]
459098 [1,2,4,3,5]
467813 [3,2,5,4,1]
725568 [2,13,1,7,5,12,4,10,8,9,11,3,6,14,15]
743385 [1,2,3,4,5]
743385 [1,2,3,4,5,6]
743385 [1,2,3,4,5,6,7,8,9]
743385 [1,2,3,4,5,6,7,8,9,10,11,12,13,14,15]
1248913 [2,11,7,1,5,12,6,8,3,10,4,9]
1275613 [4,6,1,7,3,5,2]
1275613 [5,2,7,6,1,8,3,4,9]
1275613 [4,13,1,11,7,2,12,6,3,9,5,8,10]
661583 [3,2,4,5,1]
717676 [1,2,3,4,5,6,7,8,9,10,11,12,13,14,15,16,17,18,19,20,21]
717676 [1,2,3,4,5]
717676 [1,2,3,4,5]
717676 [1,2,3,4,5,6,7,8,9]
717676 [1,2,3,4,5,6]
732486 [2,1,3,4,5]
732486 [2,4,3,5,1]
732486 [4,5,2,3,1]
736737 [6,2,5,3,7,4,1,8]
2385834 [2,6,1,4,5,3,7]
309336 [6,3,5,1,4,2]
309336 [4,1,5,6,3,2]
591798 [16,4,12,13,5,11,10,6,2,15,3,8,14,7,9,1]
591798 [9,15,3,12,2,5,10,7,1,13,16,6,8,4,11,14]
591798 [3,10,4,2,8,6,11,7,13,12,9,5,1,14]
591798 [19,4,10,17,2,6,14,20,18,12,1,9,15,3,13,7,5,8,16,11]
594086 [8,9,2,6,3,7,5,10,1,4]
594086 [12,1,2,3,8,9,4,11,5,7,13,10,6]
1047938 [1,2,3,4,5,6,7,8,9,10,11,12,13,14]
1047938 [1,2,3,4,5,6,7,8,9]
1047938 [1,2,3,4,5,6,7]
563537 [11,1,10,13,6,7,8,12,5,3,9,2,4,14]
563537 [1,8,13,2,18,25,4,26,22,16,21,17,7,11,23,12,5,3,15,10,6,19,9,24,14,20]
1074381 [1,2,3,4,5,6,7]
1375689 [6,4,7,1,2,8,3,5]
1377811 [3,2,4,6,5,1,7]
1377811 [2,5,4,1,12,17,10,8,7,15,16,9,11,3,14,13,6]
978501 [1,2,3,4,5,6,7,8,9,10,11]
1092441 [6,2,13,7,8,1,12,5,4,10,11,3,9]
1092441 [9,10,13,8,1,11,3,5,6,4,2,12,7]
2420256 [2,15,7,14,16,12,18,4,17,8,10,11,6,9,13,5,1,3]
793546 [3,9,14,7,2,8,4,6,13,1,11,12,10,15,5]
793546 [4,5,3,2,1]
1245658 [1,2,3,4,5,6,7]
1246374 [5,6,2,1,3,4]
1248618 [1,2,3,4,5,6,7,8]
1248913 [1,4,2,5,3,6]
1259481 [1,2,3,4,5,6,7,8]
764629 [11,4,12,1,3,9,10,5,7,14,6,13,8,2]
1210810 [1,2,3,4,5,6]
1210810 [1,2,3,4,5,6,7,8,9,10,11,12,13,14,15,16,17,18]
1373695 [4,1,5,3,2]
1373695 [4,6,3,2,1,5]
1373695 [25,14,7,28,20,13,1,19,23,8,27,26,15,10,5,21,9,22,17,16,2,12,6,18,3,11,24,4]
1373695 [4,3,1,5,2]
122958 [22,19,21,5,2,18,16,9,26,7,6,1,4,20,17,10,13,15,25,12,24,8,11,14,23,3]
122958 [4,8,1,5,6,2,3,10,9,7]
122958 [5,2,4,1,3]
122958 [15,7,6,2,5,8,3,10,9,12,16,1,11,14,13,4]
134588 [1,2,3,4,5,6,7,8,9,10,11,12,13,14,15,16]
141376 [3,1,8,12,4,11,10,6,7,5,13,9,2]
141376 [3,2,1,5,4]
141376 [2,7,3,5,1,6,4]
141376 [4,1,3,5,7,2,6]
340398 [4,3,7,1,8,6,2,5]
469460 [4,1,5,3,7,9,6,8,2]
1887306 [4,3,5,2,1]
441426 [25,11,17,6,26,19,23,27,10,16,3,29,12,28,14,18,1,8,9,22,15,5,24,20,2,13,7,21,4]
447264 [6,2,1,4,3,5]
1387981 [3,2,9,7,8,5,4,6,1]
1387981 [5,2,1,3,4]
1387981 [5,2,1,3,6,4]
1387981 [8,10,3,4,5,2,11,1,7,9,6]
1395265 [8,5,3,6,4,2,7,1]
1408741 [7,1,6,8,5,3,2,4]
1408741 [5,1,4,3,2]
965694 [1,2,3,4,5,6,7,8,9,10,11,12,13,14,15,16,17,18,19,20,21,22,23,24,25,26,27]
1178523 [8,1,3,6,2,5,7,4]
1178523 [2,17,13,6,1,4,14,15,3,16,5,9,10,12,8,18,7,11]
1178523 [10,20,27,13,12,2,26,14,21,17,1,22,23,5,18,11,8,25,19,24,3,9,28,4,6,16,15,7]
441426 [29,32,27,36,11,6,5,15,3,31,26,16,18,1,35,14,2,28,20,33,9,21,8,7,24,34,30,23,10,22,19,13,12,17,4,25]
441426 [6,8,4,3,1,5,11,7,2,10,9]
441426 [6,4,7,3,9,2,8,5,1]
457469 [4,1,3,5,2]
458124 [2,9,5,10,8,6,12,3,1,4,7,11]
458124 [2,6,3,8,4,5,1,7]
458124 [7,1,9,5,3,6,4,8,2]
458124 [4,2,3,6,5,1]
458124 [9,6,7,5,3,8,2,12,10,11,4,1]
458124 [16,4,12,6,7,10,11,20,9,19,1,8,3,21,18,13,14,17,15,2,5]
458124 [8,1,3,2,5,6,4,7]
521351 [5,11,12,9,8,6,3,1,13,10,14,7,4,2]
521637 [1,2,6,7,4,3,5]
611057 [1,2,3,4,5,6]
777348 [2,4,3,5,1,6]
777553 [14,4,7,8,13,2,9,11,5,3,12,1,10,6]
777553 [1,5,4,2,3,6,7]
777553 [14,1,11,6,4,10,9,3,16,12,15,8,2,13,5,7]
777553 [3,6,5,1,9,8,4,7,2]
1686860 [7,5,4,2,1,3,6]
1686860 [36,30,26,15,39,23,40,4,5,1,41,31,21,3,25,34,13,17,6,18,8,7,42,10,35,29,19,33,2,24,12,43,32,38,14,20,28,9,37,27,11,16,22]
839229 [1,2,3,4,5,6,7,8,9]
839229 [1,2,3,4,5,6,7,8,9,10,11,12,13,14]
1990738 [4,1,6,2,5,3]
1991269 [3,6,5,2,7,1,4]
1308113 [3,1,5,4,2]
2003901 [6,4,2,7,3,1,5]
2003901 [6,4,5,3,1,2]
2015664 [2,6,4,1,7,5,3]
1336589 [27,12,18,34,29,13,32,7,8,37,28,17,16,22,2,10,5,31,20,38,35,6,19,26,3,23,21,33,24,25,1,36,11,30,4,9,15,14]
1336589 [5,3,1,2,6,4]
1571714 [3,18,12,17,16,13,11,2,19,10,7,15,20,21,5,22,8,6,4,9,1,14]
1571714 [10,1,3,17,15,9,4,7,8,5,11,6,13,14,2,12,16]
1578371 [9,25,12,29,8,26,16,6,1,3,11,13,2,14,32,31,15,17,7,5,27,18,28,4,22,23,24,30,19,21,10,20]
1578371 [4,7,2,1,5,3,6,8]
1583352 [10,21,33,23,12,18,11,37,15,40,22,36,29,28,24,14,19,30,4,27,17,1,13,8,35,31,38,6,26,7,32,3,25,5,34,20,9,2,39,16]
1585102 [2,5,4,6,3,1]
1585102 [2,3,9,5,6,7,8,4,1]
2326725 [1,7,2,6,5,8,4,9,3,11,12,10]
2326725 [6,1,11,16,3,8,10,17,2,4,7,13,14,5,15,9,12]
2326725 [3,9,5,2,4,6,1,7,8]
2326725 [12,4,8,9,6,1,13,2,3,11,5,7,10]
2326725 [4,3,2,1,5]
2326725 [6,12,1,4,10,5,13,7,11,8,9,3,2]
2326725 [6,4,7,5,8,2,1,3]
2326725 [2,7,6,4,5,3,1]
2378157 [1,20,28,5,40,26,18,24,11,32,38,37,15,41,13,14,27,16,44,10,17,12,30,45,46,35,4,23,3,48,9,33,8,25,39,22,7,29,31,42,47,2,21,34,6,36,19,43]
2540950 [4,1,3,5,2]
125136 [6,1,3,2,4,7,5]
1721133 [2,4,1,5,3]
1571714 [9,2,17,18,8,11,13,12,20,21,4,3,7,15,6,19,5,14,1,10,16]
164882 [1,2,8,7,6,3,9,5,4]
1834502 [4,2,13,11,10,1,5,6,9,8,3,7,12]
2282798 [25,7,23,35,42,34,21,17,45,31,5,49,37,38,16,48,41,50,13,8,24,4,2,19,11,18,29,28,40,27,22,46,14,1,47,15,20,43,12,32,52,33,3,9,51,10,30,36,39,44,6,26]
2282798 [6,14,2,10,9,16,13,24,23,4,19,3,5,11,12,20,21,1,15,17,7,8,22,18]
591798 [8,20,24,27,6,25,3,10,9,17,14,13,2,26,1,22,4,7,15,16,5,11,18,19,12,23,21]
591798 [24,16,23,6,9,18,14,3,5,21,1,15,19,4,22,8,11,2,25,17,26,20,10,13,7,12,27]
591798 [1,6,5,7,3,4,2]
616502 [2,6,4,3,5,1]
2456550 [4,3,1,5,2]
2456550 [4,6,2,3,5,7,1]
2456550 [3,5,8,7,4,1,2,6,9]
2456550 [8,1,15,5,6,16,7,20,9,3,14,12,18,4,21,10,13,11,19,2,17]
2456550 [10,7,11,20,9,14,19,13,8,3,1,4,17,22,15,6,16,5,2,12,23,24,18,21]
715376 [4,1,3,5,2]
715376 [4,3,1,2,5]
699762 [15,19,2,14,1,10,8,12,3,16,4,11,9,13,18,6,7,17,5]
1047938 [1,2,3,4,5,6,7,8,9,10,11,12,13,14]
1974260 [8,3,11,2,9,7,6,5,4,1,10]
1974260 [6,4,3,5,2,1]
135488 [7,9,1,6,2,10,4,3,5,8,11]
135488 [3,5,6,1,4,2]
187651 [7,4,1,5,9,3,2,6,8]
187651 [3,6,4,5,1,2]
1867811 [1,2,3,4,5,6,7]
1867811 [1,2,3,4,5,6,7,8,9,10,11,12]
1867811 [1,2,3,4,5]
1873066 [4,7,8,1,3,6,2,5]
2169267 [1,4,3,2,5]
2150451 [2,1,3,5,4]
2152672 [1,4,5,3,2]
2152672 [4,5,3,2,1]
2152672 [4,2,3,5,1]
2152672 [10,13,12,3,2,1,11,6,7,4,5,8,9]
2414221 [5,3,4,1,2]
2414972 [4,5,6,2,1,3]
779944 [3,1,2,4,5]
779944 [8,7,2,6,15,12,13,3,9,11,14,1,10,4,5]
980094 [9,8,12,10,3,2,4,11,7,5,1,6]
1604401 [2,5,1,4,3,6]
1606593 [1,5,6,7,8,2,3,9,4]
2524240 [6,8,7,3,2,4,1,5]
1279122 [1,3,4,5,2,7,6]
1279122 [1,2,6,5,3,7,4]
1279122 [6,7,5,10,4,3,9,2,1,8]
1279122 [5,11,1,9,8,7,3,4,10,6,2,12]
1279122 [2,4,6,5,3,1,7]
1579040 [16,17,9,22,11,10,14,24,1,26,15,19,2,5,13,6,8,18,20,7,23,25,21,3,12,4]
1579040 [5,20,17,1,15,22,13,10,3,19,18,4,14,21,8,6,7,11,2,16,9,12]
1579040 [12,1,5,6,11,8,7,10,3,2,9,4]
1579040 [4,2,8,6,5,11,3,10,12,1,7,9]
1579040 [1,2,11,5,8,4,6,3,7,9,10]
1579040 [6,9,1,4,5,8,10,2,7,3]
1583352 [1,8,5,14,4,3,12,7,11,13,10,2,9,6]
1583352 [8,3,5,2,4,1,7,6]
1585102 [5,6,4,9,7,1,8,2,3]
1585102 [11,7,5,14,1,16,3,8,15,6,4,2,12,10,13,9]
1585102 [4,1,5,3,8,9,7,6,2,10]
1614920 [4,5,3,2,6,1]
1614920 [1,4,2,8,6,3,5,7]
2052088 [7,6,2,5,3,4,1]
591798 [1,8,9,10,4,7,5,3,6,2]
591798 [5,6,1,2,4,3]
591798 [5,2,4,3,6,1,7]
591798 [5,3,4,1,6,7,2]
591798 [13,24,3,5,14,7,16,22,10,26,8,4,9,18,29,23,20,1,25,30,11,28,15,6,21,27,12,19,17,2]
642707 [4,5,3,2,1]
642707 [5,11,10,9,1,4,6,12,7,8,3,2]
647653 [9,3,4,12,2,1,8,5,14,13,7,10,11,6]
651118 [6,5,1,2,12,10,11,7,4,3,8,9]
651118 [1,6,3,7,4,8,2,9,5]
651118 [7,4,3,2,5,8,6,1]
665079 [3,2,4,6,1,5]
665079 [1,5,3,4,2]
665079 [18,10,19,3,4,13,14,1,12,2,8,5,9,11,15,17,6,7,16]
667805 [8,9,10,6,3,1,5,2,7,4]
667805 [5,6,4,2,1,7,3]
667805 [35,33,22,30,16,8,2,14,17,20,25,13,5,21,15,4,23,18,24,32,29,27,11,12,34,26,36,1,9,19,6,10,3,7,31,28]
667805 [1,7,8,12,10,4,5,2,9,11,3,6]
667805 [4,3,2,5,1,6,7]
365556 [1,2,3,4,5,6,7,8,9,10,11,12,13,14]
365556 [1,2,3,4,5,6,7,8]
1686860 [21,9,8,14,11,2,23,20,16,24,3,7,18,15,6,22,12,4,13,25,10,26,19,1,5,17]
1686860 [16,14,5,20,7,18,10,11,3,1,6,15,4,19,2,13,12,9,8,17]
1697436 [1,3,7,5,9,2,8,4,6]
750497 [6,25,16,5,18,26,4,23,9,20,7,19,14,2,12,3,21,11,8,22,24,13,15,17,10,1]
2169895 [18,15,4,9,30,24,1,11,26,23,21,6,25,32,28,34,2,22,36,8,20,12,10,29,27,19,7,33,35,13,31,16,3,14,17,5]
2199061 [7,18,16,19,21,20,2,5,3,11,8,14,15,6,1,12,13,9,4,10,17]
2199061 [1,3,6,2,9,7,5,8,4]
2199061 [25,11,7,22,28,26,16,3,9,10,27,4,1,23,18,13,2,15,19,12,20,17,14,5,24,6,8,21]
2199061 [1,4,5,3,2,6,7]
2199061 [7,3,4,2,1,6,5]
2215648 [3,1,5,2,4,6]
2215648 [3,5,4,1,2]
2215648 [7,8,3,2,9,5,6,1,10,4]
2215648 [2,9,5,1,8,7,3,6,4]
2504639 [6,5,3,4,2,1]
2504639 [10,15,1,13,4,7,8,14,11,3,5,6,2,9,12]
2504639 [6,9,3,7,11,4,5,2,1,8,10]
2504639 [2,6,3,4,10,9,5,1,7,8]
2504639 [10,6,7,8,1,3,11,4,12,9,5,2]
2528780 [2,5,6,3,7,4,1]
2528780 [8,4,6,7,3,5,9,1,2,10]
1746537 [6,4,7,2,3,5,1]
1746537 [1,5,7,2,4,3,6]
2436485 [6,11,16,9,5,7,15,2,10,8,13,17,3,12,14,19,4,18,1]
2436485 [3,9,10,14,16,12,5,1,11,6,8,15,2,4,7,13]
2436485 [5,2,3,13,12,6,4,11,15,7,8,9,14,1,10]
2436485 [14,19,6,3,20,13,2,4,18,21,11,5,15,9,17,16,7,12,1,10,8]
1148586 [10,4,12,11,6,1,8,9,13,2,7,15,3,14,5]
1148586 [7,6,3,4,9,12,15,13,2,14,11,10,5,1,8]
1148586 [5,4,2,3,1,6]
1148586 [4,3,6,2,5,1]
1148586 [4,2,5,7,3,6,1]
1148586 [5,1,3,4,2]
1157827 [3,7,5,4,1,2,6]
1157827 [3,4,1,5,2]
1157827 [1,4,3,5,2]
1158222 [4,1,2,3,5]
1169267 [33,28,8,18,37,22,6,23,44,10,42,38,40,1,30,43,9,26,32,24,20,21,45,7,15,39,3,41,19,14,12,17,36,29,11,5,16,27,25,4,13,31,34,2,35]
1604401 [3,1,5,4,2]
2451375 [1,2,3,4,5]
2451375 [1,2,3,4,5,6,7]
2451375 [1,2,3,4,5]
2451375 [1,2,3,4,5]
2471516 [23,2,5,9,24,10,1,3,16,26,11,22,15,21,18,14,4,19,13,20,17,12,7,8,25,6]
1108879 [2,4,5,1,3,6]
1108879 [6,5,3,1,4,2,8,9,7]
1108879 [6,4,1,7,2,3,5]
844776 [7,1,3,11,9,8,5,6,4,13,10,12,2]
844776 [11,3,15,7,16,4,1,13,8,10,14,12,6,9,5,2,17]
844776 [6,5,4,3,2,8,7,1]
844776 [8,10,16,11,21,13,19,1,15,23,3,9,14,2,12,6,7,22,24,25,17,5,20,4,18]
844776 [24,16,18,7,10,5,4,12,3,2,11,15,19,17,6,25,21,23,1,13,14,9,22,8,20]
844776 [1,5,3,2,4]
900378 [5,1,4,2,3]
2144690 [1,2,3,4,5]
2319846 [4,5,2,1,3]
2319846 [5,3,2,1,7,6,4]
1249770 [1,3,6,7,2,4,5]
1249770 [1,7,9,19,18,3,17,2,15,8,10,16,11,12,6,13,14,5,4]
1249770 [5,9,13,4,11,12,7,14,2,8,6,10,3,1,15]
2574644 [5,4,1,2,3]
2574644 [12,7,16,10,18,3,6,9,8,17,19,20,4,13,15,14,5,11,2,21,1]
2574644 [7,5,3,1,6,4,2]
2574644 [4,2,5,1,3]
2578206 [6,4,7,8,5,3,1,2]
2580963 [1,2,3,4,5]
2580963 [1,2,3,4,5,6,7,8,9,10]
2580963 [1,2,3,4,5]
1744238 [13,18,7,10,6,16,5,12,9,14,11,3,17,15,2,4,8,1]
1744238 [6,5,1,4,3,2]
1744238 [3,1,2,4,5]
1744238 [4,6,3,2,5,1]
1907146 [7,1,4,6,5,2,3]
2143620 [12,3,1,6,8,9,7,4,10,2,11,5]
2143620 [4,1,9,5,11,6,7,8,3,2,10]
2143620 [11,13,6,10,14,5,8,12,9,4,7,1,15,3,2]
2143620 [9,3,1,7,12,11,2,10,4,13,6,5,8]
1071529 [8,9,3,4,1,6,5,2,10,7]
1074381 [1,2,3,4,5,6,7,8,9,10]
1074381 [1,2,3,4,5,6,7,8]
1118206 [3,1,4,2,5]
1118206 [6,5,2,1,3,4]
1118206 [3,4,1,5,2,6]
1119739 [4,8,1,2,7,5,6,3]
1122915 [4,11,20,7,3,14,5,19,6,16,10,18,2,9,21,12,17,13,22,15,1,8]
1122915 [3,12,18,13,4,9,15,10,6,11,14,2,8,16,5,7,19,1,17]
1122915 [6,14,16,5,8,4,2,1,17,13,10,3,20,21,15,12,11,19,18,9,7]
1122915 [8,4,9,6,1,3,5,7,2]
1141178 [5,13,18,19,7,11,16,14,17,9,10,6,20,1,15,2,8,12,3,4]
1246374 [5,1,3,2,6,4,7]
1246374 [6,3,1,5,4,2]
1246374 [8,5,7,1,4,3,6,11,2,9,10]
1297999 [2,7,4,9,3,8,5,6,1]
1302220 [15,14,2,5,12,13,9,16,11,4,10,8,3,1,7,6]
1302220 [1,3,5,2,4,6]
1302220 [2,8,7,1,4,9,6,3,10,5]
1308113 [1,4,3,5,2]
1577231 [5,4,6,2,1,3]
1577231 [4,1,2,3,5]
1744285 [9,1,7,5,6,4,2,8,3]
1744285 [1,11,27,18,4,12,5,25,9,17,8,26,14,22,23,10,16,19,2,3,21,13,20,24,15,6,7]
1827042 [16,10,11,7,13,6,19,14,8,1,18,17,9,2,5,12,3,4,15]
1827042 [4,10,7,11,1,9,6,2,3,5,8]
1827042 [4,2,6,5,7,1,3]
1827042 [5,8,7,1,6,2,3,4]
1827042 [4,1,7,5,6,9,3,8,10,2]
1449958 [6,1,7,3,2,4,5]
1452931 [1,2,3,4,5,6,7]
1452931 [1,2,3,4,5,6,7,8]
1452931 [1,2,3,4,5,6]
1439546 [4,3,1,6,5,2]
1439546 [8,3,7,5,6,1,4,2]
1439546 [2,6,5,1,3,4]
521886 [8,9,10,6,2,5,12,7,3,1,11,4]
521886 [6,43,16,13,15,33,42,22,7,20,1,18,30,25,9,19,11,34,10,14,31,2,28,8,26,23,32,37,21,36,17,35,12,5,3,41,38,39,4,29,27,40,24]
521886 [7,5,9,12,8,13,15,6,18,4,2,10,16,1,11,3,17,14]
631807 [6,2,1,3,4,5]
1515900 [2,5,1,3,4]
1515900 [5,2,1,3,9,7,8,4,6]
1515900 [3,4,5,2,1]
249788 [6,4,3,5,2,1,7]
289998 [7,4,1,3,8,6,5,2]
299165 [1,2,3,4,5]
303302 [1,2,3,4,5,6,7]
303302 [1,2,3,4,5,6,7]
303302 [1,2,3,4,5]
303302 [1,2,3,4,5,6,7]
303302 [1,2,3,4,5,6,7]
303302 [1,2,3,4,5,6,7,8]
303302 [1,2,3,4,5]
303302 [1,2,3,4,5,6,7]
303302 [1,2,3,4,5,6,7,8,9,10,11,12,13,14,15,16,17,18,19,20,21,22,23,24,25]
303302 [1,2,3,4,5,6]
303302 [1,2,3,4,5,6,7]
779944 [4,1,2,5,7,6,8,3]
1129282 [1,5,4,3,2]
1542939 [2,3,5,1,4]
1542939 [6,4,3,2,5,1]
1561074 [1,2,4,7,5,6,3]
1583352 [7,8,4,6,5,2,1,3]
1583352 [2,4,5,3,6,1]
1583352 [3,2,4,9,10,1,5,6,7,8]
1614920 [7,3,9,1,13,11,12,8,4,10,14,5,2,6]
1614920 [7,6,3,1,4,2,5]
1614920 [11,10,15,12,3,1,8,4,9,7,6,14,13,5,2]
1614920 [5,4,7,2,3,6,8,11,10,9,1]
1640761 [15,12,13,8,1,19,5,9,4,6,3,14,11,17,2,10,7,16,18,20]
1405440 [1,2,3,4,5,6]
1405440 [1,2,3,4,5,6,7,8,9,10,11,12,13,14,15,16,17,18,19,20,21,22,23,24,25,26]
1405440 [1,2,3,4,5,6,7,8,9,10,11,12,13,14,15,16,17,18,19,20,21,22,23,24,25,26,27,28,29]
1405440 [1,2,3,4,5,6,7,8,9,10,11,12,13,14,15]
1412107 [2,6,1,3,7,4,5]
1412107 [7,11,13,14,4,12,10,2,6,8,1,5,3,9]
2020878 [6,1,9,3,2,8,7,5,4]
2094831 [1,2,3,4,5,6,7]
2069966 [6,5,4,1,2,3,7]
2110847 [1,4,2,5,3]
2144690 [1,2,3,4,5,6]
1218901 [7,8,4,12,2,1,16,11,13,15,9,10,5,14,6,3]
1218901 [3,6,7,8,4,9,5,1,2]
1218901 [12,17,3,16,1,2,8,10,5,11,6,15,13,7,14,9,4]
1218901 [47,7,6,49,12,27,16,29,11,21,22,33,4,40,10,35,9,38,36,18,23,1,3,24,48,30,43,46,41,14,26,45,44,34,13,19,42,20,5,8,32,31,25,50,2,17,28,39,51,15,37]
1218901 [14,7,11,2,13,6,9,5,10,1,4,8,17,15,16,3,12]
1218901 [3,6,8,7,1,2,4,5]
1218901 [5,6,1,4,7,2,3]
1541887 [10,15,6,9,4,8,13,7,2,16,12,5,11,1,14,3]
1541887 [6,2,1,9,8,5,4,10,7,3]
1541887 [9,1,2,4,6,5,3,8,7]
1974260 [8,12,10,9,1,14,15,2,3,13,7,6,11,4,5,16]
22895 [1,5,3,2,4]
22895 [1,7,5,4,8,3,2,6]
25809 [17,12,4,24,13,5,3,7,18,20,26,2,9,1,19,15,10,23,6,22,21,11,25,14,8,16]
2485057 [6,1,2,3,4,5]
2485057 [11,13,18,7,19,2,6,3,17,5,4,8,16,14,10,12,9,15,1]
2485057 [3,12,10,5,7,4,1,6,2,8,9,11]
2485057 [8,7,5,6,1,3,2,4]
2489496 [6,4,5,3,2,1]
2284135 [1,2,3,4,5,6]
2284135 [1,2,3,4,5,6]
2289794 [11,7,10,2,3,5,13,9,6,4,8,1,12,14]
2289794 [5,10,3,4,9,8,1,11,6,7,2]
2289794 [1,6,2,5,7,9,8,3,4]
2498205 [3,1,5,6,2,4,7]
2498205 [32,22,10,4,49,19,8,21,25,27,34,3,52,30,36,39,17,13,38,9,37,14,28,50,1,26,40,6,24,48,18,35,47,11,23,16,46,43,7,12,45,5,42,2,31,44,41,29,15,33,51,20]
2498205 [11,12,13,15,8,17,6,19,14,1,2,16,21,3,5,18,9,4,10,7,20]
2498205 [7,11,12,3,5,8,4,6,9,1,2,10]
1622906 [4,3,2,1,5]
1218901 [17,31,5,27,6,19,15,4,14,10,26,16,33,8,32,3,20,12,22,9,21,13,11,29,1,7,2,28,30,23,18,24,25]
1218901 [7,9,5,4,10,2,3,1,8,6]
1221502 [2,4,7,5,6,1,3]
2129565 [8,4,5,10,11,12,1,9,7,6,3,2]
2129565 [2,1,7,9,8,3,4,6,5]
2140356 [1,3,5,4,2]
2140356 [9,4,7,10,13,1,3,8,6,11,12,5,2]
2140356 [5,2,6,4,1,3]
2179452 [2,6,1,3,5,7,4]
2193614 [1,2,3,4,5]
2193614 [1,2,3,4,5,6,7,8,9,10,11,12,13,14]
2246162 [17,4,14,5,7,11,8,3,9,16,13,12,10,18,19,15,2,6,1]
2246162 [2,1,9,3,6,10,4,5,8,7]
2246162 [2,20,11,15,4,6,3,18,5,21,14,10,12,1,13,9,17,19,7,16,8]
2246162 [5,4,8,6,9,7,2,3,1]
2281424 [3,2,5,1,4]
2281424 [5,2,3,17,16,10,4,8,18,1,12,7,13,19,9,15,11,6,14]
2364120 [1,2,3,4,5,6,7,8,9]
40071 [5,4,2,1,6,3]
168769 [5,7,3,1,2,4,6]
168769 [3,5,6,1,4,2]
374239 [2,8,6,13,5,11,12,9,10,3,7,4,1]
374239 [5,7,9,17,2,4,12,3,6,1,20,10,16,11,18,13,14,8,15,19]
374239 [24,1,21,27,28,12,18,4,36,2,16,6,17,23,10,13,7,3,37,30,9,34,32,33,25,26,14,8,31,19,15,20,5,35,38,29,11,22]
374239 [4,6,7,3,12,10,1,2,5,9,11,8]
374239 [7,6,12,1,2,13,5,4,10,8,11,3,9]
374239 [1,10,6,8,9,7,4,13,2,3,11,12,5,15,14]
374239 [7,3,9,8,6,4,2,1,5]
1331513 [3,4,5,2,1]
2044604 [5,6,8,2,4,7,3,1]
2091506 [2,13,6,4,3,12,7,1,8,5,10,9,11]
2091506 [1,4,2,7,6,5,3]
2367633 [8,13,21,16,19,17,11,15,12,18,1,23,6,4,5,9,22,10,3,2,14,7,20]
2367633 [5,2,3,4,7,6,1]
2381383 [1,2,3,4,5,6]
2540950 [4,11,8,13,10,17,18,15,2,16,19,7,1,9,3,12,6,14,5]
884684 [1,2,3,4,5,6,7,8,9,10,11,12,13,14,15,16,17,18,19,20,21,22,23,24]
1086726 [13,6,14,5,12,1,10,7,9,11,15,16,3,8,2,4]
2566955 [4,5,3,2,1]
1762623 [6,3,7,1,5,2,4]
1778414 [1,4,5,3,2]
2291343 [15,8,1,3,12,5,13,11,7,10,4,6,14,2,9]
2456550 [3,2,5,1,4]
2456550 [20,12,17,11,9,14,24,19,30,28,26,39,16,31,15,35,23,32,29,18,22,38,25,5,2,1,21,33,37,13,7,27,10,34,4,3,8,40,6,36]
2456550 [11,9,2,13,5,12,10,4,8,1,6,3,7]
136584 [1,2,3,4,5,6,7,8,9,10,11,12,13,14,15,16,17,18,19,20,21,22,23,24,25,26,27]
249788 [2,13,12,11,4,5,3,8,10,9,15,7,14,6,1]
249788 [3,13,6,4,5,11,1,12,2,7,9,8,10]
249788 [4,1,7,6,5,3,2]
249788 [4,8,3,1,6,7,5,2]
202953 [4,1,5,6,3,2]
277291 [4,3,2,1,5]
296759 [1,2,4,5,3]
311979 [1,2,3,4,5,6,7,8,9,10,11]
335397 [4,2,1,3,5]
335397 [1,3,5,4,2]
869625 [1,7,8,2,4,5,3,6]
869625 [9,6,4,1,11,10,5,3,7,2,12,8]
2027502 [11,3,14,9,10,7,4,5,13,1,2,6,12,8]
2027502 [1,2,11,10,3,4,5,9,7,6,8]
2027502 [1,2,4,6,5,3,8,7]
2064670 [1,5,17,6,2,8,11,3,18,10,9,21,16,13,20,4,19,12,14,15,7]
2242311 [10,5,3,7,6,12,4,9,1,8,11,2,13]
2242311 [1,4,5,6,2,7,3]
2242311 [3,8,2,6,7,5,4,9,10,1]
2284135 [1,2,3,4,5,6]
563537 [6,5,2,4,3,1]
563537 [5,4,1,3,6,7,2,8]
563537 [8,5,10,4,7,6,2,1,3,9]
642707 [7,5,6,2,4,1,3,10,9,8]
642707 [3,1,7,5,2,6,4,8]
642707 [3,5,2,1,4]
642707 [8,6,1,7,3,4,5,2]
642958 [1,5,4,2,6,3,7]
642958 [7,6,8,4,5,1,2,3]
642958 [4,6,5,3,7,2,1]
642958 [5,7,4,2,1,6,3]
707195 [1,2,3,4,5,6]
2379844 [1,6,4,3,5,2]
110458 [1,4,3,2,5]
110458 [14,43,8,18,1,32,13,41,12,27,20,35,6,45,40,24,22,2,36,3,30,38,33,25,5,37,16,23,7,34,29,46,31,9,39,19,42,10,15,17,44,26,11,21,4,28]
110458 [4,1,3,2,6,8,9,5,7]
118159 [1,2,3,4,5,6,7,8,9,10,11,12,13,14,15,16,17]
171777 [6,5,3,4,1,2]
171777 [9,42,24,40,23,31,1,33,28,18,25,37,3,5,35,19,14,15,8,39,30,4,22,12,17,2,38,21,34,32,16,26,27,10,11,29,7,36,20,13,41,6]
171777 [1,4,5,3,2]
171777 [10,23,15,9,20,25,14,12,21,1,18,11,28,6,27,7,16,19,26,8,2,5,4,17,13,3,22,24]
1841877 [13,4,14,1,7,2,5,9,12,11,8,3,6,10]
1841877 [8,2,4,5,6,10,9,3,1,7]
1841877 [4,2,7,9,8,1,10,3,11,5,6]
1845202 [8,2,6,5,4,3,7,1]
1894941 [1,2,3,4,5,6,7,8,9,10]
1894941 [1,2,3,4,5,6,7,8,9,10,11,12,13,14,15,16,17,18,19,20,21,22,23,24,25,26,27,28,29,30,31,32,33,34,35,36,37,38,39,40,41]
1938246 [13,15,9,6,2,17,1,4,14,5,7,12,3,10,18,11,8,16]
1992863 [4,5,7,1,2,6,3]
1992863 [1,3,5,4,2]
1992863 [5,6,2,1,4,3]
2010640 [3,5,2,7,1,6,4]
2015664 [2,5,1,4,3,6]
364113 [3,2,1,4,5]
2420256 [6,7,1,3,4,2,5]
2420256 [8,3,5,1,4,9,6,2,7]
60557 [1,2,3,4,5,6,7,8,9,10,11,12,13,14,15,16,17,18,19,20,21,22,23,24,25,26,27,28,29,30,31,32,33,34,35,36,37,38,39,40,41,42,43,44,45,46,47,48,49,50,51,52,53,54,55,56,57,58,59,60,61,62,63,64,65,66,67,68,69,70,71,72,73]
277291 [7,3,6,8,2,5,4,1]
309336 [3,15,12,1,9,8,7,14,6,2,10,4,5,11,16,13]
476688 [7,6,4,2,1,8,5,3]
301528 [11,4,15,16,13,3,5,8,9,10,18,14,12,1,7,17,6,2]
301528 [10,26,19,25,2,12,29,17,8,1,6,13,11,18,22,14,23,3,27,30,4,5,16,24,15,9,7,28,20,21]
301528 [19,11,22,4,27,18,31,14,24,34,5,16,12,33,23,9,20,2,26,6,1,8,35,32,28,37,13,17,30,29,39,21,25,7,38,15,10,36,3]
301528 [2,18,17,1,11,5,3,9,12,6,20,19,4,16,15,13,14,7,8,10]
304809 [1,2,3,4,5,6,7,8,9,10]
304809 [1,2,3,4,5,6,7,8,9]
340170 [4,14,15,7,8,9,6,1,12,13,3,11,5,10,2]
344288 [1,2,3,4,5,6,7,8,9,10,11,12,13,14,15,16,17,18,19,20,21,22,23]
350265 [4,3,8,2,5,6,1,7]
350265 [7,13,4,5,3,8,1,15,14,10,9,12,11,2,6]
350265 [2,4,3,5,1]
365556 [1,2,3,4,5,6,7,8,9,10,11,12,13,14,15,16,17,18,19,20,21]
417192 [1,5,6,2,7,3,4]
438300 [2,9,6,8,1,7,5,3,4]
438300 [3,4,2,5,1]
438300 [13,6,17,9,16,10,7,14,11,1,3,12,5,2,8,4,15]
441426 [1,5,3,8,6,2,4,7]
161514 [8,3,9,7,1,4,5,6,10,2]
161514 [8,5,15,3,4,11,10,13,7,12,14,6,2,9,1]
161514 [4,1,13,5,12,7,9,3,10,11,8,2,6]
161514 [7,6,5,2,3,1,4,8]
161514 [5,2,1,6,3,4]
441426 [1,14,13,5,11,18,10,22,9,25,17,19,4,20,7,21,16,12,6,15,8,23,3,2,24]
441426 [5,3,2,1,4,7,6]
441426 [22,21,8,15,18,9,6,23,20,25,12,1,4,10,3,13,2,26,7,5,17,11,19,24,14,16]
441426 [1,2,7,5,3,4,6]
171559 [5,1,6,4,2,3,7,8]
171559 [1,5,2,6,4,3]
182355 [6,2,5,4,7,8,3,1]
182355 [10,26,3,4,24,9,2,19,8,12,18,16,6,17,1,25,14,23,20,27,5,22,21,7,13,11,15]
182355 [6,21,10,14,19,5,7,16,9,13,17,1,12,15,4,22,3,11,20,2,18,8]
209258 [11,7,9,2,3,10,5,1,8,4,6]
240435 [1,9,13,10,14,11,12,2,4,5,8,3,15,16,7,6]
2490461 [1,2,3,4,5,6]
2490461 [1,2,3,4,5,6,7]
2490461 [1,2,3,4,5,6,7,8]
2490461 [1,2,3,4,5,6,7,8,9,10,11,12,13,14,15,16,17,18]
2490461 [1,2,3,4,5,6,7,8,9,10,11,12,13,14,15,16,17,18,19,20,21]
2490461 [1,2,3,4,5]
2490461 [1,2,3,4,5,6,7]
2526874 [1,2,3,4,5]
51752 [5,1,3,2,4]
51752 [2,4,3,6,1,5]
1182135 [1,5,2,4,3,6]
1210810 [1,2,3,4,5]
1231139 [1,2,3,4,5]
1231139 [1,2,3,4,5,6,7]
1231139 [1,2,3,4,5,6]
1231139 [1,2,3,4,5,6,7,8]
1231139 [1,2,3,4,5,6,7,8]
1231139 [1,2,3,4,5,6]
1231139 [1,2,3,4,5,6,7,8]
1231139 [1,2,3,4,5,6,7,8,9,10,11]
1251390 [7,8,1,2,5,3,6,4]
1251390 [5,6,7,8,3,4,1,2]
1251390 [9,5,10,6,2,1,7,4,3,11,8]
1253390 [5,3,2,1,4]
1856951 [7,5,1,9,4,8,10,3,2,6]
1856951 [1,7,5,4,3,2,6]
1856951 [12,6,20,14,3,9,8,26,19,28,24,11,10,1,17,7,13,30,23,15,29,4,2,5,22,25,16,21,18,27]
2420256 [5,6,3,4,1,2]
2420256 [1,6,3,4,2,5,7]
2420256 [3,2,1,4,5]
2540950 [3,5,2,4,1]
2540950 [12,23,24,11,16,19,10,1,7,2,9,6,17,21,4,20,26,14,15,25,27,22,3,28,18,13,8,5]
2583035 [5,7,10,9,6,12,2,11,3,1,4,8]
2583477 [4,38,6,32,16,10,27,45,37,23,42,21,41,3,15,47,17,49,19,33,25,40,5,31,8,12,29,34,48,13,46,22,1,11,20,44,9,14,39,2,30,28,18,24,26,35,7,43,36]
1293118 [6,3,2,1,5,4]
1297999 [7,1,4,2,5,3,8,6]
1297999 [1,9,8,2,3,6,7,5,4]
1297999 [6,2,7,1,3,4,5]
1309075 [4,1,2,5,9,3,6,7,8]
1309075 [3,1,10,15,12,14,4,9,13,7,2,8,6,5,11]
1309075 [1,5,4,2,3]
1259481 [1,2,3,4,5,6,7]
1078413 [8,10,19,3,6,14,17,11,13,16,9,4,5,12,21,18,1,2,15,7,20]
1078413 [5,1,6,2,7,10,4,12,14,8,13,9,3,11]
1078413 [2,8,3,9,1,4,7,6,5]
168638 [5,2,3,1,4]
168638 [3,2,6,7,9,1,5,8,4]
182355 [5,2,3,4,1]
209258 [2,3,1,7,6,4,8,5]
240435 [2,11,10,4,8,13,7,3,1,6,5,14,12,9]
240435 [6,5,4,7,1,3,2]
244367 [2,1,9,4,11,5,6,7,3,8,10]
239513 [1,3,5,2,4,6]
244843 [3,4,5,6,1,2,9,8,7]
251987 [5,1,3,2,4]
251987 [6,2,3,5,7,8,1,4]
251987 [26,37,23,29,14,31,44,6,4,55,58,2,1,19,30,7,25,28,54,56,51,47,18,12,3,59,38,46,60,39,16,61,53,20,34,48,36,52,21,41,57,10,40,43,24,13,35,15,45,9,49,50,17,33,5,32,11,22,8,42,27]
283388 [4,5,3,6,1,2]
309336 [2,1,5,7,3,4,6,8]
309336 [3,7,6,4,1,5,2]
277291 [2,4,3,7,5,1,6]
2412938 [1,2,3,4,5,6]
2412938 [1,2,3,4,5,6,7,8,9,10,11,12,13,14,15,16,17,18,19,20,21,22,23,24,25,26,27,28,29,30,31,32,33,34,35,36,37,38,39]
2412938 [1,2,3,4,5,6,7,8,9,10,11,12,13,14,15,16,17,18,19,20,21,22,23,24,25,26]
2412938 [1,2,3,4,5,6,7,8,9,10,11,12,13]
2415367 [6,4,5,8,2,7,3,1,9]
2415367 [3,5,1,4,2]
2415367 [2,7,6,4,1,3,8,5]
2415367 [10,5,2,6,9,1,8,3,7,11,4]
2415367 [3,1,2,4,5,6]
2415367 [7,11,9,2,8,1,5,3,6,4,10]
2435758 [1,2,5,3,4]
1954004 [3,7,6,4,1,5,2]
1980293 [1,2,3,4,5,6,7]
2019514 [14,6,16,19,28,23,7,27,8,4,26,5,13,25,18,10,24,3,15,20,21,12,17,9,2,11,1,22]
2019514 [19,15,22,9,31,11,32,13,42,40,37,36,35,26,16,28,2,23,7,21,12,6,39,43,4,8,3,5,17,14,34,33,18,30,44,20,27,25,29,10,41,1,38,24]
2047680 [1,2,3,4,5,6,7,8,9,10,11,12,13,14,15,16,17,18]
2060487 [2,4,6,5,3,1]
2160183 [6,4,2,8,5,7,1,3]
2169267 [1,4,5,3,2]
1129282 [4,5,7,1,3,2,6]
1129282 [3,6,4,2,5,1]
2003901 [9,8,3,7,2,1,10,6,5,4]
2003901 [5,6,2,1,3,4]
2003901 [6,8,7,5,3,2,9,4,1]
2018629 [6,5,1,7,8,10,4,3,2,9]
2018629 [5,8,39,35,24,23,34,37,25,11,32,4,53,33,31,19,6,44,36,20,43,27,13,10,28,21,42,7,49,46,26,51,3,52,45,40,47,29,56,48,2,16,15,18,22,14,17,54,9,38,30,55,12,1,41,50]
2018629 [1,7,14,12,10,6,8,4,9,2,3,11,5,13]
2018629 [9,1,17,8,2,4,10,15,21,6,20,14,19,12,5,3,22,7,16,11,18,13]
1788365 [3,12,22,7,24,20,17,6,10,19,16,13,9,15,1,8,23,2,11,18,4,14,21,25,5]
2046464 [1,6,4,13,7,5,11,3,15,10,12,14,9,8,2]
2060487 [4,22,18,8,19,6,16,17,13,12,1,2,15,3,14,20,21,10,5,9,11,7]
2060487 [6,2,5,4,3,1]
2143620 [1,2,4,3,5]
1873148 [1,2,3,4,5]
1877949 [2,3,5,1,7,8,6,4]
1877949 [1,10,11,7,2,15,12,4,6,14,9,5,8,3,13]
1877949 [4,2,8,1,3,7,5,6]
1881817 [1,2,3,4,5,6,7,8,9]
1881817 [1,2,3,4,5,6,7,8,9,10,11,12,13,14,15,16]
1007544 [2,3,10,4,9,8,5,7,1,6]
2219455 [1,8,4,6,2,3,7,5]
564256 [8,6,2,7,5,1,4,3]
564256 [8,16,14,2,1,10,17,6,4,12,18,11,13,5,15,7,9,3]
564256 [6,7,3,5,2,1,4]
564256 [4,5,1,3,2]
1977706 [1,2,3,4,5,6,7,8]
1571355 [25,26,2,10,28,1,24,17,4,3,23,15,27,7,9,14,8,16,11,19,12,5,18,22,13,21,29,20,6]
1571355 [5,4,2,3,1]
1571355 [5,17,19,15,18,27,29,12,22,23,10,24,9,25,31,4,6,2,13,21,28,16,14,30,3,26,1,7,20,8,11]
1571355 [6,2,1,3,7,5,4]
1583352 [4,3,1,2,5,6]
1583352 [4,16,7,8,13,11,3,10,1,17,18,9,15,6,14,5,2,12]
1594652 [7,3,5,8,4,2,6,1]
1594652 [9,3,5,8,6,2,7,4,1]
1604401 [12,1,2,14,13,8,4,6,9,5,3,11,15,10,7]
1604401 [2,5,6,3,1,4,7]
1604401 [3,4,1,2,5]
1604401 [2,4,8,5,1,3,9,7,6]
1542939 [3,1,5,2,4]
1553852 [2,4,1,5,7,3,8,6]
1553852 [18,16,4,9,14,13,1,17,6,15,11,5,3,10,12,7,8,2]
1553852 [6,27,22,12,7,25,19,9,29,30,17,21,13,8,16,3,23,18,26,20,4,10,15,14,2,24,1,5,11,28]
1591833 [2,5,1,4,6,3]
1591833 [9,14,13,12,11,7,6,4,5,16,2,15,10,1,8,3]
1593535 [1,5,2,3,4]
1593535 [3,4,5,1,7,6,2]
1604401 [7,5,8,10,2,15,3,12,11,9,1,13,6,4,14,16]
1621087 [15,7,6,18,13,1,17,12,11,9,2,4,8,14,3,16,5,10]
1687310 [5,3,4,1,2]
1687310 [40,17,33,54,12,38,19,58,31,51,39,5,34,23,52,10,55,56,7,28,36,50,61,43,21,24,4,30,15,59,3,62,20,37,18,9,41,32,25,44,11,2,48,8,14,46,16,26,27,45,35,1,49,6,13,47,60,22,53,42,29,57,63]
1687310 [7,5,1,6,2,4,3]
1687310 [4,9,3,6,8,1,7,5,2]
1687310 [4,6,2,3,5,1,8,7]
1687310 [2,5,4,3,1,6,7]
1699516 [11,10,5,8,2,6,3,7,4,9,1]
1699516 [3,2,4,5,1]
1709931 [14,7,6,1,9,4,13,16,15,8,3,12,5,2,10,11]
1752803 [1,2,3,4,5,6,7,8]
1886898 [12,8,2,6,10,7,1,13,9,4,5,11,3]
1886898 [4,1,3,5,2]
1886898 [27,29,21,28,31,9,16,17,34,18,24,6,22,38,32,5,14,35,12,20,8,1,2,30,37,11,3,36,4,13,10,19,26,23,25,33,15,7]
1886898 [7,8,2,1,15,16,4,6,14,12,11,13,9,3,5,10]
2143620 [8,6,5,2,4,3,7,1,9]
2143620 [6,4,9,5,11,13,14,3,12,7,2,10,1,8]
835074 [1,7,2,9,8,5,3,11,6,4,10]
1563751 [2,8,7,5,3,10,6,4,9,1]
1563751 [9,3,7,5,6,8,1,2,4]
1563751 [2,6,7,5,3,1,4]
1563751 [19,2,13,7,15,8,11,18,12,5,17,4,14,6,10,9,16,3,1]
1568487 [1,2,3,4,5]
1583271 [6,4,7,2,5,8,3,1]
1594652 [8,6,12,4,15,14,11,10,9,3,13,1,5,7,2]
2326725 [14,10,4,1,13,7,9,5,17,8,12,15,3,6,16,2,11]
2378157 [5,6,4,3,7,2,1,9,8]
2378157 [11,26,20,22,8,23,19,27,18,25,31,2,4,16,29,12,9,7,10,14,17,28,1,5,6,3,13,15,24,30,21]
2420256 [5,2,3,4,1]
2524240 [9,5,1,8,2,3,4,6,7]
2524240 [2,5,4,3,1]
2524240 [4,3,2,1,5]
32222 [11,1,10,7,3,9,4,2,8,6,5]
32222 [5,2,3,4,1]
32222 [11,14,12,2,5,6,9,7,10,1,4,8,3,13]
32222 [10,18,14,5,9,17,20,3,15,19,13,16,2,7,6,4,8,11,1,12]
32222 [10,6,8,15,5,11,9,12,4,7,1,14,2,16,3,13]
32222 [16,10,5,11,13,2,3,7,14,6,15,8,12,9,1,4]
32222 [8,3,4,6,1,9,5,2,7]
32222 [11,12,16,7,8,17,3,6,9,13,15,2,1,14,5,10,4]
32222 [15,26,32,20,25,36,3,16,35,5,37,13,29,11,34,23,18,27,1,30,28,21,4,38,19,33,31,10,8,14,17,9,2,6,22,7,12,24]
32222 [2,10,1,13,5,7,8,11,12,3,9,4,14,6]
1604401 [7,2,5,4,8,1,3,6,9]
1622906 [19,12,6,9,2,18,13,1,5,3,21,22,7,16,14,10,11,20,4,17,15,8]
1622906 [1,5,4,2,3]
1622906 [4,1,3,5,2,6]
1622906 [12,1,14,11,9,15,2,6,13,7,5,4,3,10,8]
1622906 [2,1,3,4,6,5]
1647320 [1,2,3,4,5,6,7]
1674815 [1,2,3,4,5,6]
1721133 [1,10,7,4,5,8,6,9,11,3,2]
1728794 [5,2,4,1,3]
1728794 [5,3,2,1,4,6]
1728794 [7,4,2,6,3,9,5,1,8]
1728794 [4,1,3,2,5]
1728794 [3,5,2,4,6,1,7]
1602581 [1,3,4,2,5]
450577 [2,7,10,1,5,11,4,6,3,8,14,13,12,9,15]
450577 [2,7,6,5,4,1,3,8]
510680 [5,9,10,2,4,3,6,8,1,7]
510680 [7,3,1,8,4,2,5,10,9,6]
2046464 [8,1,5,7,3,9,2,4,6]
784053 [16,17,3,2,18,10,5,15,6,13,19,14,7,23,4,8,11,9,20,1,22,21,12,24]
900378 [25,4,18,13,12,17,6,27,1,5,24,23,19,16,7,14,11,22,2,9,3,28,20,8,15,10,21,26]
2093437 [19,10,11,3,2,23,8,14,6,13,17,9,16,7,20,12,21,4,18,15,5,22,1]
2118743 [4,3,5,1,2]
2118743 [1,19,8,22,18,25,21,13,11,15,17,14,4,2,16,5,23,20,6,9,7,3,10,12,24]
24184 [2,1,3,4,5]
24184 [16,15,18,1,24,13,10,23,7,12,22,2,8,6,4,21,20,3,9,14,17,11,5,19]
24184 [14,12,1,10,4,9,7,13,3,8,2,11,6,5]
24184 [5,3,4,2,1]
29681 [3,8,2,9,10,7,5,1,4,6,12,11]
938507 [7,2,5,14,9,6,3,10,4,1,12,13,8,15,16,11]
110458 [4,2,5,1,3]
117584 [1,2,3,4,5]
168638 [2,12,10,8,7,4,6,1,3,9,5,11]
2504639 [4,3,2,7,6,5,1]
2504639 [3,4,1,2,5]
2520299 [4,3,1,5,2]
2520299 [3,5,8,11,12,10,2,9,14,7,4,1,6,13]
244218 [1,10,2,9,4,7,12,13,6,11,8,5,3]
777553 [4,7,5,3,10,9,6,13,12,11,14,8,1,2]
1686860 [24,26,34,15,21,18,31,27,8,33,16,17,48,13,5,46,39,44,43,4,40,23,51,19,38,12,32,29,49,54,6,53,37,36,47,50,3,20,1,42,11,25,55,41,28,22,7,10,9,35,30,52,45,2,14]
1686860 [23,37,27,13,48,39,7,35,50,2,26,36,53,22,16,33,40,57,11,20,3,4,21,18,54,58,52,24,55,19,42,45,5,56,46,28,31,30,34,51,1,43,41,15,10,17,8,29,38,12,32,6,47,25,14,49,9,44]
1686860 [9,5,4,1,8,7,3,2,6]
62577 [1,2,3,4,5,6,7,8]
62577 [1,2,3,4,5,6]
62577 [1,2,3,4,5,6,7]
139350 [2,7,4,6,8,9,5,1,3]
329462 [10,5,4,2,12,1,8,11,3,9,6,7]
329462 [2,6,3,5,4,1]
329462 [5,3,4,1,2]
329462 [13,11,7,9,12,4,10,2,1,3,5,14,8,6]
631807 [1,3,5,7,9,8,6,4,2]
1331513 [4,3,2,5,1]
755981 [8,4,2,5,7,3,1,6]
755981 [8,7,10,5,1,3,4,2,6,9]
831059 [6,5,8,1,9,3,2,11,7,10,12,4]
831059 [7,3,5,1,4,2,6]
831059 [7,5,6,3,8,1,4,2]
831059 [8,3,7,5,6,1,4,2]
997586 [7,9,6,8,2,10,1,3,4,5]
1886898 [5,1,3,2,6,4]
1886898 [5,4,7,9,2,10,3,6,8,1]
1955113 [7,1,10,2,3,5,6,4,11,9,8]
76658 [2,4,5,3,6,1]
76658 [4,10,8,12,7,6,2,5,3,13,9,1,11]
110458 [3,4,5,1,2]
168769 [23,26,3,22,25,10,19,21,12,17,13,1,9,6,2,14,5,27,7,4,18,28,20,15,16,11,8,24]
201433 [9,5,1,3,10,6,4,2,7,11,8]
201433 [9,5,2,3,7,12,10,1,6,8,4,11]
201433 [1,9,15,7,6,20,21,5,12,11,3,18,8,2,16,14,19,13,4,10,17]
201433 [6,10,22,21,23,17,13,4,15,5,2,8,16,1,3,9,7,20,14,12,11,18,19]
201433 [12,6,7,4,10,8,19,3,15,11,18,9,5,17,16,2,14,13,1]
201433 [17,7,16,18,8,12,14,11,2,10,3,9,1,4,13,15,5,6]
201433 [10,3,5,11,4,8,9,2,6,7,1]
201433 [7,3,8,6,2,12,11,1,13,10,5,4,9]
201433 [11,9,4,16,2,12,19,5,15,3,7,14,17,6,8,1,13,10,20,18]
202953 [5,12,6,9,18,4,10,3,16,11,7,8,14,20,17,19,13,15,1,2]
2215648 [2,8,1,6,9,4,7,3,10,11,5]
2236439 [3,7,5,6,1,2,4]
2122044 [3,4,1,2,5]
2122044 [16,17,20,8,2,9,18,13,21,6,1,11,5,3,12,14,15,10,7,19,4]
2122044 [2,3,1,8,4,5,7,6]
2138616 [1,2,3,4,5]
2142563 [1,2,3,4,5,6]
2185613 [2,5,4,1,3,6]
2185613 [3,9,6,4,10,1,7,8,2,5]
2185613 [4,3,1,2,6,7,5]
2226651 [1,5,6,3,4,7,2]
2226651 [2,5,4,3,1]
2226651 [3,10,11,9,5,1,4,7,8,2,12,6,13]
2272218 [1,2,3,4,5,6,7,8,9,10,11]
2272218 [1,2,3,4,5,6,7,8,9]
563436 [3,4,5,6,2,7,1]
581272 [1,2,3,4,5,6]
2291343 [4,6,3,2,5,1]
2318116 [2,3,4,5,1]
2390691 [5,3,4,1,2]
2390691 [1,5,3,4,2]
2390691 [8,9,7,14,6,13,4,11,1,10,5,2,3,12]
2390691 [8,9,3,6,7,4,5,1,2]
621402 [5,6,3,1,7,2,4,8]
663707 [13,16,1,9,4,5,14,10,8,12,3,6,15,7,11,2]
663707 [11,8,5,3,2,13,12,6,1,18,9,16,14,10,15,4,17,7]
663707 [6,3,4,5,1,2]
663707 [12,2,6,3,20,7,19,9,4,13,17,5,14,1,8,18,11,16,15,10]
665079 [7,3,1,5,9,4,2,8,6]
675751 [2,4,5,1,3]
716137 [1,2,3,4,5,6,7,8,9,10,11,12,13,14,15,16,17,18,19,20,21,22,23,24,25]
716137 [1,2,3,4,5,6,7,8,9]
900378 [5,1,3,6,2,4]
900378 [6,2,3,5,4,1,8,7]
2439350 [2,4,1,3,5]
2439350 [14,17,13,5,20,21,1,18,4,15,11,16,8,2,6,10,19,9,7,12,3]
2439350 [13,1,2,10,9,5,7,12,8,6,3,4,11]
2439350 [15,18,8,19,5,11,2,17,10,4,20,6,9,3,7,12,1,14,16,13]
2440251 [1,2,3,4,5,6,7,8,9]
2526874 [1,2,3,4,5,6,7,8]
2526874 [1,2,3,4,5,6]
1664967 [6,4,7,1,2,5,3]
43932 [9,4,2,12,6,7,11,3,10,5,8,1]
43932 [5,3,1,6,2,4]
62577 [1,2,3,4,5,6,7,8,9,10,11]
62577 [1,2,3,4,5,6]
477103 [9,5,10,12,3,6,4,8,15,2,7,13,14,1,11]
583610 [7,4,1,5,6,3,2]
596515 [10,16,17,8,9,1,18,4,12,2,3,15,6,5,11,19,13,14,7]
616502 [4,5,6,7,3,1,2,8]
626090 [1,2,3,4,5,6,7,8,9,10,11]
626090 [1,2,3,4,5,6]
636116 [5,3,6,4,1,2]
642707 [10,6,1,3,11,7,9,5,4,8,2]
642707 [5,6,3,4,2,1]
642707 [5,3,7,1,4,8,2,6]
642707 [1,3,4,7,8,6,10,2,5,9]
651118 [4,1,3,5,6,7,2]
1012145 [1,2,3,4,5,6,7,8,9]
1015339 [4,30,25,10,18,14,39,21,3,13,20,38,24,12,29,37,35,31,23,15,36,16,33,9,26,22,6,8,5,19,1,34,2,32,27,28,17,7,11]
1035262 [10,8,6,1,9,11,7,3,5,2,4]
1060427 [1,2,3,4,5,6,7,8,9,10,11,12,13]
1068993 [5,1,4,2,3]
1068993 [5,1,6,3,2,4]
1106100 [6,1,3,10,5,2,9,8,4,7]
1182135 [2,1,5,3,4]
1182135 [1,4,6,5,3,2]
2267404 [6,2,5,1,3,4,8,7]
1902894 [9,12,11,1,3,8,10,4,6,7,2,5]
2361405 [9,18,26,6,19,16,3,13,2,12,8,22,20,25,1,27,7,14,23,4,15,11,21,24,5,10,17]
1169267 [3,4,5,1,2]
1169267 [1,3,2,5,4]
1178523 [8,9,4,2,3,6,1,7,5]
1178523 [18,2,14,4,3,8,9,17,5,15,7,1,11,10,12,16,6,13]
1178523 [1,5,2,3,4]
1178523 [19,28,18,8,12,23,10,6,25,17,5,27,4,24,3,11,16,15,9,22,1,13,14,20,26,21,7,2]
1213548 [7,6,12,11,4,13,3,10,1,2,5,16,8,14,9,15]
1213548 [5,6,1,4,3,2]
1213548 [3,9,5,14,1,10,2,7,8,4,13,11,6,12]
1245658 [1,2,3,4,5,6,7,8,9,10,11,12,13,14,15,16,17,18,19,20,21]
1245658 [1,2,3,4,5,6,7]
1245658 [1,2,3,4,5,6,7,8,9,10,11]
1245658 [1,2,3,4,5,6,7,8,9,10,11,12,13,14]
1363310 [1,2,3,4,5,6,7,8,9,10,11,12,13,14,15,16]
1363310 [1,2,3,4,5,6,7,8]
1383127 [7,2,9,3,1,8,5,4,6]
1383127 [1,4,2,5,3]
1383127 [1,6,4,3,2,5]
1383127 [4,1,2,3,5]
2215648 [3,6,2,12,10,16,15,4,11,7,1,13,8,14,5,9]
2215648 [13,11,12,5,17,9,14,16,20,4,18,7,2,15,8,6,10,1,21,3,22,19]
2215648 [1,5,2,6,4,3]
2215648 [9,1,6,5,8,11,14,7,10,4,15,2,12,13,3]
2215648 [25,4,16,20,2,19,26,18,7,27,24,13,1,12,14,10,8,22,15,6,17,23,21,9,3,11,5]
2218211 [1,2,3,4,5,6,7,8,9,10,11]
2023211 [12,10,4,1,5,9,20,16,19,7,2,17,3,14,11,6,15,18,8,13]
2027502 [5,1,7,3,6,4,2]
2028052 [53,25,8,16,14,6,51,22,20,4,24,7,44,5,2,46,3,13,41,27,18,52,47,35,48,9,10,32,50,29,26,54,34,17,21,36,38,45,33,12,31,1,49,23,30,43,37,39,28,11,42,15,40,19]
2071560 [14,32,27,30,4,18,28,21,19,11,33,20,5,25,31,10,8,24,34,9,22,29,3,16,6,2,1,12,7,13,23,15,26,17,35]
2071560 [6,13,22,19,4,14,3,1,10,12,21,15,9,11,17,8,16,7,2,5,20,18]
2071560 [4,1,6,5,3,2]
2071560 [2,8,7,6,9,10,1,4,3,5]
2071560 [5,3,2,4,1]
2140356 [3,2,6,5,4,1]
2140356 [13,4,6,15,12,11,5,8,1,2,7,9,10,14,3]
2140356 [13,3,10,9,1,2,8,12,11,4,6,7,5]
2140356 [14,12,16,11,2,15,3,1,9,8,4,6,5,10,13,7]
2140356 [6,5,4,3,1,2]
2140778 [14,5,10,11,1,9,6,3,4,8,13,12,2,7]
2127351 [3,2,12,10,4,7,11,9,5,6,8,1]
2149580 [7,1,11,10,12,8,2,5,4,3,9,6]
2193614 [1,2,3,4,5,6,7,8,9,10,11,12,13]
2193614 [1,2,3,4,5]
2440251 [1,2,3,4,5,6,7,8,9,10,11,12,13,14,15,16,17]
2440251 [1,2,3,4,5,6,7,8,9,10,11,12,13,14,15,16,17,18,19,20,21,22,23,24,25,26,27,28,29,30,31,32,33,34,35,36,37,38,39,40,41,42,43,44,45,46,47,48,49,50,51,52,53,54,55,56,57,58,59,60,61,62,63,64,65,66,67,68]
2451375 [1,2,3,4,5,6,7,8,9,10,11,12,13,14,15,16,17,18,19,20,21,22,23,24]
2456550 [2,3,5,6,4,1]
2456550 [3,13,8,9,6,10,7,5,4,14,2,12,11,1]
1401252 [1,2,3,4,5]
1401252 [1,2,3,4,5,6,7,8,9,10,11,12,13,14]
1401252 [1,2,3,4,5,6,7,8,9,10,11,12,13]
2471516 [1,10,8,7,2,15,9,5,14,3,12,13,11,16,6,4,17]
1126205 [6,20,5,15,4,22,3,14,17,10,18,16,19,8,2,13,7,1,12,21,9,11]
1126205 [19,25,8,2,18,4,12,22,5,26,16,1,9,14,20,24,11,13,6,3,23,15,10,7,17,21]
2046464 [4,2,7,6,5,3,8,1]
2060487 [2,5,4,1,3]
2060487 [2,1,5,3,4]
2078799 [4,8,1,7,6,5,3,2]
2246162 [1,5,6,3,2,4]
2246162 [1,4,5,2,3]
438389 [4,5,3,8,7,6,2,9,1]
456624 [4,7,10,1,3,9,5,6,2,8]
456624 [20,21,14,15,9,2,8,5,1,10,12,16,17,13,3,4,11,18,6,19,7]
467696 [5,2,6,1,3,4]
467696 [2,5,4,3,6,1]
467696 [1,3,7,5,2,4,6]
467696 [1,2,4,5,3]
476345 [8,5,1,3,7,6,2,4]
476345 [4,12,2,3,11,6,9,5,10,1,8,7]
501000 [5,4,1,2,3,6]
509450 [1,6,8,11,2,5,10,3,13,14,7,12,4,9]
509450 [12,10,2,13,1,11,3,8,9,5,7,6,4]
509450 [5,2,13,16,6,12,1,4,10,7,9,3,11,15,8,14]
509450 [9,7,6,8,2,1,3,4,5]
2289794 [11,8,19,18,22,3,2,35,5,33,16,34,25,15,28,6,1,14,27,29,10,26,12,9,23,31,20,7,13,32,4,17,21,24,30]
2289794 [15,25,22,3,10,14,5,20,7,4,23,13,12,1,11,17,21,2,8,18,16,6,19,24,9]
2289794 [4,8,1,9,2,5,3,7,6,10]
559866 [5,1,4,3,6,2]
562321 [3,6,2,5,4,1]
1778414 [9,5,2,6,7,3,1,8,4]
1783728 [42,35,9,27,41,46,58,48,40,56,10,51,16,11,55,24,17,21,6,12,3,28,14,7,19,13,54,53,25,20,59,43,26,5,44,47,31,52,45,1,2,37,39,4,57,23,32,8,18,34,15,29,33,38,30,50,22,49,36]
1783728 [28,3,1,13,31,22,29,10,2,24,19,21,23,11,18,16,15,7,5,8,4,20,6,14,17,9,30,12,25,27,26]
135488 [5,4,2,3,1]
135488 [2,8,11,7,9,10,5,3,1,6,4]
135488 [13,22,25,20,9,11,14,17,2,12,8,16,24,10,1,23,21,18,19,6,5,7,3,4,15]
187651 [3,4,6,1,8,2,7,5]
187651 [4,6,1,10,8,9,2,5,7,11,3]
187651 [4,3,5,2,1]
463733 [2,3,5,4,1,6]
62577 [1,2,3,4,5,6]
1092441 [1,5,4,2,3]
1105810 [26,7,18,12,17,21,10,5,3,4,9,6,1,24,2,28,19,13,29,27,25,20,11,23,22,8,14,15,16]
2261018 [1,2,3,5,4]
2261768 [6,5,4,3,1,2]
1148586 [4,7,1,6,2,3,5]
1148586 [2,7,3,6,8,5,4,1]
1148586 [4,6,2,3,1,5]
1148586 [10,6,1,11,5,2,8,3,4,7,9,12,13]
1178523 [3,1,4,5,2]
2246162 [2,1,10,5,7,8,6,4,9,3]
2246162 [13,5,9,4,8,6,2,7,10,16,11,12,15,1,3,14]
2246162 [5,1,6,2,4,3]
2269158 [5,3,7,6,14,11,1,8,10,12,4,2,13,9]
2269158 [7,1,2,3,6,5,4,8]
2269158 [3,10,11,7,6,9,5,1,8,2,4]
2291746 [1,2,3,4,5]
2292659 [2,3,4,5,1]
2318116 [3,2,7,6,1,5,4]
2318116 [5,4,3,2,1]
1213548 [10,2,1,5,7,8,4,9,11,6,3]
1213548 [5,2,1,6,3,4]
1213548 [13,20,14,11,15,8,10,18,19,17,9,12,3,4,1,21,5,6,16,7,2]
1213548 [1,3,5,2,4]
1213548 [14,7,11,12,10,5,8,4,13,1,3,6,2,9]
1227910 [5,1,6,3,4,2]
1227910 [3,8,9,10,2,4,12,15,1,7,6,13,11,14,5]
1227910 [19,1,13,25,22,16,2,20,32,14,31,24,17,37,28,42,18,12,27,29,26,23,40,6,7,11,36,33,21,15,30,35,34,10,4,5,38,39,9,8,3,41,43]
1227910 [4,5,1,3,2]
1230526 [3,4,2,1,5]
1246374 [1,5,7,6,4,3,2]
1298261 [1,2,3,4,5,6,7,8,9]
1328488 [4,3,7,6,1,5,2,8]
1328488 [5,4,7,2,3,1,6]
1328488 [4,3,5,1,2,6]
1360769 [1,3,4,5,2]
1360769 [7,4,5,2,3,1,6]
1393060 [1,2,3,4,5]
1393060 [1,2,3,4,5]
900378 [2,4,5,1,3]
321436 [1,2,3,4,5,6,7]
453717 [24,8,15,23,20,9,17,2,14,6,19,3,12,26,10,1,25,18,5,7,22,11,16,21,4,13]
591092 [15,16,13,8,10,12,11,2,7,1,9,6,14,5,3,4]
806521 [10,11,4,5,12,3,8,6,1,9,2,7]
1167944 [12,1,19,4,18,10,6,8,3,16,7,2,9,11,14,17,5,15,20,13]
1447473 [35,11,30,31,19,36,28,22,18,21,27,3,24,12,1,32,23,34,8,39,16,17,9,33,26,13,15,29,14,2,37,6,20,4,25,38,10,5,7]
1779138 [2,1,5,4,3]
1926205 [1,2,3,4,5,6,7,8]
1978399 [4,1,2,5,3]
2031245 [2,3,1,4,5,6]
2524240 [1,25,12,8,6,9,29,11,18,28,10,22,27,17,23,30,5,2,14,3,19,21,16,26,20,31,24,7,15,4,13]
2524240 [3,2,1,8,5,9,4,7,6]
2540950 [9,8,3,7,1,6,5,4,2]
1856951 [20,12,13,2,16,10,9,7,4,15,1,18,6,3,5,19,21,11,8,17,14]
1974470 [7,3,2,1,5,4,8,6]
710166 [1,2,3,4,5,6,7,8,9]
1041212 [1,2,3,4,5,6]
2003901 [3,7,2,6,5,1,4]
1602934 [6,8,2,5,1,7,4,3]
1602934 [55,47,59,40,33,37,58,29,25,51,45,43,57,28,44,1,12,46,38,26,10,16,19,17,15,24,5,35,18,50,4,6,52,39,30,60,31,22,54,36,20,14,48,34,42,13,56,11,32,21,9,49,8,23,27,7,2,3,53,41]
1602934 [6,2,4,5,1,7,3]
1602934 [5,8,2,6,3,4,7,1]
1621087 [6,9,7,3,4,1,2,5,8]
1660953 [1,2,3,4,5]
1683484 [1,2,5,3,7,6,4]
1693059 [5,2,7,4,6,3,1,8]
1694358 [1,2,3,4,5,6,7,8,9,10,11,12,13]
1721133 [3,6,4,1,5,7,2,8]
1739856 [1,2,3,4,5,6,7]
793625 [1,2,3,4,5,6]
835931 [5,4,7,6,1,3,2]
1090625 [2,3,1,4,6,5]
1139265 [6,1,7,3,2,5,4]
1562408 [3,5,2,6,7,1,4]
1562408 [4,2,6,3,7,5,11,13,12,1,9,14,10,15,8]
1562408 [6,15,2,11,7,5,8,3,12,19,14,10,9,13,17,1,4,16,18]
1562408 [2,1,3,7,6,4,5]
1562408 [13,16,2,14,15,4,8,19,3,5,10,20,11,7,22,1,12,17,21,18,6,9]
1562408 [38,2,10,24,33,12,4,41,21,19,26,6,35,3,42,48,45,32,36,17,7,23,44,29,46,40,37,34,20,9,28,11,25,5,8,47,39,43,18,15,31,1,14,27,49,13,30,22,16]
1562408 [6,16,31,3,19,29,21,25,33,13,30,11,20,10,27,9,26,2,18,8,5,28,22,24,15,14,4,1,17,7,23,12,32]
768249 [2,5,1,4,3,6,7]
1331272 [1,3,8,5,6,7,4,2]
1907146 [19,9,6,1,10,3,16,7,18,12,15,8,11,13,4,5,17,14,2]
1978399 [2,13,10,6,8,15,4,5,14,12,3,9,7,1,11]
1978399 [10,7,1,5,6,2,9,8,4,3]
2420256 [5,3,4,7,8,6,9,2,1]
1747939 [4,3,6,5,2,1,7]
1779138 [3,2,1,5,4]
1779138 [13,12,5,8,9,2,7,3,10,14,6,4,1,11]
2198596 [1,2,3,4,5,6,7,8,9,10,11,12,13,14,15,16,17,18,19,20,21,22,23,24,25,26,27,28]
2221814 [2,9,7,6,5,10,8,1,11,4,3]
2540950 [9,1,4,2,6,7,8,5,3]
2540950 [2,3,1,11,10,4,9,8,6,5,7]
2566955 [9,5,18,7,10,4,15,3,12,11,13,8,14,2,16,6,1,17]
1447473 [8,3,10,15,11,4,9,2,13,12,18,7,14,16,6,19,5,17,1]
1450284 [10,1,41,48,2,18,17,33,20,31,40,50,22,25,39,28,16,12,14,46,8,13,19,42,21,32,29,23,45,11,4,37,7,27,34,26,15,3,49,35,43,30,38,44,9,5,51,36,24,47,6]
1450284 [3,5,4,6,2,1,7]
1450284 [5,6,2,4,3,1,7]
1450284 [5,6,2,3,4,1]
1488979 [1,2,3,4,5,6,7,8]
1554035 [9,5,2,1,10,4,6,12,8,11,7,13,3]
1619579 [7,8,10,2,5,9,4,3,1,6]
1619579 [13,9,8,14,12,3,15,5,16,4,1,10,11,17,7,6,2]
1619579 [8,20,22,23,16,10,4,24,12,7,18,17,2,26,14,6,11,21,3,25,5,15,9,19,1,13]
1619579 [9,5,2,3,4,11,6,1,8,7,10]
1619579 [1,6,4,3,5,8,9,2,10,7]
1619579 [3,9,11,1,2,12,10,6,5,7,4,8]
1619579 [2,3,1,4,5,6]
1542939 [1,5,8,4,2,3,9,6,7]
1542939 [5,4,2,6,1,3]
1542939 [3,1,7,5,8,6,4,2]
1622906 [3,7,2,6,4,5,1]
1622906 [3,2,6,1,4,5]
1622906 [1,6,2,4,3,8,7,5]
1622906 [4,3,8,11,12,7,2,6,5,10,9,1]
1622906 [6,5,2,4,7,1,3]
194623 [3,5,6,7,2,4,1]
194623 [6,3,4,1,2,7,5]
194623 [1,4,5,2,3]
755106 [1,2,3,4,5,6]
2019514 [10,9,1,5,7,6,11,4,2,3,8]
2071560 [5,3,7,8,6,1,4,2]
2071560 [7,2,9,1,6,5,3,4,8,10]
2071560 [2,4,6,10,5,1,3,9,8,11,7]
716137 [1,2,3,4,5,6]
716137 [1,2,3,4,5,6,7,8,9,10]
930903 [35,22,12,31,18,36,33,44,39,41,1,6,3,21,19,26,24,32,9,40,8,10,7,17,51,47,37,13,42,20,50,34,5,27,29,43,2,16,15,23,30,49,48,45,38,4,46,25,14,28,11]
930903 [12,16,18,11,9,2,5,13,7,20,10,8,14,1,4,3,6,19,17,15]
1092441 [6,5,1,2,4,3]
1092441 [3,4,1,5,6,2]
1542768 [8,5,3,2,6,7,4,1]
1552171 [6,3,4,5,1,2]
1744285 [2,12,4,20,14,17,9,10,22,15,8,19,16,21,3,1,25,23,5,6,7,13,18,11,24]
1744285 [2,5,8,4,3,6,1,7]
1791251 [43,16,6,9,2,29,5,26,31,33,21,35,30,15,23,41,12,32,37,19,13,27,17,28,7,45,11,34,3,1,4,18,42,20,22,24,39,14,40,8,38,25,10,36,44]
1834502 [18,9,1,11,10,12,15,8,3,4,13,6,5,17,14,7,2,16]
1974260 [9,2,8,3,5,4,7,6,1]
2272218 [1,2,3,4,5,6,7,8,9,10,11,12]
2291746 [1,2,3,4,5,6,7,8,9]
2291746 [1,2,3,4,5,6,7,8,9,10,11,12,13,14,15,16]
2291746 [1,2,3,4,5,6,7]
135488 [6,4,3,2,8,5,1,7]
24184 [8,9,13,22,18,4,14,11,23,16,21,3,7,12,6,15,5,2,19,10,17,1,20]
2284135 [1,2,3,4,5,6,7,8,9,10,11,12]
2284135 [1,2,3,4,5,6,7,8,9,10,11,12,13,14,15,16,17,18,19]
2284135 [1,2,3,4,5,6,7,8,9,10,11,12,13,14,15,16,17,18]
2289040 [7,5,6,2,1,4,8,3]
291051 [9,13,2,10,7,6,3,11,1,5,12,4,8]
2126801 [1,2,3,4,5,6,7,8,9]
2126801 [1,2,3,4,5]
2159658 [1,2,3,4,5,6,7,8,9,10,11,12,13,14,15,16,17,18,19,20,21]
53846 [1,2,3,4,5,6,7,8,9,10,11,12,13,14,15,16,17,18,19,20,21,22,23,24,25]
53846 [1,2,3,4,5,6,7,8,9,10,11,12,13,14]
71413 [3,4,1,6,5,2]
411733 [2,7,1,11,3,10,6,8,5,4,12,9]
441426 [11,13,1,3,4,12,8,6,9,7,2,5,15,14,10]
441426 [4,7,9,3,2,1,5,8,6]
997715 [3,4,6,1,5,2]
997715 [8,3,7,2,1,9,6,5,4]
997715 [9,13,2,1,8,4,5,7,14,6,12,11,10,3]
104262 [2,16,11,6,12,7,19,3,21,13,1,17,20,8,5,10,9,15,18,4,14]
43932 [7,1,9,10,8,3,6,2,5,4]
2269158 [19,20,15,22,1,3,21,11,16,9,2,14,17,8,7,10,5,6,12,18,4,13]
2269158 [9,8,4,6,1,3,5,10,2,7]
2269158 [6,19,9,13,7,17,16,1,20,12,2,4,8,11,15,5,14,18,10,3]
2291746 [1,2,3,4,5,6,7,8,9,10,11,12,13,14,15]
2345810 [1,2,3,4,5,6,7,8,9]
2432239 [4,18,5,15,20,22,2,13,21,7,10,17,11,9,14,12,1,6,8,3,19,23,16]
2440251 [1,2,3,4,5,6,7,8,9,10,11,12]
19181 [7,5,8,12,9,6,1,11,3,4,13,2,14,10]
22895 [3,4,6,2,1,5,8,7]
22895 [1,12,4,10,6,5,2,9,8,7,3,11]
110458 [4,5,3,1,2]
126068 [3,1,4,6,2,7,5]
127405 [1,2,3,4,5,6,7,8]
50692 [1,2,3,4,5,6,7,8,9,10,11,12,13,14,15,16,17,18,19]
50692 [1,2,3,4,5,6,7,8,9,10,11,12,13,14,15,16]
50692 [1,2,3,4,5,6,7,8]
50692 [1,2,3,4,5,6,7,8,9]
197756 [7,8,1,4,5,6,2,3,11,12,10,9]
197756 [3,5,1,2,4,6]
245835 [6,10,14,21,25,11,2,13,12,4,3,20,27,7,15,1,5,9,28,26,19,16,24,17,23,22,18,8]
248790 [3,1,5,6,2,4]
251987 [3,4,5,2,1]
251987 [3,2,4,5,6,1]
251987 [3,2,7,6,5,4,1]
251987 [5,6,1,4,2,3]
251987 [3,7,5,4,8,2,9,6,10,1]
251987 [2,1,5,3,4]
251987 [7,5,3,9,4,11,8,6,10,2,1]
268600 [2,5,6,3,1,4]
277291 [4,10,12,11,6,16,1,19,18,20,9,5,3,15,13,7,2,14,17,21,8]
277291 [5,12,9,6,10,14,11,1,3,8,13,7,4,2,15]
277291 [1,5,2,4,3]
277291 [1,8,12,2,6,9,11,13,5,4,14,3,10,15,7]
309336 [4,5,3,6,1,2]
949107 [5,3,2,1,6,4]
949107 [8,16,10,11,15,12,14,18,3,17,6,7,2,1,9,5,4,13]
1158222 [1,4,2,5,7,6,3,9,8]
2078799 [5,4,6,3,2,1,7,9,8]
2456550 [7,2,4,6,1,5,3]
58158 [1,2,3,4,5,6,7,8,9,10,11,12,13,14,15,16,17,18,19,20,21,22,23,24,25,26,27]
82733 [3,5,4,1,2]
349690 [1,2,3,4,5,6,7,8,9,10]
481652 [19,4,20,5,14,21,13,3,18,9,10,16,6,8,11,2,7,17,1,22,12,15]
1450284 [7,8,1,12,3,13,6,2,9,10,4,11,5]
1450284 [5,3,6,2,1,4]
1450284 [7,10,3,6,2,1,4,5,8,11,9]
33358 [1,2,3,4,5,6]
102984 [4,1,5,6,2,7,3]
182355 [4,6,1,5,2,3]
289709 [9,3,1,2,7,11,8,12,14,15,10,13,6,5,4]
756191 [1,2,3,4,5]
352658 [3,6,5,2,1,4]
367419 [9,2,8,3,4,6,5,7,10,1]
367419 [14,7,10,19,5,1,18,17,2,11,13,6,3,4,9,20,12,8,16,15]
367419 [16,15,1,18,6,14,2,10,12,19,11,20,9,7,8,13,17,3,4,5]
413654 [9,1,12,8,4,6,15,13,3,2,14,5,11,7,10]
429101 [6,2,1,4,5,3]
429101 [8,7,10,11,6,2,1,9,3,4,5]
429101 [10,5,11,15,14,13,18,2,9,8,12,1,6,17,7,16,3,4]
429101 [4,5,2,3,1]
429101 [1,5,2,3,6,4]
429101 [1,7,2,9,5,8,3,4,6]
441426 [1,3,4,2,5]
441426 [5,1,3,2,4]
447886 [11,6,8,7,12,2,3,1,10,9,4,5]
456623 [1,6,2,5,4,3]
456749 [4,1,5,2,3]
457469 [4,3,1,5,6,2]
477614 [5,12,8,10,11,1,2,4,3,7,6,13,9]
548891 [6,5,19,17,11,3,18,4,2,12,8,1,15,7,16,14,13,20,9,21,10]
548891 [31,23,9,4,21,22,7,17,27,33,24,15,11,8,32,6,25,5,1,2,20,30,29,26,12,14,16,18,36,34,13,19,3,28,10,35]
548891 [11,8,7,5,13,1,12,2,3,4,9,10,6]
548891 [19,1,12,4,6,16,13,20,17,3,2,5,11,10,8,14,7,18,15,9,21]
563436 [1,2,6,4,5,7,3]
476688 [9,10,2,4,8,7,1,5,3,6]
481652 [2,5,3,4,6,1]
502355 [14,15,12,7,1,11,13,2,3,4,6,5,9,8,10,17,16]
516251 [3,12,13,11,4,1,8,9,6,2,5,7,10]
642707 [2,4,3,1,5]
642707 [1,6,2,3,5,4,7,8]
934064 [16,11,7,14,15,8,13,3,10,12,9,5,6,4,2,1]
941029 [9,13,3,6,1,11,4,8,14,7,2,12,5,10,15]
949107 [7,8,5,6,4,2,1,3,9]
949107 [3,6,7,1,11,4,10,5,9,2,8]
166935 [2,1,7,3,4,5,6]
201433 [10,7,2,3,4,9,6,5,1,8]
201433 [5,1,4,2,3]
1092441 [8,2,1,6,3,7,9,5,4]
705554 [1,8,4,9,7,3,6,5,2,10]
705554 [5,3,2,1,4]
726123 [16,2,15,7,18,27,17,19,1,14,6,13,9,4,3,25,5,11,24,20,23,10,26,21,8,12,22]
726123 [10,2,4,5,1,9,3,8,11,6,7]
726123 [24,21,27,16,15,6,9,8,25,22,18,14,11,13,3,20,28,29,5,19,12,10,23,4,26,2,7,1,17]
581272 [1,2,3,4,5,6]
591798 [6,1,2,3,5,4]
1880421 [1,6,3,2,4,5]
1880421 [23,14,20,11,17,2,16,4,9,1,6,18,21,10,5,25,15,19,8,24,3,13,7,12,22]
1880421 [5,3,6,1,7,4,2]
1880421 [21,2,4,3,8,14,18,10,7,19,20,6,12,17,9,11,13,5,1,15,16]
1880421 [12,7,11,2,10,4,9,6,13,3,8,1,5]
1880421 [4,1,2,3,5]
1880421 [5,1,4,3,2]
1887792 [35,7,25,17,10,2,11,24,27,29,14,28,23,32,9,21,18,1,36,30,19,6,4,22,26,15,33,16,3,31,34,13,5,8,12,20]
1887792 [3,4,1,7,6,8,2,5]
1888687 [1,2,3,4,5,6,7,8,9,10,11]
1923297 [2,4,7,6,8,1,3,5]
1923297 [19,12,4,9,17,24,18,7,10,16,25,8,26,3,11,13,27,21,23,5,2,20,1,28,14,15,22,6]
1924396 [1,2,3,4,5,6]
289998 [1,2,3,5,6,4]
303302 [1,2,3,4,5,6,7]
303302 [1,2,3,4,5,6]
303302 [1,2,3,4,5,6,7,8]
303302 [1,2,3,4,5,6,7,8,9]
303302 [1,2,3,4,5,6,7,8]
303302 [1,2,3,4,5,6,7,8,9,10,11,12]
441426 [4,1,3,6,2,5]
441426 [4,5,1,9,6,11,14,12,8,2,10,7,3,15,13]
441426 [7,4,3,1,8,6,5,2]
441426 [1,2,6,5,3,4]
441426 [1,4,12,6,20,17,7,13,18,2,14,15,8,19,10,3,5,16,11,9]
117584 [1,2,3,4,5]
118159 [1,2,3,4,5,6,7]
118159 [1,2,3,4,5,6,7]
118159 [1,2,3,4,5,6,7,8,9,10,11,12]
847416 [12,11,8,1,16,6,38,31,29,19,37,26,5,40,20,34,15,9,3,10,33,22,21,18,14,39,35,30,7,2,24,27,4,17,28,23,25,32,36,13]
847416 [4,6,1,5,3,2]
847416 [1,4,5,6,2,3]
1153721 [1,2,3,4,5]
1153721 [1,2,3,4,5,6]
1157827 [4,5,7,6,2,1,3]
796186 [6,5,9,8,7,4,11,10,1,3,2]
796186 [3,4,1,5,2,6]
1006353 [1,2,3,4,5,6,7,8,9,10,11,12,13,14,15,16,17,18,19]
1006353 [1,2,3,4,5,6]
1035411 [2,3,6,4,5,7,1]
905223 [2,3,12,25,15,22,11,7,5,9,19,27,17,20,4,14,26,6,10,13,1,8,16,24,21,23,18]
905223 [6,5,2,7,13,10,16,12,1,11,9,3,15,14,8,4]
905223 [1,10,6,2,7,3,5,4,8,9]
905223 [19,7,2,1,18,9,6,10,13,14,8,17,15,16,12,5,4,3,11]
905223 [4,1,3,2,5]
905223 [7,3,4,9,5,1,11,8,6,2,12,10]
1012145 [1,2,3,4,5,6,7,8,9]
411326 [13,2,11,16,4,17,5,8,1,14,9,7,3,15,12,6,10]
411326 [1,12,9,11,14,20,22,8,23,27,5,2,3,19,16,10,26,15,25,7,24,18,21,17,4,13,6]
413654 [4,6,7,11,5,13,3,2,9,1,8,10,12]
413654 [5,6,7,3,4,1,2,8]
416399 [8,7,6,10,1,3,4,9,2,11,5]
416399 [12,7,3,16,4,14,10,11,8,15,6,2,13,17,1,9,5]
901864 [3,8,6,2,7,5,1,4]
901864 [5,3,4,2,1,6]
901864 [3,6,5,2,4,1]
971442 [19,5,17,18,1,25,6,2,15,14,10,11,23,21,4,8,7,13,22,12,16,3,24,20,9]
971442 [2,5,3,4,6,1,7]
978501 [1,2,3,4,5,6,7,8,9,10,11,12,13,14,15,16]
1275613 [2,3,4,6,5,1]
1092441 [2,9,5,6,4,8,7,1,3]
1074381 [1,2,3,4,5]
935922 [5,4,1,3,2]
949107 [1,2,3,4,5]
1090366 [20,27,2,42,14,24,1,5,43,13,28,4,29,38,7,35,9,15,12,40,8,47,39,32,10,36,18,41,45,21,26,16,30,34,46,23,6,3,17,25,19,22,11,44,31,37,33]
1090366 [15,16,2,10,4,7,6,5,3,18,12,1,13,11,17,9,14,8]
1090366 [4,3,7,5,2,6,1]
1091343 [6,8,9,3,5,4,7,2,10,1,11]
1091343 [9,5,7,2,6,4,10,1,3,8]
1091343 [12,17,14,7,10,16,19,5,11,8,2,4,13,6,15,1,18,20,3,9]
1091343 [5,1,3,2,4]
1091343 [8,2,5,6,1,7,4,3]
1091343 [4,6,7,1,3,9,2,5,8,10]
1090366 [1,6,2,3,5,7,4]
1090366 [5,4,3,7,13,12,9,11,2,6,8,10,1]
1090625 [5,4,3,6,2,7,1]
1122370 [8,3,7,10,9,1,6,4,2,5]
1122370 [1,4,2,5,3]
1122370 [4,2,8,9,3,5,7,6,1]
1122370 [6,7,8,2,5,1,3,4]
1122370 [3,18,6,16,14,5,20,8,11,10,19,1,12,13,9,17,4,2,15,7]
1138925 [2,4,6,1,3,5]
1157136 [11,7,2,6,12,8,9,1,3,5,10,4]
1157136 [8,4,6,9,5,1,7,3,2]
1157136 [8,1,3,7,5,4,2,6]
1169267 [7,6,8,2,3,4,5,1,9]
1298261 [1,2,3,4,5]
1308113 [8,5,7,9,4,6,1,10,3,2]
751365 [9,12,11,6,7,8,3,2,10,1,4,5]
751365 [7,6,2,5,4,3,8,1]
751365 [11,6,12,21,9,18,22,4,20,14,19,13,5,17,16,2,3,8,15,10,1,7]
751365 [4,15,1,7,12,5,13,8,9,11,10,2,3,14,6]
751365 [17,18,21,1,3,11,5,20,9,13,16,19,7,2,14,12,4,10,15,6,8]
768249 [10,11,14,3,6,5,17,8,4,15,9,2,13,1,12,16,7]
768249 [4,8,15,9,35,42,44,51,5,43,46,12,6,22,53,32,25,45,50,1,31,3,23,36,19,21,52,18,30,37,38,56,10,41,34,24,49,20,40,55,26,16,33,27,48,2,14,39,54,11,29,17,13,28,7,47]
1320533 [14,2,8,3,11,9,4,13,6,7,5,10,12,1]
1321771 [1,2,3,4,5,6,7,8,9,10,11,12,13,14,15,16,17,18,19,20,21,22,23,24]
1321771 [1,2,3,4,5,6]
1328488 [5,14,4,8,11,1,3,6,2,12,10,13,9,7,15]
1328488 [11,4,14,8,13,9,5,12,6,10,2,3,1,7,15]
1328488 [18,17,13,7,8,2,6,3,9,16,5,1,10,12,11,4,15,14]
1328488 [1,3,14,5,9,4,10,8,15,13,7,12,6,11,16,17,2]
1328488 [1,3,7,5,2,6,4]
1073931 [10,8,4,7,2,9,1,5,11,12,6,3,13]
1074381 [1,2,3,4,5,6]
1143918 [18,17,3,1,2,4,6,5,12,10,13,8,14,9,19,7,16,15,11]
1143918 [8,9,7,3,4,6,5,2,1]
1143918 [6,8,23,10,18,2,16,14,3,13,12,20,7,1,19,11,21,22,17,15,4,9,5]
1143918 [2,4,16,12,14,5,13,15,11,8,10,6,7,3,9,18,1,17]
1182135 [6,3,4,2,5,1,7]
1200231 [8,9,7,2,6,1,3,5,4]
1012145 [1,2,3,4,5]
1012145 [1,2,3,4,5]
1014041 [1,2,3,4,5,6,7,8,9]
1321771 [1,2,3,4,5,6,7,8,9,10,11,12,13,14,15,16,17,18,19,20]
1328488 [16,10,4,15,1,9,18,3,6,13,21,11,14,5,19,8,2,20,12,7,17]
966688 [3,1,4,2,5,6]
1092730 [3,5,1,4,2]
1105810 [3,5,4,2,1]
1106100 [4,5,2,1,6,3]
1106100 [6,1,5,8,4,3,2,7]
1106100 [3,8,2,11,7,1,12,9,6,10,4,5]
1106100 [11,4,5,12,9,6,3,10,7,1,2,8]
1106100 [6,4,5,1,2,3]
1171223 [3,4,8,7,6,2,1,5]
1171223 [17,15,14,4,9,13,5,12,2,6,7,16,10,3,11,8,1,18]
1171223 [8,14,9,2,12,3,1,13,7,6,5,4,11,10]
1171223 [6,3,4,1,7,2,5]
1182135 [4,2,1,5,3]
1216284 [8,1,5,7,2,4,6,3]
1218901 [19,18,20,16,5,9,8,4,7,17,11,2,13,12,14,21,6,3,10,1,15]
1321771 [1,2,3,4,5,6,7,8,9]
1331854 [34,1,19,27,14,4,31,23,25,26,21,6,5,10,20,29,17,3,16,30,9,22,18,7,15,8,12,24,13,33,28,11,32,2]
1647768 [1,3,4,2,5]
1251390 [14,9,10,11,8,1,15,5,7,4,3,18,12,13,2,17,16,6]
1251390 [3,12,2,11,7,10,9,6,8,4,5,1]
1251390 [1,6,9,7,4,3,2,5,8]
1257839 [5,3,6,2,4,7,1]
1302220 [3,5,8,4,6,1,9,2,7]
1302220 [21,20,1,17,2,18,23,7,13,12,26,24,28,22,31,6,5,19,3,27,16,14,15,11,9,10,25,8,29,4,30]
1302220 [6,4,3,5,7,1,2]
1309075 [4,9,8,6,5,2,1,7,3]
1622906 [9,3,2,8,7,11,6,5,12,4,1,10]
1622906 [3,10,1,9,6,14,12,11,4,7,8,13,5,2]
1622906 [18,6,16,7,11,8,3,15,5,13,9,1,2,17,14,12,10,4]
1785149 [4,9,2,10,6,5,3,12,8,11,7,1,13]
1961735 [14,2,15,6,16,8,10,9,3,1,12,5,4,7,13,17,11]
1974470 [12,7,11,5,6,10,9,8,3,1,4,2]
1974470 [10,5,8,1,4,11,2,3,9,7,6]
1980293 [1,2,3,4,5,6,7,8,9,10,11,12,13,14]
1320533 [3,2,5,4,1]
1320533 [3,1,4,2,5,6]
1320533 [5,3,2,1,4]
1321771 [1,2,3,4,5,6,7,8]
1321771 [1,2,3,4,5,6,7]
1321771 [1,2,3,4,5,6,7,8,9,10,11,12,13]
1321771 [1,2,3,4,5,6]
1318938 [1,6,7,4,3,5,2,8]
1488979 [1,2,3,4,5,6,7]
1488979 [1,2,3,4,5,6,7,8,9,10,11,12]
1488979 [1,2,3,4,5,6]
1488979 [1,2,3,4,5]
1557364 [2,1,4,3,5]
1557364 [1,3,2,4,5]
1557364 [3,4,1,2,5,7,6]
1557364 [4,2,3,5,1]
1557364 [9,8,6,10,3,12,4,11,7,2,5,1]
244367 [5,2,1,4,3]
244367 [11,2,9,3,1,8,5,7,4,6,10]
244843 [1,3,5,4,2]
476688 [3,4,2,1,5]
476688 [8,6,3,2,4,1,7,5]
476688 [3,1,9,11,4,13,2,12,6,5,8,14,10,7]
477614 [7,1,2,6,4,5,8,3]
965694 [1,2,3,4,5,6,7,8,9,10,11,12,13,14,15,16,17,18,19,20,21,22,23,24,25,26,27,28,29,30,31,32,33,34,35,36,37,38,39,40,41]
965694 [1,2,3,4,5,6,7,8,9,10,11,12,13]
965694 [1,2,3,4,5,6,7,8,9,10,11,12,13]
2528780 [1,6,2,5,7,3,8,4]
1542952 [1,3,4,5,8,6,2,7]
1851127 [1,2,3,4,5,6,7,8,9,10,11]
1748436 [10,2,4,8,6,3,1,9,7,5]
1748436 [1,4,5,3,6,2]
1748436 [17,21,15,10,1,9,19,6,26,2,24,22,14,4,11,16,7,25,3,20,5,12,8,23,13,18]
1762623 [5,13,8,2,10,17,12,3,15,1,4,16,7,9,14,11,6]
1756041 [1,2,3,4,5]
1756041 [1,2,3,4,5,6,7,8,9,10,11,12,13,14,15,16,17,18,19,20,21]
814889 [1,4,6,5,3,2]
827612 [26,2,1,3,20,9,23,6,12,17,11,7,19,4,21,25,13,24,22,18,15,14,5,10,16,8]
827612 [21,24,5,9,20,3,1,19,16,22,11,23,7,15,6,17,4,14,12,10,18,8,13,2]
1806211 [20,42,15,22,30,24,10,26,11,29,17,31,4,40,14,28,25,3,16,6,12,7,9,2,38,35,8,23,37,19,5,39,32,33,41,18,1,36,27,21,34,13,43]
1863380 [1,2,3,4,5,6,7,8,9,10,11,12,13,14,15,16,17,18,19,20,21,22,23]
1930942 [23,16,28,26,8,9,21,11,17,31,6,29,14,5,27,1,13,24,20,2,3,15,22,19,30,12,4,25,18,7,10]
1930942 [6,4,8,2,1,3,10,7,5,9]
2060487 [19,7,10,15,13,5,23,8,11,18,21,4,9,25,24,28,17,26,14,2,20,16,31,27,3,6,29,1,12,22,30]
1568487 [1,2,3,4,5,6,7,8,9,10,11,12]
1578249 [2,7,3,6,4,1,5]
1583352 [10,1,8,15,14,2,9,5,11,12,4,13,3,7,6]
1660953 [1,2,3,4,5,6,7,8,9,10,11,12,13]
1674815 [1,2,3,4,5,6,7,8,9]
1881817 [1,2,3,4,5,6,7,8,9,10,11,12,13,14]
1753136 [3,6,5,4,2,1]
1989619 [10,6,3,9,2,4,1,5,8,7]
1989619 [7,3,6,5,2,1,4]
1989619 [5,2,4,3,1]
1989619 [6,1,8,3,4,2,7,5,9]
1902894 [1,5,3,2,8,9,7,6,4]
2413234 [2,7,4,5,6,3,1]
2413234 [4,15,12,6,11,7,3,10,14,5,8,16,13,9,2,1]
2414972 [12,6,8,9,11,4,7,5,1,10,2,3]
1470906 [1,2,3,4,5,6,7]
1470906 [1,2,3,4,5,6,7,8,9,10,11,12,13,14,15,16,17,18,19,20,21,22,23]
1470906 [1,2,3,4,5,6,7,8,9,10,11,12,13,14,15,16,17,18,19,20,21,22,23,24,25,26,27,28]
2129565 [20,54,53,46,30,29,56,8,57,33,22,39,19,52,9,48,32,42,12,27,7,55,3,49,21,17,35,59,6,11,50,23,28,1,45,15,40,36,16,41,25,43,14,13,44,18,38,10,2,34,26,51,37,31,5,47,24,58,4]
1647768 [7,1,2,3,8,5,4,6,9]
2273352 [5,2,4,1,3,6]
2014482 [2,1,3,4,8,6,9,5,7]
2014482 [3,4,2,6,5,1]
661583 [2,5,6,7,1,4,3,9,8,10]
661583 [4,7,1,5,2,6,3]
661583 [6,5,9,1,8,4,3,2,7]
935922 [3,2,7,4,5,6,1]
935922 [3,1,5,7,8,6,2,4,9]
935922 [6,3,1,5,4,7,2]
941029 [1,2,4,3,5]
941029 [3,2,6,4,1,5]
1090625 [9,2,23,3,20,13,12,22,10,5,24,6,11,17,14,8,19,15,4,25,26,18,16,21,7,1]
1090625 [1,2,5,3,4]
1090625 [1,4,5,2,3]
1090625 [1,3,4,5,2]
1090625 [4,3,1,2,6,5]
1092441 [5,3,2,1,6,4]
1873148 [1,2,3,4,5,6,7,8,9,10,11,12,13,14]
1908097 [7,4,11,8,9,3,6,1,2,5,10]
2093437 [4,3,2,5,1]
2093437 [11,12,1,7,5,10,3,4,6,9,2,8]
2364120 [1,2,3,4,5,6]
2364120 [1,2,3,4,5,6]
2364120 [1,2,3,4,5,6]
1888687 [1,2,3,4,5,6,7]
1888687 [1,2,3,4,5,6,7,8,9,10,11]
1888687 [1,2,3,4,5]
1888687 [1,2,3,4,5,6,7,8,9,10,11,12,13]
1888687 [1,2,3,4,5,6]
1888687 [1,2,3,4,5,6,7,8,9]
1888687 [1,2,3,4,5,6,7,8,9,10,11,12]
122958 [19,16,2,12,23,14,22,7,5,24,20,6,13,18,1,17,4,9,3,21,15,11,8,10]
134633 [4,1,5,2,3]
134633 [5,4,2,1,3]
197756 [5,2,3,4,1]
201433 [2,4,5,7,6,3,1]
287386 [12,1,3,11,4,2,7,6,8,13,10,9,5]
287386 [4,5,9,7,1,2,6,8,3]
287386 [1,5,2,3,4]
2528780 [4,5,12,9,14,8,11,3,15,6,16,13,2,1,10,7]
2051170 [4,2,8,5,10,15,16,9,14,7,13,1,17,12,3,18,6,11]
2051170 [8,18,13,4,14,1,19,17,5,12,15,7,2,10,6,16,21,3,22,20,11,9]
2051170 [6,27,7,10,30,1,20,2,31,17,5,21,24,16,13,29,14,3,15,23,33,25,32,18,4,8,34,12,26,11,19,28,22,9]
2051170 [1,6,5,2,3,4]
2064670 [9,8,1,6,7,5,3,2,4]
2272218 [1,2,3,4,5,6,7,8,9,10,11,12,13,14,15]
2273352 [1,12,8,11,6,3,10,13,2,17,16,5,9,19,15,14,4,18,7]
2379844 [4,5,3,2,1,6]
2379844 [3,1,2,4,5,7,8,6]
2415367 [8,2,4,7,6,5,1,3]
2415367 [2,4,1,5,3,6,7]
2415367 [5,4,7,6,8,3,1,2]
334673 [2,15,17,12,3,7,14,5,8,4,6,13,10,1,11,9,18,16]
334673 [26,17,38,25,7,39,20,23,4,9,5,35,10,40,14,3,6,27,13,33,28,30,24,16,34,18,8,22,37,36,41,2,11,21,31,29,42,43,1,32,15,19,12]
334673 [3,6,4,10,7,9,5,1,2,8]
334673 [3,5,1,4,2]
365556 [1,2,3,4,5,6]
374121 [1,3,4,2,5]
2414972 [3,8,1,4,9,2,5,6,7]
1636133 [6,3,7,5,4,1,2]
2490102 [3,6,1,4,5,7,2]
2490461 [1,2,3,4,5,6,7,8,9]
2490461 [1,2,3,4,5,6,7,8]
2052585 [9,2,3,8,5,4,1,7,10,6]
2052585 [5,4,3,1,8,2,6,7]
2052585 [10,5,4,12,9,1,2,8,3,11,7,6]
2052585 [2,3,6,4,1,5]
2052585 [7,1,2,13,3,5,8,6,4,10,12,9,11]
2052585 [4,7,5,3,1,2,6]
2052585 [2,4,1,3,5]
2052585 [3,5,4,2,1]
2052585 [7,8,5,9,1,2,4,3,6]
944186 [1,2,3,4,5,6,7,8,9,10,11,12,13,14,15,16,17,18,19,20,21,22,23,24,25,26,27,28,29,30,31,32,33,34]
944186 [1,2,3,4,5,6,7,8,9,10,11]
1802703 [7,4,3,2,1,5,6,8,9]
1810529 [3,5,6,4,2,1]
1810529 [8,7,5,1,4,3,2,6]
1908097 [7,3,9,5,6,8,4,1,2]
2453314 [1,2,3,4,5,6,7,8,9,10]
2453314 [1,2,3,4,5,6]
1930567 [6,3,7,5,2,1,4]
1930567 [4,3,8,2,1,6,7,5]
1930567 [2,4,5,3,1]
1937208 [3,4,5,1,2]
630574 [1,2,3,4,5,6,7,8,9,10,11,12,13,14,15,16,17,18,19,20,21,22,23]
835074 [11,19,4,2,5,9,8,28,15,13,14,16,6,10,23,24,22,17,18,21,7,27,3,25,26,12,20,1]
839514 [11,14,12,2,17,5,10,8,15,22,21,19,1,3,9,16,7,13,20,4,6,18]
1066016 [1,3,6,2,4,5]
1071040 [1,2,3,4,5,6,7,8,9]
2420256 [2,15,11,4,9,5,10,3,12,1,16,7,17,13,8,14,6]
1001535 [1,2,3,4,5,6,7,8,9,10,11,12,13]
1023832 [1,6,4,5,2,3]
1369252 [7,2,5,8,6,9,1,3,4]
1369252 [2,5,4,1,3]
1383987 [4,7,6,8,3,1,5,2]
1389997 [12,1,2,10,8,3,5,6,4,9,13,7,11]
1389997 [4,3,2,1,5]
1389997 [7,4,6,3,2,5,1]
21271 [8,4,3,10,2,1,5,11,9,7,6]
22895 [6,4,5,10,11,2,3,7,9,1,8]
25809 [1,2,3,6,5,4]
29681 [2,10,1,11,8,3,5,6,4,7,9]
187651 [5,3,6,4,1,2]
1412107 [5,3,4,1,2]
1439546 [9,8,11,2,10,7,4,3,6,12,5,1]
1512064 [19,12,6,22,3,17,26,16,18,23,2,15,11,20,24,5,8,29,27,10,9,28,21,7,13,1,25,4,14]
317862 [5,2,1,3,4]
409937 [8,29,26,21,1,23,24,14,30,11,3,31,9,32,22,16,4,33,13,12,15,20,2,28,18,17,27,6,5,25,10,34,19,7]
409937 [24,18,37,9,15,10,20,16,5,30,6,23,17,27,28,25,35,21,19,12,26,4,29,8,11,22,36,13,33,3,32,7,1,31,34,14,2]
2433810 [2,3,6,5,1,4]
2442769 [8,6,15,12,2,18,5,4,3,10,17,1,14,16,9,11,13,19,7]
2442769 [2,6,1,5,8,7,4,3]
2452178 [1,2,3,4,5,6,7,8,9,10,11,12,13,14,15,16,17,18]
2452178 [1,2,3,4,5,6,7,8,9]
2452178 [1,2,3,4,5,6,7,8,9,10,11,12]
2452178 [1,2,3,4,5,6,7,8]
2452178 [1,2,3,4,5]
2468575 [1,4,5,3,6,2]
2473314 [3,1,4,8,7,9,5,2,6]
2473314 [14,7,8,2,27,16,20,13,23,12,4,5,24,18,28,25,26,10,29,30,1,17,22,9,6,19,11,3,21,15]
2484251 [8,1,3,4,2,6,7,5]
2490102 [5,3,1,4,2]
2490102 [1,4,2,3,5]
1746537 [12,2,3,15,16,5,7,1,4,14,9,10,17,6,8,13,11]
1748436 [6,2,5,4,3,8,10,9,7,1]
1748436 [2,5,4,1,3]
1748436 [2,5,6,1,4,3]
1748436 [1,2,6,5,3,7,4]
986406 [3,6,7,1,4,2,5]
1275613 [4,3,5,2,1]
1687310 [11,2,3,8,7,13,5,6,12,4,1,10,9]
2064670 [2,3,7,6,1,5,4]
1331272 [1,5,4,2,6,3]
1331272 [9,5,2,1,4,3,8,6,7]
1331272 [10,1,11,8,12,2,5,4,7,9,3,6]
1074381 [1,2,3,4,5,6,7,8,9,10,11,12,13,14,15,16,17]
1104073 [2,1,3,5,4]
303960 [5,3,6,2,4,1]
303960 [2,5,7,3,8,1,9,6,4]
2041007 [35,13,30,2,38,16,15,9,1,7,14,29,22,27,4,20,12,25,10,6,33,21,8,3,17,32,36,26,31,24,19,28,5,37,23,34,18,11]
2041007 [3,1,2,5,4]
2052394 [10,11,23,27,1,16,24,2,13,18,9,8,22,19,25,29,28,6,20,3,15,21,7,17,4,26,12,5,14]
2060487 [6,2,1,5,3,7,9,4,8]
2060487 [6,5,3,4,1,2]
2060487 [28,6,15,21,31,27,2,40,42,38,18,44,26,14,29,20,13,16,30,37,23,12,11,41,1,7,39,43,19,33,22,17,35,9,25,4,10,24,32,8,36,3,34,5]
2060487 [5,3,4,1,6,2]
2060487 [4,1,3,2,5]
2060487 [7,4,5,9,11,12,1,14,8,3,13,6,10,2]
2060487 [17,40,28,10,33,30,14,38,5,39,24,19,20,22,31,7,23,13,11,16,36,1,8,26,29,4,9,27,34,3,6,15,25,2,18,37,21,12,32,35]
521886 [28,5,33,36,37,8,19,25,11,1,3,21,10,30,23,24,39,14,15,34,16,12,17,26,18,22,35,13,2,4,38,32,20,27,6,7,31,29,9]
1145026 [8,6,4,1,7,2,3,5]
1331272 [4,2,1,5,3]
1331272 [2,3,1,6,5,4]
1331272 [5,3,1,2,6,4]
2448666 [1,4,12,6,13,11,8,2,9,14,15,10,5,7,3]
2452178 [1,2,3,4,5,6]
2242701 [4,3,1,2,6,5]
2242701 [1,10,5,11,3,2,12,4,6,7,8,9,13]
2242701 [7,4,6,5,1,3,2,8]
2242701 [6,4,2,7,1,5,3]
2242701 [3,1,5,4,2]
1167004 [1,2,6,3,4,5]
1167004 [5,2,1,3,4]
1167004 [1,4,3,2,5]
1178523 [6,7,3,2,4,5,1]
1473460 [1,3,5,2,4]
1481473 [7,8,9,10,3,1,5,4,2,6]
1481473 [30,11,28,2,9,3,26,17,7,10,31,14,13,4,12,1,6,24,8,19,21,23,29,15,22,27,20,16,25,18,5]
1572740 [9,6,15,1,18,4,16,12,2,14,11,5,8,13,10,20,19,7,17,3,21]
1583352 [5,10,8,2,6,1,9,12,11,7,4,3]
1033225 [1,6,7,5,2,8,3,4]
1542753 [2,4,3,1,5]
352658 [2,4,11,1,3,6,9,15,16,8,10,12,13,5,14,7]
354032 [3,2,1,4,6,5]
367419 [10,6,8,1,11,9,7,4,12,5,3,2]
367419 [6,3,4,1,5,2]
1074381 [1,2,3,4,5,6,7,8,9,10,11]
1090317 [12,1,5,4,3,2,13,8,7,10,9,11,6]
1604401 [3,6,4,2,5,1]
1604401 [24,20,10,21,9,11,7,5,17,15,32,23,14,1,8,16,29,27,2,3,28,4,19,25,12,31,22,18,26,30,13,6]
2049698 [2,1,4,5,3]
2049698 [4,3,8,7,5,6,1,2]
2049698 [6,3,4,5,2,1]
1470585 [2,1,3,4,5]
1470585 [8,10,11,1,3,9,2,12,13,5,4,6,7,14]
1470906 [1,2,3,4,5,6,7]
1470906 [1,2,3,4,5,6,7,8,9,10,11,12,13,14,15,16,17,18,19,20,21,22]
1470906 [1,2,3,4,5,6]
1542753 [11,1,12,16,2,4,5,17,9,6,8,15,14,13,3,7,10]
1542939 [5,4,2,8,7,3,6,1]
1562766 [2,3,5,4,1]
1562766 [4,3,1,2,5]
1614920 [9,2,3,6,4,14,5,13,8,7,11,1,10,12]
1619579 [2,3,4,5,1]
1636133 [6,4,1,2,5,3]
1636133 [13,8,17,3,14,15,5,16,1,2,10,18,6,4,7,9,12,11]
1664974 [3,1,4,2,5]
354032 [2,6,1,5,9,4,10,7,8,3,11]
367419 [2,1,11,4,7,3,9,10,6,8,5]
383378 [17,7,15,1,11,16,5,4,6,13,10,9,14,12,8,18,2,3]
387363 [1,3,5,2,10,8,7,9,4,11,6]
425706 [12,2,4,7,13,14,10,9,8,11,3,1,5,6]
2169267 [2,3,1,4,5]
2286862 [4,3,5,2,1,6]
2286862 [12,3,7,8,4,9,1,11,6,5,2,10]
378743 [13,4,8,1,12,7,9,11,3,2,6,10,5]
378743 [17,4,9,10,16,14,2,13,3,7,8,1,15,6,19,20,5,12,18,11]
378743 [2,1,6,3,5,7,4]
62577 [1,2,3,4,5,6,7,8,9,10,11,12,13,14,15,16,17,18,19,20,21,22,23,24,25,26,27,28,29]
62577 [1,2,3,4,5,6]
73405 [4,3,1,5,2]
73405 [20,12,23,2,19,8,21,7,15,22,6,1,14,11,18,3,17,16,13,4,9,5,10]
81492 [12,9,2,5,14,11,6,10,7,8,13,3,4,1]
81492 [4,1,6,5,3,7,2]
81492 [5,3,6,8,1,7,2,4]
154310 [11,7,14,22,4,15,21,5,12,1,20,2,6,17,10,3,8,13,16,19,9,18]
201433 [2,8,9,11,12,6,1,4,10,7,5,3]
201433 [2,4,3,1,5]
201433 [3,1,4,11,8,7,2,9,10,5,6]
201433 [2,12,16,13,17,14,19,3,18,10,6,9,1,4,7,11,8,5,15]
201433 [4,1,6,3,2,5]
201433 [6,3,2,4,1,5]
201433 [8,12,2,7,4,9,11,1,15,5,10,6,3,14,16,13]
201433 [10,3,4,5,11,8,7,6,1,9,2]
201433 [3,4,1,7,6,8,5,2,9]
201433 [5,3,6,4,1,2]
201433 [5,4,8,6,3,1,11,9,13,12,7,2,10]
413278 [3,5,6,1,2,4]
413278 [3,1,2,4,5]
413278 [5,7,13,2,4,11,1,3,12,16,14,18,6,15,8,17,9,19,10,20]
413278 [1,4,3,2,5]
416399 [4,7,3,6,2,1,5]
416399 [7,5,3,6,2,8,4,1]
420668 [4,6,1,3,2,5]
438300 [6,2,9,1,7,5,8,4,3]
438300 [5,2,8,4,3,7,6,1]
457469 [2,7,3,4,1,6,8,5,9]
465376 [6,2,4,3,1,5]
465858 [7,2,4,5,6,8,1,3]
465858 [6,7,3,4,2,1,5]
465858 [4,6,5,3,1,2]
476345 [4,3,1,6,2,5]
486549 [2,1,4,5,3]
519303 [1,2,3,4,5,6,7,8]
519303 [1,2,3,4,5,6]
521351 [6,3,1,4,5,2]
521637 [3,5,2,6,4,1]
521637 [7,3,5,2,1,6,4]
521637 [9,2,11,5,7,8,3,12,4,10,6,1]
531096 [1,2,3,4,5,6]
531096 [1,2,3,4,5,6,7,8,9,10,11,12,13,14,15,16,17,18,19,20,21,22,23]
244218 [4,2,3,1,5]
244218 [2,5,1,3,4]
244218 [2,1,4,3,5,6]
244218 [4,1,5,2,3]
244218 [1,5,10,3,2,7,6,8,9,4]
244218 [4,7,6,3,8,5,2,1]
1583352 [1,2,6,7,3,9,4,8,5]
1583352 [1,2,7,5,8,3,6,4,9,11,10]
1583352 [4,3,5,2,1]
1561074 [1,25,26,5,21,14,11,13,3,12,15,18,2,24,7,8,9,20,10,16,17,6,23,19,4,22]
1562772 [4,1,3,6,7,5,2]
1572176 [1,2,3,4,5,6,7,8,9,10,11,12]
1614920 [10,4,2,5,8,9,1,7,3,6]
1614920 [7,1,2,10,15,18,5,11,16,17,3,9,13,6,19,4,12,14,20,8]
1614920 [1,2,5,3,6,7,4]
1614920 [1,9,2,5,10,7,4,6,8,3]
1614920 [1,5,8,10,2,7,11,4,6,3,9]
22779 [3,4,7,1,5,6,2]
43932 [10,22,2,8,19,1,13,14,20,11,3,5,12,16,4,9,15,6,21,7,17,18]
757408 [3,4,5,6,1,2]
757408 [4,1,5,2,3]
2472443 [2,4,6,1,5,7,3]
1696878 [4,5,3,2,1]
564256 [8,1,13,5,7,4,6,10,9,2,12,3,11]
564256 [5,1,4,2,3]
1901938 [6,5,4,3,1,2]
1908097 [10,1,6,4,8,3,2,7,5,9]
1908097 [5,9,8,1,6,7,3,2,4]
1908097 [6,1,8,2,3,7,5,9,4]
81492 [9,12,1,5,22,16,20,6,24,4,2,19,7,10,17,8,21,14,23,11,18,3,13,15]
81492 [1,5,4,2,3]
110458 [3,5,1,2,4]
110458 [4,2,5,3,1]
110458 [3,5,2,6,7,9,8,4,1]
127405 [1,2,3,4,5,6,7,8,9,10,11,12,13,14,15,16,17,18]
143799 [1,2,3,4,5,6,7,8,9,10,11,12]
1206044 [6,7,5,2,1,4,3]
2345810 [1,2,3,4,5,6,7,8,9,10]
2357837 [2,4,5,3,1]
2385834 [1,4,7,2,12,8,16,11,10,9,13,15,6,5,3,14]
2440251 [1,2,3,4,5,6,7,8,9]
2452178 [1,2,3,4,5,6,7]
661583 [5,7,3,8,4,6,9,1,2]
661583 [3,8,5,13,12,4,1,10,7,6,2,11,9]
1255547 [5,2,1,3,4]
1255547 [17,3,13,1,8,10,5,7,2,14,12,15,9,4,16,6,11]
1255547 [1,4,5,3,2]
2370275 [11,3,5,10,6,9,12,7,4,1,2,13,8]
2526874 [1,2,3,4,5,6,7]
2540950 [2,5,1,4,3]
168638 [2,1,9,8,5,3,7,4,6]
168638 [9,3,10,6,12,8,5,11,7,1,2,4]
699762 [27,23,2,7,21,22,17,16,13,20,5,29,15,1,3,28,26,24,18,9,11,30,19,12,8,10,31,4,14,6,25]
699762 [3,2,4,1,5]
716137 [1,2,3,4,5]
793546 [1,6,2,3,5,4]
793546 [3,5,4,2,1]
797194 [6,2,4,1,3,7,5]
843505 [6,4,1,5,2,3]
349690 [1,2,3,4,5,6,7]
364113 [6,5,7,9,3,2,1,4,11,10,8]
2245724 [4,13,12,1,3,5,6,8,7,2,10,9,11]
2245724 [5,1,7,6,3,2,4]
110458 [7,21,16,8,23,19,3,2,5,17,10,1,20,14,11,6,26,24,22,12,4,13,25,15,18,9]
209258 [5,4,23,20,8,1,7,10,17,2,15,14,21,13,16,19,11,3,18,6,22,12,9]
245835 [2,1,3,4,5]
245835 [22,24,4,30,31,21,15,5,1,8,13,11,7,28,14,25,18,12,10,29,27,3,19,26,20,17,6,16,2,23,9]
245835 [22,17,8,5,23,13,2,4,14,16,3,6,10,12,20,24,1,19,7,9,18,21,11,15]
245835 [1,5,2,4,3]
245835 [2,12,21,20,25,13,23,9,19,4,10,15,14,22,6,27,5,17,3,16,8,24,7,26,1,18,11]
264359 [3,1,5,4,2]
548891 [28,8,27,6,30,9,4,31,10,11,15,29,16,7,24,22,26,20,12,19,21,14,17,1,23,2,18,3,5,25,32,13]
636918 [11,5,2,6,7,1,8,4,10,3,9]
636918 [2,9,1,7,8,4,3,10,5,6]
667805 [3,5,9,8,4,6,13,14,11,7,12,2,1,10]
667805 [6,3,2,7,9,5,4,1,8]
695088 [4,5,3,6,2,1]
695088 [1,5,4,3,2,6,7]
717676 [1,2,3,4,5,6,7,8,9,10]
1201121 [1,2,3,4,5,6,7,8,9,10,11]
1201121 [1,2,3,4,5,6,7,8,9]
1201121 [1,2,3,4,5]
1201121 [1,2,3,4,5,6,7,8,9,10]
1205381 [2,6,3,1,5,4]
1205381 [13,3,12,15,8,11,1,14,2,10,17,5,19,16,7,9,6,4,18]
1216284 [3,4,5,2,1]
1216284 [16,12,4,15,7,3,13,1,11,6,14,10,5,8,2,9,17]
1216284 [4,2,5,7,1,8,3,9,6]
1218901 [37,41,29,5,38,21,26,7,12,6,14,22,2,35,20,30,1,18,13,31,4,16,25,9,11,39,36,23,15,19,33,3,28,34,8,32,17,40,27,24,10]
374121 [3,1,2,4,5]
2240491 [4,2,1,5,3,6]
2272218 [1,2,3,4,5,6,7,8,9,10]
808364 [3,6,4,8,1,7,2,5]
900378 [16,19,10,13,14,17,2,3,1,6,11,4,9,5,23,22,7,15,8,18,12,21,20]
1255547 [13,4,7,2,15,6,10,12,14,1,5,11,8,3,9]
1255547 [4,5,2,1,6,7,3]
1744285 [3,2,5,4,1]
1744285 [5,3,7,6,4,8,2,1]
2578206 [1,6,10,8,9,7,3,2,4,5]
1368005 [2,12,11,8,4,9,10,6,3,7,1,5]
1577231 [5,4,3,2,1]
2143620 [25,35,18,31,17,34,32,15,26,27,33,8,28,22,16,3,12,5,1,9,13,19,11,7,24,23,20,29,2,4,21,30,10,6,14]
2143620 [2,4,5,7,3,6,1]
2524240 [2,6,3,4,9,7,5,1,8]
2524240 [6,5,7,1,2,3,4]
2524240 [9,4,2,5,8,1,10,6,7,3]
1744238 [7,4,6,2,3,5,1]
1744238 [8,11,3,10,9,4,12,6,1,15,7,16,5,14,2,13]
1744238 [2,13,16,12,17,8,5,11,9,18,15,3,14,20,1,19,4,10,6,7]
1744285 [20,14,9,13,3,4,8,24,22,16,15,2,19,21,12,5,10,1,6,11,17,18,25,23,7]
1907146 [6,8,5,7,9,1,2,3,11,10,4]
2044604 [8,2,10,7,11,1,9,14,5,3,13,15,6,12,4,16]
48960 [7,2,3,15,14,1,11,4,9,6,8,16,17,13,5,12,10]
364113 [16,21,12,19,32,23,14,7,9,15,5,29,26,4,8,22,17,28,24,6,31,3,18,11,10,27,2,25,30,13,1,20]
623191 [6,4,3,5,9,8,7,1,2]
1213548 [6,3,11,7,2,5,8,4,9,10,1]
1213548 [4,8,6,1,3,5,2,7]
1213548 [3,1,4,5,2]
1213548 [1,6,3,8,5,7,9,4,2,10,11]
1285029 [2,4,6,1,5,3]
1867811 [1,2,3,4,5,6,7,8,9]
2326725 [10,1,2,11,7,8,4,5,6,9,3]
2326725 [4,6,7,3,5,8,2,1]
2326725 [4,3,5,6,2,1]
2420256 [15,5,24,22,2,18,6,8,23,7,4,20,10,16,17,21,13,19,14,12,9,11,25,1,3]
2524240 [5,6,3,2,4,7,1]
2553878 [3,1,11,13,8,14,10,7,15,5,6,2,12,9,4]
1321771 [1,2,3,4,5,6,7,8,9,10,11,12,13,14,15,16,17,18,19,20,21]
1321771 [1,2,3,4,5,6]
1339103 [4,6,2,1,3,5]
1389997 [3,7,5,6,4,2,8,1]
1389997 [31,40,20,13,24,32,4,30,16,15,17,9,39,29,34,7,6,14,22,18,33,26,3,5,12,2,11,35,10,21,1,27,8,37,23,19,38,25,28,36]
1389997 [10,4,1,8,11,13,6,9,12,7,5,3,2]
1393060 [1,2,3,4,5,6,7,8,9]
1470906 [1,2,3,4,5,6]
516251 [7,6,5,2,1,3,4]
516251 [3,2,6,5,1,4]
521637 [6,1,9,4,7,8,2,5,3]
978501 [1,2,3,4,5,6,7,8,9,10,11,12,13]
978501 [1,2,3,4,5,6,7,8,9,10,11,12,13,14,15,16]
978501 [1,2,3,4,5,6,7,8,9,10,11,12,13,14,15,16,17,18,19,20,21,22]
978501 [1,2,3,4,5,6,7,8,9,10,11,12,13,14,15,16,17,18,19,20]
978501 [1,2,3,4,5]
978501 [1,2,3,4,5,6,7,8,9,10,11,12,13,14,15,16,17,18,19]
1924396 [1,2,3,4,5,6,7]
1924396 [1,2,3,4,5,6,7,8,9,10,11,12]
1924396 [1,2,3,4,5]
1924396 [1,2,3,4,5]
1924396 [1,2,3,4,5]
1942669 [1,2,3,4,5,6,7,8,9,10,11,12,13,14,15,16,17]
1965353 [11,5,4,12,9,10,16,13,6,7,15,3,8,14,1,2]
1972165 [2,4,3,1,5]
476345 [3,2,6,4,1,5]
476345 [7,6,2,3,1,5,4]
476345 [6,2,4,5,1,3]
476345 [13,6,7,11,5,8,3,2,12,10,4,1,9]
476345 [4,3,5,7,6,1,2]
476345 [1,10,5,2,7,9,6,3,8,11,4]
476345 [2,3,6,5,7,1,4]
476688 [3,2,4,5,1]
476688 [21,4,24,3,19,7,14,20,1,10,6,12,9,13,11,2,8,15,5,22,23,16,18,17]
476688 [12,2,15,8,11,10,1,13,4,5,16,6,3,9,14,7]
476688 [5,4,3,1,2]
477103 [7,6,2,1,5,3,4,8]
477103 [3,5,2,4,1]
835931 [4,1,5,3,2]
839229 [1,2,3,4,5,6,7,8,9,10,11,12,13,14,15,16]
842691 [2,1,4,5,7,8,3,6]
1231230 [1,2,3,4,5,6,7,8,9,10,11,12,13,14,15,16,17,18,19]
2292094 [1,2,3,4,5,6]
2296716 [6,4,1,7,3,8,10,5,2,9]
2296716 [2,1,4,3,5]
2296716 [1,14,11,12,10,4,15,16,3,17,18,6,5,7,9,2,20,13,19,8]
2296716 [1,4,3,5,2,7,6]
2296716 [4,2,5,3,1]
2296716 [11,19,7,12,23,9,8,14,10,24,18,4,21,5,16,13,6,15,17,1,2,22,3,20]
1923897 [2,5,3,4,1,6]
1619579 [1,3,4,5,2]
1619579 [2,10,3,9,6,7,5,8,4,11,1]
1619579 [10,3,6,8,4,13,7,9,12,11,1,5,2]
1619579 [4,5,1,2,3,7,6]
1619579 [5,4,9,16,2,12,14,11,15,13,10,3,8,7,6,1]
1619579 [1,8,3,5,2,7,4,6,9]
1619579 [2,4,6,5,1,3]
1619579 [5,13,1,3,4,8,2,10,16,9,7,6,14,15,11,12,17]
1619579 [9,1,15,8,2,4,7,3,18,6,16,13,19,11,5,12,14,10,17,20]
1619579 [8,9,4,7,3,1,6,2,5]
2041007 [5,1,2,3,4]
2245724 [4,3,2,1,5]
2245724 [23,13,22,19,17,7,4,18,21,26,12,3,9,6,16,20,14,15,1,24,2,8,25,11,5,10]
2253077 [4,1,6,3,5,2]
2253077 [1,9,5,8,4,10,3,2,6,7]
2253077 [8,3,19,1,9,11,4,22,7,20,10,16,21,12,13,18,5,14,2,6,17,15]
2253077 [5,2,7,6,8,1,3,9,4]
1463723 [14,10,25,26,17,7,9,24,15,19,18,20,3,2,1,13,22,27,4,6,11,8,21,5,16,23,28,12]
1515900 [5,7,2,4,1,6,3]
1515900 [1,3,4,7,2,8,6,5]
1515900 [6,3,23,14,8,20,22,17,18,21,13,9,1,19,24,16,15,10,5,11,7,4,12,2]
1520051 [1,2,3,4,5,6,7,8,9,10,11]
1525711 [29,19,49,50,12,46,44,47,43,25,48,30,51,22,20,21,16,42,23,2,14,37,4,39,27,5,13,15,18,38,8,31,33,36,7,1,35,26,3,32,9,45,40,6,34,28,10,11,17,41,24]
1525711 [3,4,5,1,2]
1595250 [1,9,4,7,5,8,3,2,6]
1647066 [1,2,3,4,5,6,7,8,9,10,11]
1680426 [1,3,5,4,2]
1680426 [6,5,4,1,2,7,3]
2098487 [4,1,5,2,3]
2098487 [7,5,2,1,4,6,3]
2126801 [1,2,3,4,5,6,7]
2101786 [7,3,12,8,2,11,9,6,1,10,5,4]
2159658 [1,2,3,4,5,6,7,8]
2159658 [1,2,3,4,5,6,7,8,9]
2511290 [1,2,3,4,5,6,7,8,9,10,11]
2534247 [1,2,3,4,5,6,7]
997586 [4,3,5,2,1]
1255547 [3,2,8,1,6,5,7,4]
1255547 [9,11,24,7,15,21,23,5,4,3,22,20,2,18,14,19,12,10,1,16,17,6,13,8]
1255547 [15,18,20,9,5,12,4,14,10,8,6,7,17,11,3,13,19,1,2,16]
1500590 [3,1,5,2,4]
1500590 [7,8,6,9,3,11,5,2,1,4,10]
1594652 [4,3,1,5,6,2]
1594652 [13,11,6,12,15,7,9,16,17,10,2,8,1,3,4,14,5]
1594652 [5,6,3,2,1,4]
1744285 [1,14,6,4,2,7,8,13,5,9,11,3,12,10]
122492 [13,1,17,4,14,7,8,18,15,2,11,12,5,10,6,9,3,16]
122492 [20,1,27,14,18,8,11,2,9,3,15,4,28,26,17,6,13,22,19,23,10,16,5,12,24,21,25,7]
122492 [2,15,10,17,8,6,7,4,5,14,16,18,12,11,1,13,9,3]
168638 [4,1,9,10,7,5,2,6,8,3]
245835 [34,6,25,2,3,18,7,28,23,15,19,12,4,24,1,30,27,5,22,9,20,32,21,11,14,33,16,26,29,13,10,17,31,8]
287386 [6,9,10,4,11,3,15,16,1,7,12,5,13,14,8,2]
264359 [1,3,6,5,4,2]
264359 [4,1,2,9,7,5,3,6,8]
277291 [4,8,2,1,7,6,5,3]
299355 [11,7,9,23,13,20,16,3,24,15,14,19,21,17,6,1,4,10,12,2,8,22,18,5]
299355 [12,1,7,4,6,3,9,2,10,11,8,5]
299355 [5,7,1,3,2,4,6]
299355 [5,4,2,6,3,1]
299355 [6,3,1,4,5,2]
299355 [12,8,20,6,18,13,4,2,19,16,10,9,15,1,5,7,17,11,3,14,21]
299355 [4,5,2,1,3]
299355 [3,9,2,6,5,8,7,1,4]
299355 [6,5,1,3,2,4]
299355 [8,4,6,11,9,5,1,12,7,10,13,2,3]
299355 [5,4,2,3,1]
337540 [76,27,18,51,11,2,54,60,3,35,52,9,59,13,34,66,70,44,28,50,46,37,10,61,30,72,43,75,29,69,65,25,56,36,47,8,49,71,57,41,26,38,58,78,23,77,22,39,42,31,1,20,21,62,17,4,16,64,40,32,48,6,82,81,79,7,45,24,15,63,5,19,33,14,80,68,74,53,55,73,12,67]
337540 [9,3,10,1,7,11,8,12,5,4,6,13,2]
337540 [9,8,4,3,13,11,12,5,6,1,14,2,7,10]
337540 [5,14,4,15,13,8,12,2,11,10,19,7,9,3,16,18,17,1,6]
337540 [10,5,3,11,9,2,13,4,14,15,7,1,16,17,12,8,6]
337540 [1,10,7,3,2,4,12,8,11,9,5,6]
392101 [3,4,2,5,1]
2193614 [1,2,3,4,5]
2200491 [3,7,15,13,12,4,9,5,6,16,10,8,11,1,14,2]
2226651 [5,3,6,2,4,1]
1634357 [1,2,3,4,5]
767280 [9,5,6,1,11,7,14,3,10,15,2,4,13,8,16,12]
1006353 [1,2,3,4,5,6,7]
1006353 [1,2,3,4,5,6,7]
1498918 [18,4,11,7,10,3,8,20,16,13,6,1,14,12,15,5,2,9,19,17]
1514042 [1,13,2,3,6,7,9,10,12,5,4,8,11]
1534975 [1,2,3,4,5,6,7,8,9,10,11]
1534975 [1,2,3,4,5,6,7,8,9,10]
1534975 [1,2,3,4,5,6,7,8,9,10,11,12,13,14,15,16]
1886804 [8,2,1,4,3,6,5,7,9]
2436485 [3,2,4,1,5]
187651 [12,7,3,15,5,4,6,13,8,11,2,1,10,14,9]
407553 [4,8,5,2,3,10,1,9,6,7]
407553 [2,3,5,4,1]
407553 [6,12,2,11,3,9,1,4,13,10,8,7,5]
2284135 [1,2,3,4,5,6]
2289794 [2,3,6,5,1,4]
2291746 [1,2,3,4,5,6,7,8,9,10,11,12,13,14,15,16,17,18,19,20,21,22,23,24]
2413234 [3,1,2,4,5]
2413234 [7,9,5,11,2,4,10,1,3,8,6,12]
2433810 [5,4,2,3,1,6]
2456550 [8,6,4,1,7,5,3,2]
2456550 [3,6,8,4,2,5,1,7]
2526874 [1,2,3,4,5,6]
2526874 [1,2,3,4,5,6]
2526874 [1,2,3,4,5,6,7,8,9]
2526874 [1,2,3,4,5,6,7,8]
1593535 [5,3,1,4,2]
1593535 [9,4,8,7,6,13,11,1,10,2,5,3,12]
1621087 [4,3,1,6,5,2]
1622906 [1,4,3,6,5,2]
1647768 [8,4,1,7,5,3,2,6,9]
1686860 [37,24,26,38,18,33,39,30,3,13,17,5,6,12,14,34,25,32,21,20,28,2,19,31,16,35,9,36,8,29,7,4,11,15,22,27,1,10,23]
1703304 [15,8,12,9,14,3,17,5,10,7,19,20,4,6,11,1,18,2,16,13]
2484251 [10,1,3,6,8,5,7,4,2,11,9]
2511290 [1,2,3,4,5]
1520051 [1,2,3,4,5,6,7,8,9,10,11,12,13,14,15]
1520051 [1,2,3,4,5,6,7,8,9,10,11,12,13,14,15]
1594652 [1,5,7,4,9,11,3,15,13,14,2,10,8,12,6]
1594652 [1,10,26,28,4,3,6,17,21,27,14,20,22,24,18,23,12,5,9,2,8,7,19,11,16,15,25,13]
1594652 [2,11,9,13,16,7,6,1,19,17,15,20,4,3,5,18,12,8,14,10]
1594652 [1,5,11,9,8,6,10,3,4,12,7,2]
1683239 [2,4,8,11,5,15,10,17,1,14,7,3,13,12,16,6,9]
22895 [7,2,10,5,9,1,6,8,3,4]
43932 [5,4,1,7,2,6,3]
45078 [18,31,14,23,30,21,32,20,19,34,2,6,26,24,22,3,10,11,15,17,1,7,13,33,8,16,28,29,12,4,5,27,25,9,35]
45078 [8,13,14,10,1,4,9,11,12,2,6,5,7,3,15]
45078 [2,7,6,5,9,4,10,8,3,1]
45078 [17,11,13,8,1,10,3,6,14,5,12,15,7,2,4,9,18,16]
81492 [7,5,6,2,3,1,4]
143799 [1,2,3,4,5,6,7,8,9,10,11,12,13,14,15,16,17,18,19,20,21,22,23,24,25,26,27,28,29,30,31,32,33,34,35,36,37,38,39,40,41,42,43,44,45,46,47,48,49,50,51,52]
812371 [1,2,3,4,5,6,7,8,9,10,11,12,13,14,15,16,17,18,19,20,21,22,23,24,25,26,27,28]
1886898 [1,10,7,12,21,11,22,20,17,4,6,3,25,9,28,26,15,13,14,18,8,2,5,24,16,19,27,23]
1886898 [3,4,8,1,7,2,5,6]
1886898 [3,5,1,2,4]
1886898 [4,11,14,3,2,6,8,13,15,9,7,12,10,5,1]
1886898 [9,10,5,1,2,8,6,3,4,7]
2102447 [1,6,9,8,7,10,11,3,4,2,5]
2102447 [5,2,3,4,9,7,6,1,8,10,11]
2102447 [6,7,1,5,4,2,3]
2102447 [1,3,12,7,11,13,14,9,8,6,10,5,2,4]
2102447 [33,22,19,6,31,30,1,4,32,2,11,24,18,12,37,17,36,26,14,5,27,15,21,7,20,8,9,34,16,25,35,38,13,29,3,28,39,23,10]
2102447 [2,5,1,4,6,10,3,9,8,7]
2121124 [21,8,11,18,3,10,15,14,4,20,26,13,5,9,23,17,24,1,19,25,12,6,7,22,2,16,27]
2121124 [3,5,4,2,1]
2121124 [4,8,5,2,6,3,7,1]
2121124 [2,3,4,5,1]
2143620 [3,4,7,5,2,13,1,9,10,6,8,12,11]
2143620 [4,18,7,21,2,19,16,6,11,20,23,9,13,14,8,22,5,12,3,15,17,1,10]
2143620 [5,6,3,4,1,2]
2143620 [13,10,22,17,15,16,21,4,19,7,18,6,14,2,3,11,1,5,8,20,9,12]
2143620 [4,3,1,5,2]
2420256 [8,2,3,12,10,1,4,6,5,7,9,11]
2420256 [7,22,3,4,20,25,1,9,26,14,12,10,13,18,21,27,6,19,2,17,28,16,5,11,8,23,24,15]
2448496 [7,3,10,12,14,5,1,15,9,4,17,2,16,6,8,13,11]
2448496 [6,1,2,4,3,8,7,5]
2448496 [1,5,3,4,2]
2448496 [9,3,15,17,7,16,21,14,1,11,6,2,19,8,5,4,12,13,20,10,18]
2448496 [23,24,30,2,10,33,16,12,18,5,6,25,31,27,20,21,28,3,4,29,19,9,13,7,15,22,32,11,26,8,1,17,14]
106588 [10,14,5,6,20,11,24,9,17,8,23,13,4,16,7,15,21,25,12,1,19,18,3,22,2]
106588 [11,10,13,1,12,3,6,8,7,5,9,14,4,2]
122958 [8,7,5,3,11,13,4,1,6,2,10,9,12]
127405 [1,2,3,4,5,6,7,8,9,10,11,12,13,14,15,16,17,18]
139350 [14,2,6,4,10,7,9,16,11,15,3,8,12,13,5,1]
143799 [1,2,3,4,5,6,7,8,9,10,11,12,13,14,15]
194623 [4,1,9,8,7,6,5,3,2]
244218 [3,2,9,5,10,6,11,8,12,1,4,7]
244367 [4,3,1,5,2]
261181 [3,8,1,9,5,2,6,4,7]
264359 [4,5,2,8,1,7,3,9,6]
1231230 [1,2,3,4,5,6,7,8,9,10,11,12,13,14,15,16,17,18,19,20,21,22,23,24,25,26,27,28,29,30,31,32,33,34,35,36,37,38,39,40,41,42,43,44,45,46,47,48,49,50,51,52,53,54,55,56,57,58]
1248913 [5,4,1,2,3]
1297999 [2,4,17,1,3,12,8,13,7,6,5,10,9,14,18,16,19,15,11]
1323002 [5,3,10,4,9,12,11,13,7,8,6,14,16,2,1,15]
1399717 [7,4,1,2,3,5,6]
1404181 [9,10,14,7,1,4,2,5,12,13,11,3,8,6]
1404181 [14,15,1,12,2,17,4,8,3,6,18,10,13,9,7,11,16,5]
1404181 [2,4,1,3,5,6]
1408741 [1,2,6,3,4,5,7,8]
1408741 [2,13,10,6,3,1,7,4,8,5,11,9,14,12]
1129282 [2,3,1,5,4,6]
1129282 [13,14,11,12,6,9,7,1,5,10,17,2,16,19,8,3,4,15,18]
1129282 [5,4,2,1,3,6]
1439546 [12,10,5,1,13,4,7,8,6,2,11,9,3]
1439546 [4,5,1,3,2]
1498918 [7,11,12,4,3,9,10,6,8,5,13,2,1]
1467043 [5,6,2,3,1,4]
1467043 [5,4,7,2,8,3,6,1]
808364 [1,3,6,5,7,4,2]
1223263 [11,2,14,5,12,6,13,7,4,16,17,9,18,3,10,8,19,1,15]
1331272 [3,5,2,9,1,6,7,4,8]
1594652 [15,4,28,2,3,26,9,6,14,21,27,12,16,24,29,5,17,20,25,19,18,10,13,8,23,7,11,22,1]
1594652 [11,7,16,12,13,3,9,10,15,18,1,17,5,14,19,8,2,6,4]
1744238 [8,3,19,17,11,12,16,9,7,18,6,15,2,5,20,14,10,1,4,13]
1744238 [1,4,3,6,2,5]
1744238 [25,12,34,7,32,2,38,23,14,18,20,27,22,39,31,3,29,33,1,10,9,13,8,15,21,11,37,24,35,26,5,30,36,6,4,16,28,17,19]
1744238 [1,5,6,3,2,4]
1744238 [4,2,5,1,7,9,6,3,8]
1744238 [5,11,4,19,14,16,9,1,7,3,15,18,12,2,8,17,13,6,10]
1779138 [5,2,4,7,1,8,3,6]
1779138 [1,10,13,2,15,7,11,8,4,14,9,12,6,3,5]
1840567 [3,6,7,1,2,4,5]
1840567 [4,7,8,5,3,1,9,2,6]
1907146 [2,7,1,8,5,3,9,6,4]
1930942 [27,49,16,18,10,23,8,46,7,13,1,34,29,31,22,6,30,26,5,42,11,9,39,33,41,28,50,38,35,17,19,20,25,45,32,40,21,3,48,51,47,44,36,43,2,4,12,15,24,14,37]
1978399 [1,5,16,18,7,11,13,17,15,9,12,10,8,2,14,3,4,6]
1978399 [1,2,8,3,5,6,7,4]
1978399 [9,8,6,10,4,13,5,7,1,11,2,3,12]
1978399 [13,15,2,12,6,4,10,7,16,14,17,5,8,9,3,1,11]
1978399 [3,1,6,8,5,2,4,7]
1978399 [6,2,5,4,3,1]
1978399 [17,8,3,16,1,2,20,4,6,18,11,7,5,19,13,12,10,14,9,15]
2121124 [18,10,17,3,16,11,12,13,9,8,7,1,15,14,6,2,4,5]
2121124 [2,1,4,3,5,6]
2306684 [10,5,13,8,6,4,7,3,11,12,9,1,2]
2306684 [1,4,2,3,5]
2306684 [27,18,20,26,22,6,1,13,12,8,9,5,14,23,28,29,30,15,19,2,3,16,24,21,25,4,10,7,11,17]
2306684 [5,1,2,4,3]
2326725 [6,11,26,29,5,16,20,14,23,12,25,13,36,9,22,35,18,7,15,27,38,2,37,10,34,21,19,3,17,24,28,8,32,33,31,4,30,1]
2326725 [10,3,7,8,5,4,1,6,2,9]
2326725 [7,6,4,5,2,8,9,1,3]
2326725 [18,13,15,8,6,3,14,10,9,16,12,4,7,11,17,5,2,1]
2420256 [1,6,5,2,3,4]
2420256 [5,6,1,2,4,3]
559866 [4,3,18,7,6,14,12,8,11,16,15,1,13,10,9,5,17,2]
616502 [4,3,2,1,5]
636116 [5,10,9,1,11,7,2,4,8,12,6,13,3]
636116 [9,11,4,10,1,2,7,5,6,8,3]
636116 [8,4,1,3,7,10,9,2,6,5]
661583 [3,8,2,4,6,1,7,9,5]
661583 [9,8,2,4,1,7,10,6,11,13,3,5,12]
661583 [1,5,6,4,2,3]
665079 [37,33,25,12,1,34,29,48,43,20,17,18,53,50,7,38,40,26,3,6,35,2,4,24,41,42,16,47,36,45,30,11,8,44,22,19,13,28,23,32,39,9,51,27,46,52,14,15,31,5,49,10,21]
665079 [9,5,2,7,1,6,4,3,8]
665079 [5,2,8,4,12,15,14,6,10,13,9,11,7,3,1]
688189 [6,7,3,5,2,4,1]
699762 [6,2,9,3,7,4,1,8,5]
688189 [4,1,3,5,2]
750497 [29,48,43,36,40,16,3,22,1,27,45,14,38,2,30,13,4,34,33,19,17,6,49,26,39,46,32,47,9,11,8,5,25,35,20,12,10,23,31,44,24,41,18,37,15,7,21,42,28]
750497 [1,6,4,5,2,3]
750497 [6,4,3,1,5,2]
764848 [6,3,1,2,4,5]
764848 [7,3,9,2,8,6,4,1,5]
764848 [4,1,6,3,5,2,7,8]
764848 [3,10,5,1,9,8,12,6,7,4,11,2]
764848 [5,2,8,4,7,3,11,9,6,10,12,1]
764848 [4,6,2,1,5,3]
764848 [19,26,9,3,22,6,23,21,1,8,12,13,15,14,10,25,16,2,5,7,20,18,4,24,11,17]
764848 [4,6,1,9,7,8,5,3,10,2]
764848 [3,8,6,7,1,5,4,2]
764848 [4,6,9,1,10,5,7,3,2,8]
764848 [5,3,1,4,2]
1331272 [2,7,3,5,4,6,1]
1331272 [12,5,10,1,11,6,9,3,4,8,7,2]
1331272 [3,4,2,5,1]
1331513 [5,3,4,1,6,2]
1331513 [6,9,18,24,8,1,22,16,13,21,20,5,17,3,19,7,10,2,12,23,11,14,4,15]
1331513 [5,3,4,1,2]
1331513 [5,2,3,4,1]
171777 [7,15,4,11,3,1,6,10,9,13,14,12,5,8,2]
692411 [3,5,1,4,2]
750497 [13,3,18,5,10,16,4,15,14,2,17,19,12,22,7,1,20,8,9,6,21,11]
1404164 [11,2,10,13,6,12,9,7,14,5,3,1,4,8]
1404164 [21,3,44,31,27,16,59,46,49,51,38,47,4,37,14,40,58,42,2,12,22,52,39,43,24,7,33,48,8,56,30,23,28,25,6,29,34,1,11,53,57,26,13,5,19,35,41,18,10,20,54,15,32,9,36,50,45,17,55]
1930942 [56,55,29,26,15,21,46,49,1,17,34,36,20,33,9,57,14,10,2,27,11,13,6,50,38,3,39,59,19,41,53,48,35,31,30,5,45,16,12,22,23,52,51,40,44,43,4,37,58,42,24,54,25,7,8,47,32,28,18]
1930942 [10,2,9,6,3,11,8,1,5,4,7]
1930942 [8,6,14,3,7,5,4,10,1,17,11,13,15,16,2,9,12]
2023960 [1,8,2,9,5,10,3,6,4,7]
2023960 [3,11,1,9,10,8,6,7,4,2,5]
2088936 [4,1,5,3,2]
2088936 [7,6,4,2,1,3,5,8]
2448496 [35,37,50,42,29,26,38,2,49,4,32,15,6,33,21,47,30,8,27,34,14,39,31,44,24,12,43,9,10,36,13,1,11,41,25,48,18,45,3,16,23,5,40,46,7,28,20,17,19,22]
1047632 [5,9,4,2,7,1,10,6,3,8]
1047632 [14,8,13,15,18,17,4,6,3,1,16,12,19,5,9,11,7,2,10]
711028 [5,6,3,8,11,13,1,2,10,12,7,9,4,14]
1739856 [1,2,3,4,5,6,7]
1810529 [15,13,9,7,6,2,24,10,25,14,12,8,21,1,18,19,23,17,22,20,5,11,16,4,26,3]
1902894 [4,1,2,6,3,7,8,5]
1942669 [1,2,3,4,5,6,7]
1942669 [1,2,3,4,5,6,7,8]
1974260 [6,5,10,7,2,14,12,11,9,3,4,1,13,8]
2024936 [7,3,1,14,13,10,8,6,9,5,4,12,11,2]
2024936 [5,34,31,10,4,24,25,20,18,13,2,9,22,32,21,1,27,8,33,36,30,35,29,26,16,15,6,23,3,19,17,11,7,28,14,12]
2024936 [8,6,1,5,4,9,10,3,2,7]
2046464 [1,11,10,13,9,4,6,7,2,14,3,8,12,5]
2110993 [3,2,4,5,1]
2110993 [6,9,20,23,5,14,4,18,15,19,2,17,7,12,1,10,21,22,16,11,8,3,13]
2110993 [4,1,7,6,5,3,2]
2128271 [1,2,3,4,5,6,7,8,9,10]
2128271 [1,2,3,4,5,6,7,8,9,10,11,12]
2128271 [1,2,3,4,5,6,7,8,9,10,11,12,13,14,15,16,17,18,19,20]
2128271 [1,2,3,4,5,6]
2144690 [1,2,3,4,5,6,7,8]
1956329 [3,1,4,2,5]
1956329 [3,1,4,7,5,8,2,6]
1956329 [5,9,2,1,10,6,3,7,4,11,8]
1956329 [5,4,1,7,6,9,13,15,8,16,12,2,10,3,14,11]
2015664 [1,10,3,2,8,5,7,12,9,11,4,6]
2015664 [4,8,10,9,2,1,7,6,3,5]
2238657 [9,20,26,25,23,11,21,17,19,14,10,1,24,2,12,6,27,22,5,18,8,4,13,16,7,15,3]
2238657 [6,2,5,11,10,4,8,3,7,1,9]
2240491 [2,6,7,3,8,9,4,11,12,10,1,5]
2240491 [2,6,7,5,3,1,4]
2240491 [5,4,3,2,6,1]
2240491 [3,8,6,1,2,5,7,4]
2240491 [5,1,3,4,2]
2253077 [5,2,3,1,4]
2253077 [12,3,7,15,6,5,9,11,14,13,1,2,4,10,8]
2253077 [3,1,6,5,2,4]
2253077 [2,6,1,5,7,3,4,8]
2267404 [11,1,2,9,4,3,13,12,7,5,8,10,6]
2267404 [2,1,5,3,6,4]
168638 [25,20,4,24,10,18,2,23,17,9,22,12,19,21,16,1,7,14,11,27,8,3,5,26,13,6,15]
844776 [4,2,6,7,1,8,3,5]
844776 [10,9,3,11,1,2,8,5,6,4,12,7]
844776 [1,7,3,6,2,5,8,4,9]
844776 [8,9,7,11,1,2,4,6,5,10,3]
844776 [4,11,10,14,7,15,9,13,5,2,12,8,16,6,3,1]
1007544 [8,4,9,5,10,7,11,3,2,1,6]
1007544 [15,13,2,9,7,16,4,14,1,18,5,17,6,8,3,11,10,12]
1007544 [6,7,1,8,3,5,4,2]
1007544 [5,6,9,10,2,11,3,1,13,12,8,4,7]
1118426 [8,11,2,14,3,13,10,1,7,15,9,5,6,12,4]
1404164 [7,6,5,3,1,4,2]
1542756 [9,2,1,4,7,8,6,5,3]
1744285 [4,6,12,9,2,3,11,10,13,16,14,15,8,1,5,7]
1779138 [6,4,7,3,5,8,2,1]
1779138 [1,3,4,5,2]
2044604 [5,4,3,2,1]
2212062 [7,4,6,2,3,1,5]
2289794 [5,4,1,2,3]
2378157 [2,8,6,4,3,10,12,9,1,11,7,5]
2420256 [4,1,5,2,3]
2420256 [5,2,3,1,4,6]
2420256 [6,2,24,12,7,25,10,17,18,9,8,22,13,5,3,1,15,16,4,27,26,20,14,19,23,21,11]
2540950 [5,6,4,2,1,3]
2540950 [7,2,3,6,5,4,1]
2540950 [4,2,5,3,1]
1980293 [1,2,3,4,5,6]
972143 [3,7,6,5,1,2,9,8,4]
1068993 [2,1,5,4,3]
1139265 [2,4,5,8,3,6,1,7]
1158222 [3,2,10,9,7,8,11,6,1,5,4]
1158222 [3,1,4,5,2]
1621087 [2,3,6,1,4,9,8,5,7]
1691388 [3,4,2,1,5]
1991269 [5,1,7,8,9,6,3,2,4]
1992863 [32,19,2,9,29,10,28,22,20,1,5,17,24,3,8,31,30,25,21,18,13,7,23,11,16,6,14,26,12,4,15,27]
1992863 [4,3,6,2,1,5]
1810529 [6,2,3,1,5,4,7]
1810529 [5,1,4,7,2,9,3,6,8]
2021126 [1,2,4,5,3]
2021126 [2,3,5,1,6,4,7]
2041007 [2,1,4,3,5]
2093437 [5,2,4,3,1]
2093437 [10,1,4,3,6,5,9,7,16,14,15,12,8,18,13,17,2,11]
2093437 [6,3,7,5,1,9,2,8,4]
2093437 [7,10,14,9,13,2,5,12,4,1,3,8,15,6,11]
2093437 [6,8,10,4,3,7,5,2,9,1]
2097149 [4,11,5,8,9,3,6,13,12,1,7,2,10]
2110976 [1,2,3,4,5,6,7]
1734750 [35,20,24,57,32,28,53,8,21,31,42,56,51,50,52,15,29,36,1,45,55,48,19,26,6,30,7,41,13,12,22,37,46,38,54,27,40,2,17,14,18,44,11,10,39,49,47,4,25,9,43,33,3,34,23,5,16]
1734750 [3,13,25,21,10,19,11,6,24,2,18,17,1,14,7,9,28,26,27,23,22,5,20,16,12,4,8,15]
2236439 [21,11,10,17,16,7,18,12,22,1,4,3,5,20,15,13,6,19,9,8,14,2]
2540950 [5,4,1,2,3]
2540950 [3,5,4,1,2]
631807 [6,3,1,4,8,10,7,9,2,5]
631807 [5,8,1,4,13,2,3,6,11,7,9,12,10]
779944 [13,23,9,19,30,35,18,10,36,7,11,32,4,29,40,2,12,22,38,8,21,24,26,28,33,14,39,17,37,27,6,20,1,31,16,43,45,44,46,3,42,5,47,41,15,25,34]
779944 [22,18,17,14,21,13,1,5,6,4,9,20,3,16,12,15,10,7,11,8,2,19]
997586 [3,5,1,4,6,2]
2200491 [5,4,8,2,9,6,3,1,7]
2218211 [1,2,3,4,5,6,7]
1923297 [8,2,11,12,7,3,14,9,10,4,6,15,1,13,5]
1976045 [9,6,2,10,7,4,5,11,3,12,8,1]
296759 [3,5,1,2,4,7,6]
296759 [2,4,1,3,5]
335429 [5,4,2,9,3,6,10,7,8,1]
335429 [1,7,4,2,5,3,6,8]
335429 [2,1,3,5,4]
371722 [14,2,10,4,3,11,1,6,13,12,7,9,5,8,15]
371722 [10,11,1,8,2,13,14,9,7,3,12,16,5,15,18,4,6,17]
371722 [4,3,6,1,2,5]
373971 [6,14,12,16,8,17,13,4,10,2,9,3,5,7,15,11,1]
374121 [6,3,7,4,5,2,1]
413278 [2,4,6,7,3,5,1]
413278 [6,3,1,5,4,2]
413278 [5,6,4,2,3,1]
413278 [4,5,7,3,2,6,1]
413278 [5,2,6,1,7,4,3]
413278 [18,14,4,7,13,11,28,19,17,21,9,24,16,12,5,27,6,23,25,22,8,20,2,3,1,15,10,26]
413278 [15,12,9,18,19,11,6,2,13,10,7,1,4,14,8,17,16,3,5]
413278 [1,3,8,9,7,2,6,4,5]
413278 [6,1,2,3,4,5]
497248 [5,2,1,7,6,3,4]
2080681 [2,15,17,1,5,12,10,7,6,8,11,4,3,9,16,13,14]
2097149 [8,2,4,5,6,3,7,9,1]
2097831 [7,8,2,5,11,9,3,4,6,10,1]
2161139 [6,7,1,3,5,2,4]
2169895 [1,8,3,5,2,6,7,4]
2169895 [5,6,1,2,4,3]
978501 [1,2,3,4,5,6]
978501 [1,2,3,4,5,6,7,8,9,10,11,12,13,14,15,16,17,18,19,20,21,22,23,24,25,26,27,28]
978501 [1,2,3,4,5,6,7]
978501 [1,2,3,4,5,6,7,8]
978501 [1,2,3,4,5,6,7]
978501 [1,2,3,4,5,6,7,8,9,10,11,12,13,14,15,16,17,18,19,20,21,22,23,24,25,26,27,28]
986406 [25,21,34,4,11,9,28,7,30,24,16,15,32,23,19,20,8,5,26,17,2,10,3,14,18,31,12,27,22,13,1,33,6,29]
1001055 [3,4,6,2,1,5]
1001055 [3,2,9,5,1,8,7,4,6]
1001055 [1,7,6,3,8,4,2,5]
1001055 [21,29,2,24,22,20,1,3,25,17,23,33,15,27,18,14,5,26,9,10,34,35,16,8,6,28,4,13,19,12,32,31,11,30,7]
1014041 [1,2,3,4,5,6,7]
1029687 [4,3,5,1,2]
2110847 [5,1,3,4,2]
2110847 [8,12,14,10,18,5,13,16,11,1,9,15,6,2,4,7,3,17]
2110847 [21,12,6,25,34,28,5,1,17,2,3,32,27,8,20,18,29,23,35,30,9,4,16,31,14,13,19,33,10,15,36,11,7,26,24,22]
2110847 [1,6,2,4,3,5]
1090366 [7,12,11,5,1,6,4,8,3,2,10,9]
1090366 [28,9,16,24,5,6,22,17,15,29,18,7,11,27,1,2,3,23,13,4,25,21,14,20,26,10,30,19,12,8]
1090366 [2,3,8,9,7,5,1,4,6,10,11]
1071040 [1,2,3,4,5,6,7,8]
1072326 [7,3,6,5,2,4,1,8]
2160183 [7,5,4,3,6,1,2]
1481473 [10,23,25,18,5,24,14,12,9,11,7,26,20,17,13,1,8,15,27,2,6,16,19,21,4,3,22]
1520051 [1,2,3,4,5,6,7,8,9]
1562772 [1,2,3,5,4]
1563751 [3,1,2,9,11,6,4,8,10,7,5]
1568487 [1,2,3,4,5,6,7]
1604401 [5,4,8,7,3,2,6,1]
1604401 [5,1,2,4,3]
2578206 [41,2,18,15,35,33,36,19,8,28,14,3,13,26,30,29,31,22,24,12,20,6,37,27,39,23,5,11,17,16,4,34,21,10,32,7,1,40,25,9,38]
2578206 [6,3,5,4,8,1,2,9,7]
1314325 [4,11,1,9,13,14,22,15,19,10,3,16,5,17,7,21,8,12,6,2,18,20,23]
1314325 [33,4,15,10,29,39,24,16,8,2,37,36,3,23,6,35,13,28,14,22,34,40,9,25,5,31,41,21,19,1,17,30,20,26,32,11,38,7,27,18,12]
1314325 [4,1,6,5,2,3]
1314325 [2,4,5,3,6,1]
1320533 [1,7,4,14,12,10,2,13,9,16,8,6,11,15,3,5]
2238657 [6,18,23,7,14,19,17,16,15,12,25,21,13,8,20,1,11,2,26,22,10,5,4,3,9,24]
2238657 [18,25,9,12,22,11,6,8,4,5,27,16,17,7,23,14,13,15,26,19,10,20,24,1,21,3,2]
450577 [9,4,3,7,5,8,2,1,6]
1841877 [3,2,1,4,5,6]
1841877 [4,5,3,2,1]
1841877 [3,5,1,7,6,2,4]
1841877 [3,15,8,18,10,13,2,4,9,21,7,16,6,17,5,22,11,1,12,14,20,19]
1874962 [5,6,19,21,9,4,18,14,7,8,16,20,17,1,11,3,13,10,22,12,23,15,2]
1901938 [12,4,3,7,9,5,1,6,2,8,10,11]
1918494 [3,6,5,1,2,4]
1956329 [5,6,1,3,7,2,4]
1961735 [5,2,6,8,3,1,4,7]
1961735 [6,5,4,3,2,1]
1961735 [8,4,9,2,6,1,7,5,3]
1961735 [12,6,11,3,8,4,7,2,1,10,5,9]
1961735 [5,2,6,4,1,3]
1965353 [3,8,6,9,2,12,1,11,4,5,10,7]
1965353 [3,2,1,4,5]
1974470 [6,1,8,2,4,3,5,7]
1974470 [5,2,1,3,4]
1974470 [8,3,2,7,10,5,1,9,6,4,11]
1992863 [4,1,2,3,5]
2041007 [6,8,7,1,4,3,2,9,5]
39364 [3,5,4,1,2]
62577 [1,2,3,4,5,6,7,8,9]
110458 [13,6,40,22,38,4,19,26,33,2,7,8,21,5,3,10,14,32,23,1,24,41,35,31,36,34,11,30,29,17,27,25,20,12,37,9,16,18,39,15,28]
110458 [6,13,2,5,4,9,11,14,1,15,10,3,12,8,7]
136584 [1,2,3,4,5,6,7,8,9,10,11,12,13]
136584 [1,2,3,4,5,6,7,8,9,10,11,12,13,14,15,16,17]
136584 [1,2,3,4,5]
136584 [1,2,3,4,5,6]
136584 [1,2,3,4,5,6,7,8,9,10,11,12,13,14,15]
244367 [4,1,3,5,2]
244367 [2,5,3,4,1]
244843 [2,6,3,5,4,1]
244843 [7,6,5,4,3,8,9,10,2,1]
244843 [5,7,9,1,8,4,12,13,2,11,3,6,10]
244843 [4,5,1,3,2]
261181 [4,1,3,5,2]
777348 [13,1,12,9,16,15,6,8,10,14,5,7,2,11,4,3]
777348 [3,8,4,2,6,1,5,10,9,7]
793625 [1,2,3,4,5,6,7,8,9,10,11]
847729 [5,1,6,2,7,3,4]
2370657 [9,2,12,10,5,11,8,6,4,3,1,7]
2370657 [7,1,9,10,5,4,3,8,2,12,6,11]
2370657 [1,2,7,4,3,8,5,6,9]
2370657 [10,13,9,6,4,15,11,8,14,2,12,3,7,1,5]
2370657 [7,11,5,2,1,10,9,3,6,8,4]
2370657 [2,4,5,1,3]
2370657 [5,1,4,2,3]
2370657 [7,9,5,4,12,10,6,1,13,2,8,3,11]
2370657 [4,10,6,9,8,1,2,5,3,13,7,11,12]
2370657 [6,4,2,1,3,5]
2370657 [1,7,11,8,2,3,4,9,6,12,5,10]
2370657 [6,8,1,4,5,2,3,7,9]
2406851 [4,5,3,2,1]
2414221 [6,5,1,2,4,3,7]
2451375 [1,2,3,4,5]
2452178 [1,2,3,4,5]
2484251 [12,9,20,14,5,17,1,6,13,18,7,3,15,10,19,2,8,21,4,11,16]
2490461 [1,2,3,4,5,6]
935922 [7,4,2,6,3,1,5]
947524 [16,13,10,8,4,11,12,9,5,7,14,15,2,6,1,3]
956982 [2,5,1,4,3,6]
964943 [1,6,2,3,4,7,5,8,9]
964943 [1,5,2,3,4]
980498 [5,7,6,4,2,9,1,8,10,3]
1006353 [1,2,3,4,5,6,7,8,9,10,11,12,13,14,15,16,17,18,19,20,21,22,23,24,25]
1006353 [1,2,3,4,5]
1886972 [15,7,13,2,14,5,10,8,3,11,1,12,4,6,9]
1930942 [12,8,11,5,1,9,2,6,7,10,15,13,14,4,3]
1930942 [7,6,5,1,4,2,3,8]
61977 [4,2,5,8,7,1,6,3]
88591 [6,1,2,5,4,3]
88591 [3,1,5,2,9,6,11,8,10,7,12,4]
88591 [18,10,15,2,14,9,7,3,8,16,4,5,11,17,12,1,6,13]
88591 [3,4,5,1,2]
88591 [7,6,8,18,2,10,9,13,12,16,11,15,14,19,1,17,3,5,4]
88591 [2,14,17,7,5,8,1,12,11,13,9,15,3,10,16,6,4]
88591 [11,10,4,3,12,9,13,6,1,2,5,8,7]
88591 [7,5,3,1,6,2,4]
88591 [4,19,9,16,20,22,11,3,14,10,18,7,1,23,6,15,2,12,21,13,8,5,17]
521351 [7,12,9,1,5,2,6,11,3,4,10,8]
521351 [1,5,4,3,2,6]
521351 [9,14,8,11,1,4,5,3,10,6,12,7,2,13]
780905 [5,4,1,3,2]
780905 [6,1,4,3,2,5]
244218 [1,4,2,5,3]
244218 [20,24,3,29,8,22,18,5,14,6,16,15,21,2,28,9,25,27,4,10,26,1,7,17,13,23,11,12,19]
244218 [2,14,12,8,9,6,4,15,1,7,16,10,11,13,3,5,17]
244218 [5,1,2,3,4]
244218 [5,7,8,6,1,3,4,2]
244218 [10,14,7,1,3,16,8,15,2,12,5,9,4,11,13,6]
244218 [2,4,5,1,3]
934064 [4,2,5,3,6,1,7]
934064 [4,6,7,1,5,8,2,9,10,3]
949107 [3,16,26,10,5,12,2,22,20,6,4,1,15,24,11,7,8,25,19,21,14,13,17,18,23,9]
2261768 [12,6,2,9,11,4,10,1,7,5,8,3]
1579040 [7,5,2,3,6,1,4]
1579040 [5,6,8,4,2,1,9,3,7]
2281424 [4,19,1,18,9,14,6,12,3,10,15,11,16,8,7,2,5,20,13,17]
2281424 [6,20,13,17,19,3,12,11,4,9,5,7,16,21,15,14,24,10,2,23,8,1,22,18]
2281424 [12,20,15,28,6,8,22,9,17,27,18,1,4,3,19,10,29,5,14,26,25,16,21,7,2,23,13,11,24]
2281424 [2,3,5,1,4]
2281424 [3,5,4,1,2]
2284135 [1,2,3,4,5]
2566955 [13,3,5,4,17,2,12,1,10,6,8,9,11,14,7,15,16]
2342077 [4,5,10,18,14,12,16,7,9,11,6,8,2,13,3,17,1,15]
2342077 [15,19,24,35,6,38,17,4,9,29,8,25,21,36,11,14,12,39,22,23,28,18,26,34,20,37,30,16,5,1,3,7,27,2,32,13,10,33,31]
433902 [14,12,5,6,1,16,3,4,9,15,10,8,2,13,11,7]
433902 [3,18,13,11,1,19,15,12,10,17,6,4,5,9,8,20,7,2,14,16]
433902 [4,2,19,18,6,9,17,12,13,11,15,5,8,10,14,7,1,16,3]
620068 [5,1,2,4,3]
19181 [5,4,1,3,2]
28327 [8,9,4,10,3,6,5,7,2,1]
28327 [1,3,5,6,4,2]
240435 [8,1,6,2,3,4,7,5]
248790 [3,7,6,1,2,5,4]
249788 [4,8,5,6,12,1,2,11,9,7,10,3,13]
249788 [4,3,1,6,5,2]
261530 [5,7,3,6,2,4,1]
636116 [3,10,5,8,9,4,7,6,2,1]
28327 [18,16,10,6,1,4,9,19,17,14,13,11,7,12,15,3,5,8,2]
28327 [4,3,6,5,7,9,10,2,8,1]
28327 [8,4,5,6,7,2,1,3]
28327 [2,1,4,3,5]
28327 [6,2,8,11,17,3,10,9,4,12,14,5,7,13,16,15,1]
43932 [10,16,9,7,8,11,4,17,6,1,18,12,13,15,2,5,3,14,19]
43932 [7,8,1,4,5,3,6,2]
43932 [5,4,2,8,12,1,11,15,13,7,9,6,10,3,14]
1885147 [7,9,11,3,4,1,8,5,10,6,14,13,2,12]
1885147 [1,5,4,6,3,8,11,10,7,9,2]
1952887 [9,7,2,3,8,4,5,6,1]
1952887 [7,1,6,2,5,4,3]
137963 [4,8,7,2,14,12,5,6,3,13,1,9,11,10]
521637 [2,5,3,4,1]
143799 [1,2,3,4,5,6,7,8,9]
143799 [1,2,3,4,5,6,7]
197756 [2,4,5,15,3,6,1,11,8,14,9,7,10,12,13]
197756 [8,4,3,1,5,6,7,2]
264359 [11,10,6,4,7,15,8,13,14,2,3,9,5,1,12]
264359 [12,11,10,7,1,4,2,6,3,9,8,13,5]
277291 [9,1,2,5,6,3,4,8,7]
143799 [1,2,3,4,5,6,7,8,9,10,11]
143799 [1,2,3,4,5,6,7,8,9,10]
204031 [12,10,8,6,7,5,9,11,4,1,3,2]
206251 [3,5,7,1,2,6,12,13,4,10,8,9,11]
1594652 [11,4,5,13,10,7,3,8,12,2,6,9,1]
1594652 [22,4,13,21,7,8,20,17,3,6,9,15,14,19,5,11,16,2,1,23,10,12,18]
2203548 [2,12,14,6,5,16,17,9,15,11,1,18,10,13,8,19,7,3,20,4]
2203548 [34,27,39,29,20,13,31,8,30,26,32,23,28,12,35,6,15,37,5,19,17,2,22,33,3,14,9,16,4,11,1,25,10,7,21,18,24,36,40,38]
2203548 [32,4,37,10,25,8,39,28,29,38,30,3,5,35,13,12,6,31,7,15,20,19,18,2,34,23,26,36,9,1,22,11,16,17,21,33,14,24,27]
2203548 [2,25,5,37,15,17,36,26,20,27,31,35,10,24,1,3,30,18,8,9,14,21,11,29,33,4,34,7,16,12,13,32,38,22,6,19,23,39,28]
2203548 [8,3,1,4,9,6,7,2,5]
2203548 [17,38,9,13,14,34,7,42,40,27,15,18,2,6,39,4,16,35,12,23,10,26,29,21,33,30,11,8,37,19,44,25,22,36,5,31,32,20,3,41,43,1,28,24]
2300835 [5,7,9,1,4,3,2,8,6]
206251 [6,4,2,1,5,3]
206251 [5,7,1,4,6,2,3]
213347 [3,40,16,17,49,14,13,9,44,30,42,21,55,26,43,11,38,20,50,53,12,39,52,47,34,36,48,19,24,1,6,8,10,5,31,37,27,28,4,46,35,54,51,18,7,41,23,45,15,32,29,56,22,25,33,2]
274463 [6,5,4,3,2,7,1]
81492 [2,6,4,1,3,5]
171559 [8,1,5,6,3,9,7,4,2]
171559 [4,1,6,5,3,2]
399574 [5,1,4,7,6,2,3]
411733 [4,5,8,9,3,2,7,6,1]
433902 [6,3,2,1,5,4]
433902 [13,39,28,15,30,26,19,9,33,34,6,37,40,44,16,29,27,11,41,45,7,22,36,32,8,23,43,21,17,35,1,46,38,10,24,12,31,3,14,20,25,4,5,18,2,42]
433902 [2,3,14,15,5,13,8,11,1,17,4,10,16,6,12,7,9]
433902 [5,4,1,6,3,2]
433902 [4,1,3,10,8,11,5,7,6,9,2]
301528 [4,14,5,9,12,8,10,15,7,3,13,11,6,2,1]
301528 [1,6,8,2,9,5,3,4,7]
301528 [1,4,2,5,3]
321436 [1,2,3,4,5,6]
438300 [1,6,4,3,8,9,5,13,12,2,7,11,10]
441426 [1,4,3,2,5]
441426 [3,5,6,9,4,2,8,7,1]
441426 [8,4,6,7,3,5,1,2]
456624 [12,11,10,6,5,8,1,7,9,13,3,4,2,14]
456624 [4,1,3,5,2]
456624 [8,4,1,9,7,6,2,5,3,10]
548891 [11,10,3,7,9,4,1,5,2,8,6,12]
548891 [48,11,33,16,2,14,17,42,15,29,31,36,26,6,28,44,43,7,20,10,21,12,9,47,32,39,18,41,30,46,27,1,8,34,38,45,40,25,23,4,13,3,24,37,5,35,22,19]
2040636 [1,2,3,4,5,6,7,8]
2040636 [1,2,3,4,5,6,7,8,9]
289998 [3,2,1,5,6,4]
581272 [1,2,3,4,5,6,7,8,9]
581272 [1,2,3,4,5,6,7,8,9,10,11,12,13,14,15,16]
581272 [1,2,3,4,5]
777348 [8,6,13,9,14,7,16,12,18,15,10,4,19,3,11,17,2,5,1]
852357 [6,4,9,8,1,10,2,5,3,7]
852357 [4,1,5,2,6,7,3]
856313 [3,4,5,6,1,2,8,7]
497248 [6,8,3,7,1,4,2,5,9]
497248 [2,1,4,5,3]
504649 [8,15,5,11,2,12,4,1,6,7,10,3,14,9,13]
330156 [1,2,3,4,5,6,7,8,9,10,11,12,13]
330156 [1,2,3,4,5,6,7,8,9]
330156 [1,2,3,4,5,6,7,8,9,10]
330156 [1,2,3,4,5,6,7]
330156 [1,2,3,4,5,6,7,8,9,10,11,12,13,14]
330156 [1,2,3,4,5,6,7,8,9,10,11,12,13,14,15,16,17]
337595 [6,1,3,5,2,4,7]
412478 [3,21,19,20,12,23,13,6,16,10,14,11,4,2,9,17,8,1,15,18,22,7,5,24]
420668 [8,3,6,1,2,5,4,9,7]
420668 [1,3,7,2,4,5,6]
182355 [1,6,2,5,4,3,7]
182355 [2,6,5,3,4,1]
206251 [3,11,1,8,2,10,7,5,4,9,6]
261181 [6,1,3,2,4,5]
795659 [12,8,5,10,4,1,15,14,2,7,11,9,6,13,3]
594708 [1,2,3,4,5,6,7]
642707 [3,2,9,8,4,6,1,7,5]
661583 [9,8,6,5,10,4,3,7,2,1]
661583 [1,4,8,5,11,3,9,2,7,10,13,6,12,14]
661583 [14,4,9,11,7,13,5,15,12,1,6,10,2,3,8]
661583 [5,2,7,3,9,8,6,1,4]
661583 [1,5,3,7,6,2,4]
661583 [4,5,2,3,1]
661583 [12,11,5,3,9,7,4,8,1,10,2,6]
663707 [7,2,1,5,6,4,3]
665079 [13,12,19,9,1,10,14,16,7,6,15,11,2,17,3,5,4,18,8]
665079 [9,7,1,4,2,8,6,3,5]
665079 [3,7,5,6,8,4,1,2]
665079 [14,6,9,2,10,15,24,12,20,28,4,7,22,8,5,1,19,25,13,18,26,17,21,23,16,27,11,3]
665079 [19,4,14,17,13,3,2,21,16,20,12,6,1,28,24,26,5,25,15,9,8,22,18,7,23,11,10,27]
665079 [7,5,2,6,1,4,3]
616502 [4,6,7,5,3,2,1]
636116 [4,2,9,6,8,3,7,5,1]
636116 [6,1,2,4,3,5]
636116 [6,7,4,8,1,2,3,5]
667805 [5,1,3,7,2,4,6]
667805 [3,5,2,4,1]
667805 [5,4,8,6,1,3,2,9,7,10]
667805 [4,2,1,5,3]
667805 [9,13,5,7,19,17,2,11,4,1,16,14,6,3,8,18,20,12,10,15]
667805 [3,6,4,1,5,7,2]
682239 [7,4,1,5,3,6,2]
682239 [15,5,6,9,16,7,2,10,12,8,3,4,11,13,14,1]
682239 [4,1,11,12,6,9,8,5,2,7,3,10]
688189 [3,2,6,7,4,1,8,5]
1992684 [4,6,5,7,2,1,3]
1992684 [4,3,1,5,2,6]
1992684 [12,10,5,6,9,7,11,1,8,3,4,2]
777553 [4,2,3,7,8,1,5,6]
1453811 [1,2,3,4,5]
1453811 [1,2,3,4,5,6,7,8]
321436 [1,2,3,4,5,6,7,8,9,10,11,12,13,14,15,16,17,18]
481652 [6,2,9,8,12,1,4,3,10,7,5,11]
677342 [4,2,12,6,11,3,9,5,1,8,7,10]
698576 [1,3,2,5,4]
702478 [10,2,9,7,8,1,5,11,12,6,4,3]
818399 [2,3,4,5,1]
988404 [1,2,3,4,5]
988404 [1,2,3,4,5,6,7,8,9,10,11,12,13,14,15,16,17]
988404 [1,2,3,4,5]
1827042 [8,11,5,7,2,9,10,6,3,4,1,12]
1827042 [4,9,10,5,1,6,7,8,2,3]
1827042 [9,3,6,19,1,11,15,4,18,17,7,10,12,2,8,16,20,13,14,5]
1827042 [6,1,4,5,9,7,2,10,3,8]
1827042 [8,9,5,1,7,3,11,6,10,4,2]
470337 [4,5,6,3,7,2,1]
470337 [5,4,1,2,3]
470337 [8,1,3,6,2,9,4,5,11,7,10]
470337 [5,4,1,3,2,6]
479390 [6,9,13,2,8,11,4,7,3,5,12,1,10]
479390 [4,1,5,6,2,3]
479390 [37,54,33,50,30,10,5,35,55,44,40,27,48,6,39,2,22,14,1,24,41,9,53,38,34,47,32,17,60,46,7,16,52,25,49,45,3,21,51,23,28,11,59,58,43,26,8,13,61,31,4,29,18,19,12,57,15,56,42,36,20]
479390 [4,5,2,1,3]
479390 [3,8,5,11,1,4,14,6,7,13,9,10,12,2]
479390 [6,3,1,4,5,2]
631807 [4,1,2,5,3]
808364 [1,10,2,4,5,8,11,9,6,3,7]
1129282 [2,1,3,4,5]
1129282 [1,7,3,9,5,13,8,6,14,4,11,2,12,10]
1129282 [4,2,5,3,1,6]
1129282 [8,2,6,4,1,3,7,5]
1206044 [3,15,11,14,8,17,10,1,16,13,9,5,7,2,12,6,4]
751365 [6,9,8,5,4,1,2,3,7]
1331513 [3,10,8,1,9,12,5,11,4,7,2,6]
1930942 [1,2,8,3,7,4,6,5,9]
2091506 [21,7,3,2,10,16,8,1,5,4,13,18,19,11,22,14,9,20,6,15,17,12]
2091506 [20,5,8,2,13,19,15,6,17,18,1,16,14,10,12,4,9,7,3,21,11]
2143620 [6,2,4,3,1,5]
1171223 [37,33,47,34,2,7,15,16,8,14,43,13,19,22,36,46,32,12,21,3,35,29,20,23,18,25,41,1,30,6,17,10,48,9,45,28,40,39,4,24,38,42,27,5,31,44,11,26]
1171223 [12,10,6,8,2,3,4,7,1,9,5,13,11]
1182135 [1,7,6,2,3,4,5]
935922 [3,1,5,4,2]
948803 [1,2,3,4,5,6]
949639 [1,2,3,4,5,6,7,8,9]
1213548 [5,6,1,4,3,2]
1213548 [8,17,2,5,19,21,22,7,23,14,20,16,11,15,6,9,1,13,18,3,12,4,10,24]
1231139 [1,2,3,4,5,6,7,8,9,10]
1231139 [1,2,3,4,5]
933067 [1,2,3,4,5,6,7,8,9,10,11,12,13,14,15,16]
948803 [1,2,3,4,5,6,7,8,9]
1047632 [9,11,1,10,2,15,5,14,8,13,12,6,3,4,7]
1071040 [1,2,3,4,5,6,7]
688189 [1,5,3,2,4]
700730 [5,1,2,6,3,4]
1117666 [2,1,5,4,3]
418151 [1,2,3,4,5,6,7,8,9]
554417 [13,11,2,4,3,5,12,9,1,7,8,6,10]
554417 [8,13,4,7,2,9,12,5,3,10,1,11,6]
554417 [7,8,5,6,4,2,1,9,3]
1246374 [4,1,5,3,2]
1246374 [3,4,2,6,1,5]
1822647 [8,15,9,5,1,3,7,4,13,14,12,11,2,6,16,10]
2199061 [8,5,7,1,2,4,9,6,3]
949107 [3,8,5,7,1,4,6,2]
965694 [1,2,3,4,5,6,7]
1467043 [1,3,5,2,4]
918965 [8,13,14,10,4,1,11,7,12,5,2,6,16,3,9,15]
918965 [2,16,7,3,12,1,13,6,14,8,5,9,10,15,4,11]
918965 [5,19,15,7,1,12,13,10,9,14,8,20,6,16,4,17,3,11,2,18]
918965 [13,14,12,2,6,9,3,4,10,1,11,5,8,15,7]
918965 [2,8,10,4,11,1,5,3,7,6,9]
918965 [14,6,11,12,4,10,5,9,2,13,8,3,1,7]
930903 [3,11,24,22,5,13,14,26,18,2,7,17,16,19,12,23,28,27,20,9,25,8,15,4,10,6,21,1]
930903 [32,37,33,41,6,30,26,3,1,22,42,34,39,29,20,4,7,25,40,16,21,27,8,19,31,23,36,12,2,10,11,18,35,14,15,38,5,13,17,24,28,9]
949107 [4,7,1,5,6,2,3]
949107 [1,4,3,2,6,5,7]
1248913 [3,5,2,6,4,1]
647450 [5,3,4,7,2,1,6,8]
321436 [1,2,3,4,5,6,7,8,9,10,11,12]
1930942 [5,4,9,8,3,2,7,10,1,6]
1930942 [1,45,55,9,53,44,18,41,34,23,4,35,46,33,19,14,20,29,26,47,3,15,24,27,13,8,42,2,51,31,17,52,11,54,43,36,50,22,5,49,32,48,30,28,12,10,7,38,25,39,21,40,37,6,16]
2143620 [61,31,46,27,7,49,5,11,43,22,33,40,57,19,4,8,24,34,63,9,14,55,38,51,44,53,45,50,25,36,2,58,17,29,20,21,3,12,47,18,56,54,60,13,52,41,10,28,42,6,32,26,1,48,15,16,23,37,62,39,59,30,35]
2143620 [11,50,45,2,13,39,21,6,8,61,14,38,58,48,26,62,30,36,34,42,57,1,25,23,22,37,10,35,5,12,52,46,7,27,43,60,53,59,15,20,19,49,51,24,31,40,54,44,33,32,29,3,9,47,18,28,4,17,55,16,41,56,63]
2143620 [7,26,14,10,29,6,11,19,16,30,1,12,38,20,27,21,9,24,33,4,25,34,32,40,28,18,5,37,35,23,36,8,17,2,31,22,15,39,3,13]
559866 [9,3,1,6,5,4,7,10,2,8,11]
559866 [12,3,10,13,7,8,14,9,1,4,6,5,11,2]
564256 [4,3,7,8,12,1,14,5,6,10,9,13,11,2]
1855880 [1,2,3,4,5,6]
1855880 [1,2,3,4,5,6,7,8,9,10,11,12,13]
1855880 [1,2,3,4,5,6,7]
1863380 [1,2,3,4,5,6]
1390343 [8,1,5,4,2,3,9,7,6,10]
661583 [1,5,2,4,3]
661583 [2,3,1,7,5,4,6]
661583 [2,1,3,5,4,7,6]
661583 [2,1,9,6,5,4,7,3,8]
663707 [7,5,6,13,12,3,10,2,14,1,11,8,16,9,15,4,17]
663707 [6,7,3,1,2,5,10,4,11,9,8]
665079 [22,42,18,25,1,36,44,53,13,49,43,41,7,29,11,2,26,31,48,40,32,50,19,20,10,27,4,46,6,30,24,33,51,38,14,23,37,8,15,3,17,16,52,28,5,35,21,12,9,34,54,39,47,45]
667805 [34,14,25,1,28,10,6,11,12,16,19,5,2,29,13,21,15,20,24,3,18,26,33,31,9,27,7,22,4,23,17,32,30,8]
667805 [14,7,12,13,6,8,4,10,11,3,2,1,5,9]
667805 [1,2,3,4,5]
667805 [6,8,5,1,3,2,7,4]
667805 [3,2,4,5,6,1]
1232620 [8,9,12,6,2,7,11,10,5,4,3,1]
1328488 [6,2,8,5,7,3,1,4]
1328488 [10,5,15,8,16,11,1,14,3,7,9,12,2,6,13,4]
1331854 [11,17,6,2,3,16,7,4,9,1,14,15,12,18,10,5,13,8,19]
1331854 [6,10,5,11,12,13,3,4,7,8,2,9,1]
1331854 [2,27,15,5,23,26,19,6,10,25,16,13,3,4,9,17,14,11,18,1,12,8,20,29,24,28,22,21,7]
1331854 [4,16,26,22,23,28,1,24,15,27,18,12,8,21,13,17,10,14,25,7,9,6,19,3,5,20,11,2]
1331854 [14,9,7,8,6,2,13,4,11,12,3,5,10,1]
1331854 [5,2,4,3,8,6,7,1]
1331854 [2,1,5,3,4]
1336589 [4,2,7,5,1,6,3]
1336589 [17,15,8,4,16,3,9,1,6,5,7,12,13,10,18,2,11,14]
1336589 [6,4,2,5,3,1]
1336589 [4,3,5,2,1]
1246374 [1,6,8,4,7,2,5,3]
1246374 [8,9,3,5,7,6,1,4,11,10,2]
966688 [5,4,1,2,3]
966688 [4,2,8,1,9,3,5,6,7]
1302220 [4,3,1,5,2]
1459379 [9,4,8,1,7,6,11,3,10,5,2]
1467758 [1,2,3,4,5,6,7,8,9,10,11,12,13,14]
806521 [18,23,6,1,16,13,15,10,11,24,7,17,4,27,2,12,9,22,26,21,20,5,14,8,19,3,25]
815173 [6,9,8,5,2,7,10,4,1,3]
933067 [1,2,3,4,5]
933067 [1,2,3,4,5,6,7,8,9,10,11,12,13,14,15,16,17,18,19,20,21,22,23,24,25,26,27,28,29]
935922 [6,4,5,7,13,15,12,11,2,14,8,1,10,9,3]
935922 [4,5,10,1,8,2,6,9,7,3]
665079 [18,3,8,15,7,10,16,9,4,17,1,13,6,5,2,12,14,11]
665079 [2,6,1,8,4,5,3,9,10,7]
665079 [2,1,5,3,4]
667805 [3,4,1,5,2]
667805 [17,34,42,28,23,60,59,31,16,63,30,55,54,15,32,67,64,5,57,58,1,4,61,18,19,11,24,44,45,65,14,8,36,66,22,51,3,49,41,52,47,29,26,35,6,37,9,39,13,12,40,62,2,21,38,33,10,20,53,7,43,56,27,25,48,46,50]
667805 [1,6,4,7,8,5,2,9,3]
2097831 [6,5,3,2,1,4]
2097831 [4,3,2,1,5]
2097831 [1,2,6,5,3,4]
2097831 [11,12,8,5,3,2,6,10,7,9,1,4]
2097831 [7,2,6,1,8,4,5,3]
2097831 [10,8,7,4,1,6,3,5,2,9]
2097831 [4,5,3,2,1]
2097831 [3,2,5,1,4]
2097831 [3,4,5,2,1,6,7]
2097831 [2,3,5,4,1]
2101786 [2,4,5,6,1,3]
1167004 [15,8,17,23,5,9,25,1,18,13,3,14,6,4,2,16,10,7,21,20,12,11,22,19,24]
1171223 [3,1,6,5,4,7,2,8,9]
1360769 [6,7,3,2,8,5,1,4]
1418574 [13,26,15,32,30,27,10,20,23,7,36,28,17,24,11,25,8,34,37,41,33,21,16,5,22,38,31,4,35,12,39,29,42,9,3,1,40,2,14,6,18,19]
1418574 [14,29,4,46,22,26,34,17,8,13,20,21,38,12,37,47,24,15,36,40,42,33,1,5,18,32,7,30,11,31,45,10,27,19,6,28,16,9,3,25,2,23,35,43,39,44,41]
1571714 [4,1,2,8,5,3,6,7]
1571714 [1,3,7,2,6,5,4]
1578371 [5,4,2,1,3]
1578371 [5,3,4,2,1]
1578371 [5,9,7,4,2,8,3,6,1]
1585102 [5,2,3,4,1,6]
1412107 [4,8,3,6,1,5,2,7,9]
1412107 [6,7,3,1,2,5,9,4,10,8]
1412107 [2,10,15,28,3,4,1,16,5,19,22,31,24,33,12,30,17,18,32,11,14,20,9,23,26,8,27,13,21,29,7,6,25,34]
1383127 [5,13,4,14,15,12,10,8,6,17,11,19,9,20,21,1,16,7,2,22,18,3]
1383127 [8,10,3,11,7,5,2,6,9,1,4]
631807 [2,9,10,8,7,6,5,4,3,1]
631807 [8,1,6,11,3,7,5,9,4,10,2]
1007544 [7,4,9,6,1,2,3,8,5]
1129282 [3,5,4,2,1,7,6]
1129282 [34,52,18,50,62,20,11,69,24,53,6,71,8,32,45,58,29,13,65,10,15,49,73,28,26,44,1,72,38,9,67,40,27,54,61,2,63,74,35,41,21,47,16,39,23,59,30,5,37,3,55,64,22,46,7,51,43,42,14,68,19,12,70,25,36,17,57,31,60,4,66,56,33,48]
1129282 [1,4,6,2,5,3,7]
1331272 [1,4,6,2,3,5]
1331272 [8,9,6,7,3,4,1,5,2]
1331272 [3,5,6,2,1,7,8,4]
1331272 [2,6,1,5,8,9,7,4,3]
1331272 [14,5,6,16,7,9,12,3,17,11,13,2,4,15,1,10,8]
1368005 [4,2,3,1,5]
1368005 [1,2,5,19,15,16,18,12,14,3,6,13,17,11,10,9,7,8,4]
1404164 [7,2,11,10,12,8,5,9,3,6,1,4]
1887792 [2,5,8,4,17,1,7,6,12,3,15,18,11,9,14,10,13,16,19]
1888687 [1,2,3,4,5,6,7,8,9,10,11,12,13]
1888687 [1,2,3,4,5,6,7,8,9,10,11,12,13,14,15]
1888687 [1,2,3,4,5,6,7,8,9,10,11,12,13,14,15,16,17,18,19,20,21,22,23,24,25,26,27,28,29,30,31,32,33,34,35,36,37,38]
1901938 [2,4,1,8,7,6,5,3]
1694358 [1,2,3,4,5,6,7,8,9,10,11,12,13,14,15,16,17,18,19,20,21,22,23,24,25,26,27,28,29,30,31,32,33,34,35,36,37,38]
1697436 [4,2,3,5,1]
1703263 [11,6,9,12,5,3,1,8,10,2,4,13,7]
1703263 [2,3,6,4,5,7,1]
1706553 [5,1,6,2,4,3]
1721133 [2,3,5,4,1]
1721133 [13,10,11,2,6,19,5,8,16,21,9,7,15,18,14,3,17,12,4,20,1,22]
1721133 [4,1,2,3,5]
1735326 [1,2,3,4,5,6,7,8,9,10,11,12,13]
1735326 [1,2,3,4,5,6,7,8,9,10,11,12,13,14,15,16,17,18]
1735326 [1,2,3,4,5,6,7,8,9,10,11,12,13,14,15,16,17,18,19,20,21,22,23,24,25,26,27]
1735326 [1,2,3,4,5]
1095429 [3,4,5,1,2]
1095429 [3,5,4,7,6,1,2]
1103145 [1,2,3,4,5,6]
930903 [10,9,6,5,19,13,11,1,15,2,7,8,3,14,4,12,18,16,17]
1297999 [8,9,6,5,3,1,2,4,7]
1970644 [5,13,19,21,2,12,9,3,17,15,18,25,6,26,10,7,23,16,1,20,4,14,24,11,8,22]
1992863 [20,11,6,19,2,1,10,7,4,13,21,9,23,8,15,22,14,5,17,3,18,16,12]
2564495 [4,12,19,7,13,28,18,8,9,25,24,29,14,30,5,11,16,21,26,27,17,6,10,2,22,15,1,3,20,23]
2420256 [16,22,13,2,3,21,4,18,5,1,6,11,10,17,9,8,15,12,20,19,14,7]
2420256 [2,5,4,1,3,6]
1660953 [1,2,3,4,5,6,7,8]
1664967 [5,1,7,2,6,4,3,8]
1803121 [18,24,15,22,14,7,4,11,16,8,3,10,6,1,23,20,21,17,13,5,12,9,19,2]
2094831 [1,2,3,4,5,6,7,8]
2113901 [4,6,2,1,5,7,3]
2127351 [7,5,10,13,3,14,1,4,16,2,6,8,11,12,15,9]
476345 [15,7,12,2,10,16,14,6,3,11,8,1,9,13,4,17,5]
2259512 [8,1,4,11,2,6,7,5,16,3,9,13,15,12,10,14]
2259512 [3,5,2,7,1,4,6]
2259512 [1,4,7,6,5,3,2]
2259512 [1,14,15,6,9,16,10,12,4,5,7,8,2,13,3,17,11]
2281424 [35,9,48,49,25,3,33,11,19,8,21,53,39,43,34,1,38,15,51,6,14,50,44,24,29,40,22,13,2,20,28,12,10,37,4,45,23,47,18,32,30,26,27,42,31,36,41,7,5,46,17,52,16]
2281424 [1,5,2,4,3]
2281424 [8,9,11,4,1,6,2,7,3,13,12,14,5,10]
2490461 [1,2,3,4,5]
2490461 [1,2,3,4,5,6,7,8]
2490461 [1,2,3,4,5]
1255547 [11,1,21,9,8,6,23,22,10,5,15,14,3,7,17,4,18,16,19,12,13,20,2,24]
1255547 [12,13,14,7,9,2,4,11,10,8,3,5,1,6]
1331513 [1,4,6,5,7,3,2]
1336589 [8,7,3,2,12,11,10,5,6,4,1,9]
1336589 [1,3,5,2,7,8,4,6,9]
2094831 [1,2,3,4,5,6,7,8,9,10,11,12,13]
1735089 [13,5,12,7,15,16,6,2,14,11,1,3,9,10,8,4]
2140356 [7,3,5,4,11,8,9,12,14,16,17,10,1,2,15,6,13]
2140356 [6,4,1,2,7,5,3]
2140356 [1,4,3,2,6,5]
2289794 [2,5,1,3,4]
2289794 [5,3,4,2,1,6]
2289794 [1,3,7,14,5,16,17,8,18,10,11,13,15,2,9,12,6,4]
1734750 [14,12,8,11,7,10,9,13,1,5,6,3,4,2]
2149580 [1,4,3,6,2,5]
1696878 [3,11,8,1,12,6,7,2,5,4,10,9]
1696878 [2,1,3,5,4]
1696878 [17,6,1,10,11,5,13,18,3,4,8,2,14,7,15,16,12,19,9]
441426 [4,1,3,5,2]
2240491 [1,3,4,5,2]
2242311 [2,4,5,3,1,6]
2253077 [11,6,4,2,15,13,12,5,10,7,14,8,3,9,16,1]
2367633 [5,2,1,3,4,6]
2367633 [5,3,7,2,4,9,11,1,6,10,8]
2367633 [1,3,4,5,2,6]
2367633 [3,1,4,2,5]
2367633 [10,7,2,5,3,9,4,1,6,8]
2367633 [6,3,5,2,1,4]
2367633 [3,2,1,5,6,4]
808364 [3,5,4,6,1,2]
1686860 [28,62,5,43,26,14,34,40,44,24,52,33,21,30,19,31,48,3,37,39,8,9,17,38,1,32,59,4,53,12,61,35,25,51,11,47,60,16,7,46,29,49,2,42,10,23,41,13,45,27,54,18,58,57,56,15,22,55,6,20,36,50]
844776 [7,1,9,3,8,2,4,6,5]
844776 [28,25,23,16,20,7,24,31,9,2,6,14,12,13,1,8,21,19,10,4,32,18,5,15,26,30,29,22,11,27,3,17]
844776 [6,2,1,4,3,5]
844776 [3,1,2,4,6,5]
844776 [10,1,8,7,3,2,4,5,6,9,11]
844776 [5,4,6,1,3,2]
844776 [5,1,3,6,2,4]
844776 [3,9,2,5,4,6,7,8,1,10]
844776 [1,4,2,6,3,5]
844776 [10,2,25,16,8,1,12,23,22,9,19,18,7,14,6,17,20,13,21,4,24,11,5,3,15,26]
516251 [8,6,10,2,3,7,4,9,1,5]
1721133 [5,1,3,4,2,6]
1071493 [1,2,3,4,5,6,7,8,9,10,11,12,13,14,15,16,17,18,19,20,21,22,23,24,25,26,27,28,29,30,31,32]
1071493 [1,2,3,4,5,6,7,8,9,10,11,12,13,14,15]
1902894 [1,2,4,6,7,5,3]
2093437 [5,2,3,1,6,7,4]
2404032 [1,2,3,4,5,6]
2413234 [8,3,9,4,11,2,6,5,10,1,7]
1092441 [1,4,3,2,5,6]
1094259 [1,6,3,4,5,2]
1094259 [5,1,3,4,2]
1094259 [3,5,1,4,2]
1094259 [5,9,6,1,2,4,8,3,7]
1094259 [6,2,5,13,11,12,8,4,3,9,14,10,1,7]
1111675 [1,2,3,4,5,6,7,8,9,10]
1111675 [1,2,3,4,5,6,7,8]
1111675 [1,2,3,4,5,6,7]
1111675 [1,2,3,4,5,6]
1111675 [1,2,3,4,5]
1111675 [1,2,3,4,5,6,7,8,9]
1143249 [1,2,3,4,5,6,7,8,9,10,11,12,13,14]
902024 [19,34,4,8,7,16,30,65,32,35,72,27,13,61,21,9,64,50,46,20,17,51,2,6,22,37,45,69,49,15,67,66,31,11,63,71,12,41,48,43,58,57,36,39,28,14,55,54,33,1,10,24,56,23,29,44,53,40,70,60,73,68,42,47,26,59,25,38,18,52,5,62,3]
755981 [2,6,7,15,10,14,1,4,13,8,12,11,5,3,9]
1562408 [2,4,5,3,1]
1562408 [4,2,6,7,18,14,3,15,13,9,8,5,1,11,16,19,10,12,17]
1562408 [6,7,16,2,1,9,13,15,4,18,19,3,8,5,17,10,20,12,14,11]
1562408 [6,4,5,3,1,2]
1562408 [6,12,4,14,5,22,18,3,2,10,19,11,9,8,17,16,15,21,1,7,13,20]
1562408 [1,10,4,2,9,8,7,5,6,3]
1804806 [4,1,2,8,5,6,3,9,7]
1007544 [4,5,2,6,11,16,15,8,3,1,18,17,13,9,7,14,12,10]
1118426 [3,7,4,1,6,5,2,8]
1118426 [7,1,6,5,8,2,3,4]
1227910 [2,4,7,1,5,6,3]
1833688 [5,4,9,7,2,1,8,3,10,11,6]
1833688 [4,3,5,1,2]
2179532 [3,6,4,5,2,1,7]
2540950 [1,3,2,6,4,5]
2368664 [24,17,26,30,11,29,1,20,19,7,16,25,9,27,12,14,15,21,4,2,22,10,3,5,8,13,18,6,28,23]
2368665 [12,9,1,20,15,17,5,2,11,19,14,3,4,21,18,7,16,10,13,8,6]
2368665 [4,6,2,8,1,3,5,7,9]
1593535 [3,2,5,1,4]
1153721 [1,2,3,4,5,6]
1153721 [1,2,3,4,5,6,7,8,9,10,11]
1185642 [2,3,4,5,1]
1302220 [4,3,7,1,2,8,9,5,6]
1302220 [2,4,1,5,3,6]
1302220 [4,1,3,2,5,6,7,8]
1302220 [2,6,3,4,1,7,5]
2281424 [6,7,5,9,10,4,1,8,2,3]
2281424 [5,17,4,9,25,13,10,30,32,22,6,15,21,29,2,12,31,20,23,26,27,14,19,28,8,1,24,11,16,7,18,3]
2281424 [1,2,4,3,8,5,7,6]
2284135 [1,2,3,4,5,6]
1249770 [3,4,2,1,5]
1249770 [4,1,3,2,5]
1249770 [1,7,6,8,5,3,2,4]
2309232 [6,4,16,1,7,9,12,8,14,11,3,2,13,15,5,10]
2261768 [4,6,5,3,1,2]
784053 [1,6,3,2,5,4]
1500590 [15,12,14,11,8,1,9,10,3,7,16,6,2,5,13,17,4]
1764290 [1,2,3,4,5,6,7,8,9,10,11,12,13,14,15,16,17,18,19,20,21,22]
1764290 [1,2,3,4,5,6,7,8,9,10,11,12,13,14,15,16,17,18,19,20,21,22]
21271 [12,16,10,4,13,5,6,8,2,3,15,1,7,14,11,9]
1873148 [1,2,3,4,5,6,7,8]
2021126 [5,3,9,2,7,8,1,10,6,4,12,11]
712586 [1,2,3,4,5,6]
760446 [11,9,8,20,7,17,13,25,23,24,12,6,10,26,5,22,15,1,2,18,21,14,16,3,4,19]
839229 [1,2,3,4,5,6,7,8,9]
2093437 [5,1,3,4,7,6,8,2]
2098487 [20,9,28,16,37,32,22,6,34,24,12,11,4,21,31,19,27,13,29,10,1,26,2,5,3,23,18,35,7,17,38,25,15,14,33,36,39,8,30]
2098487 [5,8,11,7,4,10,1,3,6,2,9]
2098487 [3,4,5,1,2]
2138616 [1,2,3,4,5,6,7,8,9,10,11,12,13,14,15,16,17,18]
168638 [1,6,2,3,5,4]
182355 [4,2,6,8,3,5,1,9,7]
1218901 [8,3,1,4,6,5,2,7]
1467758 [1,2,3,4,5,6,7,8,9,10,11,12]
1467758 [1,2,3,4,5,6,7,8,9,10]
1467758 [1,2,3,4,5,6,7]
2224151 [5,2,3,4,1,6]
2224151 [15,16,1,18,12,14,5,3,17,8,2,9,13,10,7,11,6,4]
2224151 [2,7,5,4,8,3,1,6,9]
2224151 [4,1,7,2,3,6,8,5]
2311056 [8,4,6,2,5,7,1,3]
2311056 [7,2,4,3,5,6,1]
2311056 [4,2,6,7,1,3,5]
2311056 [2,5,4,3,6,7,1]
1657590 [6,8,2,7,10,4,5,1,9,3]
2246162 [2,4,5,3,1]
2246162 [16,20,10,6,3,23,12,14,7,2,9,24,8,19,4,15,17,11,21,13,22,1,18,5]
2259512 [32,39,15,41,17,7,35,2,16,3,23,12,25,31,10,13,36,34,24,4,22,29,9,30,8,37,20,19,40,18,38,1,6,33,27,28,11,14,21,5,26]
2259512 [9,4,6,2,7,11,5,3,1,10,8]
2456550 [7,2,3,4,6,8,5,1]
2456550 [9,4,8,1,3,2,6,5,7]
2456550 [24,10,16,5,3,13,29,1,30,2,19,14,26,28,20,7,21,9,23,22,11,8,15,6,17,27,18,25,4,12]
2456550 [18,7,17,16,3,15,8,11,13,9,10,5,19,1,6,2,14,4,21,12,20]
2246162 [5,3,4,2,6,9,1,7,8]
2246162 [3,6,2,4,7,5,1]
2246162 [23,12,1,8,28,9,20,22,2,4,18,24,11,16,27,6,5,17,26,14,15,10,21,13,3,7,19,25]
2284135 [1,2,3,4,5]
2284135 [1,2,3,4,5,6,7]
2284135 [1,2,3,4,5]
2284135 [1,2,3,4,5,6,7,8,9]
2284135 [1,2,3,4,5,6,7,8,9,10,11,12,13,14,15,16,17,18,19,20,21,22,23,24,25,26,27,28,29,30,31,32,33,34,35,36,37,38,39,40,41,42,43,44,45,46,47,48,49,50,51]
2288494 [3,2,5,4,9,6,7,1,8]
2288494 [8,6,5,7,11,4,9,3,12,2,10,1]
2291746 [1,2,3,4,5,6,7,8]
2291746 [1,2,3,4,5,6,7,8,9]
2300835 [4,1,2,5,3]
2414221 [3,7,1,4,5,2,6]
2414221 [5,6,2,3,7,1,4]
323277 [1,2,3,4,5,6,7,8,9,10,11,12]
323277 [1,2,3,4,5,6,7]
336595 [28,10,19,29,11,30,9,23,6,13,27,4,7,16,3,2,22,20,17,18,21,8,1,24,12,15,26,25,5,14]
1129282 [3,1,5,2,6,7,9,4,8]
1129282 [9,5,1,2,3,6,11,4,10,8,7]
1375689 [19,13,4,7,20,17,1,21,23,6,3,22,15,11,2,5,18,8,9,12,10,16,14]
1383987 [1,2,6,7,4,3,5]
1387981 [1,4,6,3,2,5]
1387981 [9,3,2,4,10,8,7,6,5,1]
1387981 [5,3,4,2,1,7,6]
1387981 [2,8,1,3,10,7,5,6,4,9]
1387981 [3,5,7,4,1,2,6]
1387981 [6,5,1,8,4,3,2,7]
1399717 [9,4,1,6,3,2,5,8,7]
1399717 [21,14,13,8,18,4,16,26,7,28,1,25,23,12,22,15,2,11,24,17,5,10,9,6,19,3,20,27]
1401252 [1,2,3,4,5]
1401252 [1,2,3,4,5,6,7]
1439546 [4,6,2,1,3,5]
2113901 [20,7,5,3,11,13,17,4,8,14,21,22,1,6,9,18,10,19,15,12,16,2]
24184 [6,4,7,5,1,10,8,2,9,11,3]
26594 [6,1,2,8,3,10,5,4,7,9]
2484251 [4,5,8,7,3,2,6,1]
2490461 [1,2,3,4,5,6,7,8]
1706553 [3,6,2,1,5,4]
1810529 [2,3,5,4,1]
2377698 [1,3,2,5,4]
2377698 [5,2,4,3,1]
2379844 [2,1,7,3,6,5,4]
2379844 [4,2,1,5,7,6,3]
2379844 [7,2,9,1,5,10,8,4,6,3]
2471663 [2,1,4,6,3,5]
2471663 [1,3,8,5,2,9,6,4,7]
2471663 [5,6,2,4,1,3]
2471663 [3,1,4,5,2]
2471663 [2,5,11,6,8,1,14,3,12,7,13,10,9,4]
2471663 [8,1,9,3,13,14,5,4,11,15,12,7,2,6,10]
2526874 [1,2,3,4,5,6]
2526874 [1,2,3,4,5,6,7,8]
2526874 [1,2,3,4,5,6,7,8,9,10]
2526874 [1,2,3,4,5,6,7,8,9,10,11,12]
2526874 [1,2,3,4,5,6,7,8,9,10,11,12,13,14,15,16]
2578206 [5,1,4,2,3]
2580963 [1,2,3,4,5,6]
2580963 [1,2,3,4,5]
234690 [1,2,3,4,5]
244843 [15,1,8,12,16,2,10,9,13,6,14,4,11,5,7,3]
244843 [8,6,2,5,11,1,9,10,3,7,4]
2197793 [3,2,1,5,6,4]
1103145 [1,2,3,4,5,6,7,8,9,10,11,12,13,14,15,16,17,18,19,20,21,22,23,24,25,26,27,28,29]
1103145 [1,2,3,4,5,6,7]
1105810 [2,6,11,15,7,3,14,13,12,5,1,9,4,8,10]
1111675 [1,2,3,4,5,6,7,8,9,10,11,12,13,14,15,16,17,18,19,20,21,22,23,24,25,26,27,28,29,30,31,32]
1562772 [13,10,12,4,9,7,3,2,1,5,8,6,11,14]
1562772 [14,8,1,9,12,7,3,6,4,15,13,10,17,16,11,5,2]
2003901 [5,1,4,3,2,6]
2003901 [2,4,3,1,8,5,6,7]
2003901 [2,18,15,22,17,36,28,4,33,16,1,24,34,32,11,21,31,3,9,10,19,5,20,23,35,7,13,6,30,27,25,29,14,12,8,26]
2015664 [3,1,4,5,6,2]
2015664 [5,14,12,7,16,4,15,11,2,13,1,9,8,3,10,6]
2015664 [3,4,1,8,7,9,5,2,6]
2019514 [5,3,10,1,4,2,9,8,6,7]
2019514 [1,8,6,2,5,3,4,7]
2027502 [5,2,9,16,19,3,7,14,15,4,11,17,12,6,13,8,10,18,1]
2027502 [4,1,8,9,7,10,2,6,5,3]
2027502 [7,4,8,9,5,2,1,3,6]
2027502 [2,4,3,1,5]
2027502 [2,1,3,6,4,5,7]
2027502 [9,8,2,3,1,6,7,4,5]
2028052 [3,2,4,1,5,6]
2215648 [8,6,5,3,7,2,4,1]
1447473 [16,4,7,15,5,9,14,10,8,1,13,6,11,2,12,3]
1495010 [1,2,3,4,5,6]
1495010 [1,2,3,4,5,6,7,8,9,10,11,12,13,14,15,16]
1495010 [1,2,3,4,5,6,7,8,9,10,11,12,13,14,15,16,17]
1514042 [12,11,24,13,17,1,28,25,10,23,4,3,6,7,16,20,15,21,27,9,26,19,2,18,8,5,14,22]
1514042 [17,1,6,16,29,22,18,4,19,11,5,28,12,3,25,8,21,15,9,27,13,7,2,14,10,24,26,20,23]
1514042 [7,1,8,4,2,5,6,3]
1514088 [7,3,4,1,9,6,8,5,2]
1531241 [48,40,12,5,18,46,35,45,2,1,8,3,34,43,53,50,7,32,19,30,21,22,51,54,15,52,38,10,39,31,28,4,55,6,26,13,44,42,20,17,41,33,47,25,14,11,16,23,24,9,49,29,37,36,27]
1531241 [7,34,8,17,31,15,30,19,3,12,14,9,16,33,4,27,28,24,29,2,22,32,23,18,6,10,35,25,1,11,20,36,26,13,21,5]
1531241 [2,7,3,5,10,6,4,8,1,9]
1531241 [1,27,21,4,18,5,20,14,19,2,15,26,10,8,25,24,9,6,23,17,28,29,13,30,3,7,22,16,12,11]
1568487 [1,2,3,4,5]
900378 [14,12,13,7,8,5,1,9,10,4,15,3,6,2,11]
1744238 [11,20,26,1,22,23,19,12,30,4,6,14,8,15,31,18,25,17,24,13,16,28,5,10,27,9,21,7,2,3,29]
1919508 [2,6,8,7,10,1,9,11,5,3,4,12]
1923897 [9,7,4,1,3,6,5,11,2,8,10]
1370739 [1,5,11,8,14,13,6,3,4,2,7,12,16,10,9,15]
1370739 [5,4,12,18,3,22,7,8,17,23,20,10,2,14,9,13,19,21,1,11,6,16,15,25,24]
1370739 [4,5,1,3,2]
1370739 [1,4,2,3,5]
1412107 [6,2,3,4,1,5]
1412107 [19,21,9,22,24,14,4,17,18,10,15,11,6,20,2,1,13,8,12,3,23,5,7,16]
1430901 [1,2,3,4,5,6,7,8,9,10,11,12,13]
1430901 [1,2,3,4,5,6,7,8,9,10,11,12,13,14,15,16,17,18]
1430901 [1,2,3,4,5,6,7,8,9,10,11,12,13,14,15,16]
1430901 [1,2,3,4,5,6,7,8,9,10]
1430901 [1,2,3,4,5,6,7,8,9,10,11,12]
1449688 [8,4,2,10,9,11,6,3,5,7,1]
1579040 [1,5,3,2,4,7,6]
1579040 [1,2,4,7,3,6,5,9,8]
1591833 [5,3,7,1,6,4,2]
1604401 [8,9,2,3,7,6,1,5,4]
1604401 [2,1,5,3,6,4]
1614920 [5,2,9,13,6,4,14,8,10,16,11,15,12,1,17,3,7]
1614920 [2,15,25,7,5,1,21,9,14,23,22,16,11,13,19,10,26,3,12,4,18,6,17,24,20,8]
1481473 [1,5,2,6,3,4]
1481473 [38,40,29,57,4,3,59,23,53,47,46,30,42,58,60,26,31,18,17,49,9,44,48,33,50,22,36,43,1,28,65,27,19,7,6,5,41,16,32,37,54,10,34,2,55,20,56,24,35,45,39,21,25,12,51,62,64,13,61,52,14,11,63,8,15]
1481473 [7,14,8,11,2,15,4,1,12,3,17,5,6,9,13,10,18,16]
1512064 [11,5,4,9,10,1,3,8,6,7,2]
1514088 [12,8,14,7,4,1,6,13,11,3,10,5,9,2]
1514088 [11,10,3,7,1,6,8,12,2,4,5,9,13]
1514088 [4,7,2,6,5,1,3]
1514088 [4,1,5,6,3,7,2]
1594652 [7,5,11,10,3,8,9,12,2,6,4,1]
1640761 [2,5,3,4,1]
1640761 [11,13,16,4,2,12,3,10,6,5,1,8,9,7,14,15]
1744285 [13,30,21,2,24,23,33,22,26,3,19,12,6,37,10,29,35,27,38,32,18,4,11,16,15,25,36,1,5,34,17,9,31,8,20,14,28,7]
85849 [8,9,4,7,6,3,2,11,5,1,10]
85849 [3,4,1,5,2]
171777 [24,21,23,25,13,15,27,16,1,19,18,17,5,4,26,14,8,20,22,3,6,10,7,11,2,9,12]
171777 [2,4,3,1,5]
171777 [8,5,7,1,4,6,2,3]
2440251 [1,2,3,4,5,6]
206251 [5,3,9,1,8,6,7,4,2]
213347 [4,6,7,9,11,3,10,2,12,5,1,8]
244843 [4,3,5,1,6,2]
251987 [3,8,2,6,9,5,4,7,1]
251987 [3,1,2,5,4]
251987 [4,1,7,3,6,2,5]
251987 [4,5,1,2,3]
251987 [4,1,3,5,2]
251987 [3,5,4,1,2]
251987 [2,4,5,1,3]
251987 [4,2,1,3,5]
274463 [5,6,3,4,1,2]
274463 [1,4,2,8,7,3,6,5]
289998 [4,2,6,5,8,7,1,3]
291051 [7,4,1,2,5,3,6]
1321771 [1,2,3,4,5,6,7,8]
1321771 [1,2,3,4,5,6,7]
46534 [11,44,6,19,20,40,13,22,2,3,23,45,41,35,24,31,43,27,5,8,34,12,10,7,37,14,15,9,26,46,1,33,28,21,42,17,4,18,39,36,38,32,29,30,16,25]
46534 [4,8,3,1,5,2,6,9,7]
46534 [38,29,37,33,32,12,11,34,13,7,36,25,21,4,2,27,20,35,3,6,1,17,10,28,18,5,31,23,8,9,19,22,24,15,26,16,30,14]
46534 [27,3,25,21,12,15,7,16,1,5,18,29,13,8,4,28,22,6,10,20,19,31,24,9,11,2,26,14,17,30,23]
46534 [18,16,21,9,29,28,23,17,7,20,27,14,22,4,2,8,12,19,5,25,3,10,11,26,24,30,1,13,6,15]
46534 [2,7,8,6,10,14,11,9,5,12,4,13,1,3]
22779 [7,4,6,1,2,5,3]
22895 [4,3,2,5,1]
333499 [1,2,3,4,5,6,7,8,9,10,11,12,13]
1035262 [11,4,14,5,12,13,1,15,6,2,3,9,10,8,7]
1056779 [1,2,3,4,5,6,7]
1074895 [3,16,5,23,2,21,1,18,15,20,7,6,13,27,11,14,17,8,26,22,28,12,9,24,29,19,4,10,25]
1923897 [12,8,7,2,6,1,9,5,10,3,13,4,11]
2242701 [2,7,4,5,1,3,6]
2448496 [6,4,2,1,3,5]
2448496 [4,3,5,2,1]
2448496 [4,22,5,7,3,2,8,1,15,11,16,17,13,23,21,18,14,9,20,19,24,12,10,6]
2524240 [3,1,2,5,4]
2583477 [4,12,6,10,1,3,11,5,2,9,8,7]
615468 [13,2,5,15,3,7,1,4,11,6,9,12,8,14,10]
615468 [6,17,9,16,2,7,14,1,15,8,3,5,13,12,10,11,4]
615468 [6,8,1,9,7,4,2,3,5]
615468 [2,3,5,1,4]
621402 [4,2,1,5,7,8,6,3]
621402 [24,4,14,17,9,1,21,15,6,22,23,12,13,19,5,7,18,20,16,8,3,25,11,10,2]
621402 [10,8,2,3,14,7,1,11,9,4,6,13,12,5]
636116 [4,3,8,7,6,10,2,5,9,1]
636116 [8,4,3,2,1,5,10,6,9,7]
962493 [19,22,17,12,33,26,20,29,2,31,13,25,5,21,24,30,3,7,32,16,15,6,23,1,18,9,27,28,14,4,11,10,8]
1762623 [2,5,3,4,1]
2027502 [1,3,2,7,8,6,5,17,15,9,11,4,16,14,12,13,10]
2027502 [4,3,7,6,1,10,9,5,2,8]
2027502 [6,5,2,4,9,3,11,8,10,1,7]
2027502 [3,9,5,8,4,2,7,1,6,10]
2027502 [18,7,13,3,19,9,6,2,5,11,10,15,1,14,12,17,16,4,8]
2041007 [6,4,8,1,3,7,2,5,9]
2510364 [1,2,3,4,5,6]
2510364 [1,2,3,4,5]
2510364 [1,2,3,4,5,6,7,8,9,10,11,12,13,14,15,16,17,18,19,20,21,22,23,24,25,26,27,28,29]
1531241 [12,7,1,14,35,11,5,4,16,28,27,26,23,17,19,18,21,10,8,24,31,32,34,22,36,6,33,2,25,9,3,29,13,20,30,15]
1542939 [6,5,9,3,11,8,2,10,1,12,4,7]
1542939 [1,5,3,4,2]
1567444 [2,62,28,1,38,55,52,10,47,56,50,40,20,5,41,27,3,12,32,22,37,8,31,19,45,60,7,26,29,39,23,44,21,6,11,33,53,43,48,14,46,57,36,18,25,61,17,16,51,13,15,24,54,49,58,4,59,35,30,9,42,34]
1647768 [5,10,3,9,7,4,1,6,8,11,2]
1105810 [7,10,9,13,8,3,4,6,2,5,12,1,11]
1105810 [6,5,4,1,7,3,2]
1106100 [18,16,2,13,12,1,7,10,4,6,17,15,8,14,11,3,5,9]
1106100 [6,1,4,2,5,3]
1106100 [2,11,4,10,5,7,1,9,6,3,8]
1106100 [5,1,4,3,2]
1111675 [1,2,3,4,5,6,7,8,9,10,11,12,13,14,15,16,17]
1111675 [1,2,3,4,5,6,7,8,9]
1111675 [1,2,3,4,5]
1111675 [1,2,3,4,5]
1118206 [4,3,7,5,6,8,1,2]
1123412 [2,6,3,4,5,1]
1157136 [2,1,3,5,4]
1157827 [5,3,6,1,2,8,4,7]
1169267 [30,22,18,25,35,4,20,27,19,1,26,2,13,5,17,12,15,40,32,29,8,6,11,3,10,9,39,21,33,14,36,38,28,16,37,31,24,34,23,7]
1221502 [3,1,6,2,7,8,4,5]
1248757 [4,1,3,5,2]
1248757 [20,19,13,1,21,3,6,27,4,11,17,25,14,15,7,12,28,10,22,18,23,26,2,9,16,5,24,29,8]
1248757 [2,5,1,3,4]
420668 [1,2,4,3,5]
710166 [1,2,3,4,5,6,7]
710166 [1,2,3,4,5,6,7,8,9,10,11,12,13]
2306736 [9,12,8,6,1,7,2,11,5,4,3,10]
1918553 [1,2,3,4,5]
1948814 [4,3,5,1,2,6]
1952887 [23,20,18,1,24,10,21,12,3,5,11,13,14,8,6,15,4,9,7,19,17,16,22,2]
1974470 [6,3,1,4,5,2,7,8]
1974470 [6,3,12,2,11,1,7,5,9,13,8,10,4]
1974470 [7,6,8,5,1,2,4,3]
1974470 [8,4,3,10,5,1,9,7,6,2]
1974470 [4,1,6,3,5,2,7]
2003901 [5,4,3,2,6,1]
251987 [1,5,4,3,6,2]
264359 [12,6,3,5,4,2,9,8,11,1,10,7]
264359 [7,1,8,5,3,4,9,2,6]
264359 [2,5,4,3,7,6,1]
285619 [11,20,7,13,19,2,1,4,10,12,14,18,3,8,5,17,16,6,9,15]
285619 [17,6,13,14,3,9,19,11,4,8,12,7,1,15,16,5,18,2,10]
303960 [2,4,3,1,5]
321436 [1,2,3,4,5,6,7]
321436 [1,2,3,4,5,6]
321436 [1,2,3,4,5,6,7,8,9,10,11,12,13,14,15]
321436 [1,2,3,4,5,6,7,8,9]
412478 [2,5,6,1,8,3,7,4]
412478 [3,7,4,9,2,6,1,5,8,10,11]
416399 [3,1,7,2,6,8,5,4]
1886898 [5,7,8,6,9,1,4,3,2]
2566955 [3,2,7,5,10,1,4,9,11,6,12,8]
2566955 [3,2,4,1,5]
839118 [7,2,3,6,5,1,8,4]
840342 [2,5,3,4,1]
852601 [7,3,9,5,2,1,6,4,8]
852601 [5,3,6,1,8,9,2,4,7]
1879949 [2,6,4,5,7,8,1,3,9]
1887792 [5,1,2,7,4,3,6]
1901483 [2,10,9,3,1,8,4,5,6,11,7,12]
1901483 [13,26,10,11,23,3,21,5,14,6,1,29,33,17,12,7,18,8,31,16,2,9,28,24,19,20,15,27,25,22,30,4,32]
1901483 [3,6,5,4,2,1]
1901483 [2,4,5,3,1]
1901483 [7,1,2,3,5,4,10,11,9,6,8]
2318116 [5,7,3,1,9,8,2,4,6]
2390691 [54,52,61,53,65,43,44,32,26,33,7,9,17,14,15,42,30,37,36,41,24,35,16,31,60,40,19,48,29,46,62,57,58,8,18,22,21,5,25,20,13,45,59,27,49,10,28,4,51,64,38,2,50,12,56,23,11,63,6,34,3,55,39,47,1]
2413234 [43,18,25,11,23,7,13,37,46,9,42,22,41,17,35,1,15,10,5,45,16,2,26,34,28,38,32,40,30,3,21,8,36,4,27,29,19,24,20,44,12,33,39,14,31,6]
2414972 [21,6,10,8,3,15,4,2,11,16,17,13,12,5,18,19,7,1,20,9,14]
25809 [3,2,9,1,5,10,6,7,4,8,11]
1048048 [1,2,3,4,5,6,7,8,9,10,11,12,13,14,15,16,17]
1748436 [16,17,4,15,13,2,14,1,8,10,6,3,12,11,9,5,7,18]
891255 [2,1,3,5,4]
891255 [3,5,4,6,2,1]
944122 [10,5,13,12,17,4,19,7,18,1,11,20,9,3,2,21,16,6,14,8,15]
986406 [5,1,2,3,4]
986406 [2,1,5,4,3]
1029687 [2,4,1,3,7,8,6,5]
1104073 [4,1,11,6,10,5,3,2,7,9,8]
1104073 [2,4,3,5,1]
1104073 [8,2,4,6,7,9,5,3,1,10]
1104073 [9,1,4,3,6,5,2,10,7,8,11,12]
1105810 [22,48,36,10,42,20,23,43,28,2,14,33,24,34,46,9,5,6,40,32,37,35,47,11,15,12,19,39,13,25,44,38,31,29,30,8,1,7,45,16,18,3,27,17,4,21,41,26]
1105810 [2,1,14,20,3,12,11,24,23,18,19,4,21,5,6,17,15,10,22,8,13,16,9,7]
1105810 [55,36,47,21,65,43,34,5,53,57,56,41,24,63,38,37,35,39,2,54,7,26,51,25,11,30,31,61,19,1,64,28,10,6,48,4,20,32,17,27,15,16,60,22,40,44,23,52,3,59,46,9,8,29,66,62,67,42,13,45,12,49,58,33,14,68,50,18]
1848398 [1,2,3,4,5,6,7,8,9,10,11,12,13,14,15,16,17,18,19,20,21,22,23,24,25,26,27,28,29,30]
1874962 [4,3,1,2,5]
1874962 [5,7,2,4,10,9,6,8,3,1,11,12]
1888687 [1,2,3,4,5,6]
1888687 [1,2,3,4,5,6]
1888687 [1,2,3,4,5,6,7,8,9,10,11,12,13,14,15,16,17,18,19,20,21,22,23,24,25,26,27,28,29,30,31,32]
1888687 [1,2,3,4,5]
1888687 [1,2,3,4,5]
1888687 [1,2,3,4,5,6,7,8,9,10,11,12,13,14,15,16,17]
2097149 [2,1,3,4,5,6]
2097149 [10,8,4,9,7,12,3,2,15,14,1,5,6,13,11]
2097149 [14,4,5,2,12,9,17,3,19,13,10,7,15,8,6,16,11,1,18]
2126801 [1,2,3,4,5,6,7]
2129565 [3,17,9,14,4,8,5,13,10,15,2,11,6,7,1,12,16]
1919508 [5,15,30,35,29,12,58,49,17,32,24,57,9,68,38,14,47,26,33,66,60,64,4,55,31,62,40,42,67,20,63,46,28,23,69,25,70,52,6,27,65,2,11,8,48,37,54,21,61,51,53,44,3,71,13,18,16,34,43,19,10,36,50,22,45,41,1,39,56,59,7]
2140356 [4,5,6,3,7,2,9,1,8]
2140356 [20,6,7,29,5,13,17,24,3,16,23,28,22,18,21,30,1,25,12,2,14,10,19,26,11,8,27,15,9,4]
2140356 [5,1,7,2,6,4,8,3]
2140356 [13,9,4,15,18,10,2,1,7,14,3,16,19,5,6,11,17,8,12]
2140356 [7,1,10,12,14,15,6,13,4,2,16,3,8,5,9,11]
2140356 [7,4,12,6,8,5,2,9,3,1,10,11]
2140356 [6,18,5,12,11,9,21,8,14,1,23,2,7,15,16,19,3,13,17,20,10,22,4]
2140356 [1,2,3,4,5]
2140356 [1,5,6,4,7,3,2]
1520051 [1,2,3,4,5]
1520051 [1,2,3,4,5,6,7,8,9,10,11,12,13,14,15]
2292659 [9,16,14,15,8,13,10,6,12,1,11,7,2,3,4,5]
2185613 [2,1,4,3,5]
2185613 [3,6,5,7,1,2,4]
2185613 [3,4,6,2,1,5]
2185613 [9,3,7,4,6,2,8,1,5]
2221814 [5,11,2,9,8,4,7,1,6,12,10,3]
2221814 [2,4,3,5,1]
2221814 [4,5,3,2,1]
2221814 [5,2,1,3,4]
1841877 [4,5,1,6,3,2]
1841877 [2,3,4,1,5]
1858367 [6,3,5,4,1,2]
1858367 [6,4,5,3,15,12,1,8,14,16,9,2,7,13,10,11]
1858367 [5,2,6,1,3,4,7]
1886804 [10,7,13,9,12,14,8,3,4,11,5,15,1,6,2]
1886804 [3,6,5,2,1,4]
1887306 [5,4,1,2,3]
1887306 [15,5,17,10,16,7,6,13,8,1,2,11,4,9,14,3,12,18]
1887306 [7,4,6,1,5,2,3]
1887306 [19,8,18,11,10,15,1,9,12,6,14,3,5,13,16,7,20,17,2,4]
1924396 [1,2,3,4,5,6,7,8,9,10,11,12,13,14,15]
1965353 [2,6,7,3,4,1,5]
2413234 [4,6,3,2,5,1]
2413234 [5,11,3,15,18,7,6,13,14,4,10,17,8,2,9,16,12,1]
2413234 [1,2,3,5,4]
407553 [2,17,4,1,15,8,5,6,11,9,16,13,10,14,7,12,18,3]
463733 [2,1,4,5,3]
469309 [8,4,7,5,9,6,1,3,2]
2436049 [4,2,5,6,3,7,1]
2452178 [1,2,3,4,5,6,7,8,9,10,11,12,13,14]
2452178 [1,2,3,4,5]
2452178 [1,2,3,4,5,6,7,8,9]
2452178 [1,2,3,4,5,6,7,8,9,10,11,12,13,14,15,16,17,18,19,20,21,22,23,24,25,26,27,28,29,30,31,32,33,34,35,36,37,38,39,40,41,42,43,44,45,46,47,48]
2468575 [14,7,2,1,5,3,6,11,10,8,4,12,9,13]
2471516 [1,4,2,5,3]
2528780 [3,7,5,1,4,2,6]
1701108 [2,3,5,6,4,1]
1734750 [4,2,5,1,3]
1734750 [4,1,6,2,8,9,5,3,7]
1734750 [7,4,1,5,2,3,6]
893182 [4,5,1,3,2]
893182 [7,9,6,8,2,1,4,5,10,3]
934064 [6,4,2,7,3,8,9,5,1]
965694 [1,2,3,4,5,6,7,8]
965694 [1,2,3,4,5]
965694 [1,2,3,4,5,6]
965694 [1,2,3,4,5,6]
965694 [1,2,3,4,5,6,7,8,9,10,11,12,13,14]
965694 [1,2,3,4,5,6,7,8,9,10,11,12,13,14,15]
965694 [1,2,3,4,5]
1012145 [1,2,3,4,5,6,7,8,9,10]
1012145 [1,2,3,4,5,6,7,8]
1021080 [9,10,4,1,5,2,6,7,3,8]
1021080 [2,6,1,5,4,3]
1021080 [9,3,8,6,4,2,1,5,7]
1021080 [8,11,10,6,7,9,3,12,4,2,5,13,1]
1023832 [6,4,2,9,11,10,1,5,3,8,7]
1071493 [1,2,3,4,5,6,7,8]
1071493 [1,2,3,4,5,6]
1190072 [3,1,5,2,4]
1190935 [2,5,1,4,7,6,3]
1196692 [5,8,2,6,7,3,1,4,9]
1196692 [3,1,6,8,4,7,5,2]
1196692 [2,6,3,4,5,7,1]
1255547 [14,2,10,12,6,11,4,8,1,13,7,9,3,5]
1255547 [3,2,4,1,5,6]
1368005 [2,8,1,13,12,5,9,10,3,7,6,4,11]
1664967 [4,3,5,2,1]
1571355 [9,7,5,1,3,2,6,4,8]
1571355 [4,2,1,3,5,6]
1571355 [7,1,5,2,4,3,6]
1571355 [3,6,4,2,5,1]
1571355 [3,9,5,6,8,2,4,7,1,10,11]
1571401 [3,1,4,5,2]
1571401 [4,1,2,5,3]
1585102 [8,11,18,2,12,17,10,19,5,9,16,7,13,1,14,6,15,21,3,20,4]
1595250 [10,13,6,1,4,11,5,15,18,12,3,16,7,17,2,8,9,14]
1639620 [4,3,5,2,1]
1754583 [9,11,12,7,10,4,14,6,13,5,16,8,2,1,3,15]
1778414 [2,3,4,1,5]
1778414 [1,2,5,4,3]
1803121 [3,1,4,5,2,6]
581272 [1,2,3,4,5,6,7,8,9]
581272 [1,2,3,4,5,6]
591798 [6,8,14,13,20,19,7,16,11,2,3,10,18,15,12,4,17,23,21,9,5,1,22]
591798 [13,14,6,12,9,11,5,10,8,3,7,15,4,2,1]
591798 [4,7,13,15,10,3,2,12,9,8,6,11,1,5,14,16,17]
591798 [4,12,7,1,3,11,2,5,6,10,8,9]
616502 [6,2,9,3,7,11,4,12,1,10,8,13,5,15,14]
616502 [1,2,3,5,4]
645703 [3,1,2,5,4]
645703 [3,10,4,9,1,7,6,2,8,5]
685921 [4,1,3,2,5]
695088 [5,7,4,3,6,1,2]
790962 [7,5,3,11,8,2,10,6,1,4,9]
2468575 [4,5,2,6,1,3,7]
2468575 [1,6,3,2,5,4]
2468575 [1,7,3,2,5,4,6]
1014041 [1,2,3,4,5]
1014041 [1,2,3,4,5,6,7]
1572740 [3,2,1,4,5]
1572740 [2,4,3,5,1]
1572740 [1,5,2,3,4]
1572740 [3,2,5,6,1,4]
1020886 [7,3,8,4,6,2,1,5]
793625 [1,2,3,4,5,6,7]
802605 [3,6,1,5,4,2]
802605 [3,5,6,8,4,2,1,7]
802605 [2,5,3,6,4,1]
835074 [40,41,5,17,35,42,6,34,37,22,16,12,14,39,23,11,25,4,20,38,29,15,10,43,26,8,44,36,32,27,48,47,3,28,1,21,13,7,45,46,2,33,24,19,30,18,31,9]
847416 [3,15,17,5,6,4,10,14,16,2,11,13,9,12,1,18,7,19,8]
847416 [11,9,4,8,10,6,3,2,1,5,7]
847729 [8,1,2,7,5,4,6,3,9]
160892 [7,3,4,5,6,1,2]
168638 [2,3,1,6,4,5]
245835 [5,3,6,2,4,1]
309336 [2,1,4,3,5]
309336 [6,2,5,4,11,7,10,1,14,8,13,9,3,12]
336595 [3,2,5,1,4]
336595 [6,13,14,10,1,15,7,16,17,3,11,9,5,2,4,19,18,8,12]
337540 [6,17,7,15,5,2,9,21,13,20,11,12,8,18,16,1,10,14,4,3,19]
364113 [14,8,12,6,9,2,11,10,4,1,7,5,3,13]
364113 [3,4,5,2,1]
364113 [2,6,15,12,7,13,8,9,1,4,5,11,10,14,3]
374121 [2,5,4,1,3]
374121 [3,15,16,24,4,7,13,5,21,11,23,22,6,9,20,17,14,2,8,12,1,10,19,18]
621402 [1,12,11,8,5,17,2,4,10,14,3,15,7,13,6,9,16]
621402 [15,22,1,8,6,11,2,7,18,19,9,13,4,20,17,10,21,3,5,12,14,16]
661583 [5,1,6,4,12,7,9,8,10,2,3,11]
661583 [2,1,5,4,3]
661583 [5,4,10,7,1,8,6,3,2,9]
661583 [1,4,3,5,6,2]
661966 [5,2,3,4,1]
661966 [1,3,4,7,5,2,6]
661966 [6,4,1,2,7,3,8,5]
661966 [6,3,4,1,2,5]
665079 [34,3,20,6,38,2,21,16,24,32,13,30,8,33,12,14,36,26,37,17,10,4,31,11,23,15,19,5,9,18,1,29,7,28,39,22,25,27,35,40]
665079 [1,2,8,3,6,7,5,4]
665079 [9,3,7,1,15,10,5,6,2,8,14,16,12,11,13,4]
665079 [32,46,10,5,50,34,26,47,51,29,16,21,18,36,40,58,38,30,28,54,7,4,49,20,6,52,55,61,19,24,41,45,2,56,13,12,37,3,8,35,53,14,44,57,25,33,48,42,11,60,43,39,59,22,27,17,1,9,23,15,31]
667805 [9,7,10,4,13,8,11,3,14,1,5,15,6,12,2]
667805 [15,24,37,16,26,32,17,20,5,18,14,9,22,7,19,21,12,27,35,31,6,36,3,23,34,1,38,8,4,11,2,13,29,33,30,10,28,25]
667805 [9,11,1,3,7,5,6,4,2,10,8]
667805 [11,8,5,1,2,3,9,6,12,10,7,13,4]
711028 [4,5,2,3,1,6]
715376 [2,3,5,1,4]
716137 [1,2,3,4,5,6]
716137 [1,2,3,4,5,6,7,8,9]
717676 [1,2,3,4,5,6,7]
717676 [1,2,3,4,5]
717676 [1,2,3,4,5]
750497 [2,4,5,3,1,6,7]
768249 [7,8,2,1,4,10,5,9,6,11,3]
768249 [25,30,9,10,26,22,14,18,3,6,5,4,29,35,20,1,16,27,34,33,32,13,12,28,8,19,21,23,15,37,7,2,17,36,11,24,31]
768249 [3,4,2,1,6,5]
768249 [17,8,12,4,5,10,9,15,1,14,3,19,11,6,18,13,2,7,16]
971837 [1,6,5,10,7,8,11,2,12,9,13,14,3,4]
971837 [12,11,9,5,4,10,3,8,6,7,2,1]
2452178 [1,2,3,4,5,6,7,8,9,10,11,12,13,14,15,16,17,18,19,20,21,22,23,24,25,26,27,28,29,30,31,32,33,34,35]
1810529 [5,4,1,3,7,6,2]
450577 [5,3,9,7,1,2,4,8,6]
463733 [11,9,21,2,16,10,4,17,14,12,18,7,13,15,6,1,5,20,19,8,3,22]
521886 [10,46,36,38,22,24,7,5,30,16,41,31,14,4,33,27,12,19,15,2,3,17,32,8,25,40,26,42,47,1,29,37,43,11,9,20,35,44,48,21,28,51,39,45,13,18,34,50,49,23,6]
631807 [1,5,6,4,3,2]
808364 [15,1,5,6,11,12,13,4,8,2,10,3,7,9,14]
859415 [14,17,12,16,2,1,3,9,11,13,4,6,15,5,7,10,8]
2240491 [13,4,11,12,9,14,5,6,2,10,1,3,7,8]
2242311 [3,9,13,4,5,12,14,10,16,2,18,15,11,7,8,1,19,17,6,20]
2242311 [10,9,5,11,3,12,6,13,4,7,2,1,8]
1907146 [5,3,7,1,20,10,18,8,17,9,14,4,19,13,21,2,22,12,16,15,11,6]
1978399 [3,1,5,4,2]
1984028 [4,1,3,2,5]
2548347 [11,9,4,8,12,3,14,10,5,6,7,13,2,1]
2548347 [4,7,8,2,6,3,5,1,9]
2548347 [5,4,1,3,6,8,7,2,9]
2561387 [9,7,5,2,3,8,4,10,6,13,12,1,11]
182074 [12,10,22,25,29,4,15,21,2,24,9,8,18,14,20,23,19,3,27,28,1,17,5,6,11,7,16,26,13]
631807 [12,7,5,2,4,8,6,3,1,10,9,11]
755981 [17,11,2,21,3,19,5,24,18,16,15,9,12,4,20,23,7,6,13,10,8,22,14,1]
1129282 [6,5,4,2,9,7,3,1,8]
1255547 [1,4,3,2,5]
1255547 [3,1,2,4,5]
1331513 [5,2,3,1,4]
1331513 [2,7,3,1,4,9,8,6,5]
1542756 [6,3,5,10,11,1,7,2,12,9,13,8,4]
1542756 [5,3,6,2,7,9,8,1,4]
1542756 [4,1,3,5,2]
2169267 [3,2,4,6,1,5]
2169267 [7,2,4,3,5,6,8,1,10,9]
2580963 [1,2,3,4,5,6,7,8,9,10,11]
2580963 [1,2,3,4,5,6,7]
2199061 [7,1,2,3,5,6,4]
2199061 [1,5,2,4,3,7,6,9,8]
2215648 [13,6,10,8,7,3,4,9,1,12,14,5,15,16,2,11]
2215648 [13,12,15,8,3,11,18,19,6,10,16,17,4,14,9,2,7,5,1]
2236439 [38,45,13,12,17,31,1,50,11,23,9,8,7,49,16,15,5,24,47,25,43,10,29,27,18,3,33,26,2,21,37,4,14,42,6,19,22,48,41,20,35,34,39,28,30,36,46,44,32,40]
2236439 [5,3,4,1,2]
2242701 [10,6,8,4,1,11,12,7,3,5,2,9]
2242701 [5,3,6,8,1,10,7,2,9,4]
2246162 [5,11,10,3,4,1,8,6,7,2,9]
2272218 [1,2,3,4,5,6,7,8,9]
2272218 [1,2,3,4,5,6,7,8]
2282798 [5,2,1,6,4,3]
2289794 [4,6,8,2,3,1,5,7]
2292659 [13,1,2,10,15,5,16,8,22,11,17,19,20,14,6,12,18,21,7,4,3,9]
2354308 [2,3,5,4,6,1]
2370275 [3,5,1,2,4]
2370275 [6,7,5,3,8,1,2,4]
2370275 [58,56,61,30,28,45,42,20,33,16,75,17,55,52,63,37,59,47,38,62,15,8,70,71,40,23,49,29,46,64,11,48,7,9,65,5,67,25,35,54,12,44,32,21,57,24,14,53,39,72,34,51,3,4,69,26,74,2,1,6,18,10,36,66,22,73,76,60,43,41,68,27,19,50,13,31]
2370657 [8,10,14,3,4,16,1,9,6,11,2,5,15,7,13,12]
1886972 [1,3,6,13,5,8,4,11,2,7,9,10,12]
1907146 [2,1,6,8,7,4,10,11,5,3,9]
1907146 [14,12,6,4,5,2,11,10,8,1,3,9,7,13]
1984028 [5,6,4,1,3,2]
1984028 [3,7,1,2,5,6,4]
2583035 [3,5,2,4,1]
1090366 [9,22,13,8,18,15,1,4,20,17,10,16,11,3,19,5,2,12,7,14,21,6]
1090366 [2,16,18,15,21,3,13,11,22,20,9,8,6,19,4,14,5,1,7,10,17,12]
1103145 [1,2,3,4,5,6,7]
2027502 [7,5,4,3,2,1,6]
1118301 [1,4,2,5,3]
1744238 [2,3,4,5,6,1,7]
1744238 [53,52,23,3,12,54,35,45,48,2,13,10,37,39,32,49,33,56,19,28,20,5,47,51,15,25,16,6,1,41,43,55,44,7,24,34,30,11,46,50,40,8,31,18,21,4,42,9,27,29,17,14,36,22,26,38,57]
2215648 [5,1,3,2,4,8,9,7,6]
2215648 [1,4,3,5,2]
2215648 [3,4,6,1,5,2]
2215648 [3,7,1,6,2,4,5]
2215648 [1,4,6,2,3,5]
2215648 [3,2,6,4,5,1]
2219455 [3,2,1,5,4]
2236439 [1,2,3,4,5]
2236439 [9,13,15,1,14,18,17,4,11,6,12,3,16,5,19,2,10,20,8,7]
2236439 [3,4,5,2,1]
2236439 [13,4,7,1,11,14,5,16,12,15,6,9,8,10,2,3]
2261768 [7,2,9,8,4,3,5,6,1]
2284135 [1,2,3,4,5]
2284135 [1,2,3,4,5,6,7]
2326529 [2,3,4,8,1,9,5,7,6]
2359139 [1,2,3,4,5,6,7,8,9,10,11]
2359139 [1,2,3,4,5,6,7,8,9]
2367633 [1,2,4,3,5]
2367633 [4,5,2,1,6,3]
2367633 [4,5,2,1,3,6,7]
2367633 [1,6,5,8,2,7,4,3]
2367633 [7,9,5,2,4,6,8,3,1]
2367633 [6,4,1,2,7,5,3]
2370657 [4,5,1,3,2,6]
2370657 [26,13,22,3,5,16,11,10,6,25,23,12,15,2,4,14,20,19,8,21,24,27,7,1,9,18,17]
2370657 [7,4,5,1,10,3,11,6,8,9,2]
2370657 [15,4,13,3,1,9,8,14,10,2,17,6,12,7,11,16,5]
2370657 [19,3,9,12,10,2,17,11,4,18,8,5,13,15,16,14,6,7,1]
2370657 [2,19,18,11,7,15,4,10,14,1,9,8,3,16,5,6,13,12,17]
2370657 [11,13,14,2,3,5,7,6,15,4,10,12,1,8,9]
2370657 [4,1,8,9,5,3,2,7,6]
2370657 [10,20,4,14,9,2,13,18,11,7,17,19,23,16,3,21,6,22,5,8,12,15,1]
2370657 [9,7,15,8,18,16,19,2,14,4,13,17,1,3,5,6,11,10,12]
2370657 [11,4,1,2,3,6,8,9,14,5,7,12,17,16,13,10,15]
2370657 [15,18,1,4,5,2,16,7,11,19,8,3,9,17,10,14,12,6,13]
2370657 [14,2,10,15,4,22,11,8,17,3,7,5,1,6,21,13,16,12,18,9,23,19,20]
2370657 [2,14,8,15,13,11,20,9,4,3,19,16,6,12,1,10,17,18,7,5]
2370657 [1,18,6,19,17,5,15,2,16,4,10,11,13,12,7,3,14,9,8]
2370657 [6,1,8,12,9,5,7,3,13,4,11,2,10]
2395985 [3,5,1,6,8,7,2,4]
2415367 [1,12,7,2,10,4,8,11,9,3,13,5,6]
2415367 [8,4,10,7,17,22,25,3,13,5,26,20,21,14,9,18,15,19,24,6,11,12,16,2,23,1]
212914 [1,2,3,4,5,6,7,8,9,10]
248790 [6,8,10,2,1,3,4,9,7,5,11]
248790 [6,2,1,5,4,3]
248790 [6,1,4,2,5,3,7]
1594652 [3,5,11,2,10,9,4,13,1,7,6,12,8]
1594652 [11,4,2,6,8,5,10,3,9,1,7]
1594652 [12,22,10,7,8,11,17,4,23,21,18,16,9,13,3,5,1,19,6,20,2,14,15]
1886898 [2,6,4,5,1,3]
1886898 [11,5,4,10,9,1,6,2,3,7,8]
1907146 [5,3,7,10,1,6,11,2,12,9,4,8]
1907146 [43,40,6,35,24,14,25,21,22,28,42,9,2,27,15,29,19,39,30,34,18,32,10,1,41,36,3,20,44,13,23,8,26,37,17,38,33,11,16,4,31,5,12,7]
1907146 [2,1,5,4,3]
1912304 [5,1,2,3,4]
1912304 [3,2,4,1,5]
2023960 [3,4,2,1,5]
2023960 [10,3,7,6,12,11,9,5,1,8,2,4]
1961735 [19,18,2,6,11,4,20,7,8,12,10,14,13,16,15,22,3,17,1,9,21,5]
1961735 [8,6,7,5,3,4,2,1]
1965353 [4,7,5,6,3,1,2,9,8]
1965353 [8,1,14,6,12,15,11,7,13,16,5,10,2,9,3,4]
1965353 [1,2,5,4,3]
1972165 [3,4,1,5,2]
2003901 [1,2,4,6,3,5]
2027502 [1,13,2,4,6,3,8,9,10,11,7,12,5]
1562766 [25,40,44,37,10,22,2,8,57,19,21,59,45,63,24,41,30,65,1,26,61,50,47,32,54,36,27,64,58,42,38,66,13,46,70,31,17,35,18,48,6,62,49,28,14,7,4,15,20,52,39,34,29,72,60,3,11,51,55,23,16,69,68,33,53,71,73,5,9,12,43,56,67]
1567444 [5,3,2,1,4]
1567444 [11,21,10,4,15,14,5,6,1,23,3,7,2,22,16,13,19,12,17,18,20,8,9]
1578371 [5,1,4,2,6,3]
1578371 [3,4,1,5,2]
1578371 [5,4,13,9,2,3,10,6,12,11,1,7,8,15,14]
1578371 [7,4,2,3,1,6,5]
1699521 [3,2,4,5,1]
1721133 [21,18,5,10,17,15,26,22,8,16,2,1,4,27,23,25,11,6,7,24,13,20,3,12,9,19,14]
1732429 [4,3,1,6,5,2]
1732429 [8,4,6,9,2,3,7,1,5]
1732429 [2,3,5,4,1]
1331272 [13,8,5,9,10,22,12,14,11,3,24,19,15,6,2,4,21,17,7,16,18,23,1,20]
1331272 [3,8,2,9,5,10,7,6,4,11,1]
1331272 [5,7,8,3,1,4,6,2]
1331272 [5,2,6,3,1,4]
1331272 [6,2,5,9,4,3,11,8,7,10,1,12]
1500590 [6,8,4,7,3,1,2,5]
1661858 [3,1,4,5,7,2,6]
1661858 [1,2,5,20,11,9,26,24,18,27,4,31,23,14,10,3,15,17,25,28,19,7,29,8,22,16,30,32,12,13,6,21]
1661858 [33,9,16,10,36,1,14,2,21,27,31,30,7,12,38,11,34,35,17,32,4,23,29,22,26,24,8,6,28,5,19,25,37,3,13,15,18,20]
1744285 [4,1,8,11,2,5,3,6,10,7,12,9]
1744285 [4,2,1,8,6,3,7,5]
1907146 [6,21,18,12,9,20,5,11,7,15,10,2,17,1,8,16,13,4,14,3,19]
1907146 [3,6,10,9,2,4,1,7,11,5,8]
1907146 [8,5,3,1,4,6,2,9,7]
1697501 [6,4,3,2,5,1]
1697501 [11,10,2,13,5,7,18,3,12,4,9,16,8,14,19,1,15,17,6]
1703304 [11,25,2,9,16,12,7,26,18,23,14,8,4,15,24,3,1,19,10,22,5,13,6,17,20,21]
1703304 [1,6,2,5,3,4]
1721133 [5,12,9,17,2,10,20,4,16,11,8,6,1,3,19,18,7,13,15,14]
1721133 [2,5,7,3,6,8,4,1,10,9]
1721133 [4,7,5,3,9,6,2,8,1,10]
1721133 [29,25,4,10,31,7,28,11,8,6,16,3,26,2,18,19,12,13,5,9,20,17,24,23,30,22,15,27,21,1,14]
2498205 [5,2,4,3,1]
2498205 [1,4,2,3,5]
1272759 [1,2,3,4,5,6,7,8,9,10,11,12]
1297999 [26,37,3,38,15,25,23,2,4,28,32,18,16,9,17,8,36,21,11,33,27,24,12,29,5,35,10,30,31,1,22,20,14,34,6,13,19,7]
1363310 [1,2,3,4,5,6,7,8,9,10,11,12,13,14,15,16]
1389997 [5,3,1,2,4]
1395265 [5,3,1,2,4]
1395265 [1,3,2,5,4,7,6]
2069966 [5,2,3,1,4]
2078799 [4,6,3,2,5,1]
2097149 [8,4,7,1,12,11,3,14,13,2,9,5,10,6]
2097149 [2,3,1,5,7,4,6]
2097149 [7,9,10,11,5,3,4,1,8,2,6]
2097149 [5,4,1,3,2]
2097149 [2,1,7,4,3,6,8,11,10,5,9]
43932 [2,8,4,1,6,7,9,3,5]
50306 [10,9,12,15,3,14,6,8,2,1,7,4,16,13,11,5]
50306 [5,1,26,4,22,2,16,11,17,23,25,12,14,20,21,6,9,10,3,15,19,18,13,24,8,7]
110458 [10,2,20,32,11,5,4,31,6,29,22,9,24,19,23,35,18,14,3,34,17,15,25,26,16,28,13,30,8,7,21,27,1,33,12]
110458 [8,3,2,6,7,4,5,1]
110458 [1,4,3,8,5,6,2,7]
110458 [1,4,5,3,2]
122958 [5,3,4,1,2]
122958 [11,1,3,8,10,12,4,5,2,7,9,13,6]
122958 [16,10,14,12,5,8,13,3,2,9,6,4,1,7,15,11]
122958 [4,5,7,14,15,9,17,11,8,10,12,1,18,6,16,3,2,13]
122958 [2,3,4,1,5]
122958 [1,3,4,2,5]
125136 [6,4,3,7,1,2,11,5,9,10,8]
125136 [4,5,6,2,1,3,7]
127405 [1,2,3,4,5]
1648259 [6,3,1,4,2,5]
1703304 [4,3,1,2,5]
1703304 [6,2,22,15,12,4,10,3,11,21,9,5,7,13,17,23,19,8,20,1,18,24,14,16]
1703304 [5,7,1,2,4,6,3,8]
1703304 [11,5,9,14,10,12,4,3,8,15,2,7,1,6,13]
1706553 [4,2,3,8,6,5,7,1]
1727622 [9,5,8,7,3,1,6,2,4]
1727622 [7,6,2,1,3,4,8,5]
1735089 [5,4,8,7,3,1,9,2,6]
1810529 [5,3,6,2,1,4]
1810962 [8,5,7,4,2,9,6,11,1,3,10]
1810962 [7,1,9,2,6,3,8,4,5,10]
1783728 [4,8,3,2,6,10,7,1,11,9,5]
1783728 [1,7,6,8,15,16,12,9,4,2,13,19,11,17,10,14,3,18,5]
1783728 [1,6,3,2,8,5,4,7]
1783728 [3,11,4,6,5,2,13,7,8,10,12,9,1]
1783728 [7,3,9,1,6,5,10,4,2,8]
1783728 [4,9,7,3,8,6,2,1,5]
1795319 [1,2,3,4,5,6,7,8,9,10,11,12,13,14,15,16,17,18,19,20,21,22,23,24,25,26,27,28,29,30,31,32,33,34]
1795319 [1,2,3,4,5,6,7,8]
1822647 [1,14,11,16,5,2,10,4,8,12,13,9,6,7,3,15]
1833688 [15,8,16,6,11,14,12,9,1,4,2,17,13,10,3,5,7]
1833688 [13,2,5,4,3,7,6,8,1,9,10,12,11]
1810529 [2,5,4,1,3]
1834807 [8,4,3,6,10,1,2,5,11,9,7]
1834807 [6,2,5,4,1,3]
1834807 [1,2,4,5,3,6]
1873066 [4,5,11,1,3,7,2,14,13,6,9,10,8,12]
1879949 [14,15,7,20,5,10,12,4,1,2,6,8,13,3,11,9,21,19,17,18,16,22]
1881817 [1,2,3,4,5,6,7,8,9,10,11,12,13,14,15,16,17,18,19,20,21,22,23,24,25,26,27,28,29,30,31,32,33,34,35,36,37,38,39,40,41,42,43,44,45,46,47,48,49,50,51,52,53,54,55,56]
1887306 [5,1,12,2,7,13,8,3,9,10,4,6,11]
1888687 [1,2,3,4,5]
1331272 [6,5,2,4,3,1]
1563464 [2,7,1,4,3,5,6]
1563464 [7,4,12,11,10,2,6,16,5,9,3,14,15,8,1,13]
1583352 [4,2,1,5,3]
1583352 [2,4,6,3,7,1,5]
1840567 [10,6,4,3,5,7,8,9,1,2,11]
1907146 [6,9,2,3,11,18,7,5,12,8,14,1,17,4,10,13,16,15]
1907146 [8,6,9,5,4,2,11,7,1,3,10]
1907146 [8,4,1,6,7,10,9,3,5,2]
1907146 [3,4,1,8,11,9,5,7,10,2,6]
2023960 [6,2,5,1,3,4]
2524240 [3,4,5,1,6,2]
2524240 [4,15,17,26,7,11,13,16,8,2,6,28,3,20,21,14,23,1,5,24,22,25,27,9,18,12,10,19]
2540950 [9,5,21,18,7,10,15,16,11,20,14,2,3,22,23,6,8,19,17,4,1,13,12]
135488 [3,4,12,9,13,7,17,14,16,8,5,10,18,11,6,2,15,1]
135488 [19,25,3,9,12,11,13,6,1,4,15,20,5,16,8,7,18,23,22,24,21,2,10,14,17]
135488 [3,4,1,5,2,6]
135488 [2,16,18,14,9,6,10,3,5,8,13,7,12,17,15,4,11,1]
182074 [3,4,2,6,5,1]
2440016 [30,16,14,26,43,11,37,51,23,56,67,20,27,48,66,3,49,61,38,24,47,33,42,40,4,19,64,62,41,28,10,8,17,54,7,50,12,35,9,31,5,32,29,46,52,65,44,59,45,63,13,15,2,58,60,57,22,25,39,21,18,1,55,53,34,6,36,68]
2440016 [9,3,4,2,1,5,6,10,8,7]
2440016 [4,1,3,5,2,7,6]
2440016 [5,4,9,8,7,14,12,3,11,1,13,2,6,10,15,16]
2452178 [1,2,3,4,5,6,7,8,9,10,11,12,13,14]
2473314 [6,9,7,8,4,2,5,3,1]
2473314 [12,15,18,19,5,10,8,2,13,1,14,17,16,3,11,6,9,7,4]
2526874 [1,2,3,4,5]
2526874 [1,2,3,4,5,6]
2548347 [4,5,3,2,1]
2548347 [24,15,23,10,20,22,2,25,18,12,17,11,3,21,16,19,14,1,7,8,4,6,13,5,9]
2561387 [4,1,5,2,3]
2561387 [8,9,1,7,2,12,13,11,16,5,14,6,17,3,10,4,15]
2561387 [5,14,1,8,2,6,9,4,11,7,3,13,12,10]
2561387 [1,7,3,6,8,4,9,2,5,10,11]
2561387 [1,6,3,2,5,4]
2561387 [2,7,20,12,11,3,14,10,15,16,17,19,4,18,8,13,9,5,1,6]
463733 [2,3,7,5,1,6,8,4,9]
463733 [9,19,18,3,5,15,13,6,1,11,14,10,16,17,4,8,7,12,2]
844776 [3,1,2,6,5,4]
844776 [5,4,3,1,2]
844776 [18,45,13,29,15,17,4,12,53,20,33,3,6,14,37,44,46,38,43,51,35,48,47,9,42,27,5,36,41,24,2,49,25,30,26,31,16,28,23,21,50,34,19,7,8,11,39,40,1,52,22,32,10]
844776 [1,4,8,7,3,5,9,6,10,2]
844776 [2,1,3,6,4,5]
239513 [1,2,8,3,7,9,4,5,6]
1886898 [5,1,4,3,2]
1886898 [2,3,7,6,4,5,1]
1886898 [7,5,1,3,4,8,6,2]
2023960 [3,7,4,6,5,1,2]
2326725 [9,7,2,5,10,6,8,11,3,4,1]
2326725 [6,3,9,7,2,4,8,1,5]
2326725 [16,14,13,7,2,8,6,11,12,5,18,17,1,15,10,3,9,4]
2559323 [5,2,1,6,7,4,3,8]
1363310 [1,2,3,4,5,6]
1941520 [3,6,2,7,5,1,4]
1956329 [5,4,3,2,1]
2015664 [4,1,5,2,3]
2015664 [8,1,2,5,6,12,7,4,11,3,9,10]
2015664 [4,5,3,1,2]
2015664 [3,1,4,6,5,2]
2015664 [7,3,4,6,1,2,5]
2020878 [10,4,6,7,8,1,5,9,11,2,3]
2072358 [1,2,3,4,5,6,7]
1377811 [1,2,6,7,4,8,3,5]
1377811 [8,5,10,11,7,9,3,4,1,2,6,12]
1377811 [8,5,7,15,13,18,1,2,20,12,17,19,11,9,10,6,14,3,4,16]
1377811 [35,14,5,7,12,32,1,22,19,25,28,20,24,9,17,33,30,34,8,3,26,31,10,18,2,23,27,4,15,6,21,13,16,29,11]
1377811 [1,5,3,2,4,6]
1404181 [21,1,9,6,13,12,7,14,2,10,8,11,16,17,5,3,18,4,19,22,15,23,20]
1404181 [18,9,16,14,17,8,12,5,25,19,24,15,23,2,4,7,6,10,3,11,20,1,21,13,22,26]
1439546 [3,5,2,4,1]
1439546 [3,2,5,6,1,4]
1439546 [2,4,8,5,1,9,7,6,3]
1534975 [1,2,3,4,5,6,7,8,9,10,11,12,13,14,15,16]
1534975 [1,2,3,4,5,6,7]
1542768 [11,5,4,2,6,9,12,3,8,10,1,7]
1542768 [3,6,5,1,2,4]
1542768 [6,4,3,1,9,2,10,5,7,11,8]
1542768 [15,6,3,19,7,1,14,5,13,9,12,11,16,4,2,17,8,10,18]
1542768 [6,1,3,4,2,8,5,9,7]
1542768 [10,5,44,48,14,33,7,28,8,32,20,1,39,6,38,23,19,3,27,31,21,51,15,46,49,12,25,26,11,34,50,4,52,41,16,53,24,35,17,37,43,45,13,36,9,42,22,30,40,2,47,18,29]
1542768 [1,5,8,4,10,2,6,14,13,12,11,3,7,9]
1542768 [20,44,18,7,9,45,16,40,22,21,42,36,24,34,33,35,10,17,14,23,41,51,12,1,39,4,19,13,27,3,25,38,50,8,28,49,47,46,32,52,6,48,29,15,30,11,53,26,43,37,5,2,31]
1542768 [4,3,6,14,5,10,15,8,11,13,2,1,7,9,12]
1542768 [5,16,17,11,15,12,6,10,4,7,13,8,1,18,9,3,14,2]
1542768 [5,11,9,3,10,12,7,2,1,4,6,8]
1542939 [5,4,2,6,3,1]
750497 [10,5,3,1,13,4,12,8,9,2,14,6,11,7]
1563464 [1,5,2,4,3]
1567444 [6,7,3,5,4,2,1]
1803121 [19,32,41,14,18,31,23,37,40,28,42,9,10,3,21,35,17,8,5,29,4,27,26,15,38,36,16,20,34,7,22,11,25,12,13,24,30,39,6,2,33,1]
2378157 [15,25,21,16,9,28,14,27,11,7,6,12,1,18,29,3,8,24,2,13,19,17,26,4,10,23,20,22,5]
2378157 [2,1,4,3,5]
2524240 [5,2,6,3,4,1]
2524240 [5,6,4,7,3,1,2]
2020878 [1,4,6,2,5,3]
2020878 [6,11,7,8,5,10,1,4,2,9,3]
2020878 [4,7,13,3,9,5,14,10,15,1,2,8,6,12,11]
2041007 [7,9,8,12,3,5,6,13,14,1,4,2,11,10]
2041007 [1,4,7,6,2,5,3]
2050305 [12,8,14,1,15,2,10,9,3,4,6,11,13,7,5]
2050305 [1,6,4,5,2,3]
2078799 [5,7,2,1,4,6,10,9,3,8]
2093437 [6,3,9,8,4,2,7,12,1,13,11,5,10]
2094831 [1,2,3,4,5,6,7,8,9,10,11,12,13]
2101786 [9,7,4,5,6,2,8,3,1]
2150451 [4,2,3,5,1]
2190812 [13,16,4,7,3,12,19,10,17,8,11,18,9,1,15,2,14,5,6]
2221814 [8,7,3,5,2,4,1,6,9]
2221814 [19,17,3,23,15,13,14,16,4,9,21,22,18,5,2,7,1,20,8,11,12,6,24,10]
2221814 [2,1,5,3,4]
2246122 [43,30,45,51,41,33,20,42,54,32,23,9,17,18,8,15,10,48,46,38,56,50,44,14,35,34,59,1,26,36,37,13,19,40,49,27,3,12,4,29,16,25,53,22,21,24,55,31,2,28,47,57,6,58,52,5,11,7,39]
2253077 [2,7,4,6,1,8,5,3]
2253077 [4,9,1,5,2,7,6,3,8]
2253077 [10,2,8,4,5,7,3,6,1,9]
2253077 [7,8,10,1,11,3,5,6,9,2,4]
2253077 [3,14,1,10,12,11,13,8,5,6,9,2,4,7]
2253077 [7,8,2,3,5,4,1,6]
2253077 [4,6,5,2,3,1]
2253077 [4,11,6,13,2,10,5,8,1,12,3,9,7]
2281424 [5,1,2,4,3]
2281424 [4,5,6,9,1,8,3,7,2]
2547921 [6,1,5,4,3,2]
135488 [2,7,3,1,11,12,5,6,8,4,10,9]
172491 [5,9,8,4,1,7,6,2,3]
317862 [3,2,1,6,9,7,5,4,8]
450577 [6,3,7,1,2,4,5]
450577 [3,1,9,6,8,4,10,7,13,5,12,11,2]
463733 [1,5,3,6,4,2]
510680 [13,2,14,10,1,8,3,4,5,7,11,12,15,6,9]
510680 [1,2,5,4,3]
510680 [1,2,5,3,4,6]
510680 [12,14,1,7,15,13,9,11,3,8,6,17,16,4,2,10,5]
510680 [1,4,2,5,3]
631807 [5,3,1,4,6,2]
844776 [4,9,7,1,2,5,6,8,3]
844776 [1,7,2,3,4,6,5]
844776 [6,1,4,8,9,2,7,5,3]
844776 [9,10,14,1,13,8,11,7,15,3,4,6,5,12,2]
844776 [20,8,9,2,12,13,11,1,5,15,18,7,3,17,21,4,6,16,19,10,14]
997586 [2,12,16,9,7,14,13,1,10,3,8,15,5,4,11,6]
1015082 [12,21,26,6,23,27,5,1,10,9,28,13,18,16,8,24,31,4,20,7,11,32,15,14,33,29,25,3,2,17,34,22,19,30]
1015082 [1,11,16,14,10,2,5,8,12,19,3,20,6,15,7,17,13,9,21,4,18,22]
1015082 [2,5,7,8,1,3,6,9,4]
1015082 [16,6,13,17,12,3,2,1,4,10,7,5,9,11,15,14,8]
1015082 [2,5,3,4,1]
1015082 [5,14,6,11,13,12,17,18,19,1,15,16,20,2,7,10,4,3,9,8]
1331272 [5,4,3,6,2,1]
1331513 [14,16,3,10,17,1,11,6,2,9,8,5,12,15,13,7,4]
2574644 [2,4,6,12,9,5,1,7,11,10,8,13,3]
22895 [5,2,6,4,3,1]
22895 [1,5,3,4,6,2]
22895 [2,6,5,4,7,8,3,1,9]
412478 [3,2,6,4,5,8,1,7]
412478 [5,8,4,2,7,1,6,3,9]
1888687 [1,2,3,4,5,6,7]
997715 [1,10,5,9,3,4,2,7,8,6]
1020886 [12,7,11,2,4,14,8,1,6,13,5,3,9,10]
1167004 [3,2,5,8,1,4,6,7]
289998 [1,3,4,2,7,5,6]
289998 [3,1,5,4,2]
1373867 [5,2,1,4,3]
1373867 [6,2,9,3,5,1,8,7,4]
1377811 [17,9,5,14,3,1,4,2,6,12,7,15,10,8,13,16,11]
1377811 [3,1,4,2,6,5]
1377811 [9,6,11,1,10,12,5,3,2,7,8,4]
965694 [1,2,3,4,5,6,7,8,9,10,11,12,13]
972633 [2,11,5,8,13,12,9,7,1,3,4,6,10]
972633 [5,7,8,6,9,3,4,2,1]
972633 [4,1,5,3,2]
972633 [3,1,4,2,5]
972633 [3,7,4,1,6,5,2]
972633 [4,2,6,1,3,5]
972633 [1,7,2,4,5,8,6,3]
972633 [8,3,2,9,6,10,4,7,1,5]
972633 [5,1,4,2,3]
1908097 [11,10,9,6,7,1,12,8,4,5,2,3]
1383987 [6,14,2,4,3,8,12,10,16,1,13,9,11,7,5,15]
1622906 [3,4,1,2,5]
1622906 [13,8,17,2,10,14,16,3,9,11,15,5,6,12,7,1,4]
1930942 [3,1,2,4,5]
2071560 [11,9,10,7,1,4,5,2,6,8,3,12]
2071560 [4,1,2,3,5]
2071560 [4,13,14,3,5,1,10,8,12,7,16,2,21,6,9,17,22,19,15,20,18,11]
2093437 [5,6,4,2,3,1]
2094831 [1,2,3,4,5,6,7]
2101786 [1,6,3,4,5,2,7]
2101786 [4,7,3,2,5,1,6]
2101786 [27,7,28,21,45,13,16,12,19,36,38,8,39,32,23,37,42,25,1,15,29,40,5,6,22,46,30,20,34,26,11,4,43,17,10,31,33,24,41,2,3,18,14,9,44,35]
48960 [2,7,6,1,3,4,5]
48960 [7,1,15,16,5,13,6,8,2,9,14,11,12,3,10,4]
48960 [2,5,4,3,1]
48960 [11,9,10,8,2,6,7,1,12,4,3,5]
48960 [7,9,8,3,6,4,1,2,5]
48960 [5,1,2,4,3]
48960 [8,5,10,1,3,4,2,7,11,9,6]
2284135 [1,2,3,4,5,6,7,8,9,10,11,12,13,14,15,16,17,18,19,20,21,22,23,24,25,26,27,28,29,30,31,32,33,34,35,36,37,38,39,40,41]
2342077 [3,2,4,6,5,1]
2342077 [6,2,3,5,4,1]
117584 [1,2,3,4,5,6,7,8,9,10,11,12,13,14,15,16,17,18,19,20,21,22,23,24,25,26,27,28,29,30,31,32,33,34,35,36,37,38,39,40,41,42,43,44,45,46,47,48,49,50,51,52,53,54,55,56,57,58,59,60,61,62]
119480 [2,6,7,4,1,9,3,5,8]
119480 [9,8,7,3,4,2,1,6,5]
127405 [1,2,3,4,5,6]
160892 [2,11,4,12,9,8,6,3,1,7,5,13,10]
847416 [11,8,1,6,7,10,13,9,3,2,5,12,4]
847416 [28,10,30,33,4,11,20,22,8,18,24,1,14,12,29,19,13,3,27,6,31,25,26,2,21,23,9,7,5,17,32,34,16,15]
204031 [7,9,6,8,10,2,1,4,3,5]
206251 [4,5,3,1,2]
206251 [3,4,6,2,7,5,1]
323277 [1,2,3,4,5,6,7,8,9,10,11,12,13,14,15,16]
387363 [5,7,1,6,3,2,4]
399574 [5,3,6,7,9,1,8,4,2]
307417 [1,2,7,6,3,8,5,4]
160676 [4,1,5,3,2]
160676 [3,7,14,13,8,1,10,9,4,6,11,2,5,12]
160676 [5,8,2,4,3,7,6,1,9]
160676 [24,3,14,5,21,13,7,9,19,22,18,20,25,11,4,10,2,16,23,1,8,6,12,15,17]
160676 [13,21,8,10,16,18,22,25,15,4,6,1,12,23,3,9,11,17,14,7,19,24,2,5,20]
160892 [2,1,5,4,6,3]
160892 [10,7,14,13,8,1,6,3,2,9,11,12,4,5]
168638 [3,4,9,5,6,7,12,11,1,8,10,2]
1393060 [1,2,3,4,5,6,7,8,9]
1467758 [1,2,3,4,5]
118159 [1,2,3,4,5,6,7]
118159 [1,2,3,4,5,6,7,8,9]
118159 [1,2,3,4,5,6,7,8,9]
118159 [1,2,3,4,5,6]
118159 [1,2,3,4,5,6,7,8,9,10,11]
118159 [1,2,3,4,5,6,7]
134302 [1,2,3,4,5,6]
135460 [1,2,3,4,5,6]
135460 [1,2,3,4,5]
139350 [7,2,6,8,9,3,1,5,4]
139350 [5,6,10,3,11,13,4,1,9,8,7,12,2]
139350 [13,14,5,9,4,16,8,11,10,12,6,3,15,7,1,2]
383378 [5,4,3,1,2,6]
1287730 [5,3,6,1,4,2]
1593535 [4,2,1,5,3]
1614920 [7,3,14,1,12,6,13,2,9,5,10,4,11,8]
1614920 [1,9,8,5,7,3,6,4,2]
1614920 [1,5,2,3,4]
1614920 [5,4,1,2,3,6]
1614920 [5,4,2,1,3]
1621087 [18,24,19,2,11,10,15,17,4,12,22,7,8,25,16,1,26,3,27,6,5,23,20,9,21,14,13]
1621087 [5,4,8,3,6,7,1,2]
1622906 [4,3,1,2,6,5]
1622906 [6,1,5,7,8,2,3,4]
653974 [2,8,5,3,6,4,7,1]
707195 [1,2,3,4,5,6,7]
707195 [1,2,3,4,5,6,7]
707195 [1,2,3,4,5,6,7]
707195 [1,2,3,4,5]
2368665 [3,4,1,2,5]
2368665 [9,7,2,4,6,3,5,8,1]
623191 [6,8,5,12,11,4,9,2,13,10,1,7,3]
623191 [7,14,12,13,6,2,3,9,4,8,1,5,10,11]
623191 [9,6,5,3,1,4,12,2,8,7,11,10]
623191 [1,3,4,2,5]
623191 [1,4,2,3,5]
457469 [1,4,2,3,5]
457469 [6,2,8,3,4,1,7,9,5]
457469 [4,6,1,5,7,2,3,8]
457469 [2,1,5,3,4]
477614 [13,12,11,7,3,4,10,2,1,8,5,6,9]
477614 [3,4,8,6,2,1,5,7]
665079 [19,56,62,53,49,39,61,29,59,33,43,27,17,63,58,14,31,6,64,9,44,11,20,65,52,37,60,51,54,47,24,36,21,1,7,41,18,4,2,57,38,16,66,13,50,42,30,45,23,34,3,26,22,55,8,25,40,48,10,46,28,35,12,15,5,32]
665079 [7,4,8,3,1,6,5,9,2]
675467 [1,2,3,4,5,6,7]
1664974 [1,5,2,3,4,6]
1664974 [8,7,6,5,3,4,2,1]
1699521 [2,1,4,3,5]
1703304 [8,2,5,9,7,4,1,3,6]
1721133 [3,4,7,9,10,8,2,1,6,5]
1721133 [5,2,3,4,1]
1748436 [1,5,2,6,4,8,7,9,3]
1772866 [1,2,3,4,5,6,7,8,9,10,11,12,13,14,15,16,17]
1782482 [5,1,3,4,2]
1782482 [8,1,5,2,6,7,3,4]
1782482 [2,6,7,4,1,5,8,3]
1799180 [1,3,2,6,5,4]
1811637 [4,2,1,3,5]
702478 [24,15,16,12,17,2,5,19,7,3,1,23,20,13,9,14,4,26,18,11,6,25,8,10,21,22]
793625 [1,2,3,4,5,6,7]
1563464 [1,11,4,15,8,5,2,6,13,12,3,10,9,14,7]
1563464 [5,1,3,4,2]
1563464 [5,3,10,7,11,6,1,9,2,8,4]
775040 [1,2,6,7,4,3,5]
775040 [8,42,34,30,41,31,3,9,39,28,2,4,10,33,38,12,14,25,13,11,29,37,1,19,16,40,18,36,5,27,7,17,6,15,24,21,43,32,20,23,26,35,22]
777553 [3,1,4,5,2]
812600 [3,2,5,1,4]
818399 [4,5,2,1,3,6]
711028 [1,8,3,10,7,2,11,6,5,4,9]
715376 [2,5,3,1,4]
755106 [1,2,3,4,5,6,7,8,9,10,11,12,13,14]
441426 [4,1,5,2,3]
457469 [4,3,2,1,5]
812371 [1,2,3,4,5,6,7,8,9,10]
944122 [3,4,7,2,5,9,10,8,1,6]
944122 [4,1,2,3,6,5]
944122 [12,9,4,8,3,16,7,13,1,5,15,14,10,2,11,6]
944122 [4,3,5,6,1,2,7]
944122 [5,2,1,3,4]
944122 [6,4,5,2,1,3]
383378 [4,6,9,3,1,5,10,11,8,2,7]
394936 [1,2,3,4,5]
387363 [6,5,2,8,4,7,1,3,9]
456623 [10,12,15,6,2,4,16,8,5,1,9,20,7,3,11,19,14,13,18,17]
477103 [3,11,12,7,2,10,9,5,8,4,6,1]
477614 [4,5,1,6,3,2]
1090366 [4,8,2,12,6,16,1,15,9,10,3,11,7,13,14,5]
274463 [15,9,3,6,10,2,11,13,4,12,7,8,5,1,14]
285619 [29,13,11,23,15,3,22,21,20,17,19,18,16,8,4,14,9,2,25,24,7,30,27,10,6,26,28,1,5,12]
285619 [14,6,13,12,9,8,10,7,15,1,4,2,3,11,5]
1401252 [1,2,3,4,5,6,7,8,9,10,11,12,13,14,15,16,17,18,19,20,21]
1401252 [1,2,3,4,5,6]
301528 [8,2,6,4,1,7,3,9,10,5]
301528 [3,6,5,2,1,4,7]
301528 [5,4,1,3,2]
301528 [7,4,3,6,1,2,5]
301528 [3,5,1,6,2,4]
2498205 [4,9,8,13,3,2,16,12,1,7,15,18,17,11,14,5,6,10]
2498205 [17,10,4,14,8,15,2,7,13,5,11,12,6,16,3,1,9]
2498205 [6,3,4,11,8,12,9,1,5,2,7,10]
2498205 [14,15,16,2,26,18,10,11,17,7,21,19,20,33,12,32,3,37,9,28,6,39,31,29,8,30,25,24,5,4,36,27,40,13,23,34,22,38,35,1]
2498205 [9,12,5,3,4,10,2,1,7,11,13,8,6]
2498205 [7,14,6,10,15,3,12,11,18,8,13,4,9,17,2,5,19,20,1,16]
2510364 [1,2,3,4,5,6,7,8,9]
2471663 [16,14,17,2,6,3,5,20,4,12,9,10,1,21,8,18,11,22,15,13,7,19]
2471663 [12,8,6,4,3,2,15,1,5,7,13,14,11,10,9,16]
740307 [8,7,17,16,2,5,18,3,10,12,15,19,13,20,14,4,9,11,6,1]
764629 [6,3,1,7,2,5,4]
852601 [4,7,8,3,5,6,2,1]
875869 [3,1,2,5,4]
944122 [6,8,2,3,9,1,7,5,4,10]
944122 [3,6,1,4,2,5]
944122 [10,7,1,4,6,5,8,9,2,3]
944122 [7,4,6,1,2,3,5]
965694 [1,2,3,4,5]
1588015 [1,2,3,4,5,6,7]
1902894 [3,6,7,9,4,5,2,8,1]
1902894 [2,4,3,6,5,1]
1902894 [7,9,4,8,2,1,3,6,5]
2382233 [1,2,3,4,5,6]
2382233 [1,2,3,4,5,6]
2382233 [1,2,3,4,5,6,7,8,9,10,11,12]
2382233 [1,2,3,4,5,6,7,8,9,10,11]
2020878 [4,2,1,5,3]
2052088 [5,6,4,10,2,1,7,11,3,12,9,8]
2052088 [8,3,13,15,11,9,5,2,10,14,16,6,1,7,17,18,12,4]
2052088 [20,10,11,19,22,1,18,21,28,13,14,8,15,6,3,12,26,16,5,4,17,23,24,7,2,27,25,9]
986406 [2,3,5,4,1,6]
986406 [12,14,16,17,22,1,15,10,18,2,19,23,7,24,21,5,13,6,11,9,3,4,20,8]
1001055 [13,11,9,8,14,2,1,5,3,6,10,7,15,12,4]
1001055 [3,6,1,5,7,4,2]
1001055 [7,5,8,3,1,4,6,2]
1001055 [20,9,17,3,5,28,12,23,8,18,19,15,29,6,22,25,14,13,4,1,2,27,10,11,26,16,24,21,7,30]
1221502 [36,17,31,5,8,10,3,11,33,19,29,14,12,26,9,2,13,37,16,1,22,18,20,38,21,15,27,23,34,25,24,7,30,28,35,4,6,32]
1221502 [4,13,5,9,12,8,10,1,11,14,3,6,7,2,15]
1221502 [4,7,2,8,5,1,6,3]
1221502 [8,3,6,1,4,2,5,7]
1230526 [1,6,4,3,8,2,5,7]
1230526 [5,3,1,10,2,9,4,7,8,6]
1230526 [2,1,5,7,6,4,3]
1230526 [1,5,3,7,4,6,9,8,2]
1405440 [1,2,3,4,5,6,7,8,9,10,11,12,13,14,15,16,17,18,19,20,21,22,23,24,25,26,27]
1405440 [1,2,3,4,5,6,7,8,9,10,11,12,13,14,15,16,17,18,19,20,21,22,23,24,25,26,27,28,29]
1480380 [14,6,7,10,2,15,9,4,12,11,13,5,16,3,8,1]
1486349 [3,6,4,5,2,1]
1487190 [5,2,3,1,4]
1487190 [9,7,4,6,3,5,8,1,2]
1047632 [4,7,3,5,8,1,2,6]
1047632 [3,11,4,13,12,6,2,9,5,1,7,10,8]
1221502 [6,5,4,7,2,1,8,3]
1227910 [12,6,1,14,2,3,16,7,9,13,5,15,10,4,11,8]
1285029 [9,8,5,4,7,10,1,3,11,2,6]
1336589 [5,4,3,6,1,2]
1336589 [1,5,2,3,4]
1336589 [2,3,1,4,5]
1339103 [4,1,11,9,8,5,13,3,7,2,6,12,10]
1339103 [10,9,14,6,12,15,7,5,2,16,13,4,8,3,11,1]
1791251 [9,2,4,7,1,8,3,6,5]
1795319 [1,2,3,4,5,6,7,8,9,10,11,12,13,14,15,16,17,18,19,20]
1227910 [4,5,6,3,1,2]
1004662 [1,2,3,4,5,6,7,8,9]
1004662 [1,2,3,4,5,6,7,8,9,10]
1806363 [2,1,4,5,3]
1809250 [7,9,1,4,3,8,2,5,10,6]
980498 [2,6,3,5,8,7,1,4]
2003901 [3,4,8,5,6,1,7,9,2,10]
2003901 [1,3,5,2,4]
2003901 [5,1,4,7,6,3,2]
2003901 [13,31,3,15,33,17,30,29,14,19,35,28,12,38,4,25,27,26,6,1,5,24,36,8,22,2,9,16,11,18,20,10,32,34,21,37,7,23]
2003901 [5,2,3,10,11,8,6,4,1,9,7]
2003901 [1,3,4,5,2]
2003901 [1,3,2,4,5]
839514 [12,10,11,5,1,9,8,4,6,13,7,2,14,3]
839514 [2,4,1,8,7,9,6,5,3]
839514 [16,18,4,12,8,9,10,7,5,17,13,6,3,11,15,1,2,14]
839514 [20,18,10,31,4,9,26,32,16,35,34,23,14,22,1,25,13,5,27,24,30,19,11,28,3,29,33,36,7,8,2,12,17,21,15,6]
839514 [9,2,15,11,17,4,1,13,18,7,6,3,16,5,19,14,12,8,10]
850590 [10,11,2,5,7,8,4,9,3,1,6]
850590 [12,15,8,18,4,17,11,6,7,1,14,9,10,13,5,2,16,3]
850590 [3,2,1,4,5,6]
1206044 [2,4,6,3,5,1]
1851127 [1,2,3,4,5,6,7,8]
1851127 [1,2,3,4,5,6,7]
1851127 [1,2,3,4,5,6,7,8,9,10,11,12,13,14,15,16,17,18,19,20,21,22,23,24,25,26,27,28,29,30]
2031993 [5,20,18,14,12,1,17,6,10,16,15,9,8,11,24,21,4,19,13,2,22,3,7,23]
2031993 [12,4,20,8,18,14,3,1,9,10,21,7,19,17,2,15,6,11,5,16,13]
2031993 [6,8,1,9,7,5,10,3,2,4]
2031993 [13,6,23,19,34,14,33,20,25,8,7,18,26,1,24,29,17,2,35,16,3,10,32,21,28,31,30,15,22,5,11,12,9,27,4]
383378 [3,1,4,2,5]
393986 [1,2,3,4,5,6,7,8,9,10,11]
1879949 [2,26,14,36,28,29,7,6,5,15,40,13,17,38,20,33,24,30,11,31,23,10,3,21,19,9,22,34,42,32,18,4,35,41,39,1,8,16,27,37,12,25]
1428063 [5,3,1,4,2]
1863380 [1,2,3,4,5]
1974470 [3,6,2,4,1,7,5]
1974470 [5,9,4,1,7,6,3,2,8]
1974470 [3,6,4,7,2,5,1]
2015664 [2,1,4,3,5]
1799180 [1,4,3,5,2,6]
1807325 [1,2,3,4,5,6,7,8,9]
1807325 [1,2,3,4,5,6,7,8,9]
2161139 [3,4,6,7,5,1,2]
1686860 [5,8,31,27,10,36,1,9,18,33,11,23,14,42,32,37,3,26,21,12,16,35,20,39,40,29,2,7,25,24,6,38,19,34,15,41,30,17,4,22,28,13]
1686860 [7,2,21,1,24,17,15,23,25,16,19,18,22,26,14,8,9,3,27,6,11,20,12,10,13,4,28,5]
1693059 [1,2,5,6,4,7,3,8]
1778414 [2,3,1,5,4,6]
1823910 [4,3,1,6,9,5,7,8,2]
1833688 [11,9,15,2,13,1,5,6,8,12,10,3,7,17,4,14,16]
773530 [3,1,2,4,7,5,6]
997715 [3,1,5,4,6,2,8,7]
2553426 [4,2,3,6,5,7,1]
2553426 [4,8,10,6,9,2,3,5,1,7]
2553426 [4,2,3,1,5]
1086726 [6,4,1,5,7,3,2]
1090625 [6,2,1,10,3,7,8,14,5,4,12,9,13,11]
1097876 [2,1,4,7,3,6,5]
1182135 [7,1,2,3,5,6,8,4]
1199486 [1,2,3,4,5,6,7,8]
1199486 [1,2,3,4,5]
1221785 [1,2,3,4,5,6]
1245658 [1,2,3,4,5,6,7,8,9,10,11,12,13,14,15,16,17]
1245658 [1,2,3,4,5,6]
1245658 [1,2,3,4,5,6,7,8,9,10,11,12,13,14,15,16,17,18,19]
1277469 [1,2,3,4,5,6,7,8,9,10,11,12,13,14,15,16,17,18,19,20,21,22,23,24,25,26,27,28,29,30,31,32,33,34,35,36,37,38,39,40,41,42,43,44,45,46,47,48,49,50,51,52]
1282386 [2,7,5,4,3,6,1]
1282386 [2,1,5,3,4]
1293118 [5,4,2,3,6,1]
1841877 [4,6,3,1,5,2]
2143620 [4,8,14,11,2,7,13,1,3,10,6,12,5,9]
631807 [4,19,15,6,3,10,17,18,2,9,8,1,12,16,13,5,11,14,7]
631807 [16,1,9,2,4,7,14,11,13,8,10,3,5,6,15,12,18,17]
631807 [3,4,2,5,1,7,6]
631807 [9,15,12,1,3,14,13,16,8,6,11,7,5,10,4,2]
2093437 [5,6,2,3,4,1]
1255547 [3,7,4,9,8,6,1,2,5]
1255547 [8,11,6,9,4,10,1,3,12,2,5,7]
1331513 [11,1,4,8,3,6,10,5,14,12,13,9,2,7]
1331513 [1,2,5,3,6,4]
1331513 [3,6,2,7,1,4,5]
364113 [1,4,2,3,5]
364113 [2,4,1,3,5]
364113 [2,5,4,3,1]
364113 [2,3,5,4,1]
364113 [5,6,4,3,1,2]
453717 [5,4,2,1,3]
453717 [6,7,1,5,4,3,8,2]
352658 [10,14,4,9,8,6,11,13,12,5,2,7,1,3]
477103 [1,6,2,4,3,5]
337540 [1,4,5,3,2]
350265 [7,1,4,2,3,8,5,9,6]
1500590 [2,5,3,6,7,4,1,8]
1500590 [1,6,3,8,2,7,5,9,4,10]
62577 [1,2,3,4,5,6,7]
2088936 [3,2,7,4,8,6,5,1]
2088936 [2,4,3,5,1]
2088936 [1,2,3,4,5]
2091506 [11,1,3,8,7,2,10,5,4,12,9,13,6]
2143620 [5,6,7,3,2,10,1,8,9,4]
2240491 [2,6,3,10,1,8,4,7,9,5]
2240491 [6,4,1,2,5,7,3]
2504639 [9,3,7,8,5,2,1,6,4]
2526874 [1,2,3,4,5,6,7]
1047632 [4,3,2,5,1]
1047632 [4,11,14,7,5,12,8,2,9,10,3,15,6,1,13]
1879949 [9,1,6,13,5,7,11,4,2,3,12,8,10]
1888687 [1,2,3,4,5,6]
1888687 [1,2,3,4,5]
1888687 [1,2,3,4,5,6,7,8,9]
264359 [6,1,2,4,3,5]
1873148 [1,2,3,4,5,6,7]
1881817 [1,2,3,4,5,6,7,8]
1881817 [1,2,3,4,5]
2113901 [7,5,1,4,2,3,6]
2385834 [11,8,1,10,7,2,3,6,5,14,12,4,9,13]
2385834 [5,6,2,1,4,3]
1563464 [3,1,6,2,4,5]
1563464 [3,1,4,5,2]
1563464 [4,3,9,12,15,10,14,6,5,7,11,2,1,8,13]
1563464 [6,1,3,7,8,2,4,5]
1563464 [6,20,1,3,11,8,12,17,13,10,19,15,16,5,7,9,2,4,18,14]
1970644 [1,18,6,13,19,11,15,12,10,7,5,16,3,9,17,20,14,8,2,4]
1970644 [11,26,14,2,12,16,25,22,28,13,7,10,9,8,21,15,20,23,5,17,27,6,1,18,24,4,3,19]
1970644 [7,5,1,6,10,2,11,8,4,9,3]
1961735 [12,2,8,3,4,5,1,11,7,14,6,9,16,15,10,13]
1961735 [11,3,2,10,4,9,8,7,6,1,5]
1961735 [1,8,3,5,2,4,7,6,9]
1995559 [6,3,7,1,5,2,4]
1995559 [13,8,10,7,6,15,5,12,4,2,11,14,9,1,3,16]
2020878 [2,7,1,9,5,3,4,8,6]
2078799 [7,6,2,4,1,3,8,9,5]
2078799 [2,9,1,4,10,6,11,3,5,8,7]
2098487 [6,5,2,3,4,1]
2110847 [16,20,10,13,4,11,12,18,5,19,1,2,15,9,14,3,7,6,17,8]
2138616 [1,2,3,4,5,6,7,8]
951227 [4,1,5,6,2,3]
965694 [1,2,3,4,5,6,7,8,9,10,11,12]
965694 [1,2,3,4,5]
971837 [15,23,3,26,5,19,8,2,22,9,16,1,7,24,14,17,4,6,11,10,21,18,13,20,12,25]
997715 [4,3,1,5,2]
1001055 [3,2,7,6,5,4,1]
1001055 [1,4,8,6,2,5,7,3]
1001055 [3,14,9,17,8,1,16,7,4,12,21,2,5,11,6,13,20,10,19,18,15]
1073931 [1,2,13,14,15,5,4,12,6,7,16,9,11,8,3,10]
1073931 [19,11,17,4,3,22,14,6,15,23,12,5,16,1,10,18,9,8,21,7,20,13,2]
1073931 [1,9,11,5,14,7,8,2,13,12,4,6,10,3]
1090573 [3,6,5,4,1,2]
1090573 [5,1,4,6,2,3]
1090625 [8,20,18,1,4,17,9,6,7,15,2,21,12,3,19,13,10,11,14,5,16]
1090625 [8,27,13,3,23,29,2,31,17,33,24,5,15,18,20,4,19,1,30,6,26,7,16,9,10,22,25,21,12,14,11,28,32,34]
1090625 [4,5,2,7,3,6,1]
1090625 [8,2,5,4,6,7,9,3,1]
1104073 [3,1,2,7,6,4,5]
1126205 [12,3,13,10,11,2,9,1,8,7,6,5,4]
1126205 [24,8,12,21,6,9,18,7,28,13,26,17,1,5,27,16,4,14,3,23,20,11,15,22,10,2,25,19]
1138925 [3,5,8,2,1,4,9,6,10,7]
1138925 [42,60,50,6,1,4,5,15,52,38,45,48,51,10,43,13,54,7,26,59,46,55,39,57,20,23,58,22,11,36,21,25,28,35,17,41,9,19,30,12,27,24,47,44,14,56,34,8,32,53,37,33,2,40,31,49,18,3,29,16]
1143918 [5,9,4,6,3,2,8,11,1,7,10]
1143918 [1,8,4,5,7,3,6,9,2]
1143918 [14,7,8,4,17,20,29,2,27,5,26,22,6,11,21,16,23,24,18,9,25,12,3,15,28,10,19,13,1]
1143918 [1,2,6,3,10,7,9,8,5,12,4,11]
1143918 [6,2,3,1,4,5]
1143918 [6,5,7,2,3,9,4,8,1]
875869 [1,2,5,3,4]
894084 [5,8,1,7,3,9,4,2,6]
894084 [24,1,9,27,31,33,35,17,13,34,26,36,28,14,10,15,23,32,7,11,4,21,30,6,22,12,39,25,8,20,37,3,40,18,5,38,19,16,29,2]
894084 [4,1,5,2,3]
905223 [21,18,12,14,10,16,5,3,15,20,7,11,9,2,8,19,4,6,17,13,1]
905223 [16,13,9,17,15,6,4,19,18,20,8,7,3,21,11,14,5,10,12,2,1]
905223 [6,1,3,2,4,5]
905223 [7,6,10,3,5,1,8,2,9,4]
905223 [7,4,11,15,16,9,19,12,5,18,6,20,3,8,2,21,14,13,10,1,17]
905223 [19,21,10,17,3,11,24,7,9,1,6,14,5,13,20,2,16,22,12,4,8,23,18,15]
905223 [4,13,8,3,16,14,20,17,5,15,19,6,2,12,21,22,11,18,23,9,1,7,10]
905223 [9,2,4,8,3,1,6,7,5]
905223 [10,20,22,41,19,5,42,39,16,31,37,4,30,11,29,33,14,25,27,40,28,12,32,1,38,7,18,2,8,6,13,9,15,24,21,36,43,26,17,34,3,23,35]
905223 [18,22,16,7,17,9,8,1,19,5,15,12,11,21,6,4,20,14,3,10,13,2]
905223 [12,8,6,11,14,13,2,1,9,7,10,3,5,4]
905223 [10,3,2,5,9,1,8,6,4,7]
955847 [7,5,6,1,3,2,4,8,9]
1020886 [4,1,2,5,3]
1047632 [5,2,4,1,3]
2510364 [1,2,3,4,5,6]
425689 [5,3,4,2,1]
425689 [3,1,4,5,2]
425689 [9,6,3,22,21,17,10,11,4,20,16,2,8,5,12,15,18,7,1,19,13,23,14]
425689 [5,6,1,7,4,9,8,11,12,3,14,15,2,13,10]
425689 [17,19,6,12,15,18,14,1,5,4,9,10,3,7,8,13,16,21,11,2,22,20]
642707 [10,1,9,4,2,3,7,5,6,8]
1712491 [3,1,4,2,5]
1686565 [3,7,6,4,2,5,8,1,9]
1697436 [2,3,5,4,1]
1739856 [1,2,3,4,5,6]
21271 [9,8,3,6,4,2,1,7,5]
22895 [2,3,1,7,5,6,4]
22895 [2,1,5,6,7,4,8,3]
32222 [8,9,2,6,15,11,1,12,7,10,16,3,5,13,4,14]
32222 [5,7,6,1,4,2,8,3]
32222 [5,4,6,3,8,1,7,9,2]
32222 [10,9,8,3,4,1,2,6,7,5]
33736 [4,2,5,1,7,6,3]
60557 [1,2,3,4,5,6,7,8,9,10,11,12,13,14,15,16,17,18,19]
81492 [2,1,9,5,3,7,8,6,4]
81492 [2,3,4,1,5]
85849 [7,3,2,4,11,9,5,10,6,8,1]
1785149 [3,7,6,1,4,5,2]
1785149 [10,5,9,8,3,4,6,1,2,7]
1785149 [2,6,4,3,5,7,1]
1795319 [1,2,3,4,5,6,7,8,9,10,11,12,13,14,15,16,17,18,19,20,21,22,23,24,25,26,27,28,29,30,31,32,33,34,35,36,37,38,39,40,41]
1822647 [3,2,17,4,10,13,7,16,15,18,23,8,9,6,12,1,20,22,21,14,11,19,5]
1834502 [2,5,6,3,7,1,4]
1619579 [5,2,8,11,6,10,7,1,3,9,4]
1619579 [15,21,16,2,10,3,13,8,22,1,24,4,7,5,20,6,25,14,23,12,17,9,18,11,19]
1619579 [10,3,7,13,11,12,8,2,5,14,6,4,9,1,15]
1619579 [7,11,2,5,6,4,13,8,10,1,12,3,9]
1619579 [12,3,14,13,7,9,1,11,18,6,4,2,15,8,10,17,5,16]
1619579 [7,9,5,4,3,6,1,10,2,11,8]
1619579 [7,12,10,3,11,9,5,4,6,2,8,1,13]
1639620 [11,5,1,7,6,10,2,9,3,12,8,4]
2130951 [8,4,13,19,12,10,18,1,14,5,6,9,11,17,7,3,16,2,15]
2130951 [7,5,15,10,13,9,6,2,12,14,1,8,16,11,3,4]
2130951 [9,4,5,1,3,6,7,10,2,8]
2130951 [5,1,4,3,2]
2140356 [7,21,31,10,30,5,18,4,11,20,16,8,24,27,9,28,17,23,3,22,14,12,13,15,26,2,29,19,6,25,1]
2140356 [17,4,6,3,5,9,10,12,11,13,16,2,8,1,14,7,15]
2140356 [8,2,5,9,3,10,13,15,1,4,7,12,14,11,16,6]
2140356 [5,10,2,7,6,3,9,8,1,4]
2140356 [4,2,1,3,5]
2140356 [2,8,1,6,7,5,4,3,9]
2140778 [5,3,6,9,2,7,10,4,8,1]
2140778 [7,12,9,4,1,10,8,13,5,6,3,11,2]
2144231 [1,2,3,4,5,6,7,8]
2144231 [1,2,3,4,5,6]
2150451 [1,6,3,5,2,4]
1657590 [17,3,2,9,8,1,4,13,6,16,11,15,5,14,7,10,12]
1657590 [28,33,22,29,11,1,18,9,15,21,17,5,32,23,7,4,14,2,6,13,16,26,8,12,19,31,30,20,3,24,25,27,10]
1674041 [3,5,2,1,4,6]
1674041 [2,8,22,10,3,16,6,23,17,20,4,19,15,14,7,9,11,21,1,18,12,5,13]
1674041 [14,15,11,2,17,19,5,10,13,6,9,1,21,12,7,4,16,18,3,8,20]
1674041 [5,3,6,1,2,4]
1674041 [2,15,3,6,16,5,10,4,9,8,1,7,14,12,13,11]
1674815 [1,2,3,4,5,6,7]
1674815 [1,2,3,4,5]
1683484 [3,8,11,9,7,2,10,12,1,5,6,13,4]
1683484 [2,5,3,4,1]
1683484 [5,10,6,4,8,9,1,3,2,7]
1683484 [5,9,2,6,7,13,3,8,4,12,11,15,10,1,14]
1683484 [1,7,10,6,2,5,8,3,9,4]
1690618 [6,5,8,1,7,10,2,3,4,9]
1697436 [9,10,6,13,3,15,1,8,12,4,14,5,2,11,7]
1698616 [1,2,3,4,5,6,7]
1703304 [1,9,6,2,5,7,3,4,8]
1703304 [1,2,4,5,3,6]
1706553 [5,7,1,2,8,4,6,3]
1709931 [17,19,4,31,2,18,5,13,15,30,32,36,10,12,28,33,27,21,3,34,8,6,29,20,25,1,14,11,9,16,35,23,22,7,24,26]
1709931 [12,9,24,3,4,18,7,15,6,10,17,23,5,20,19,8,25,14,2,21,1,13,22,16,11]
1718838 [6,1,7,2,9,5,4,3,8]
1735089 [6,4,3,5,7,1,2]
1747023 [3,4,6,5,1,7,2,8]
1747023 [4,3,5,6,2,1]
1747023 [6,2,8,4,9,5,3,1,7]
1747023 [4,1,5,2,3,6]
1747023 [1,2,3,5,4]
1747023 [4,10,5,9,8,12,6,2,3,7,1,11]
1747023 [1,3,4,2,5,6]
1747023 [6,2,3,4,5,1]
1747023 [3,4,1,9,8,6,5,7,2]
1747023 [5,3,4,6,8,1,2,7]
1747023 [3,4,7,6,1,5,2]
1747023 [8,1,7,11,9,6,4,5,10,2,3]
1748436 [17,15,20,16,11,10,12,4,9,5,7,21,23,24,2,19,6,13,1,3,22,18,8,14]
1769232 [1,14,4,13,5,18,22,7,8,17,20,25,29,16,19,6,15,23,11,3,24,10,9,26,21,27,28,2,12]
1769232 [4,9,5,3,2,13,15,17,10,16,11,7,6,8,1,14,12]
1769232 [13,1,2,3,10,12,11,9,7,8,4,5,6]
1769232 [8,1,9,4,7,3,2,5,6]
1803121 [8,6,4,1,5,2,10,9,3,7,11]
1809250 [12,13,9,8,4,11,3,7,10,6,1,2,5]
1811637 [5,6,2,7,4,3,1]
1811637 [10,9,4,1,6,3,18,14,11,5,7,12,13,21,8,17,16,2,20,19,15,22]
1811637 [2,5,1,8,9,6,3,7,4]
1823251 [1,3,6,4,5,2]
1825805 [1,2,3,4,5,6,7,8,9,10,11,12,13,14]
1825805 [1,2,3,4,5,6,7,8,9,10]
1825805 [1,2,3,4,5,6,7,8,9,10,11,12,13]
1825805 [1,2,3,4,5,6,7,8,9,10,11,12,13,14,15,16,17,18,19,20,21,22]
1825805 [1,2,3,4,5,6,7]
1970644 [6,3,5,4,1,7,2]
81492 [17,6,10,15,20,14,8,11,19,9,7,5,4,2,13,12,18,3,1,16]
81492 [13,18,15,5,29,19,2,20,28,26,1,8,12,14,21,23,33,10,24,17,30,25,3,6,11,7,9,32,31,16,27,4,22]
82733 [6,7,4,3,1,8,2,5]
2452178 [1,2,3,4,5,6,7,8,9,10,11,12,13,14,15,16]
364113 [4,2,5,3,1]
374700 [1,2,3,4,5,6,7,8]
2010640 [3,5,2,8,6,1,9,7,10,11,4]
2010640 [7,2,5,6,1,3,4]
25809 [3,1,5,2,4,6,7]
25809 [7,8,5,3,4,12,2,1,10,6,11,9]
25809 [2,4,5,1,3]
25809 [9,7,14,4,15,6,11,3,12,5,8,10,2,13,1]
33736 [6,1,4,2,3,5]
1645664 [3,1,5,7,6,2,4]
1664967 [3,5,2,1,4,6]
1721133 [4,3,1,11,14,26,16,23,9,21,15,18,8,22,10,24,17,7,6,5,13,12,2,20,25,19]
1721133 [3,5,15,12,14,4,16,2,7,1,13,10,6,11,9,8]
1721133 [1,11,3,7,12,4,9,10,5,8,6,2]
1721133 [21,8,6,2,5,7,18,20,9,19,24,23,26,12,11,27,17,25,22,4,3,10,14,1,16,13,15]
1783728 [8,9,4,2,7,5,6,3,1]
1783728 [1,2,3,6,5,4]
1810529 [3,7,2,4,6,1,5]
1810529 [1,2,4,5,3]
1833688 [5,7,6,2,3,4,1]
1833688 [8,4,7,2,1,9,6,5,3]
1833688 [3,1,4,2,5]
1833688 [1,4,3,5,2]
2015664 [6,11,25,10,8,1,12,19,26,17,18,15,14,21,20,23,13,4,22,5,9,3,16,7,24,2]
2015664 [3,5,4,1,2]
2027502 [29,19,21,35,4,43,22,25,34,9,44,6,33,41,39,32,30,10,2,38,12,14,17,7,27,24,31,36,8,5,1,13,16,11,37,42,15,23,18,28,3,20,26,40]
2027502 [11,3,2,1,5,13,9,7,12,4,8,6,10,14,15]
2053307 [2,1,17,4,20,14,21,7,13,26,5,9,25,11,22,19,16,8,12,6,23,15,27,18,3,24,28,10]
2078799 [4,9,7,1,11,3,8,5,10,6,2]
2078799 [2,1,4,5,3]
2080681 [2,1,4,3,6,5]
2093437 [5,1,3,2,6,4]
2094831 [1,2,3,4,5,6]
2097831 [4,8,1,14,13,9,10,3,12,2,6,11,7,5]
2098487 [4,3,6,2,1,5]
2144690 [1,2,3,4,5,6,7]
2404803 [1,2,3,4,5,6,7,8,9,10,11,12,13,14,15,16,17,18,19,20,21,22,23,24,25,26,27,28,29,30,31,32,33,34,35,36,37,38,39,40,41,42,43,44,45,46,47]
2404803 [1,2,3,4,5,6]
755981 [6,3,7,4,5,1,8,2,9]
755981 [2,7,1,3,9,5,4,10,8,6]
1007544 [8,10,11,12,4,1,6,5,7,9,2,3]
1007544 [7,5,2,4,3,9,6,8,1]
1542756 [5,1,3,2,4]
1856951 [1,4,2,3,5]
1246374 [5,3,4,7,2,1,6]
1252393 [4,8,3,2,6,10,5,7,9,1]
1252393 [7,4,5,2,1,3,6]
2097831 [2,3,4,1,5]
2122044 [7,12,11,2,9,6,10,1,4,5,3,8]
2190812 [24,15,7,17,19,13,34,35,10,20,30,3,21,18,4,28,14,8,2,36,31,29,39,32,37,25,23,6,26,1,33,11,5,27,9,16,12,38,22]
2199061 [8,9,6,7,1,4,3,2,5]
653974 [30,22,17,28,15,2,25,18,29,23,4,24,3,5,14,19,10,21,16,1,20,7,27,13,8,11,26,6,9,12]
665079 [38,3,13,22,23,29,41,34,16,12,42,8,45,36,19,44,35,10,27,32,1,46,18,33,49,39,15,5,25,20,9,50,2,28,11,43,31,4,47,14,7,21,26,51,17,30,40,6,37,24,48]
2422795 [4,2,5,3,6,1,7]
2435758 [1,4,7,8,2,6,3,5,9]
2435758 [5,1,3,2,4,6,8,7]
581272 [1,2,3,4,5,6,7]
581272 [1,2,3,4,5,6]
591798 [9,4,8,6,7,2,3,5,1]
1418920 [1,2,3,4,5,6,7,8,9,10,11,12,13,14,15]
1856951 [3,5,1,2,4]
1856951 [4,3,6,1,5,2]
1856951 [4,3,5,2,6,1]
1856951 [5,2,7,4,3,6,1]
2014482 [3,9,5,6,10,13,4,14,1,12,2,7,8,11]
2044604 [3,1,8,9,5,6,7,2,4]
2068006 [10,8,5,3,1,9,6,2,4,12,11,7]
2088936 [1,2,3,5,4]
2088936 [6,7,8,9,2,4,1,10,3,5]
2088936 [5,6,2,4,3,7,1]
2204659 [8,4,3,5,6,1,7,2]
2378157 [3,1,5,4,2]
2378157 [5,3,1,4,2]
2540950 [5,7,1,4,6,3,2]
2540950 [10,6,4,1,2,5,9,7,8,3]
45078 [9,8,15,7,5,17,11,10,2,3,14,18,4,12,1,6,16,13]
45078 [1,6,5,3,4,2]
60557 [1,2,3,4,5,6,7,8,9]
60557 [1,2,3,4,5,6,7]
76658 [6,5,4,8,3,2,1,7]
76658 [3,4,1,5,2]
76658 [6,3,2,7,4,5,1]
1762623 [13,15,2,17,14,18,11,12,16,1,7,19,4,8,6,3,10,5,9]
1803121 [16,52,6,37,42,40,45,11,29,22,10,2,41,28,25,35,34,18,15,50,54,49,33,51,57,26,47,43,1,7,19,5,39,9,32,27,4,48,21,31,36,44,3,17,24,23,56,20,53,8,55,13,14,46,30,12,38]
1803121 [4,3,5,6,1,2]
1840567 [10,4,14,13,1,17,12,15,11,3,2,5,8,6,9,16,7]
321436 [1,2,3,4,5,6]
88591 [6,3,5,2,1,8,4,7]
88591 [4,2,7,3,5,1,6,8]
88591 [2,8,3,4,1,6,11,9,5,10,7]
88591 [8,18,17,2,3,10,19,12,9,11,1,20,6,5,16,13,15,14,7,4]
88591 [1,6,2,4,5,3]
88591 [7,6,5,4,1,3,2]
88591 [2,5,8,1,6,12,11,7,9,4,10,3]
88591 [4,5,13,6,10,2,9,14,8,11,1,3,12,7]
88591 [1,6,11,7,10,9,8,4,5,2,3]
88591 [10,8,6,2,1,5,3,11,4,9,7]
88591 [1,5,3,2,4,6]
1804602 [4,1,2,3,5,6]
1804806 [3,8,4,5,7,6,1,9,2]
1807325 [1,2,3,4,5]
1834502 [6,3,5,4,7,1,2]
1834502 [6,4,8,3,5,2,1,7]
2020878 [6,2,9,3,8,7,1,4,5]
2060487 [6,4,3,7,1,2,5]
264359 [3,1,2,6,5,4]
1762623 [9,8,5,10,7,3,2,11,6,12,1,4]
1783728 [39,25,24,7,2,17,14,9,3,26,22,1,4,32,36,11,23,21,37,6,29,10,33,43,38,31,35,20,41,13,27,5,40,15,12,18,34,42,30,16,8,28,19]
209258 [3,4,6,5,7,1,2]
321436 [1,2,3,4,5,6,7,8,9,10]
333499 [1,2,3,4,5,6,7,8,9,10,11]
333499 [1,2,3,4,5,6,7,8]
333499 [1,2,3,4,5]
268600 [3,2,6,5,4,1]
268600 [14,6,2,11,13,15,3,7,10,8,1,4,12,5,9]
301528 [1,5,2,4,3]
301528 [2,5,1,4,3]
301528 [3,1,5,4,2]
301528 [9,6,8,3,7,4,5,2,1]
413278 [20,26,22,15,14,23,18,17,6,9,2,12,24,25,19,13,5,1,8,7,10,4,11,16,3,21]
413278 [19,7,3,11,25,21,14,24,13,1,2,12,8,15,5,17,20,22,23,9,6,10,4,18,16]
413278 [1,6,5,4,3,7,2,9,8]
413278 [1,6,4,3,5,2]
413278 [8,17,3,6,1,9,19,2,16,7,22,15,21,12,20,4,13,18,11,10,5,14]
413278 [4,1,5,3,2,6]
413278 [5,2,10,7,4,1,3,8,9,6,11]
413278 [6,1,2,4,3,5,7]
413278 [2,6,1,8,5,9,3,7,4]
413278 [4,2,8,1,3,5,6,7]
413654 [5,3,2,4,1]
413654 [6,8,7,2,3,1,5,4]
581272 [1,2,3,4,5]
597793 [11,12,10,9,14,7,6,16,15,13,1,2,8,5,4,3]
2471516 [8,7,3,2,6,4,1,5]
2471516 [2,6,9,4,3,1,7,5,8]
2484251 [11,1,13,14,7,8,10,6,12,3,5,4,9,2]
642707 [15,14,11,13,1,2,9,5,18,10,3,8,4,12,6,7,16,19,17]
642707 [3,2,7,4,6,5,1,8]
642707 [8,9,2,5,3,4,6,7,1]
645703 [9,8,5,7,3,1,4,6,2]
699762 [4,1,7,9,8,3,6,5,2,10]
699762 [4,3,1,2,5]
716137 [1,2,3,4,5,6,7,8,9,10,11]
716137 [1,2,3,4,5,6,7,8,9,10,11]
732486 [2,4,6,1,3,5]
732486 [5,1,4,2,3]
732486 [3,4,7,1,8,5,6,2,9]
780905 [1,2,4,5,3]
780905 [1,3,7,5,6,2,4]
780905 [6,5,1,4,7,2,3]
780905 [2,5,4,6,3,1]
780905 [20,8,22,10,18,11,9,5,2,14,6,3,21,15,1,19,16,4,13,12,7,17]
789606 [1,2,3,4,5]
790962 [6,5,7,3,2,4,1]
790962 [6,3,7,4,10,2,9,1,8,5]
790962 [12,7,5,8,13,4,10,3,1,2,6,14,9,11]
790962 [3,5,2,4,1]
790962 [9,3,12,17,15,7,6,16,13,14,8,10,1,5,4,11,2]
790962 [8,1,9,5,3,13,2,6,11,4,12,10,7]
790962 [4,3,5,2,1]
790962 [3,10,2,4,5,6,1,8,9,7]
790962 [4,5,3,2,1]
793169 [4,10,7,3,5,9,6,2,1,8]
793625 [1,2,3,4,5,6,7,8,9,10,11,12,13,14]
793625 [1,2,3,4,5]
802669 [18,12,5,11,8,2,3,1,9,10,6,13,4,17,15,7,14,16]
802669 [8,1,14,12,13,3,15,5,16,11,17,9,7,6,4,2,10]
802669 [23,36,4,21,9,22,8,16,10,35,18,7,28,20,34,31,11,26,1,15,19,14,37,38,25,24,13,6,29,3,17,2,30,32,27,12,33,5]
802669 [1,8,16,24,19,14,21,12,2,10,5,25,20,13,3,4,6,15,22,18,7,23,9,17,11]
802669 [9,3,1,7,5,8,6,4,10,2]
802669 [7,4,6,3,9,1,11,2,10,12,8,5]
852601 [3,5,4,2,1,6,7]
1901483 [2,3,5,6,4,1]
1901483 [1,4,5,7,2,3,6]
1901483 [3,1,2,6,8,7,4,5]
1901483 [2,3,1,4,5]
1901483 [1,8,6,7,4,3,5,2]
1926205 [1,2,3,4,5,6,7,8,9]
1926205 [1,2,3,4,5,6,7,8,9,10,11,12,13,14]
1941520 [3,5,4,2,1,6]
1941520 [2,5,1,3,6,4]
1952887 [9,3,16,12,11,2,14,1,4,15,7,10,13,6,5,8]
636116 [4,7,12,16,8,2,9,1,10,15,11,13,3,14,6,19,5,20,17,18]
636116 [13,6,9,12,5,3,11,8,14,7,4,2,10,16,15,1,17]
636116 [1,5,4,2,3]
636116 [3,1,2,5,4]
642958 [2,3,1,4,5]
688189 [13,8,1,6,4,14,2,9,10,7,5,12,3,11,15]
710166 [1,2,3,4,5,6,7]
710166 [1,2,3,4,5]
710166 [1,2,3,4,5]
711028 [17,11,10,6,12,20,23,4,7,18,1,15,5,14,21,9,2,22,3,13,19,16,8]
2023211 [1,4,3,2,5]
2071560 [18,20,14,1,15,8,13,19,9,16,7,4,11,12,3,21,5,2,17,10,6]
2071560 [15,7,1,8,11,3,4,13,16,18,9,6,5,14,12,2,17,10]
2071560 [12,24,3,27,8,10,6,5,19,1,4,15,14,22,18,11,23,9,25,13,16,21,28,20,17,7,26,2]
2071560 [10,11,3,9,4,7,8,5,1,12,6,2]
850590 [5,4,1,2,3]
850590 [36,30,3,16,17,20,27,8,35,13,19,25,24,14,9,34,11,1,29,23,37,22,18,2,12,5,26,15,10,4,28,21,7,6,32,31,33]
850590 [12,2,14,11,5,7,8,13,4,16,15,6,17,10,9,1,3]
935922 [6,1,3,2,7,5,4]
935922 [5,3,10,1,2,6,8,7,9,4]
935922 [4,1,2,5,3]
944122 [15,12,1,7,9,11,6,5,3,14,10,4,8,16,13,2]
965694 [1,2,3,4,5,6,7,8,9,10,11,12,13,14,15,16,17,18,19,20,21,22,23,24,25,26]
965694 [1,2,3,4,5,6,7,8,9,10,11,12,13,14,15,16,17,18]
965694 [1,2,3,4,5,6,7,8,9,10,11,12,13,14,15,16,17,18,19,20,21,22,23,24,25,26,27,28,29,30,31,32,33,34,35,36,37,38,39,40,41,42,43,44,45,46,47,48,49,50,51,52,53,54,55,56,57,58]
971837 [4,5,8,11,12,10,6,2,9,3,7,1]
971837 [3,7,2,8,5,4,6,1]
978501 [1,2,3,4,5]
980498 [5,7,3,1,10,4,8,6,2,9,11]
994753 [1,4,6,8,7,3,2,5]
994753 [4,2,8,10,1,6,7,5,9,3]
994753 [26,2,23,8,5,12,6,28,21,27,3,18,9,11,25,19,7,1,13,20,22,10,15,4,14,16,17,24]
994753 [1,2,5,3,6,4]
994753 [4,2,3,6,5,1]
994753 [11,4,5,1,9,10,12,3,8,2,6,7]
985452 [4,5,1,8,6,7,3,2]
1020886 [6,10,9,7,4,5,3,1,2,8]
1020886 [1,3,5,2,4]
1079447 [1,2,3,4,5,6,7,8,9,10,11,12]
1079447 [1,2,3,4,5,6,7,8,9]
1086656 [6,4,1,2,5,3]
1086726 [7,9,4,2,5,1,6,3,8]
1086726 [12,6,7,1,11,3,10,2,8,14,5,9,13,4]
1092441 [4,7,6,1,2,3,5]
1092441 [17,12,11,8,10,5,2,6,16,4,20,15,1,7,18,9,3,21,14,19,13]
1092730 [7,21,26,10,34,36,27,5,3,11,20,13,6,39,9,19,15,23,28,32,30,40,4,25,17,16,1,37,24,18,31,12,35,14,22,38,33,2,8,29]
1092730 [3,1,5,4,2]
1118206 [7,1,2,3,6,5,4]
1138925 [4,8,3,2,1,9,6,5,7]
1138925 [4,11,46,48,38,27,51,14,47,37,6,42,7,43,1,21,28,52,44,24,8,29,10,26,9,49,39,45,18,5,12,50,32,34,25,35,33,30,36,20,19,16,13,22,23,17,40,31,2,3,41,15]
1970644 [3,11,2,1,10,8,12,4,7,9,6,5]
1970644 [3,1,2,6,4,5]
1991269 [7,3,1,4,8,9,5,10,6,2]
1991269 [2,6,3,5,1,4]
1991269 [5,1,4,3,2]
1991269 [4,9,1,2,10,8,5,7,6,3,11,12]
1991269 [1,4,3,2,5,6]
2404803 [1,2,3,4,5,6,7,8,9,10,11,12,13,14,15,16,17]
2404803 [1,2,3,4,5,6,7,8,9]
2405002 [2,3,5,4,6,1]
2405002 [12,6,10,5,7,1,8,2,3,11,9,4]
2405181 [1,2,3,4,5,6]
2405181 [1,2,3,4,5,6,7]
2414221 [6,3,5,1,4,7,2]
2414221 [5,1,2,6,4,3]
2414221 [7,6,5,1,3,2,8,4]
978884 [7,4,1,2,9,6,8,5,3]
1072326 [6,2,7,8,1,4,3,5]
1092441 [11,7,4,13,6,5,15,1,10,14,2,12,3,8,9]
1092441 [12,17,5,10,15,16,6,11,13,18,1,14,3,19,7,4,2,9,8]
1103145 [1,2,3,4,5]
1103145 [1,2,3,4,5]
1143249 [1,2,3,4,5,6,7,8,9,10,11,12,13,14,15,16,17,18,19,20,21]
1143249 [1,2,3,4,5,6,7,8]
1143249 [1,2,3,4,5,6,7,8,9,10,11,12,13,14,15,16]
1143249 [1,2,3,4,5,6,7,8,9,10,11,12]
1143249 [1,2,3,4,5,6,7,8,9,10,11,12,13]
1143249 [1,2,3,4,5,6,7,8,9,10,11,12,13,14,15,16,17,18]
1230526 [4,5,7,9,2,8,3,6,1]
1230526 [2,5,3,1,4,6]
1230526 [6,5,3,1,4,2]
1336589 [5,1,2,6,7,3,4]
1336589 [13,8,1,12,5,14,4,10,19,6,2,11,17,3,7,18,9,15,16]
1791251 [17,7,10,9,2,5,12,8,16,3,11,15,13,14,4,6,1]
759182 [1,2,3,4,5,6,7,8,9,10,11,12,13,14,15,16,17,18,19,20,21,22,23,24,25,26,27,28,29,30,31,32,33,34,35,36,37,38]
761089 [5,4,7,11,3,6,9,8,2,10,1]
761089 [6,5,4,10,11,1,8,3,9,7,12,2]
761089 [4,10,2,15,7,25,24,22,17,11,20,6,9,23,19,16,5,1,26,14,13,21,12,18,3,8]
761089 [6,2,3,8,9,5,4,1,7]
761089 [19,12,17,5,16,11,4,2,15,7,14,18,10,3,9,1,6,13,8]
761089 [5,13,7,2,1,6,4,10,12,8,11,3,9]
761089 [6,1,2,9,5,13,7,10,11,8,3,12,4]
761089 [6,9,1,7,8,10,5,2,4,3,11]
761089 [15,13,20,18,19,16,12,8,11,14,5,9,2,4,7,17,21,3,10,1,6]
761089 [7,9,1,6,12,5,8,2,13,11,10,4,3]
761089 [1,12,6,14,9,11,4,13,10,7,5,8,2,3]
761089 [5,7,6,10,9,4,12,8,3,1,11,2]
1791251 [60,1,5,15,7,6,68,27,64,41,13,57,43,23,54,32,48,10,61,18,44,21,14,26,12,31,29,20,52,50,42,49,24,25,67,53,40,59,2,8,46,45,56,4,17,16,22,34,37,65,36,38,47,66,33,55,58,19,51,35,30,9,39,62,3,28,11,63]
1827042 [2,1,4,7,8,6,3,5]
2395238 [4,3,2,5,1]
2395238 [4,3,1,5,2]
2404803 [1,2,3,4,5]
2404803 [1,2,3,4,5,6,7]
2404803 [1,2,3,4,5,6,7,8]
1692398 [30,21,26,31,20,27,10,34,23,29,28,7,32,15,22,24,3,33,14,9,12,35,2,19,5,1,4,16,25,8,17,18,13,11,6]
1692398 [1,5,2,3,4]
1692398 [3,2,4,1,5]
1709931 [2,6,7,3,5,1,4]
1709931 [3,2,7,5,4,6,1]
1856951 [7,4,6,3,1,5,2,9,8]
1930942 [31,23,17,1,18,4,27,6,12,7,19,15,32,11,26,29,10,25,28,9,30,2,21,3,16,22,5,14,20,13,24,8]
1930942 [4,6,2,5,1,3,7,8]
1462963 [23,11,6,12,7,13,20,9,22,26,19,5,10,18,16,3,21,24,17,2,1,8,25,14,15,4]
1467758 [1,2,3,4,5,6,7]
1467758 [1,2,3,4,5,6,7,8,9,10,11,12,13,14,15,16,17,18,19,20,21]
1467758 [1,2,3,4,5,6,7,8,9,10,11]
1467758 [1,2,3,4,5,6,7,8,9,10,11,12,13]
2306684 [2,3,1,4,5]
2306684 [1,7,5,4,2,3,6]
2326725 [3,5,7,6,1,4,2]
2583035 [4,10,1,9,3,6,8,2,7,5]
2583035 [2,1,4,5,3]
2583035 [3,4,2,1,5]
2583035 [3,1,4,2,5]
2583035 [2,1,6,5,3,4]
2583035 [7,11,12,2,10,9,4,1,13,5,6,3,8,14]
2583035 [5,1,7,6,3,2,4]
2583035 [3,6,9,7,2,1,8,10,4,5]
135488 [4,6,5,2,3,1]
22779 [3,1,7,4,5,6,2]
2420256 [3,1,5,2,4]
2420256 [8,4,15,5,9,7,10,3,11,6,12,14,13,2,1]
2430325 [3,5,1,4,2]
2540950 [3,2,1,4,7,5,6]
36131 [10,11,9,3,7,2,1,8,6,5,4]
43932 [8,2,1,5,4,7,11,3,10,6,9]
43932 [2,19,7,3,24,5,18,10,21,16,23,8,17,13,1,25,11,6,20,22,12,9,14,26,4,15]
76658 [3,5,2,4,1]
76658 [4,3,5,2,1]
95968 [2,23,20,4,22,8,14,15,12,11,17,18,5,6,3,9,10,24,21,7,19,1,13,16]
110458 [6,9,5,1,11,14,13,3,10,7,12,2,4,8,15]
168638 [5,3,1,4,2,6]
168769 [8,5,6,10,1,4,7,3,9,2]
168769 [2,10,4,3,5,7,11,13,15,9,6,14,8,1,12]
189524 [8,1,6,4,5,3,7,2]
189524 [3,5,1,4,6,2]
194623 [1,2,5,6,8,3,10,7,9,4]
441426 [4,5,2,3,1]
521637 [9,2,1,7,5,4,3,8,6]
521351 [7,13,21,11,12,19,10,5,8,16,9,3,4,20,24,17,23,6,1,18,15,22,14,2]
922256 [8,12,18,13,11,16,3,23,27,6,15,19,17,25,26,22,1,2,28,20,10,14,24,5,4,21,7,9]
1640761 [5,1,4,3,2]
1640761 [6,1,5,3,2,4]
1640761 [1,4,8,7,5,3,2,6]
1955113 [5,9,6,2,1,3,7,4,8]
1984028 [2,4,3,5,1]
1984028 [3,5,4,6,1,2]
2121124 [1,9,8,6,5,2,7,10,4,3]
2121124 [7,12,16,10,17,2,1,14,11,8,4,15,5,13,6,9,3]
2143620 [14,6,4,1,11,9,3,2,12,8,7,10,15,13,5]
2540950 [5,2,4,1,6,3]
210846 [7,10,11,3,1,4,2,6,5,12,9,8]
405547 [1,2,6,5,3,4]
405547 [17,9,4,15,3,8,14,6,10,12,5,7,11,2,13,16,1]
405547 [3,2,1,4,5]
405547 [5,1,6,7,2,4,8,3,9]
568369 [7,6,4,1,5,3,2]
568369 [7,3,2,6,1,5,4]
568369 [3,1,2,4,5]
2490461 [1,2,3,4,5]
2511290 [1,2,3,4,5,6,7,8,9,10,11,12,13,14,15,16]
2511290 [1,2,3,4,5]
2511290 [1,2,3,4,5,6,7,8]
2511290 [1,2,3,4,5,6,7,8,9,10,11,12,13,14,15,16,17,18,19,20,21,22,23,24,25,26,27,28,29,30,31,32,33,34,35]
2511290 [1,2,3,4,5,6]
2526874 [1,2,3,4,5,6]
2580963 [1,2,3,4,5,6]
2585449 [3,1,2,4,5]
2585449 [7,8,5,2,6,4,1,3]
808364 [6,3,2,5,4,1,7]
1990738 [1,5,2,4,3]
1990738 [5,6,4,3,1,2]
1992684 [3,15,4,17,20,18,22,23,11,9,19,10,16,21,5,8,13,2,6,7,12,1,24,14]
2044604 [5,10,12,16,22,2,23,11,17,27,7,31,13,14,36,30,9,18,15,26,25,33,24,6,29,35,4,8,3,34,19,32,21,1,20,28]
2169267 [10,1,2,6,3,9,5,8,7,4,11]
2169267 [2,4,3,5,1]
2368665 [3,11,9,15,7,5,10,6,14,1,4,12,8,13,2]
2471663 [14,15,5,9,10,11,7,13,3,8,16,4,12,6,17,1,2]
2471663 [2,1,4,3,5]
2471663 [4,2,1,5,3]
2471663 [14,1,6,2,3,12,13,4,10,9,5,7,11,8]
2471663 [4,5,2,1,3]
2471663 [18,11,5,4,3,7,14,17,15,13,1,10,9,8,2,12,6,16]
2471663 [9,4,1,3,8,5,11,7,12,10,2,13,6]
2471663 [5,4,3,6,2,1,7]
2496538 [1,2,3,4,5,6,7]
1293118 [5,3,2,1,4,6]
1309075 [3,1,5,4,9,6,7,10,8,2]
1321771 [1,2,3,4,5,6,7]
50692 [1,2,3,4,5,6,7,8,9,10,11,12,13,14,15,16,17,18]
61977 [12,7,14,13,3,8,2,1,6,11,4,5,10,9]
81492 [8,9,3,7,2,4,5,6,10,1]
81492 [2,8,16,7,9,4,11,6,17,14,19,13,20,10,15,3,18,5,12,1]
81492 [1,21,12,25,6,9,5,28,27,2,22,19,10,18,13,4,15,26,11,7,16,23,8,20,14,3,29,17,24]
81492 [12,11,2,10,22,8,6,21,15,20,17,19,9,3,14,16,18,13,5,4,7,1]
842691 [4,6,1,3,5,2]
842691 [3,1,5,2,6,4]
842691 [4,1,7,2,5,6,3]
842691 [1,5,4,3,6,2]
842691 [5,9,4,3,8,1,6,10,2,7]
842691 [3,9,2,7,4,6,8,5,1]
842691 [4,6,9,8,2,7,1,3,5]
842691 [5,3,2,1,4]
329462 [5,4,2,6,1,3]
407553 [12,5,3,13,10,8,7,11,1,2,4,6,9]
900378 [9,6,2,5,4,8,1,3,7]
900378 [2,18,1,19,16,5,24,12,22,10,21,26,23,11,27,4,17,15,14,20,9,3,7,13,8,25,6]
900378 [1,2,15,17,3,5,20,23,19,8,18,11,10,21,13,4,9,16,6,22,7,14,12]
62577 [1,2,3,4,5,6,7,8,9,10,11,12]
2242701 [1,3,5,4,2,6]
2242701 [4,1,2,5,3]
2242701 [4,5,2,3,1]
2242701 [6,4,3,2,1,7,5]
2242701 [6,7,5,2,3,4,1,9,8]
239513 [5,2,6,1,7,8,4,3]
244367 [8,1,4,5,3,2,6,7]
134633 [4,2,11,12,8,1,10,3,9,6,5,7]
134633 [2,5,4,1,6,7,3,10,9,8]
134633 [8,2,3,7,6,5,4,9,1]
134633 [1,6,11,2,3,8,10,7,5,9,4]
338752 [4,8,5,1,9,6,2,3,7]
338752 [8,2,10,11,18,14,19,3,17,1,15,5,12,6,13,16,4,9,20,7]
338752 [12,10,11,8,9,5,6,14,3,1,4,13,7,2]
2520299 [5,3,2,8,1,7,6,4]
2520299 [6,5,7,1,4,3,2]
2528780 [6,1,7,9,2,4,3,5,8]
261181 [2,1,3,4,5]
264359 [3,5,6,4,1,7,2]
264359 [3,2,6,4,1,7,9,10,5,8]
268600 [22,55,4,16,57,34,41,28,54,30,63,1,29,9,21,65,18,25,56,45,26,36,48,42,52,43,58,39,20,12,60,61,53,5,64,47,24,50,6,35,46,49,62,31,27,11,40,44,17,8,3,13,51,37,7,14,66,23,33,38,15,2,19,59,10,32]
273844 [1,2,3,4,5]
273844 [1,2,3,4,5,6,7,8,9,10,11,12]
367419 [3,2,6,4,1,7,5]
367419 [12,5,3,9,4,2,10,7,8,6,11,1]
374121 [3,1,2,5,4]
337540 [2,1,5,3,4]
337595 [1,6,8,2,4,11,10,13,3,7,12,9,5]
1143918 [11,28,5,15,18,8,3,12,20,1,14,10,23,13,24,16,31,7,29,32,9,30,6,17,26,21,4,22,19,27,2,25]
1143918 [18,6,7,9,11,13,3,15,10,17,12,2,5,1,4,8,14,16,19]
1230526 [4,1,6,2,9,3,7,8,5]
1230526 [3,4,5,2,6,1]
1230526 [10,11,8,12,3,2,5,6,1,4,13,7,9]
1230526 [2,5,4,1,3]
459098 [5,3,1,2,4]
367419 [1,2,4,9,5,8,3,10,6,7]
367419 [2,9,4,7,8,1,5,3,6]
367419 [8,1,16,7,3,12,13,10,14,15,9,4,6,11,17,2,5]
367419 [7,3,2,5,6,1,4]
367419 [2,7,5,3,6,4,8,1]
367419 [4,8,1,3,6,2,5,7]
367419 [3,4,1,5,7,2,6]
477614 [10,8,1,9,6,5,4,7,3,2]
378743 [5,4,1,3,2]
393986 [1,2,3,4,5,6,7]
393986 [1,2,3,4,5,6,7,8,9,10,11,12,13,14,15,16,17,18,19,20,21,22,23,24,25,26,27]
399574 [6,2,4,3,5,1,7]
399574 [8,3,4,6,5,1,7,2]
2451375 [1,2,3,4,5,6]
2468575 [4,3,5,6,2,1]
2468575 [4,5,3,6,7,8,1,2]
2468575 [2,5,4,6,3,1]
2468575 [5,1,3,4,2]
1193431 [3,4,8,7,9,6,2,1,5]
755106 [1,2,3,4,5,6,7]
757408 [7,3,8,4,2,5,1,6]
757408 [5,6,3,1,2,4]
806521 [7,2,6,21,13,10,31,22,8,30,18,3,14,28,17,15,20,12,32,23,5,29,16,27,9,11,4,24,1,19,26,25]
806521 [10,6,9,3,8,2,11,1,7,4,5]
211816 [8,5,7,2,3,6,1,4]
211816 [6,3,7,5,4,1,2]
849040 [32,2,31,27,19,20,16,17,11,5,4,14,25,13,7,28,22,15,1,10,23,3,26,24,21,12,8,6,18,30,29,9]
849040 [21,23,10,7,8,18,22,20,19,17,12,15,6,24,5,9,1,14,13,4,2,11,16,3]
852601 [5,1,4,2,3]
856313 [2,1,4,3,5,6]
978714 [1,2,3,4,5,6,7,8,9,10,11,12,13,14,15,16]
980094 [18,21,2,15,10,12,11,14,3,4,19,7,16,8,9,13,17,1,6,5,20]
988299 [7,10,8,6,4,11,1,2,3,9,5]
1023832 [6,5,1,4,3,7,2]
1023832 [5,20,19,23,3,10,9,2,6,21,13,11,8,4,15,12,18,22,1,17,16,7,14]
1023832 [1,6,2,3,4,5]
392101 [6,2,3,1,4,5]
393986 [1,2,3,4,5,6,7,8,9,10,11,12,13,14,15,16,17,18,19,20,21,22,23,24,25,26,27,28,29,30,31,32,33,34,35,36,37,38,39,40,41,42,43,44]
337540 [17,7,5,19,6,14,16,9,13,15,10,1,8,11,18,2,4,3,12]
337540 [6,5,1,2,4,3]
768249 [1,2,5,4,3]
777348 [7,2,1,4,8,3,5,6]
778460 [11,10,16,7,21,18,17,2,15,20,3,8,5,12,4,6,22,14,9,19,13,1]
778460 [3,4,1,2,5,6]
778460 [2,1,4,5,3]
778460 [7,10,9,6,4,8,3,2,1,5]
826937 [1,2,3,4,5,6]
836518 [1,2,3,4,5,6]
1449688 [7,3,5,6,2,11,12,13,8,1,4,10,9]
757408 [4,1,5,3,2]
768249 [1,2,6,7,8,3,5,4,9]
768249 [22,33,23,8,15,6,32,39,7,42,21,26,14,38,16,13,11,24,17,10,34,36,41,30,1,43,19,12,25,9,20,27,31,5,29,2,40,28,4,18,35,37,3]
768249 [1,4,5,2,6,3,7]
768249 [4,2,1,3,5]
768249 [7,1,5,2,4,3,8,6]
965694 [1,2,3,4,5,6,7,8,9,10,11,12]
971837 [2,3,1,5,4]
859097 [4,5,3,2,1]
859097 [13,5,16,12,10,7,3,19,20,1,14,11,4,8,15,17,6,18,2,9]
859097 [5,4,1,6,2,3]
859097 [2,7,1,5,3,4,8,6]
859097 [10,7,4,12,1,2,13,3,8,6,9,11,5]
1006353 [1,2,3,4,5,6,7,8,9,10,11,12,13,14,15]
1023832 [1,3,8,7,5,9,2,6,4]
750497 [21,31,25,11,4,8,40,24,22,6,28,9,41,23,20,2,39,32,29,14,33,34,12,37,15,13,30,7,5,17,27,18,10,3,35,26,38,19,16,1,36]
750497 [5,13,14,24,12,11,6,21,22,3,9,20,10,7,23,8,4,18,1,15,19,25,16,2,17]
750497 [9,6,1,14,10,4,13,2,5,3,12,11,7,8]
867679 [1,2,4,6,3,5]
2292094 [1,2,3,4,5,6,7,8,9,10,11,12,13,14,15]
2292094 [1,2,3,4,5,6,7,8,9,10,11,12,13,14]
2294377 [1,2,3,4,5,6,7]
387363 [1,6,5,2,4,3]
1094259 [2,7,5,3,6,9,10,11,12,4,8,1]
1094259 [11,7,10,15,2,3,13,4,14,9,8,17,6,16,5,1,12]
1094259 [3,5,2,1,4]
1094259 [3,5,2,9,11,8,4,1,10,6,7]
1104073 [6,5,3,4,1,2]
1104073 [2,6,1,5,4,9,8,10,7,3]
1104073 [8,5,6,1,2,7,4,3]
1012145 [1,2,3,4,5]
1012145 [1,2,3,4,5,6,7,8,9,10,11,12]
2377698 [3,8,1,4,9,2,6,7,5]
831059 [4,1,7,2,6,3,5]
441426 [6,8,5,3,12,7,2,10,9,1,4,11,13]
716137 [1,2,3,4,5,6,7]
839118 [10,5,8,6,2,7,1,12,14,4,3,11,13,9]
839118 [7,11,1,6,2,9,3,4,10,8,5]
839118 [2,9,8,11,3,6,1,7,4,5,10]
839118 [1,3,7,6,4,5,2,9,8]
839118 [8,6,5,9,2,3,4,7,1,10]
839118 [2,6,4,10,9,11,1,8,5,3,7]
839118 [16,12,4,5,11,8,2,9,10,7,1,3,13,15,14,6]
839118 [9,5,12,2,1,6,7,11,10,13,4,3,8]
839118 [5,6,4,1,3,2]
839118 [11,7,8,20,15,14,19,4,5,16,1,18,2,9,10,6,12,3,13,17]
839118 [1,2,4,5,6,3,7,8]
839118 [1,7,6,5,4,3,2]
839118 [6,19,4,18,3,10,17,13,8,1,5,2,9,14,15,7,12,16,11]
839118 [9,13,4,10,11,3,12,2,7,6,5,8,1]
842691 [5,6,7,4,17,13,10,2,11,12,18,3,16,1,9,8,14,15]
842691 [5,1,3,4,2,6]
842691 [1,4,3,2,6,5]
842691 [7,5,8,10,4,15,2,6,9,11,14,3,12,13,1]
852601 [1,5,7,2,6,4,3]
965694 [1,2,3,4,5,6,7,8]
965694 [1,2,3,4,5]
965694 [1,2,3,4,5,6,7,8]
1029687 [8,2,3,5,1,7,6,4]
1043430 [1,2,3,4,5,6,7,8,9]
1043430 [1,2,3,4,5,6,7,8,9,10,11,12]
1043430 [1,2,3,4,5]
1043430 [1,2,3,4,5,6,7,8,9,10,11,12,13,14,15,16,17,18,19]
1043430 [1,2,3,4,5,6,7]
1043430 [1,2,3,4,5,6,7,8,9,10,11]
1043430 [1,2,3,4,5,6,7,8,9,10,11,12,13,14,15,16,17,18,19,20,21]
2296992 [8,6,2,3,5,1,7,4,9]
918965 [3,2,4,1,6,7,5]
930903 [13,3,12,10,2,5,11,8,1,7,6,4,9]
1339103 [5,4,7,2,6,8,3,9,1]
1353550 [2,3,4,6,5,1]
239513 [4,6,1,3,5,8,9,7,2]
321436 [1,2,3,4,5]
321436 [1,2,3,4,5,6,7,8]
321436 [1,2,3,4,5]
581272 [1,2,3,4,5,6]
1594652 [2,3,4,8,7,1,5,6]
1594652 [6,14,10,9,4,12,7,2,13,8,3,11,5,1]
1912304 [2,4,1,5,3]
2023960 [19,18,1,24,2,3,15,7,22,12,10,14,11,13,21,5,9,20,23,6,4,8,16,26,25,17]
2143620 [4,6,7,3,1,2,5]
2143620 [13,2,8,20,15,4,9,6,10,16,12,17,3,5,7,1,11,19,14,18]
2143620 [1,4,3,2,5]
2143620 [2,8,6,5,4,3,7,1]
365556 [1,2,3,4,5,6]
365556 [1,2,3,4,5]
365556 [1,2,3,4,5,6,7,8,9,10,11,12,13,14,15,16,17,18,19,20,21,22,23,24]
1562772 [3,6,4,1,8,5,7,2,9]
1246374 [1,3,5,4,2]
1246374 [1,4,30,10,11,28,6,22,38,35,39,31,16,19,13,25,21,37,33,2,17,36,8,14,5,18,27,24,26,23,15,34,12,7,3,29,20,32,9,40]
1246374 [1,12,11,13,4,10,14,3,9,2,5,8,7,6]
1246374 [6,5,2,3,1,4]
1246374 [1,3,2,5,4]
1246374 [12,4,9,5,3,10,2,7,1,11,8,6]
1252393 [3,2,4,10,7,5,8,1,6,9]
1252393 [2,1,10,8,6,5,9,7,11,3,4]
1462963 [2,3,4,1,5]
1470906 [1,2,3,4,5,6]
1470906 [1,2,3,4,5,6,7,8,9,10,11]
1470906 [1,2,3,4,5,6,7,8]
1111675 [1,2,3,4,5]
1216284 [15,20,7,21,12,16,8,14,9,6,11,5,13,18,17,10,3,19,2,4,1]
1216284 [4,5,1,10,6,8,9,2,7,3]
615468 [2,8,7,1,9,3,4,5,6]
1377811 [2,3,10,8,7,4,9,11,5,6,1]
1377811 [6,8,2,7,3,9,4,5,10,1]
1377811 [10,3,21,18,11,4,8,20,16,19,13,12,5,17,7,9,1,2,15,14,6]
1377811 [6,13,12,10,8,11,4,3,5,9,1,14,2,7]
1383987 [7,8,9,2,10,3,6,4,1,5]
1452931 [1,2,3,4,5,6]
1104073 [3,5,4,7,6,2,1]
1104073 [3,6,7,8,1,2,4,9,5]
905223 [9,10,4,11,5,2,3,1,6,7,12,8,13,14]
905223 [20,5,9,11,16,23,15,4,19,18,12,17,6,8,14,22,2,24,21,3,1,13,7,10]
905223 [11,18,13,17,4,9,25,22,5,2,16,7,10,19,23,8,1,14,3,26,21,24,15,12,20,6]
905223 [2,23,5,18,10,8,12,7,9,6,11,19,16,3,26,25,4,15,24,21,1,17,22,14,20,13]
905223 [16,17,9,24,1,3,19,25,7,21,5,8,10,18,13,2,14,11,20,12,23,15,4,6,22]
1542753 [11,12,15,13,6,1,16,4,10,7,17,3,8,2,14,9,5]
645703 [4,9,8,3,2,10,6,1,7,5]
778460 [3,4,2,5,1]
793625 [1,2,3,4,5,6,7,8,9,10,11,12,13,14]
793625 [1,2,3,4,5,6,7,8,9,10,11,12,13,14,15,16,17,18]
1383364 [1,2,3,4,5]
1383364 [1,2,3,4,5,6,7,8,9,10,11]
1383364 [1,2,3,4,5,6,7,8,9,10]
1383364 [1,2,3,4,5,6,7,8,9,10,11,12,13,14,15]
1383364 [1,2,3,4,5,6,7,8,9,10,11,12,13]
1383364 [1,2,3,4,5,6,7,8,9]
1383364 [1,2,3,4,5,6,7,8,9,10]
1383364 [1,2,3,4,5,6,7,8,9,10,11]
1383364 [1,2,3,4,5,6]
1541887 [4,3,1,5,2]
1541887 [1,3,7,8,2,5,4,6]
1541887 [23,42,20,9,29,46,19,28,47,44,4,34,41,40,32,26,37,8,24,36,39,7,15,11,45,38,33,17,1,16,3,6,14,25,5,12,22,10,30,43,21,18,27,13,2,31,35]
1541887 [4,3,5,8,9,6,7,1,2]
1541887 [6,9,3,4,10,1,5,2,7,8,11]
1541887 [11,7,14,1,3,12,13,2,8,10,5,4,9,6]
1542939 [12,10,6,8,2,1,4,11,3,7,5,9]
1542939 [7,4,6,8,3,10,1,9,5,2]
1579040 [4,9,10,12,6,8,5,1,3,7,2,11,13,14]
1595250 [12,7,8,11,13,4,2,6,15,10,14,5,9,3,1]
1598988 [1,3,8,6,4,7,2,5]
1598988 [5,1,4,3,2]
2019514 [16,13,21,5,12,2,11,10,1,14,17,22,19,20,4,6,9,18,8,15,7,3]
2406851 [1,3,2,6,5,4]
2406851 [6,1,5,2,4,7,3]
1111675 [1,2,3,4,5,6]
1111675 [1,2,3,4,5,6,7]
1111675 [1,2,3,4,5,6,7]
814889 [4,6,7,3,1,2,9,8,5]
814889 [7,1,6,4,5,2,3]
814889 [1,5,7,8,4,3,2,6]
814889 [2,6,3,1,8,4,5,7]
723369 [2,1,4,3,5]
935922 [8,7,1,6,3,5,4,2,9]
1674815 [1,2,3,4,5,6]
1674815 [1,2,3,4,5,6,7,8]
2218211 [1,2,3,4,5,6]
2218211 [1,2,3,4,5]
2226651 [5,2,6,3,4,1]
137963 [1,3,2,6,5,7,4]
150224 [5,3,1,4,2,6,7]
150224 [13,4,10,8,16,17,6,1,9,18,2,14,7,12,15,3,5,11]
171187 [1,2,3,4,5,6,7,8,9,10,11,12,13,14,15,16]
171187 [1,2,3,4,5,6]
192781 [2,3,6,7,4,1,5]
192781 [1,5,4,2,3,6]
192781 [3,4,1,2,5,7,6]
192781 [12,5,14,4,9,1,6,3,7,2,10,11,13,8]
192781 [4,5,7,6,2,3,1]
192781 [4,5,7,2,3,6,8,1]
192781 [10,7,5,8,9,2,4,1,3,6]
192781 [5,1,8,9,3,2,6,4,7]
192781 [1,7,9,3,4,6,2,8,5]
192781 [4,5,6,2,1,3]
192781 [1,4,6,3,5,2]
192781 [6,2,4,5,1,7,3]
192781 [3,2,6,8,5,7,4,1]
192781 [2,6,4,1,3,5]
192781 [2,5,6,3,1,4,7]
244218 [2,1,3,4,5,6]
244367 [5,6,1,3,4,2]
244367 [6,3,7,5,1,2,4]
244367 [4,1,5,3,2]
244367 [4,8,1,10,5,12,13,11,2,7,16,9,14,15,6,3]
244367 [7,1,2,5,3,4,6]
244367 [9,2,1,5,3,8,6,4,7]
1810529 [3,5,4,2,1]
1823910 [15,19,3,18,22,14,26,34,8,31,11,27,10,9,17,24,12,4,25,20,33,7,32,21,1,29,13,5,23,28,6,2,30,16]
2236439 [1,8,14,4,5,2,3,9,17,10,11,6,15,19,20,18,16,13,7,12]
780905 [8,9,1,3,4,12,5,7,14,2,11,6,15,10,13]
790962 [1,3,5,4,2]
790962 [5,1,4,3,2]
1404181 [4,5,3,2,1,6]
2143620 [8,18,16,6,27,20,7,23,13,28,21,19,1,26,10,3,24,15,14,4,2,17,25,5,9,22,11,12]
2143620 [10,9,14,12,15,1,8,7,6,11,17,2,18,19,16,3,4,13,5]
2143620 [11,7,12,14,8,9,4,10,2,6,1,3,5,13]
2143620 [10,13,24,35,6,14,37,29,17,15,27,21,19,3,31,12,26,8,7,22,11,32,30,18,25,16,1,23,4,39,40,34,28,5,36,20,38,9,2,33]
1014041 [1,2,3,4,5,6,7,8,9,10,11,12,13,14,15,16]
1405440 [1,2,3,4,5,6,7,8]
1405440 [1,2,3,4,5]
1245874 [8,4,2,7,5,3,1,6]
2246473 [2,3,4,1,5]
2246473 [2,4,1,3,5]
2435758 [5,4,1,2,3]
2435758 [2,3,4,5,1]
260059 [10,1,12,3,14,4,6,7,8,13,11,9,5,2]
289998 [2,3,6,5,4,1]
335397 [14,2,13,4,6,8,7,5,9,11,3,10,1,12]
365556 [1,2,3,4,5,6,7,8,9,10,11,12,13,14,15]
350265 [6,5,4,3,8,9,2,7,1]
82733 [5,3,4,1,2]
109259 [18,16,17,13,15,8,22,4,12,3,20,10,5,11,19,14,2,6,7,21,1,9]
109259 [3,5,1,2,8,10,6,4,9,7]
2370657 [3,7,10,6,5,2,9,8,4,1]
2370657 [3,6,11,12,5,10,1,7,4,8,2,9]
2370657 [3,2,4,5,1]
2379844 [10,9,4,5,2,6,7,1,3,8]
741821 [12,4,3,11,7,2,8,10,9,5,13,6,1]
741821 [5,2,3,4,1,6]
761089 [16,19,23,1,7,4,15,17,5,6,8,22,11,10,18,12,21,14,2,13,3,9,20]
761089 [11,6,20,28,7,18,24,4,26,15,10,13,23,14,19,2,5,8,21,27,3,16,12,1,25,22,9,17]
761089 [3,6,2,5,4,1]
761089 [15,1,9,24,13,11,5,10,14,17,21,2,3,23,22,8,16,20,7,19,6,4,12,18]
761089 [5,6,12,15,2,11,13,14,10,1,4,7,8,9,3]
761089 [26,9,25,23,17,4,19,7,24,22,14,21,16,8,10,3,20,18,2,6,15,27,12,5,11,13,1]
761089 [9,2,4,6,8,3,1,5,7]
764274 [1,7,3,4,2,8,5,6]
264359 [3,7,2,4,8,9,6,5,1]
264359 [4,1,2,3,5]
1572176 [1,2,3,4,5,6,7,8,9,10,11,12]
1012145 [1,2,3,4,5,6,7,8,9]
1014041 [1,2,3,4,5,6]
1031008 [5,6,2,1,4,3]
2069966 [13,12,5,14,4,8,2,6,11,3,1,7,9,10]
2110847 [29,27,52,50,8,23,75,68,60,74,39,71,10,33,40,67,24,70,38,65,77,66,37,9,6,30,5,62,25,34,49,19,21,59,47,44,28,3,46,36,18,69,48,32,1,42,11,22,76,43,12,58,20,41,13,26,15,51,57,64,7,31,63,56,53,55,72,2,35,4,14,54,45,16,61,73,17]
2415367 [6,4,12,9,10,5,3,11,2,8,7,1]
2415367 [11,3,7,1,9,4,2,6,10,5,8]
2574644 [5,2,6,7,9,10,4,8,3,1]
2574644 [3,5,1,2,4,6]
2574644 [5,6,2,4,7,3,1]
2574644 [4,3,2,5,1]
2575952 [3,4,6,1,9,5,7,8,2]
2575952 [1,3,4,6,5,2,7]
2578206 [4,1,2,3,5]
2578206 [9,17,3,7,12,2,10,8,14,11,16,15,5,4,1,13,6]
2578206 [26,20,2,18,24,17,25,14,10,9,13,5,7,6,22,16,21,15,12,19,23,4,11,3,1,8]
1331272 [4,1,2,3,5]
1331272 [4,7,2,3,5,6,1]
1331272 [2,6,7,8,3,5,4,1]
1331513 [8,3,2,7,1,10,4,9,11,5,6]
1331513 [5,6,3,1,4,2]
1331513 [4,1,6,3,5,2]
1992684 [1,4,9,11,2,13,6,7,10,12,14,8,3,5]
1992684 [7,6,2,5,3,8,4,1]
1992684 [5,4,1,3,2]
2414972 [6,2,4,1,3,5]
927695 [1,2,3,4,5,6,7]
2140778 [3,8,10,6,14,1,11,9,15,7,13,16,12,2,4,5]
2281424 [2,1,3,4,5]
2281424 [4,3,5,1,6,2]
2281424 [4,13,11,7,3,6,12,10,9,2,1,5,8]
2289794 [6,2,7,5,10,13,12,8,4,11,3,9,1]
510680 [6,1,9,7,3,2,5,8,4]
510680 [1,7,4,3,2,8,9,5,10,6]
510680 [21,26,7,16,11,18,19,13,23,9,20,8,24,5,3,22,25,4,12,14,6,17,2,1,10,15]
510680 [11,12,13,5,4,9,10,8,15,2,6,14,7,3,1]
510680 [3,6,8,2,7,10,5,13,9,4,11,12,1]
1339103 [2,4,5,1,3]
986406 [5,6,1,3,2,4]
1918023 [1,2,3,4,5]
1918023 [1,2,3,4,5]
1918023 [1,2,3,4,5,6,7,8,9,10,11,12,13,14,15,16]
1918023 [1,2,3,4,5,6,7,8,9,10]
1918023 [1,2,3,4,5,6]
1918023 [1,2,3,4,5]
2126801 [1,2,3,4,5,6,7,8,9,10,11,12]
1520051 [1,2,3,4,5,6,7,8]
2169267 [4,2,3,1,5,6]
2221814 [2,3,4,5,1]
2226651 [4,3,8,12,1,11,5,9,7,6,2,10]
2203548 [3,5,4,1,2]
2203548 [6,7,9,4,5,3,10,8,1,2]
2203548 [14,9,15,16,11,3,4,18,17,8,12,2,10,5,13,6,7,1]
2204659 [10,11,24,27,4,26,12,29,23,13,1,6,9,17,21,2,15,20,5,28,16,25,22,14,8,7,19,3,18]
2204659 [14,3,8,16,21,12,9,22,18,20,6,1,10,4,2,19,13,7,5,17,11,15]
2204659 [4,6,1,3,5,2]
2272218 [1,2,3,4,5,6,7,8,9,10,11,12,13,14,15,16,17,18]
2272218 [1,2,3,4,5,6,7]
2272218 [1,2,3,4,5,6,7]
441426 [14,15,17,18,16,9,10,7,1,13,4,2,6,12,11,5,3,8]
548891 [5,1,4,3,2]
1117666 [4,10,8,7,1,6,3,5,2,9]
2269158 [2,11,15,14,10,1,7,8,16,12,13,9,3,17,4,5,6]
2269158 [6,7,8,2,5,1,9,3,4]
2269158 [5,6,8,7,3,2,4,1]
2291746 [1,2,3,4,5,6,7,8,9,10,11,12,13,14,15,16,17,18,19,20,21,22,23,24,25]
2291746 [1,2,3,4,5,6]
2291746 [1,2,3,4,5,6]
2292659 [1,6,3,2,7,4,5]
1171223 [5,4,6,2,3,1]
2392766 [4,8,5,3,1,6,9,7,2]
25809 [8,5,14,4,2,15,3,7,11,12,10,13,6,1,9]
26594 [2,3,4,5,1]
26594 [8,4,3,6,2,1,5,7]
26594 [25,18,23,1,24,15,9,22,21,26,2,13,6,12,8,4,20,16,5,3,19,7,10,11,17,14]
26594 [3,1,5,2,4]
29681 [2,3,1,7,5,6,4]
29681 [5,16,7,1,11,13,14,9,15,12,10,3,8,4,6,2]
43932 [2,7,9,10,8,5,11,1,6,3,4]
46534 [4,5,1,2,3]
1200688 [2,1,6,3,4,5]
1200688 [5,4,2,3,6,1]
2097149 [20,5,22,14,26,25,19,23,7,10,3,9,15,18,12,24,8,27,4,16,17,6,1,2,11,21,13]
1347637 [1,8,9,3,6,7,5,11,2,10,4]
1621087 [3,4,6,1,5,2,7,8,9]
1621087 [5,2,3,4,1]
1636133 [1,4,3,2,5]
760446 [8,4,7,10,9,6,5,2,3,1]
760446 [11,5,8,14,6,4,3,10,1,7,13,9,15,12,2]
760446 [24,20,22,1,23,12,2,9,3,10,11,18,31,13,29,16,32,15,25,26,33,21,6,30,4,7,8,17,5,19,28,14,27]
1117666 [1,6,5,4,8,7,3,11,9,10,2,12]
1622906 [7,6,5,1,3,8,2,4]
1622906 [12,2,8,11,4,3,7,13,10,1,9,5,6]
1622906 [4,6,5,7,10,12,8,11,3,2,9,1]
1622906 [6,8,9,7,4,12,1,3,2,5,11,10]
1622906 [7,2,10,8,9,4,6,1,5,3]
1924396 [1,2,3,4,5,6,7]
1976045 [2,3,5,1,4]
2097831 [1,2,5,4,3]
1645664 [12,7,11,9,1,8,2,6,15,4,3,13,14,10,5]
1654428 [6,3,5,7,4,2,1]
1664967 [8,9,16,11,17,7,5,18,12,13,4,15,3,2,6,14,19,10,1]
1664967 [2,3,4,1,5,7,8,6]
1697436 [1,8,5,6,2,7,4,3]
1697436 [15,5,7,11,3,16,10,12,2,14,1,9,13,4,8,6]
1728794 [3,2,5,1,4]
1735089 [11,2,3,5,9,4,6,16,14,7,17,8,15,10,12,1,13]
1748436 [2,5,1,6,4,7,3]
1807325 [1,2,3,4,5,6,7,8,9,10,11,12,13,14,15,16,17,18,19,20,21,22,23,24,25]
1807325 [1,2,3,4,5,6,7,8,9]
1811637 [3,5,6,4,1,2]
1811637 [2,3,7,6,1,4,5]
1811637 [11,7,10,6,9,2,13,3,1,12,4,5,8]
1811637 [6,12,9,1,14,8,2,13,10,4,5,11,3,7]
1823235 [5,8,3,4,2,7,10,9,1,6]
304809 [1,2,3,4,5,6,7,8,9,10,11,12,13]
307417 [5,6,2,4,3,1]
321436 [1,2,3,4,5,6,7,8,9]
321436 [1,2,3,4,5,6,7,8]
1851127 [1,2,3,4,5,6,7,8,9,10]
1851127 [1,2,3,4,5,6,7,8,9,10,11,12,13,14,15,16,17,18,19,20,21]
1851127 [1,2,3,4,5,6,7,8,9,10,11,12,13]
1851127 [1,2,3,4,5,6,7,8,9,10,11,12,13,14,15]
2378157 [1,3,2,4,5]
2420256 [12,4,3,9,7,10,8,11,15,13,2,6,14,1,5]
2420256 [5,2,12,13,6,1,11,7,10,14,15,9,4,8,17,16,3]
264359 [9,8,2,10,3,1,4,11,6,7,5]
1331854 [12,6,2,3,10,7,11,4,5,9,8,1]
1744285 [3,7,6,5,2,4,1]
1955113 [6,3,5,2,4,1]
1955113 [17,14,27,28,10,12,1,19,9,6,2,8,15,4,24,13,29,22,30,25,20,23,3,21,26,7,11,5,18,16]
1955113 [10,3,6,8,2,1,9,5,7,4]
2044604 [1,5,2,3,6,4]
2044604 [6,5,1,4,3,2]
2068006 [6,8,3,2,4,7,5,9,1]
2068006 [16,11,4,7,20,10,15,1,18,6,13,14,5,12,17,2,8,19,9,3]
2068006 [1,3,6,5,2,4]
2121124 [8,7,6,10,2,5,12,3,13,1,4,9,11]
2121124 [11,9,10,12,5,1,8,3,7,6,13,4,2]
2281424 [2,5,1,3,4]
2420256 [7,3,2,5,8,4,6,1,9]
2420256 [35,39,32,29,19,2,15,44,23,34,45,17,31,14,46,28,5,54,25,30,52,48,43,24,18,38,47,41,12,33,27,21,37,50,26,10,36,13,22,42,4,55,49,9,1,16,7,51,40,11,20,3,6,56,53,8]
1874962 [5,2,4,3,1]
1874962 [3,4,2,5,1]
1874962 [1,5,3,4,2]
1901938 [20,9,15,23,2,19,7,6,21,25,1,13,11,10,12,4,14,18,22,5,3,24,17,16,8]
1908097 [3,2,1,5,4]
407553 [4,5,2,3,6,1]
407553 [3,1,2,5,4]
463733 [3,15,7,10,8,4,9,12,11,14,13,2,5,16,1,6]
463733 [13,20,16,27,2,5,8,4,1,14,24,22,21,29,3,18,15,11,17,25,28,26,7,6,12,23,10,19,9]
510680 [11,3,19,5,14,23,24,16,18,10,9,7,6,21,15,1,2,17,20,12,8,13,22,4]
2511290 [1,2,3,4,5]
2511290 [1,2,3,4,5]
2511290 [1,2,3,4,5,6,7,8,9,10,11,12,13,14]
2511290 [1,2,3,4,5,6]
2511290 [1,2,3,4,5,6]
2511290 [1,2,3,4,5,6,7,8]
2548347 [5,2,6,7,3,1,4]
2548347 [4,9,3,10,5,2,1,7,8,6]
51752 [3,4,6,7,5,1,2]
317862 [1,4,3,2,5]
463733 [3,9,4,7,1,2,6,5,8]
463733 [1,2,3,4,5]
1009292 [24,34,27,32,19,18,8,35,20,2,12,15,25,28,16,3,30,10,13,23,5,26,33,29,1,14,17,31,9,6,7,11,4,21,22]
1009292 [5,2,4,1,3,6]
1593535 [3,9,6,8,7,5,4,1,10,2]
1593535 [1,4,5,2,3,6]
1593535 [4,3,2,1,5]
1593535 [5,1,2,4,3,6]
1647768 [7,2,4,1,3,6,5,8]
2564495 [8,6,10,4,5,11,12,13,3,7,2,1,9]
2564495 [3,6,7,8,4,2,5,1]
2578206 [6,10,5,8,9,7,3,4,2,1]
2578206 [3,5,1,4,2]
2584367 [1,2,3,4,5,6,7,8,9,10]
1687310 [20,16,19,10,22,8,18,13,1,15,14,9,4,12,3,2,5,21,7,6,17,11]
1687310 [4,6,2,3,1,5,7]
1693059 [4,3,6,5,2,1]
1697436 [5,9,10,6,7,3,8,4,1,2,11]
1699516 [10,18,5,20,17,11,3,14,19,9,8,6,13,12,16,2,4,7,1,15]
1718049 [14,23,9,17,10,16,29,4,25,12,13,24,22,11,30,19,3,26,5,27,28,21,18,15,1,20,2,7,8,6]
1725399 [8,20,15,4,9,13,22,3,1,21,19,11,17,6,25,12,24,10,5,18,16,7,14,2,23]
1748436 [5,3,7,1,9,4,8,6,2]
1753136 [48,14,26,38,46,23,4,39,2,10,15,24,32,52,28,56,41,3,35,31,16,47,40,20,22,19,8,29,49,45,1,36,7,34,43,33,55,54,44,11,50,51,21,37,17,9,27,53,30,42,12,25,6,13,5,18]
1769232 [13,12,18,14,7,17,10,15,9,3,5,16,19,2,1,4,6,8,11,20]
1802703 [11,13,1,8,12,15,5,14,2,10,3,4,7,9,6]
1855660 [13,16,12,8,5,14,7,9,15,11,10,1,3,2,6,4]
19181 [8,21,10,23,26,41,4,19,29,13,32,17,25,40,38,18,16,37,33,22,30,15,44,7,42,9,1,24,31,12,34,45,3,35,36,39,28,20,14,47,5,27,43,11,46,2,6]
1020886 [4,2,3,5,6,1]
1020886 [21,3,1,12,29,20,28,14,7,2,19,18,9,27,11,26,4,10,13,16,17,8,5,22,15,6,23,24,25]
1308113 [12,8,11,13,3,4,10,2,6,1,7,5,9]
71413 [4,1,2,3,5]
134166 [3,5,4,6,1,2]
143799 [1,2,3,4,5,6,7,8,9,10,11]
143799 [1,2,3,4,5]
194623 [8,7,4,11,1,13,12,6,2,9,10,5,14,3]
201433 [21,15,8,1,16,9,23,11,20,2,7,13,10,12,19,6,4,22,5,17,14,18,3]
201433 [9,3,6,2,7,4,8,5,1]
201433 [20,9,21,14,2,11,7,10,4,3,12,16,15,18,6,17,5,1,19,8,13]
201433 [12,14,10,16,4,1,7,2,11,8,15,9,6,5,13,3]
201433 [8,1,3,7,6,4,2,5]
201433 [16,19,12,14,4,13,9,25,20,31,32,15,18,2,24,26,30,28,7,21,1,11,33,8,22,27,6,10,5,29,3,17,23]
201433 [1,3,4,10,12,6,9,5,2,7,8,11]
201433 [19,10,5,4,22,14,1,18,11,6,16,12,3,21,15,20,29,25,24,27,23,2,8,26,28,7,9,13,17]
201433 [3,6,10,1,9,14,12,15,11,5,2,13,4,8,7,16]
201433 [10,5,6,1,4,7,2,9,8,3]
201433 [1,5,2,3,4,6]
201433 [2,10,5,12,4,3,6,9,13,1,7,8,14,11]
201433 [1,10,12,9,8,3,4,5,7,2,11,6]
201433 [11,1,23,20,6,27,12,16,26,2,21,7,28,17,3,19,10,22,18,30,24,4,29,15,5,14,25,9,13,8]
201433 [7,3,5,4,6,9,10,8,1,2]
201433 [12,13,5,2,9,7,6,4,11,10,1,3,8]
201433 [15,5,4,7,1,8,9,6,10,11,13,3,14,12,2]
201433 [25,13,8,19,12,20,2,17,26,24,18,1,15,3,4,23,11,22,27,16,7,14,6,21,10,9,5,28]
201433 [11,16,10,5,3,1,9,4,14,12,2,13,7,6,15,8]
201433 [4,12,16,14,2,5,11,6,13,9,7,3,1,15,10,8]
1012145 [1,2,3,4,5,6,7,8,9,10,11,12,13,14,15,16,17]
81492 [9,18,29,1,21,15,4,10,17,16,22,2,33,6,14,11,28,23,34,5,25,24,7,19,20,32,8,13,3,37,26,36,35,31,27,30,12,38]
81492 [1,4,2,5,6,3]
81492 [28,38,15,34,25,18,3,19,26,20,22,35,31,14,39,5,40,13,17,29,10,27,21,12,33,32,23,6,37,30,7,2,11,8,9,4,1,16,24,36]
81492 [10,2,11,8,9,13,1,4,12,7,5,3,6]
1562772 [1,6,7,2,4,3,5]
1585102 [11,5,6,10,4,1,3,9,2,8,7]
1636133 [3,4,8,5,7,1,6,2]
2433810 [3,11,9,8,6,10,5,2,1,4,7]
2433810 [5,8,6,1,4,7,2,3]
2451375 [1,2,3,4,5,6,7,8,9,10,11]
2451375 [1,2,3,4,5,6]
2452178 [1,2,3,4,5]
329462 [3,2,5,4,1]
329462 [2,6,5,3,1,4]
1686860 [29,69,5,59,18,12,24,56,70,34,25,10,53,37,63,23,6,66,67,68,45,54,40,1,13,58,2,60,61,3,62,16,7,47,21,48,42,17,50,36,4,22,65,32,8,35,41,44,20,33,11,28,26,19,31,14,43,9,39,15,51,72,52,49,57,71,46,55,38,64,27,30]
2515364 [12,2,9,5,3,11,10,4,8,7,6,1]
1467043 [13,9,16,15,7,6,11,1,12,3,10,17,2,5,4,14,8]
1469458 [4,13,3,19,10,2,8,15,17,14,1,16,5,6,12,18,9,7,11]
1469458 [4,1,3,7,5,2,6]
1470906 [1,2,3,4,5,6,7]
1470906 [1,2,3,4,5,6,7,8,9,10]
1692398 [1,5,6,3,2,7,4]
1701108 [15,17,21,18,5,4,2,1,7,12,19,8,11,16,14,13,20,3,6,10,9]
1732429 [5,2,4,9,7,6,1,3,8]
135488 [4,1,5,2,6,3]
631807 [6,1,5,2,8,4,7,3]
631807 [1,8,3,2,4,7,5,6]
631807 [5,7,1,2,3,6,4]
631807 [3,6,2,4,8,7,5,1]
1542768 [1,4,2,3,5]
1542768 [6,5,7,3,1,2,8,4]
1542768 [12,34,24,13,28,22,4,23,14,21,26,29,1,18,9,19,30,16,32,8,31,7,33,27,3,2,6,15,20,5,35,10,25,17,11]
1542768 [15,12,11,8,3,10,1,6,2,14,7,9,5,4,13]
1542768 [17,2,16,15,20,21,8,10,7,18,3,19,9,6,11,5,4,12,1,13,14]
1542768 [3,14,17,15,22,10,20,9,18,2,1,16,13,21,7,8,12,4,11,19,6,5]
1546322 [1,7,5,3,4,6,2]
1692398 [4,3,5,2,1]
1692398 [2,6,3,11,8,7,10,9,1,4,5]
1703263 [6,2,4,7,5,3,1]
1728794 [9,2,7,14,1,5,11,13,8,15,4,10,3,6,12]
1728794 [4,2,3,10,8,11,1,5,6,7,9]
1728794 [4,5,2,1,3]
1747023 [6,5,1,2,4,3]
1748436 [1,2,3,7,5,6,4,8]
1748436 [3,9,7,4,6,11,13,8,14,5,12,15,1,2,10]
1748436 [6,5,2,4,1,3,8,7]
1752803 [1,2,3,4,5]
2242311 [8,4,14,21,16,5,18,3,13,7,9,19,15,11,6,10,20,12,2,17,1]
2242311 [21,16,11,15,12,2,19,8,5,1,4,17,10,9,13,6,18,3,14,7,20]
2242311 [6,11,1,5,2,3,7,10,9,8,4]
2242311 [5,2,1,3,4]
1766065 [7,52,36,31,17,40,2,44,45,47,38,11,34,14,3,32,16,26,22,20,48,55,42,54,12,50,9,39,35,15,46,49,10,5,21,51,23,28,30,4,13,19,24,27,29,43,41,53,25,37,1,6,18,8,33]
1766065 [3,7,2,5,6,1,4]
1766065 [3,5,6,9,7,4,8,2,1]
1766065 [6,21,19,8,18,4,5,28,9,15,13,7,23,2,20,11,22,29,3,27,26,14,24,16,17,10,12,25,1]
1769232 [22,10,17,8,18,9,12,1,7,6,16,23,11,21,14,5,2,13,20,4,3,19,15]
2292659 [6,3,1,2,5,4]
2292659 [3,7,9,1,10,6,4,8,2,5]
958682 [1,2,3,4,5,6,7]
1014041 [1,2,3,4,5]
1035318 [5,4,2,3,6,1]
1091343 [24,8,15,9,23,7,12,18,6,5,17,4,16,22,2,14,13,20,21,19,1,11,10,3]
1092441 [2,3,1,5,6,4]
1092441 [2,4,1,5,6,3]
1094259 [4,16,7,8,15,11,9,12,14,6,13,2,5,10,3,1]
1094259 [4,11,2,12,16,19,18,3,14,21,15,6,13,9,17,10,22,8,20,7,5,1]
1094259 [21,23,17,4,20,19,13,12,14,2,16,8,3,7,10,9,25,1,6,26,5,24,11,18,22,15]
1094259 [7,12,11,4,10,9,5,13,1,6,2,8,3]
1094259 [3,6,13,5,4,11,12,9,7,1,10,8,2]
1182135 [1,3,2,4,5]
1190935 [11,2,12,9,14,10,13,8,5,15,6,3,7,4,1]
1213548 [12,2,4,15,10,13,17,14,5,1,11,16,7,8,3,9,6]
110458 [4,1,2,3,5]
171559 [5,4,1,7,9,6,12,13,3,11,2,8,10]
171559 [4,2,1,10,7,3,6,8,9,5]
1498918 [4,2,3,5,6,1]
187651 [8,5,2,7,4,3,6,1]
187651 [2,6,4,3,7,5,1,8]
402756 [14,5,10,8,2,13,6,1,7,12,3,15,9,4,11]
402756 [5,8,7,2,1,6,4,3]
510680 [4,5,6,1,2,3]
631807 [15,10,4,8,2,14,1,13,6,11,9,7,5,3,12]
808364 [6,2,7,8,1,4,5,3]
1255547 [3,4,1,2,5]
1368005 [3,1,4,2,5]
1769232 [1,6,7,2,3,4,9,5,8]
891255 [7,27,6,17,12,11,1,22,13,14,8,16,18,21,10,20,5,2,3,23,19,24,15,4,25,9,26]
1020886 [4,5,7,6,2,9,10,8,3,1]
1020886 [3,6,1,4,5,2]
1020886 [3,9,7,2,8,6,1,4,5]
1047632 [4,1,2,7,5,8,10,11,3,9,6]
1047938 [1,2,3,4,5,6,7]
2127351 [17,15,14,1,11,10,6,3,2,12,7,20,16,19,13,4,8,5,9,18]
1071040 [1,2,3,4,5,6,7,8]
1090573 [3,1,5,2,4]
1092441 [6,10,2,1,8,3,5,4,9,7]
1094259 [13,23,21,16,20,17,7,22,24,8,5,3,9,10,11,19,15,18,26,6,2,12,14,25,4,28,1,27]
1104073 [21,8,14,3,4,12,7,13,11,15,23,16,9,18,17,20,10,22,5,1,2,6,19]
1104073 [1,2,4,3,5,8,6,7]
1117666 [6,7,2,3,5,1,4]
1118206 [2,5,4,3,1,6]
1218901 [14,1,11,8,4,9,13,2,7,5,6,15,10,3,12]
1218901 [2,1,5,3,4]
1218901 [16,1,9,7,3,5,17,14,2,6,18,13,12,20,11,19,10,4,8,15]
1221502 [8,17,19,18,12,7,4,15,23,1,5,20,22,14,11,10,6,16,2,13,3,9,21]
1221502 [9,37,1,12,28,44,29,11,15,3,2,30,49,38,45,7,34,50,4,35,24,19,17,33,42,22,6,27,41,39,5,18,23,48,13,43,26,46,47,16,14,8,25,32,36,40,10,21,31,20]
1246374 [1,7,6,2,5,3,4]
1246374 [1,5,6,2,4,3]
1246374 [3,4,5,1,2]
1834502 [4,2,3,1,5]
2093437 [8,4,7,17,16,1,5,15,3,6,2,14,9,10,11,12,13]
2219455 [7,11,10,2,9,6,1,5,4,8,3]
2219455 [4,1,3,7,2,9,8,6,5]
2246162 [3,5,6,2,9,7,4,8,1]
2261018 [2,7,18,9,17,15,14,20,10,3,16,11,6,5,13,21,4,8,1,19,12]
2261018 [2,5,3,4,1]
2261018 [4,5,6,3,2,1]
2261018 [1,3,11,2,10,6,8,4,7,5,9]
2261018 [1,2,5,3,4,6]
2267404 [1,6,9,14,5,11,12,13,2,4,10,3,8,7]
2267404 [2,4,6,3,8,5,7,1]
2403487 [32,6,10,11,21,7,26,24,19,28,27,12,2,33,8,18,30,20,3,22,4,17,31,25,13,5,9,1,23,16,14,15,29]
2414972 [10,5,2,6,16,1,4,9,14,11,18,3,17,13,7,15,12,8]
2414972 [7,4,6,1,5,3,2]
172491 [7,3,9,10,11,4,6,2,8,1,5]
172491 [17,7,8,10,1,13,11,20,19,6,5,18,14,16,9,4,15,3,2,12]
172491 [3,1,5,4,7,8,2,6]
172491 [3,11,13,9,6,7,5,4,10,2,1,12,8]
172491 [5,4,2,6,3,1]
2484251 [5,2,1,4,3]
2490461 [1,2,3,4,5,6]
2532069 [1,2,3,4,5,6]
2532069 [1,2,3,4,5,6,7,8,9,10,11]
2579603 [15,2,4,11,5,1,3,13,8,12,16,10,9,14,6,7]
210846 [11,9,2,3,10,6,4,8,1,7,5]
210846 [2,1,5,3,4]
631807 [6,9,10,3,7,4,5,11,1,8,2]
755981 [44,23,32,5,46,43,12,7,27,47,48,15,16,31,30,20,51,2,29,10,38,54,25,42,24,6,9,22,28,26,14,45,21,18,37,8,35,17,39,19,36,3,55,52,50,13,34,41,4,53,49,33,56,40,11,1]
808364 [6,5,1,4,3,8,2,9,7]
1408741 [1,3,4,5,6,2,7]
1430901 [1,2,3,4,5]
1430901 [1,2,3,4,5,6,7,8,9]
1430901 [1,2,3,4,5,6]
1450284 [9,13,23,4,6,18,14,3,16,10,17,11,29,5,12,24,20,31,33,28,2,26,19,32,1,7,8,21,27,15,34,25,22,30]
1450284 [9,6,12,15,13,4,1,14,10,11,2,7,16,17,8,5,3]
1450284 [6,1,3,7,4,2,5]
1450284 [1,30,32,37,2,36,5,18,20,16,29,26,21,34,14,23,12,8,6,7,3,38,10,25,4,13,35,15,19,33,28,9,22,27,31,17,24,11]
1450284 [6,10,11,12,9,4,3,2,7,13,8,14,5,1]
1450284 [2,1,9,6,7,5,8,3,4]
1450284 [12,6,14,11,1,7,13,2,3,8,9,5,10,4]
1450284 [12,2,17,10,5,1,6,13,18,15,16,8,7,9,3,11,4,14]
1450284 [4,1,9,3,2,6,7,5,8]
1450284 [5,2,8,4,1,6,7,10,9,3]
1450284 [3,5,1,9,7,4,2,8,6]
1450284 [5,6,3,4,2,1]
1450284 [1,2,6,5,7,8,3,4]
22779 [2,1,4,3,5]
24184 [5,4,7,8,6,1,2,3]
50692 [1,2,3,4,5,6,7,8,9,10,11,12,13,14,15,16,17,18,19,20,21,22,23,24,25,26,27,28,29,30,31,32,33,34,35,36,37,38,39,40,41,42,43,44,45,46,47,48,49,50,51,52,53,54,55,56,57,58,59,60,61,62,63,64,65]
60557 [1,2,3,4,5,6,7,8,9,10,11,12,13,14,15,16,17,18,19,20,21,22,23,24,25,26,27,28,29]
60557 [1,2,3,4,5,6,7,8,9,10,11,12]
61977 [15,8,2,14,5,17,3,13,6,1,7,10,4,16,12,11,9]
755981 [5,9,3,6,2,1,4,8,7]
755981 [7,8,6,5,9,1,4,2,3]
1500590 [5,7,1,8,11,10,9,4,15,12,13,14,3,2,6]
2292659 [3,7,6,4,2,1,5]
2383262 [3,12,9,6,10,1,2,8,5,13,7,11,4]
118159 [1,2,3,4,5,6,7]
118159 [1,2,3,4,5]
171777 [31,44,22,23,68,58,47,66,54,33,48,39,41,63,38,6,15,52,45,21,56,35,51,26,57,29,37,59,14,12,61,2,36,13,55,11,25,7,50,8,65,30,3,9,42,62,34,53,24,67,69,64,1,5,46,18,17,32,60,10,43,27,4,40,49,20,19,16,28]
171777 [8,5,6,7,1,4,3,2]
182355 [5,3,2,4,1]
182355 [4,8,10,9,3,1,5,7,2,6]
1001055 [2,9,5,6,7,1,4,3,8]
1001055 [1,15,10,16,26,23,22,12,27,8,24,4,25,5,21,13,18,2,9,19,14,3,17,20,11,7,6]
1021080 [6,8,4,9,2,5,7,1,3]
1021080 [15,1,7,19,21,8,2,14,17,6,12,3,18,11,5,4,10,16,9,20,13]
450577 [5,12,13,11,6,4,9,1,8,7,10,3,2]
510680 [5,6,2,1,3,4]
510680 [8,11,14,1,2,4,5,13,7,12,3,10,15,6,9]
510680 [2,11,8,6,7,3,1,10,4,9,5]
1033225 [7,25,17,23,5,2,6,21,16,24,15,4,18,12,26,19,28,13,8,3,1,14,27,11,20,10,22,9]
1500590 [3,2,1,5,4,6]
1500590 [1,4,5,2,3]
1500590 [2,1,5,4,3]
2392766 [3,5,4,1,7,6,8,2]
2414972 [1,12,10,16,15,8,3,13,9,5,2,6,4,11,7,14]
2452178 [1,2,3,4,5,6,7,8,9]
2452178 [1,2,3,4,5,6,7]
900378 [2,7,6,3,4,1,5]
1744285 [11,8,9,4,16,18,3,10,14,19,17,7,12,1,20,5,13,15,2,6]
1856951 [3,7,1,4,2,6,5]
1856951 [1,5,6,4,2,3]
1907146 [9,1,2,8,4,5,6,3,7]
2212062 [6,7,11,5,1,12,8,4,13,10,2,3,9]
1117666 [3,6,1,2,5,4]
1131819 [6,4,5,7,3,2,1,8,9]
1131819 [5,2,6,1,8,7,3,4,9]
1138925 [6,1,8,2,7,5,4,3,9]
1138925 [3,6,8,1,7,2,4,5]
1138925 [11,5,2,1,8,3,4,7,6,10,9]
1205381 [1,3,2,4,5]
1218901 [3,4,5,2,1]
1218901 [25,6,21,19,11,3,18,9,1,5,14,16,4,22,13,23,17,7,20,12,10,8,24,15,2]
1245658 [1,2,3,4,5,6,7,8,9,10,11,12,13,14,15,16,17,18,19,20,21,22,23,24]
1248618 [1,2,3,4,5,6,7,8,9,10,11,12,13,14,15]
1248618 [1,2,3,4,5,6,7,8,9,10,11,12,13,14]
1286303 [1,2,6,9,5,10,4,3,7,8]
1331513 [1,5,6,4,3,7,2]
1542756 [1,10,4,13,8,7,6,9,2,12,5,11,3]
1542756 [14,5,8,9,23,27,15,20,13,21,2,1,26,17,25,12,11,4,18,19,10,7,28,22,3,24,16,6]
1617801 [5,2,4,1,3]
1632433 [8,7,5,4,13,3,11,1,10,14,2,12,6,9]
1632433 [2,6,1,7,8,3,5,4]
1632433 [6,4,2,5,1,3]
1823235 [9,31,28,32,30,33,25,6,14,34,13,24,3,17,5,27,7,22,12,19,11,23,16,21,18,1,8,36,37,26,20,4,10,29,15,35,2]
1845202 [1,20,10,5,7,18,19,9,12,17,11,13,16,15,2,3,8,6,14,4]
1851127 [1,2,3,4,5,6,7,8,9,10,11,12,13,14]
1880421 [6,12,4,11,5,7,9,3,1,10,13,14,8,2]
1880421 [4,11,1,15,20,9,22,2,16,13,10,19,21,17,7,14,12,3,23,5,8,6,18,24]
1880421 [2,4,1,3,5]
1880421 [1,15,11,13,7,17,18,9,6,16,2,12,4,3,10,14,8,5]
1880421 [3,4,5,11,2,10,9,6,7,8,1]
1955113 [3,2,13,10,12,8,5,7,1,9,4,11,6]
2091506 [7,2,4,1,3,5,6]
2091506 [5,3,1,2,4]
2145633 [3,1,4,2,5]
695088 [6,4,3,1,2,5]
695088 [1,4,3,2,5]
715376 [3,2,4,1,5]
715376 [2,8,11,13,10,1,12,14,7,6,9,4,3,5]
757408 [6,2,4,1,7,5,3]
759182 [1,2,3,4,5,6]
760446 [7,16,5,11,14,4,2,12,15,3,8,10,9,13,1,6]
760446 [2,4,14,16,11,6,3,20,19,7,8,5,17,9,10,18,1,12,15,13]
760446 [11,15,2,13,1,6,18,4,3,10,19,20,16,5,17,14,7,9,12,8]
760446 [5,8,7,2,11,10,4,6,9,1,3]
760446 [8,6,5,7,10,12,3,13,4,11,1,9,2]
780905 [12,8,10,9,1,7,3,13,5,6,4,2,11]
822771 [9,24,16,21,25,11,5,7,2,10,13,12,1,8,15,6,23,19,18,14,20,4,26,17,22,27,3]
822771 [3,8,2,4,5,7,1,6,10,9]
835074 [12,6,5,13,2,8,15,14,16,9,11,17,10,7,3,4,1]
837782 [7,4,11,13,15,12,9,8,10,19,17,18,16,14,3,5,6,1,2]
837782 [12,17,14,19,8,10,2,13,4,28,20,18,27,6,15,26,9,25,21,11,23,22,1,24,3,5,7,16,29]
837782 [5,8,2,7,3,6,4,1]
1449958 [12,9,5,6,1,4,2,3,7,15,11,8,14,13,10]
1449958 [14,1,10,2,15,11,8,4,5,12,16,6,3,9,13,18,7,17]
1449958 [2,7,6,3,1,8,4,5]
1449958 [6,3,4,1,8,9,5,2,7]
1469458 [12,1,11,14,6,9,2,13,7,5,4,3,10,8]
1488979 [1,2,3,4,5]
1488979 [1,2,3,4,5,6,7,8]
1504141 [13,1,14,2,5,11,16,8,9,10,6,4,7,15,12,3]
1534975 [1,2,3,4,5,6,7,8]
1534975 [1,2,3,4,5,6,7,8,9]
1562772 [5,3,2,4,1]
1568487 [1,2,3,4,5,6]
1568487 [1,2,3,4,5,6,7,8,9]
1588015 [1,2,3,4,5,6]
1588015 [1,2,3,4,5,6,7,8,9,10,11,12,13,14]
1588015 [1,2,3,4,5,6]
1588015 [1,2,3,4,5,6]
1588015 [1,2,3,4,5,6,7,8,9,10,11,12,13,14,15]
1604401 [5,4,1,6,3,2]
1604401 [7,3,10,8,5,1,6,4,12,14,11,13,2,9]
1619579 [7,2,4,11,5,1,3,6,9,8,10]
1619579 [5,2,1,6,7,4,3]
1619579 [6,3,1,2,5,4]
1631327 [5,9,3,10,1,2,8,7,6,4]
1631327 [1,3,9,6,2,11,7,8,5,10,13,4,12]
1642737 [1,3,4,5,2]
1686658 [4,5,2,6,1,3]
1692398 [3,4,2,1,5]
1703304 [5,2,1,4,3,6]
1728794 [5,1,4,2,3]
1753136 [1,5,2,4,3]
1753136 [3,4,5,1,2,6]
457469 [4,3,1,5,2]
469460 [2,12,14,13,11,3,8,1,7,16,6,15,18,5,10,20,17,19,9,4]
470094 [4,1,3,2,6,5]
1841877 [3,4,1,2,5]
1841877 [1,9,10,8,2,4,7,5,3,11,6]
1841877 [2,3,5,1,4]
1841877 [5,7,3,6,1,2,4]
1841877 [11,1,2,6,7,10,9,4,3,5,8]
1841877 [5,11,3,8,9,7,1,10,4,6,2]
1841877 [10,8,2,7,9,6,4,3,5,1]
1841877 [3,4,7,6,1,5,2]
1841877 [8,5,4,3,6,7,10,1,9,2]
1841877 [3,9,7,2,10,5,4,8,11,6,1]
1841877 [11,3,10,2,6,8,9,1,5,4,7]
1841877 [2,5,3,4,9,6,7,8,1]
1873066 [17,4,18,13,16,5,2,9,15,8,11,14,3,10,7,12,6,1]
1873066 [3,9,34,19,35,37,17,28,30,8,23,7,20,11,16,2,31,26,32,21,6,13,5,27,4,18,36,15,12,29,1,25,14,33,22,24,10]
1873066 [20,26,16,4,15,3,7,18,11,22,24,21,27,8,1,9,23,17,6,5,2,14,13,25,12,10,19]
1874962 [4,1,3,2,5]
1874962 [1,13,19,14,5,8,18,29,16,35,12,10,25,36,27,42,11,37,23,39,20,4,41,7,30,6,31,38,34,26,40,21,15,2,24,3,22,28,9,17,33,32]
1913472 [13,9,10,2,6,8,16,14,17,11,15,1,7,12,3,5,4]
1913472 [5,2,4,1,3]
1913472 [9,4,1,3,8,7,2,5,6]
2144690 [1,2,3,4,5]
2185613 [2,5,3,4,1,6]
2246162 [13,16,15,23,9,17,14,7,21,10,5,3,8,12,20,2,1,6,4,22,18,19,11]
2261018 [3,4,1,5,6,2]
2261018 [10,1,6,8,4,2,9,3,7,5]
2261018 [5,4,2,1,3]
2284135 [1,2,3,4,5,6,7,8,9,10,11]
2291343 [3,4,2,1,5]
2291343 [9,8,10,3,12,13,6,7,2,5,4,1,11]
548891 [36,1,25,58,8,22,7,11,54,13,10,14,57,16,35,23,26,44,41,20,53,38,43,34,31,3,39,42,61,6,17,18,50,9,15,5,28,32,40,46,27,19,33,52,45,30,4,47,2,12,48,59,21,24,37,49,29,60,56,55,51]
548891 [4,10,1,2,7,3,5,9,11,6,8,12]
548891 [5,7,8,1,2,9,3,4,6]
548891 [1,2,6,3,7,5,4,9,8]
548891 [6,5,9,4,7,1,3,2,8]
548891 [5,16,10,18,12,19,9,2,8,13,6,4,14,1,11,15,17,3,7]
548891 [6,7,3,1,2,4,5,8]
557277 [1,2,3,4,5,6,7,8]
557277 [1,2,3,4,5,6,7,8]
557277 [1,2,3,4,5,6,7,8,9,10,11,12,13,14,15,16,17,18,19,20,21]
611563 [4,6,2,1,3,5]
2540950 [3,2,1,5,4]
581272 [1,2,3,4,5,6,7,8,9,10,11,12,13,14,15,16]
1659981 [10,2,1,9,4,8,7,5,6,3,11,12,13]
1659981 [2,4,6,3,5,1,7]
1659981 [2,5,3,1,4]
1659981 [4,1,5,2,3,6,7]
1721133 [3,5,8,10,9,2,4,12,11,6,7,1]
1976045 [5,8,6,2,1,3,7,4]
329462 [14,13,3,8,20,19,17,15,5,10,2,16,6,1,18,9,7,11,4,12]
450577 [4,1,5,2,3]
463733 [1,5,6,2,3,4]
463733 [1,3,7,5,8,6,2,9,4]
750497 [6,7,2,4,1,5,3]
171559 [12,10,14,2,9,5,16,15,6,8,11,4,7,1,3,13]
1572176 [1,2,3,4,5,6,7,8,9,10,11,12,13]
1664967 [15,5,2,6,13,9,4,1,11,8,12,14,3,7,10]
1664967 [9,8,1,5,6,4,3,2,7]
1664967 [18,27,19,4,21,12,2,8,7,32,5,26,10,14,25,17,31,16,9,13,15,11,20,29,24,28,3,22,23,30,1,6]
1687310 [5,4,1,6,2,3]
19181 [28,11,9,20,29,4,26,2,17,23,19,12,5,30,32,13,6,22,10,31,7,24,14,25,16,18,27,15,3,21,1,8]
19181 [4,3,7,2,5,6,1]
22895 [1,4,3,5,2]
26594 [4,8,6,10,2,9,5,3,1,12,7,11]
399574 [19,2,6,18,1,4,5,9,3,12,11,17,7,13,8,15,14,10,16]
406058 [2,3,4,1,5]
416399 [6,8,1,7,3,5,2,9,4]
416399 [4,6,5,3,7,2,1]
151601 [3,4,1,2,6,5]
151601 [17,3,38,13,4,30,27,31,28,22,21,20,11,9,15,33,36,12,34,14,2,19,29,10,26,18,7,23,24,35,6,25,1,8,32,39,5,37,16]
151601 [11,2,8,9,10,5,7,6,4,1,3]
151601 [4,2,5,1,3]
1562408 [11,9,10,12,6,5,1,3,8,7,2,4]
1562408 [4,8,9,5,7,2,3,1,6,10]
1562408 [3,11,6,16,4,15,13,2,9,18,14,1,21,20,19,17,10,8,7,5,12]
1562408 [37,5,3,6,17,35,15,2,44,32,20,47,25,33,43,38,36,28,1,26,14,41,12,10,21,19,16,42,18,9,31,29,30,7,8,39,23,11,46,4,27,34,13,40,24,45,22]
1562408 [7,2,6,1,9,3,5,4,8]
1562408 [20,18,3,12,26,19,11,28,2,4,5,6,24,16,10,21,25,17,27,1,14,15,9,22,23,13,8,7]
1562408 [2,4,5,1,7,6,3]
1562408 [8,6,5,9,4,3,7,1,10,2]
1562408 [3,1,7,6,8,5,2,4]
1562408 [2,8,5,3,18,9,4,21,16,7,6,13,1,20,19,15,10,14,17,11,12]
1613843 [14,16,13,12,23,3,4,15,5,19,27,22,26,11,24,20,10,6,21,2,8,1,28,18,7,9,17,25]
122958 [3,1,9,6,7,4,5,2,8]
122958 [39,36,19,34,32,29,2,20,12,8,23,18,21,35,10,41,22,24,3,7,27,17,33,11,16,1,31,4,26,9,13,40,37,25,38,14,30,6,5,15,28]
122958 [8,4,5,9,1,2,6,10,3,7]
122958 [3,4,1,2,5]
122958 [3,4,2,6,1,5]
261530 [5,2,3,4,1]
245835 [4,18,2,9,7,17,11,12,5,19,6,16,14,8,3,10,13,20,21,1,15]
261181 [5,6,2,1,4,7,3,9,8]
289998 [3,1,5,2,4]
311979 [1,2,3,4,5,6,7,8,9,10,11]
978884 [14,4,15,9,25,35,31,20,7,18,34,27,22,6,32,26,19,8,29,21,33,16,30,1,13,5,3,10,23,12,17,2,24,28,11]
136584 [1,2,3,4,5,6]
136584 [1,2,3,4,5,6,7,8,9]
136584 [1,2,3,4,5,6,7]
136584 [1,2,3,4,5,6,7,8,9,10,11]
136584 [1,2,3,4,5]
136584 [1,2,3,4,5,6,7]
136584 [1,2,3,4,5,6]
452518 [1,2,3,4,5,6,7,8,9,10,11]
467813 [3,1,2,4,6,5]
1090366 [3,1,4,5,6,2]
1090366 [10,6,1,9,5,8,2,7,4,3]
1143249 [1,2,3,4,5,6,7,8,9]
1143249 [1,2,3,4,5,6]
1143249 [1,2,3,4,5,6,7,8,9,10,11,12,13,14,15]
1143249 [1,2,3,4,5,6]
299355 [10,12,8,3,11,7,1,9,4,13,2,5,14,6]
301528 [18,19,17,15,11,13,1,6,9,2,5,12,4,10,7,3,20,14,8,16]
244367 [5,6,3,4,2,1]
264359 [8,6,7,2,4,5,3,1]
264359 [14,1,15,13,3,7,5,12,4,8,9,2,10,6,11]
264359 [1,4,3,2,5]
264359 [10,5,9,8,3,4,2,1,6,7]
274463 [5,22,10,20,8,13,1,12,14,3,11,4,2,18,9,21,6,19,7,17,16,15]
274463 [2,9,12,5,10,11,3,7,8,4,1,6]
365556 [1,2,3,4,5,6,7,8,9]
841580 [1,4,5,3,2]
1452931 [1,2,3,4,5]
349690 [1,2,3,4,5,6,7,8,9]
349690 [1,2,3,4,5,6,7,8,9,10,11,12,13,14,15,16,17]
349690 [1,2,3,4,5,6,7,8,9,10,11,12,13,14,15,16,17,18,19,20,21,22,23,24,25,26,27,28,29,30,31,32,33,34,35,36,37,38,39,40,41,42,43,44,45,46,47,48,49,50]
349690 [1,2,3,4,5,6,7,8,9,10,11,12,13,14]
364113 [23,26,13,31,18,29,4,7,5,8,1,28,9,32,10,27,11,3,15,21,22,30,14,24,12,17,2,16,20,6,25,19]
367419 [1,4,3,2,5]
367419 [5,1,4,3,2]
367419 [5,3,1,6,8,7,4,2,9]
367419 [5,1,3,6,4,2]
416399 [6,5,10,2,3,1,9,4,8,7]
438389 [3,5,2,4,1,6]
448732 [1,2,3,4,5]
448732 [1,2,3,4,5,6]
448732 [1,2,3,4,5,6]
448732 [1,2,3,4,5,6,7,8,9]
448732 [1,2,3,4,5,6,7,8,9,10,11,12,13,14,15]
448732 [1,2,3,4,5,6,7,8,9]
143799 [1,2,3,4,5]
554417 [17,3,9,2,12,11,14,4,8,15,7,13,1,16,6,10,5]
554417 [23,10,31,16,15,29,1,20,28,18,13,32,30,26,24,33,8,11,3,25,21,2,5,12,6,4,17,22,19,14,9,27,7]
2028052 [5,4,2,1,3,6]
559866 [4,5,6,2,3,1]
559866 [8,2,6,7,9,10,5,4,1,3]
559866 [4,5,1,6,2,3]
707195 [1,2,3,4,5,6,7,8,9,10,11,12,13,14]
1991269 [5,3,4,2,1]
1991269 [3,5,7,1,6,2,4]
1991269 [2,1,7,5,4,9,3,8,6]
1991269 [1,9,4,11,6,3,2,14,13,7,8,10,5,12]
1991269 [14,9,8,2,3,15,5,10,11,13,4,12,16,6,17,1,7]
1991269 [2,4,3,5,1]
1991269 [4,1,3,2,5]
948803 [1,2,3,4,5,6,7,8,9,10,11,12,13,14,15]
600206 [16,12,14,4,9,3,10,11,5,1,8,7,15,13,2,6]
899670 [2,18,6,8,10,11,7,5,13,16,19,17,14,3,4,12,1,15,9]
853076 [1,20,14,5,10,9,15,3,23,11,21,13,8,6,4,18,16,17,24,19,12,7,2,22]
859097 [3,11,1,7,4,6,2,9,10,8,5,12]
859097 [8,2,10,7,5,4,6,9,1,3]
875869 [6,5,2,4,8,3,7,1]
935922 [2,4,1,3,6,5]
470337 [1,6,15,13,4,2,11,3,7,10,12,14,8,9,5,16]
2003901 [9,8,10,1,5,2,6,4,11,7,3]
2003901 [8,3,11,5,10,20,18,15,7,6,17,1,9,16,2,4,12,13,19,14]
2010640 [3,12,18,14,15,20,1,4,25,21,6,19,11,26,2,23,9,5,24,22,17,13,8,16,7,10]
2010640 [14,12,10,3,15,6,1,4,8,13,2,9,11,5,7]
2010640 [17,29,4,3,20,7,5,32,16,25,10,14,33,30,1,34,23,8,11,18,28,12,2,21,9,6,19,15,22,26,24,31,27,13]
2010640 [28,21,23,18,26,4,24,3,12,13,19,17,6,14,11,7,22,2,15,25,10,27,16,8,9,5,1,20]
2010640 [9,10,19,17,16,2,12,6,3,13,15,20,4,11,8,14,18,1,5,7]
2023211 [5,4,1,3,6,2]
486549 [3,1,4,2,7,5,8,6]
1090625 [1,5,4,2,6,3]
1092441 [11,16,24,12,14,23,27,4,20,5,1,28,7,15,10,13,26,6,17,18,9,29,2,8,22,21,3,25,19]
1092441 [6,3,7,5,8,2,9,1,4]
1094259 [9,3,2,8,4,6,5,1,7]
1094259 [44,14,35,38,39,2,19,3,9,22,26,21,8,17,32,20,40,12,5,25,42,31,6,30,7,18,15,29,41,43,37,23,4,1,33,27,28,34,11,10,24,36,13,16]
1094259 [3,6,12,15,7,5,19,14,16,11,13,10,8,18,4,9,1,17,2]
1103145 [1,2,3,4,5,6,7,8,9,10]
1103145 [1,2,3,4,5,6,7,8]
1104922 [4,5,2,1,6,3]
1122915 [10,14,8,2,18,15,20,16,13,1,21,25,4,24,11,17,23,22,9,19,12,3,7,5,6]
1122915 [9,19,2,17,18,1,13,3,12,15,11,6,10,5,8,7,14,4,16]
1122915 [3,7,14,9,1,4,15,8,12,5,13,10,6,11,16,17,2]
1122915 [3,7,2,8,6,5,4,1]
1122915 [25,4,16,21,2,19,6,18,20,9,14,1,3,12,17,22,23,10,5,8,7,13,24,15,11]
1122915 [9,5,18,12,8,6,2,1,17,16,11,19,14,7,4,15,10,3,13]
1122915 [3,6,8,2,4,1,7,5]
891255 [1,4,3,5,2,6]
620068 [5,3,2,1,4]
636116 [4,1,5,3,6,2]
642707 [4,3,2,1,5]
642707 [3,1,6,4,5,2]
441426 [2,4,5,1,3,6]
441426 [5,4,6,2,1,3]
168638 [5,4,1,2,3]
168638 [7,1,5,2,8,10,9,4,6,3]
189524 [2,7,6,3,5,9,1,4,8]
581272 [1,2,3,4,5,6,7,8,9,10]
1462963 [2,4,3,7,1,5,6]
1462963 [10,4,1,3,2,5,7,8,9,6]
1462963 [1,4,10,27,5,13,26,17,29,19,11,22,24,23,12,18,25,8,16,6,9,20,28,30,14,7,15,2,21,3]
1473780 [1,2,3,4,5,6,7,8]
1167004 [11,8,10,5,4,7,13,9,12,2,1,14,6,3]
1167004 [8,9,5,10,4,2,6,7,3,1]
1248618 [1,2,3,4,5]
1248618 [1,2,3,4,5,6,7,8,9,10]
2046464 [1,3,5,6,2,4]
2046464 [6,8,7,1,2,5,4,3]
2289794 [4,5,2,6,1,3]
2309927 [3,7,1,2,9,6,4,8,5]
716137 [1,2,3,4,5]
1377811 [2,3,6,4,1,5]
2415367 [8,4,3,12,13,5,7,11,1,10,6,9,2]
1286303 [6,5,1,3,2,4,7]
1399073 [1,2,3,4,5,6,7]
1399073 [1,2,3,4,5,6,7,8,9,10,11,12,13,14,15,16,17,18,19,20,21,22]
1487190 [24,19,13,11,21,16,12,26,8,15,17,4,2,10,5,6,9,25,23,22,18,1,3,7,20,14]
1639620 [7,1,4,8,5,13,10,12,2,3,9,11,6]
1785149 [15,8,2,11,1,7,5,13,17,9,12,6,14,10,4,18,3,16]
1785149 [8,5,1,10,7,12,9,4,11,2,6,3]
806521 [39,4,27,3,34,5,19,42,41,12,35,8,7,37,31,38,16,15,1,30,2,29,13,14,6,28,9,33,25,21,40,17,26,32,18,22,11,20,23,10,36,24]
1948814 [2,3,4,5,1]
1622906 [3,4,1,5,6,2]
1622906 [5,2,11,4,15,7,10,13,14,6,9,1,8,16,12,3]
1622906 [1,6,2,4,5,3]
1622906 [9,7,1,6,3,8,5,4,10,11,2]
1622906 [2,3,8,4,5,6,1,9,7]
1622906 [11,12,10,6,9,8,2,1,3,4,7,5]
1851127 [1,2,3,4,5,6,7]
1851127 [1,2,3,4,5,6,7]
1863380 [1,2,3,4,5,6,7,8,9,10,11,12,13,14,15,16,17,18,19,20,21,22,23,24,25,26,27]
1863380 [1,2,3,4,5,6,7,8,9,10]
1874962 [6,4,10,2,3,5,1,8,9,13,7,11,12]
1956329 [1,5,3,9,8,7,6,2,4]
1961735 [6,4,7,1,5,3,2]
661583 [7,6,4,9,5,8,10,1,3,2]
2101786 [3,1,5,6,4,2]
2101786 [4,1,5,2,3]
2113901 [11,6,8,7,1,10,4,3,9,5,2]
1634357 [1,2,3,4,5,6,7,8]
1634357 [1,2,3,4,5,6,7,8]
1634357 [1,2,3,4,5,6,7,8,9,10,11,12,13,14]
1634357 [1,2,3,4,5,6]
1718049 [11,9,6,20,8,1,19,16,14,2,18,13,5,12,10,7,15,4,3,17]
1718049 [1,4,2,7,5,9,6,11,10,3,8]
1734750 [2,8,7,12,5,6,1,3,13,10,15,4,14,16,11,9]
1734750 [3,4,1,5,7,8,2,6]
1735089 [1,12,11,15,3,5,10,16,4,19,9,8,2,13,7,17,6,14,18]
2113901 [3,2,1,4,5]
2113901 [16,3,17,8,19,4,5,6,20,11,10,13,12,2,7,15,18,9,1,14]
2113901 [17,6,4,2,12,9,15,8,16,21,7,14,11,5,1,3,18,20,13,19,10]
1255547 [15,16,13,14,8,10,2,4,12,3,9,7,11,5,6,1]
1577231 [3,1,2,7,6,5,9,10,4,11,8]
1577231 [4,8,5,6,2,1,9,3,7]
1577231 [5,7,8,1,4,2,3,6]
1577231 [1,5,7,8,6,4,3,2]
1639620 [2,7,1,8,4,5,6,3,9]
2060487 [3,6,2,4,5,1]
2069966 [2,4,1,3,5,8,6,7]
134588 [1,2,3,4,5,6,7,8,9,10,11,12,13,14,15,16,17,18]
1452931 [1,2,3,4,5,6,7,8]
1469458 [20,7,16,23,2,26,14,29,27,5,18,4,11,30,19,25,24,8,13,21,1,3,31,17,32,15,9,6,12,22,28,10]
1469458 [5,18,17,7,15,35,22,31,19,20,9,25,34,8,12,29,26,28,14,30,21,32,1,33,36,23,24,16,4,3,11,6,2,13,10,27]
1469458 [6,12,9,14,16,1,5,11,4,10,15,8,7,3,13,2]
1481473 [4,5,6,1,2,3]
1481473 [2,11,3,10,8,5,9,7,1,6,12,4]
2281424 [9,4,11,10,2,1,6,5,8,12,14,13,7,3]
2284135 [1,2,3,4,5,6,7,8,9,10,11,12,13,14,15,16,17,18,19,20,21,22,23,24,25,26,27,28,29,30]
2284135 [1,2,3,4,5,6,7,8,9,10,11,12,13,14,15,16]
1642737 [6,1,10,13,18,16,19,9,11,2,3,15,4,12,5,7,14,17,8]
1659981 [7,4,3,1,2,6,5]
1659981 [3,6,5,2,4,1]
1659981 [3,6,2,4,1,7,5]
1659981 [8,4,3,2,7,5,6,1]
1664967 [3,1,6,2,5,4]
1664967 [6,3,7,10,2,1,12,8,9,4,5,11]
1825805 [1,2,3,4,5]
1825805 [1,2,3,4,5,6]
1902894 [5,1,3,4,6,2]
2047475 [1,2,3,4,5,6,7,8]
2049698 [2,3,8,1,4,6,5,7]
2049698 [4,6,5,2,1,3]
2049698 [1,8,10,4,2,7,9,5,6,3]
1300554 [5,1,21,24,25,8,13,10,11,7,16,22,6,20,3,19,12,2,9,15,23,14,26,17,18,4]
1300554 [4,1,2,5,3]
1336589 [7,3,5,2,4,1,6]
1918553 [1,2,3,4,5,6,7,8,9]
1918553 [1,2,3,4,5,6,7,8,9,10,11,12,13,14,15,16,17,18,19,20,21]
1269670 [7,6,5,9,2,8,1,3,4]
1595250 [20,16,24,22,11,19,34,26,15,12,31,21,36,23,2,10,30,29,25,6,8,5,35,14,1,4,33,9,18,3,13,28,32,27,17,7]
2562959 [2,1,5,3,4,6]
1779138 [10,6,4,2,11,5,7,1,8,9,3,12]
1779138 [2,1,11,10,4,7,9,8,3,13,6,12,5]
1779138 [3,1,4,2,5]
1779138 [1,6,5,3,7,2,4]
429848 [2,8,7,5,1,6,4,3,9]
1297999 [6,7,4,8,9,5,3,1,2]
1297999 [11,3,12,5,1,9,10,2,13,6,8,7,4]
1308113 [3,5,1,2,6,4]
1955113 [4,1,3,2,5]
2540950 [4,3,7,6,2,1,5]
1694358 [1,2,3,4,5,6,7,8,9]
1718049 [1,4,3,2,5]
321436 [1,2,3,4,5,6,7]
1331272 [2,3,6,1,4,7,5]
1331272 [1,7,3,2,4,6,5]
1331272 [2,3,4,5,1]
1331272 [1,5,4,6,2,7,8,3]
1331272 [1,7,3,4,2,6,5]
1331272 [3,1,5,2,4,7,6]
1331272 [5,13,7,2,17,12,15,1,8,3,4,6,16,10,14,9,18,11]
1331272 [7,1,6,2,8,10,3,4,9,5]
1661858 [21,28,53,54,4,37,14,5,30,22,8,47,33,19,29,12,32,15,27,20,31,48,2,1,52,46,40,49,7,41,26,11,38,13,43,45,25,9,3,6,34,23,24,42,44,16,36,10,50,17,35,55,51,56,18,39]
1661858 [10,17,15,7,1,11,19,23,14,5,22,6,20,8,21,13,9,12,18,2,16,4,3]
2319846 [1,6,4,2,5,3]
566385 [1,2,3,4,5,6,7,8,9,10,11,12,13,14,15,16,17]
566385 [1,2,3,4,5,6,7,8,9,10,11,12,13,14,15,16,17,18,19,20,21,22,23,24,25,26,27,28,29,30,31,32,33,34,35,36,37,38,39,40,41,42,43,44,45,46,47,48,49,50,51,52,53,54,55,56,57,58,59,60]
1230927 [4,2,3,5,1]
1248913 [3,6,4,2,1,8,7,5]
1251390 [2,3,4,5,1]
1279115 [9,2,15,16,3,18,8,1,11,7,4,14,17,12,10,13,6,5]
1286303 [30,23,13,26,10,14,1,11,6,25,7,20,5,15,27,17,28,16,3,21,18,29,8,19,24,2,31,22,4,9,12]
2414972 [3,6,5,1,4,2]
2456550 [4,3,5,2,7,1,6]
2468575 [1,5,4,2,3,6]
1450284 [10,3,14,12,11,5,4,7,16,15,9,2,8,1,13,6]
1321771 [1,2,3,4,5,6,7,8,9,10,11,12,13,14,15,16,17,18,19,20,21,22,23,24,25,26,27]
1321771 [1,2,3,4,5,6]
1321771 [1,2,3,4,5,6,7,8]
1323002 [3,5,4,2,1,6]
2511290 [1,2,3,4,5,6,7,8]
1105810 [8,7,1,9,2,10,4,5,6,3]
1377811 [3,1,4,2,5]
1873148 [1,2,3,4,5,6,7,8,9,10]
2236439 [21,24,1,2,14,22,4,12,8,6,26,25,10,9,13,23,17,15,18,7,20,16,11,5,19,3]
2378157 [14,24,7,11,10,1,25,17,6,28,3,26,5,16,22,19,20,13,15,23,18,21,8,4,2,9,12,27]
2404803 [1,2,3,4,5,6,7,8,9]
2404803 [1,2,3,4,5]
2404803 [1,2,3,4,5]
2420256 [3,2,5,6,4,1]
777348 [1,9,7,6,3,2,4,5,8]
2524240 [1,3,4,5,2]
2524240 [10,4,16,15,5,11,17,3,19,2,9,1,14,8,18,12,6,20,13,7]
2524240 [4,10,7,2,20,9,8,1,19,16,13,5,6,17,14,11,18,12,15,3]
2524240 [18,11,3,14,13,5,15,12,4,6,16,7,10,8,2,9,1,17]
2540950 [4,7,1,3,2,5,6]
777553 [4,2,5,1,7,3,6]
2204659 [1,9,12,7,4,6,10,3,5,8,11,2]
780905 [8,10,6,9,2,1,5,4,3,7]
780905 [6,5,3,1,7,4,2]
780905 [7,6,3,5,4,2,1]
864251 [14,13,11,4,9,6,12,3,5,7,10,8,1,2]
373598 [13,6,27,36,18,9,7,26,29,22,2,4,21,34,10,38,1,24,20,11,33,12,15,19,3,8,28,5,37,25,23,16,17,30,14,35,31,32]
373598 [4,6,3,8,5,1,7,2]
373598 [2,6,5,3,1,4]
389743 [5,3,1,4,2]
389743 [10,1,7,8,4,6,9,2,13,11,12,5,3]
407553 [1,3,4,2,5]
450577 [3,7,4,6,5,1,2,8]
510680 [4,6,1,5,7,3,2]
510680 [37,25,30,18,39,11,6,15,35,1,31,12,29,16,3,27,8,17,33,41,22,5,7,34,19,21,13,26,32,38,28,2,14,23,9,36,10,40,20,24,4]
510680 [18,19,9,15,14,4,5,6,11,10,13,16,1,7,12,8,20,3,17,2]
631807 [3,1,4,5,2]
2102447 [4,3,1,2,5,6]
2102447 [6,1,4,3,5,2]
2102447 [5,9,13,11,15,6,8,1,12,10,14,7,2,3,4]
2102447 [13,9,16,18,2,4,17,10,11,21,15,7,1,24,12,19,22,6,23,25,14,3,20,5,8]
2143620 [14,11,13,12,3,6,5,1,7,16,8,4,15,10,9,2,17]
2143620 [8,9,2,7,4,5,1,3,6]
2143620 [9,4,1,3,5,7,2,8,10,6]
2528780 [13,1,7,12,2,5,4,6,9,10,8,11,3]
2528780 [6,1,3,4,7,5,2,8]
2532069 [1,2,3,4,5,6,7,8,9,10,11,12,13,14,15,16]
456623 [1,5,4,2,3]
481652 [20,35,34,31,36,32,40,22,23,27,37,10,28,6,29,24,5,7,14,41,8,38,18,2,17,11,16,15,19,13,39,9,26,33,21,12,1,3,25,4,30]
481652 [16,12,8,14,15,13,5,6,4,2,10,3,1,11,7,9]
481652 [14,8,13,4,11,6,1,12,9,2,5,7,3,10,15]
1452931 [1,2,3,4,5,6]
847416 [17,8,20,1,26,21,28,14,31,19,32,33,18,7,29,23,9,15,16,5,6,35,30,25,22,27,24,34,10,37,11,2,13,12,36,3,4]
850523 [7,1,4,10,3,6,8,16,14,12,5,9,15,2,13,11]
869625 [3,4,1,5,2]
869625 [10,24,11,23,20,15,7,22,2,8,6,13,25,17,4,3,12,16,18,14,19,1,5,9,21]
869625 [8,14,17,10,13,15,18,23,21,1,4,12,11,19,3,16,5,7,20,2,9,22,6]
1848398 [1,2,3,4,5,6,7,8,9]
1848398 [1,2,3,4,5,6,7,8,9,10,11,12,13,14]
1848398 [1,2,3,4,5,6,7,8,9,10,11,12,13,14,15,16,17,18,19,20,21,22,23,24,25,26,27,28,29,30,31,32,33,34,35,36,37,38,39,40,41,42,43,44,45,46,47,48,49,50,51,52]
1788365 [12,8,3,13,10,4,5,11,6,2,9,7,1]
1795319 [1,2,3,4,5,6,7,8,9,10,11,12,13]
1803121 [5,3,4,1,2]
2309927 [24,22,21,2,1,23,12,28,25,10,8,4,19,31,6,29,5,7,18,14,30,17,26,13,15,27,20,9,3,16,11]
2309927 [4,6,3,2,1,5]
2414972 [3,2,4,1,5,6]
1761749 [13,9,4,8,10,5,7,1,2,3,6,11,12]
1761749 [12,2,13,1,10,8,5,4,3,7,9,6,11]
1761749 [6,7,1,9,3,2,4,5,8]
1761749 [6,5,2,4,1,3]
1762623 [5,4,3,10,7,8,9,2,6,1,11]
1762623 [3,2,4,5,6,1]
1762880 [4,11,13,14,8,1,3,5,12,6,10,2,9,7,15]
1762880 [17,11,15,12,6,8,2,4,13,10,16,7,3,5,1,9,14]
1762880 [66,53,60,57,34,11,44,42,39,32,38,46,48,24,23,28,3,22,16,35,6,52,50,20,2,18,13,15,27,61,54,49,7,62,41,59,51,33,56,10,26,5,58,29,47,67,55,21,63,14,17,12,37,4,1,31,8,65,25,45,19,9,40,43,30,36,64]
1762880 [14,4,2,3,5,9,1,13,6,8,7,10,12,11]
1804806 [8,5,3,1,6,9,4,7,2]
1807325 [1,2,3,4,5,6,7,8,9,10,11,12]
1809250 [1,4,5,2,3]
1822647 [15,1,16,12,34,31,33,23,25,28,3,10,26,35,19,2,27,24,11,18,36,29,5,17,8,13,6,30,20,14,32,4,21,7,9,22]
1874962 [9,6,8,5,16,13,11,12,4,14,15,1,17,10,2,3,7]
1874962 [5,1,3,2,6,4]
1901483 [1,3,4,5,2,6,7]
1901483 [4,7,2,10,9,12,8,6,1,3,5,11]
1902894 [1,5,2,3,6,7,4]
1888687 [1,2,3,4,5,6,7]
1888687 [1,2,3,4,5,6,7,8,9,10,11]
1918553 [1,2,3,4,5,6]
1918553 [1,2,3,4,5]
1918553 [1,2,3,4,5,6,7,8]
1918553 [1,2,3,4,5,6,7,8,9]
285619 [5,3,2,1,4]
378743 [6,2,7,5,1,3,4]
392101 [6,4,14,9,8,11,7,2,10,13,1,5,3,12]
392101 [1,11,10,2,9,8,4,7,5,3,6]
393986 [1,2,3,4,5,6,7,8,9,10,11,12,13,14,15,16,17,18,19,20,21,22,23,24,25,26,27,28,29,30,31,32,33,34,35,36,37,38,39,40,41,42,43,44,45,46,47,48,49,50,51]
1331513 [8,6,7,2,5,4,3,1]
1331513 [3,2,5,4,1]
1368005 [1,4,6,7,3,5,2]
1577231 [7,6,2,4,3,1,5,8]
1806211 [10,6,11,5,4,3,7,2,1,8,12,9]
2023960 [1,12,11,9,26,28,8,16,3,25,4,29,24,18,14,23,7,10,22,27,17,21,2,6,19,13,5,20,15]
2023960 [6,3,8,1,5,9,2,7,4]
2068006 [16,13,8,7,9,5,4,10,14,1,6,2,15,11,12,3]
2420256 [1,4,2,3,5]
1752803 [1,2,3,4,5,6,7,8]
1753136 [8,1,2,11,10,4,3,6,5,12,9,7]
1753136 [7,5,15,14,9,10,12,2,16,13,1,4,11,8,3,6,17]
373971 [3,6,8,10,11,14,12,5,16,2,13,4,9,7,17,15,1]
645703 [4,6,9,1,5,3,2,8,7]
645703 [5,3,6,4,1,2]
1047632 [1,6,4,2,3,7,5]
1066016 [1,4,5,2,3]
1073931 [2,7,5,6,3,1,4]
1073931 [5,1,3,2,4]
1079447 [1,2,3,4,5,6,7,8,9,10,11,12]
1079447 [1,2,3,4,5,6,7,8,9,10]
1079447 [1,2,3,4,5,6,7,8,9,10,11,12,13,14,15,16,17,18,19,20,21,22,23]
935922 [9,8,2,4,3,5,1,6,7]
949107 [23,6,18,8,7,16,20,25,19,4,13,11,1,22,12,24,5,15,14,3,9,2,10,21,17]
949107 [5,14,7,11,9,15,1,13,19,3,2,6,16,10,8,4,12,17,18]
978501 [1,2,3,4,5]
1020886 [3,2,6,4,5,1]
1020886 [9,5,6,8,4,1,7,2,3]
1020886 [7,4,3,6,5,1,2]
1048048 [1,2,3,4,5]
1021080 [1,5,3,2,4,6,7]
1066016 [2,3,7,6,1,5,8,9,4]
1066016 [28,20,13,9,29,15,3,1,30,27,17,4,16,10,19,6,11,26,7,24,12,8,22,25,2,18,31,23,21,5,14]
1086656 [2,8,3,1,5,6,4,7]
1111675 [1,2,3,4,5,6]
1111675 [1,2,3,4,5,6,7,8,9,10,11,12]
1111675 [1,2,3,4,5,6,7,8,9,10,11]
1111675 [1,2,3,4,5,6]
1111675 [1,2,3,4,5,6,7,8,9,10,11,12,13]
1117666 [6,13,3,5,4,9,11,10,14,7,1,2,12,8,15]
1117666 [10,2,8,3,9,4,7,11,6,12,5,1]
1153721 [1,2,3,4,5,6]
1153721 [1,2,3,4,5,6]
1185642 [4,1,3,2,5]
1275613 [8,4,7,1,5,6,2,3]
1275613 [4,3,2,5,1]
1275613 [11,6,10,5,1,7,2,4,9,8,3]
1275613 [68,66,48,52,43,30,15,37,55,40,47,44,1,3,49,10,38,11,24,18,2,63,16,45,19,54,14,62,51,23,5,60,8,4,46,29,33,17,26,32,71,58,31,9,59,69,64,25,35,70,39,22,67,20,41,6,21,13,12,28,42,57,36,65,50,27,7,61,56,53,34]
1383987 [2,1,5,7,3,6,4]
22895 [6,7,3,4,2,1,5]
50692 [1,2,3,4,5,6,7]
168638 [3,1,5,4,7,6,8,2]
168638 [2,9,8,3,6,5,1,7,4]
168638 [7,5,1,4,3,2,6]
1253390 [4,5,6,3,7,1,2]
2540950 [7,1,8,3,2,4,5,6,9]
2559323 [3,7,5,4,2,6,1]
244367 [3,5,4,6,2,1]
24184 [8,3,6,9,7,4,11,2,12,1,5,10]
24184 [17,10,16,8,2,14,15,6,12,11,1,3,9,4,13,7,5]
24184 [6,4,1,5,2,3]
43932 [1,5,3,6,4,2]
44610 [4,10,5,3,8,13,9,12,2,7,1,11,6]
45078 [4,3,5,2,1]
45078 [9,4,1,8,10,7,5,2,3,6]
45078 [1,3,6,5,7,2,4]
45078 [20,6,27,17,13,9,5,2,3,25,24,14,26,18,21,15,11,8,19,4,16,7,10,23,12,22,28,1]
45078 [15,11,12,1,13,17,16,6,2,4,10,7,8,18,9,14,3,19,5]
45078 [1,2,8,6,4,5,3,7]
45078 [4,6,7,1,2,5,3]
45078 [5,2,1,4,3]
68235 [13,10,2,12,7,9,4,15,3,14,6,5,8,1,11]
68235 [4,6,3,5,1,2]
68235 [2,8,7,1,3,6,5,4]
68235 [18,17,16,15,11,6,10,14,7,1,2,4,3,8,13,9,5,12]
81492 [4,3,7,6,5,1,2]
81492 [1,3,16,14,2,13,7,4,15,12,11,5,8,9,10,6]
110458 [38,39,12,32,24,20,6,17,11,21,10,9,29,7,2,30,35,28,33,14,25,34,3,31,36,1,37,26,27,22,4,16,15,5,13,19,23,8,18]
168638 [4,5,3,7,1,6,2,8]
197756 [27,7,6,23,19,18,21,11,26,4,3,12,20,22,25,8,1,2,9,16,17,10,5,15,14,24,13]
197756 [4,5,7,2,1,6,3]
197756 [2,1,3,4,5]
197756 [4,5,6,2,10,7,1,3,9,11,8]
197756 [11,2,6,4,1,7,8,10,3,9,13,12,5]
202953 [2,4,11,8,3,10,7,5,6,9,1]
206251 [3,16,22,25,7,20,6,11,17,23,26,9,4,8,14,19,5,12,21,18,24,10,13,1,15,2]
209258 [7,8,2,12,13,10,11,1,3,4,9,5,6]
2505050 [2,1,5,4,3]
2505050 [14,16,11,18,12,13,10,2,7,1,6,4,8,19,3,20,15,9,17,5]
2505050 [10,18,7,6,21,9,14,4,22,3,12,8,1,15,11,17,19,13,2,20,16,23,5]
2505050 [21,7,15,9,19,22,6,3,17,2,11,1,18,13,16,12,10,14,4,5,8,20]
1721133 [1,3,2,16,9,8,5,13,19,4,18,14,17,10,11,12,7,6,15]
1721133 [19,2,9,18,17,10,7,4,20,21,11,8,3,14,22,16,12,13,1,5,6,15]
2574644 [3,5,6,4,1,2,7]
1447473 [10,14,13,23,5,7,12,26,30,2,32,15,17,8,16,1,27,11,19,29,24,9,21,3,28,18,20,31,25,22,4,6]
1447473 [7,11,6,23,3,24,2,18,21,10,26,20,1,16,19,14,15,8,22,12,4,25,13,5,9,17]
1449688 [7,6,5,4,8,2,1,3]
1454466 [6,1,3,8,7,2,5,4]
1454466 [3,7,5,6,4,2,1]
1454466 [1,8,2,6,7,4,3,5]
1454466 [11,5,7,1,8,10,3,9,4,6,2]
1454466 [4,9,2,6,1,10,3,8,5,7,12,11]
1454466 [5,1,2,9,8,3,10,12,6,11,4,7]
1470585 [7,5,11,8,1,9,17,4,6,16,12,13,2,18,15,19,14,10,20,3]
1836026 [1,2,3,4,5,6,7,8,9,10,11,12,13,14,15]
690480 [3,2,1,4,5]
2246162 [7,21,1,22,16,24,17,9,18,14,26,12,4,10,8,3,19,11,20,5,23,13,2,25,6,15]
2272218 [1,2,3,4,5]
2272218 [1,2,3,4,5,6,7,8,9,10,11]
2291746 [1,2,3,4,5,6,7,8]
2291746 [1,2,3,4,5,6,7,8,9]
2291746 [1,2,3,4,5,6,7,8,9,10,11,12,13,14,15,16,17,18]
2291746 [1,2,3,4,5,6,7,8,9,10,11,12]
2291746 [1,2,3,4,5,6,7,8,9]
2291746 [1,2,3,4,5,6,7,8,9,10]
2291746 [1,2,3,4,5,6,7,8,9,10,11]
2340535 [5,1,6,3,2,7,4]
2340535 [1,2,5,4,3]
2406851 [1,2,6,4,5,3]
2406851 [7,2,6,4,5,3,1]
2471516 [34,43,40,33,22,47,23,49,13,38,29,19,44,26,48,46,1,35,31,10,25,37,4,24,2,41,30,15,39,5,8,6,32,7,11,3,20,14,28,27,18,42,21,17,45,9,12,16,36]
2471516 [2,7,5,8,4,9,1,3,6]
2471516 [3,5,4,1,2]
2484251 [6,4,5,2,7,3,1,8]
2484251 [17,7,19,2,20,11,12,5,9,10,8,15,4,16,1,14,13,18,3,21,6]
2190812 [5,3,8,1,7,2,6,4,9]
2212062 [9,10,4,1,3,2,5,8,6,11,7]
2395238 [6,3,7,5,1,2,8,4]
287386 [6,1,2,3,7,5,4]
290832 [12,4,21,11,14,9,8,22,10,17,18,16,15,2,3,20,7,5,13,19,6,1]
290832 [30,10,31,21,28,29,9,14,18,20,19,11,13,24,4,5,17,12,23,8,25,1,26,27,7,22,15,6,16,3,2]
321436 [1,2,3,4,5,6,7]
321436 [1,2,3,4,5,6,7,8,9,10,11,12,13,14]
321436 [1,2,3,4,5,6,7,8,9,10,11,12,13,14,15,16,17]
1531241 [27,25,26,35,28,4,12,32,40,38,11,17,39,29,21,7,10,18,34,24,23,30,37,19,15,16,1,14,33,5,20,9,2,8,13,31,41,6,3,22,36]
1531241 [6,8,7,4,9,1,5,2,3]
1544674 [2,3,4,5,1]
1544674 [1,10,9,2,3,6,5,8,7,11,4]
1544674 [3,5,4,2,1]
349690 [1,2,3,4,5,6,7,8,9]
365556 [1,2,3,4,5,6]
365556 [1,2,3,4,5]
399574 [1,3,2,5,4]
437714 [1,4,3,2,6,5]
441426 [1,4,2,5,3]
383378 [5,1,6,7,3,2,4]
393986 [1,2,3,4,5,6,7,8,9,10,11,12,13,14,15,16,17,18,19,20,21,22,23,24,25,26,27,28,29,30,31,32]
393986 [1,2,3,4,5,6,7,8,9,10,11,12,13,14,15,16,17,18,19,20,21,22,23,24,25,26,27,28,29,30]
393986 [1,2,3,4,5,6,7,8,9,10,11,12,13,14,15,16,17,18]
393986 [1,2,3,4,5,6,7,8,9,10,11,12]
469460 [10,4,14,5,1,16,12,7,2,3,13,11,15,9,6,18,8,17]
1873148 [1,2,3,4,5,6,7,8]
1919508 [15,5,22,12,16,13,24,23,8,19,7,25,4,20,18,3,10,21,9,14,2,26,1,11,17,6]
1919508 [1,5,2,6,7,4,3]
1888545 [6,11,12,9,3,7,1,5,2,4,8,10]
1942669 [1,2,3,4,5,6,7,8,9]
1965353 [6,4,5,3,7,2,1]
1965353 [4,5,6,3,1,2,7]
1965353 [6,5,1,7,4,3,2]
2052394 [5,9,1,4,8,2,6,7,3]
2060487 [1,6,12,9,4,8,3,15,13,11,7,5,2,10,16,14]
2062002 [2,4,1,9,3,7,5,8,6]
2062002 [2,8,11,12,9,4,1,3,7,10,6,5]
2062002 [3,6,2,1,5,7,4,8]
827612 [8,63,38,23,19,1,62,54,45,4,21,64,52,53,60,39,32,37,18,47,61,51,50,35,15,3,46,48,13,12,30,14,9,36,66,16,58,57,7,2,40,33,20,26,31,24,34,28,25,41,59,55,22,27,44,65,42,29,6,56,17,11,5,43,10,49]
837782 [1,7,3,8,4,5,6,2,9]
837782 [2,12,18,10,3,8,7,5,6,20,17,11,25,14,22,13,15,21,1,9,24,16,23,19,4]
1703263 [2,11,14,13,8,15,3,1,12,10,7,5,4,6,9]
1703263 [25,12,10,27,34,14,1,21,19,31,6,36,8,35,4,7,38,20,3,29,24,13,33,16,9,18,39,40,32,17,30,5,37,22,23,28,26,15,11,2]
1703263 [4,6,7,1,8,5,3,2]
168769 [12,13,8,5,3,7,2,10,6,11,9,14,4,15,1]
168769 [2,6,5,8,3,1,7,4]
182355 [7,5,6,2,3,1,4]
204031 [1,2,4,3,5]
204031 [14,10,1,11,9,4,12,2,15,3,7,13,5,6,8]
204031 [2,3,5,1,4,6]
204031 [2,5,1,3,4]
204031 [4,3,6,1,2,5]
204031 [1,5,4,6,3,2]
206251 [17,11,4,6,10,13,12,9,5,16,15,14,2,8,3,1,7]
240435 [6,2,3,4,1,5]
244218 [18,2,6,7,17,12,10,16,1,9,8,15,5,13,14,3,11,4]
244218 [3,1,5,2,4]
264359 [7,1,5,6,4,2,9,8,3]
309336 [5,4,2,1,3]
1748436 [14,11,6,10,15,17,8,18,12,3,4,2,13,7,19,1,16,9,5]
335397 [5,1,3,2,4]
335397 [11,2,8,6,10,7,1,12,3,4,5,9]
335397 [2,9,4,3,5,6,1,8,7]
336795 [26,22,11,24,9,15,2,10,6,19,7,12,23,5,13,3,27,4,16,21,1,8,20,14,25,17,18]
352658 [2,7,1,5,8,6,3,4]
352658 [3,5,6,2,1,4]
352658 [7,4,5,8,1,6,2,10,9,3]
352658 [8,6,10,11,2,5,4,9,7,1,3]
58158 [1,2,3,4,5,6,7,8]
58158 [1,2,3,4,5,6,7,8]
58158 [1,2,3,4,5,6,7,8,9]
58158 [1,2,3,4,5,6,7]
58158 [1,2,3,4,5,6,7,8,9,10,11,12]
58158 [1,2,3,4,5,6,7,8,9,10,11,12,13]
58158 [1,2,3,4,5]
58158 [1,2,3,4,5,6,7,8,9,10,11,12,13,14,15,16,17,18]
134588 [1,2,3,4,5,6,7,8,9,10,11,12,13,14,15,16]
168638 [3,8,11,13,5,7,15,2,12,6,9,14,1,10,4]
168638 [1,7,4,5,9,6,3,8,2]
168638 [1,5,2,3,4]
168638 [7,3,1,4,2,6,5]
192781 [6,3,5,7,1,4,2]
192781 [2,5,3,1,4,6]
192781 [3,1,2,4,5]
192781 [5,2,6,7,8,1,4,3]
192781 [1,3,6,12,9,8,7,11,2,10,4,5]
192781 [1,2,4,5,3]
192781 [5,2,4,3,1]
206251 [5,6,2,1,4,3]
212914 [1,2,3,4,5,6,7]
212914 [1,2,3,4,5]
212914 [1,2,3,4,5]
240435 [7,6,3,1,5,4,2]
261181 [5,1,4,2,3]
261181 [5,8,4,9,2,13,12,11,7,1,6,10,3]
685921 [4,1,5,6,3,2]
705554 [4,3,2,6,5,8,7,1]
715376 [10,8,15,5,1,4,6,14,3,7,13,11,2,9,12]
715376 [2,1,5,3,4]
726123 [4,7,3,1,2,6,5]
751365 [7,8,14,4,11,2,10,12,1,5,3,9,13,6]
751365 [22,25,7,23,6,27,17,3,13,10,5,19,18,9,14,11,1,4,24,26,16,20,15,2,28,8,12,21]
777553 [3,6,2,1,5,7,4]
826937 [1,2,3,4,5]
839118 [2,1,5,4,3]
135488 [14,19,23,15,18,22,16,21,20,6,13,17,12,27,4,9,7,26,8,3,24,25,11,10,2,5,1]
135488 [4,1,5,6,3,2]
135488 [3,5,6,4,2,1]
135488 [3,7,6,5,2,4,1]
187651 [6,8,7,5,2,3,4,1,9,10]
407553 [28,31,36,11,14,5,23,7,3,18,13,12,16,33,37,27,32,10,15,35,21,2,9,34,8,30,26,25,29,4,17,20,19,6,24,22,1]
1699393 [7,1,11,10,8,12,4,3,13,15,5,14,2,9,6]
1699393 [7,10,4,9,11,12,3,6,5,1,2,8]
1706553 [8,2,7,10,3,4,11,6,9,12,1,5]
1709931 [6,8,7,10,14,2,13,15,12,16,9,3,1,5,11,4]
1738862 [1,2,3,4,5,6,7,8,9]
1746537 [2,6,1,4,8,3,7,10,5,9]
1746537 [39,5,19,33,27,30,31,15,25,13,24,34,28,9,14,22,29,10,36,35,40,2,21,7,23,32,16,26,4,38,1,37,17,8,12,6,18,11,20,3]
1746537 [32,37,36,22,27,30,29,35,14,38,11,24,9,25,34,26,17,6,18,15,7,4,23,3,1,33,20,12,31,28,8,5,19,13,10,16,2,21]
1746537 [4,1,6,5,3,2]
1747023 [6,3,1,8,2,4,5,9,7]
1753136 [4,5,3,7,6,9,8,1,2]
1762623 [7,5,4,6,3,2,1]
1762623 [10,18,15,8,2,3,22,4,17,1,16,13,9,11,5,12,20,7,19,14,23,6,21]
1782482 [6,10,13,1,16,11,14,8,15,9,5,12,3,4,7,2]
1782482 [10,2,8,3,1,5,6,9,7,4]
1783728 [7,3,8,1,4,5,2,6,9,10]
1810529 [5,1,4,2,3]
1815262 [8,5,3,11,1,6,2,12,7,9,4,10]
1863380 [1,2,3,4,5]
1561074 [3,4,7,1,8,5,2,6]
1703304 [1,10,7,2,3,6,9,4,5,8]
1703304 [3,2,1,5,4]
1408741 [13,9,6,4,7,8,2,10,12,1,11,3,5]
1408741 [13,15,9,11,7,5,3,10,1,2,4,12,6,8,14]
1449688 [5,8,13,4,2,7,14,15,10,16,1,3,11,6,12,9]
1721133 [7,13,20,26,15,27,16,29,22,32,2,30,4,33,23,21,3,9,11,10,5,8,6,18,19,1,24,34,12,14,28,31,17,25]
1721133 [8,4,5,10,7,11,12,2,9,3,6,1]
1732429 [3,19,6,18,5,12,10,21,4,14,7,8,16,9,2,11,1,13,15,17,20]
1732429 [6,2,3,1,7,5,4]
1732429 [6,7,1,2,3,4,5]
1754583 [4,3,1,5,2]
1799180 [6,7,10,5,9,3,11,1,2,4,8]
1799180 [3,4,7,5,2,6,1]
1807325 [1,2,3,4,5,6,7]
1807325 [1,2,3,4,5,6,7,8,9,10]
1791251 [2,3,5,1,4]
1791251 [2,4,6,1,7,3,5]
1791251 [6,2,7,5,9,10,4,8,3,11,12,13,1]
2242311 [11,26,32,52,45,36,37,29,9,17,3,54,2,39,55,38,50,13,40,27,10,41,46,33,22,19,5,20,42,28,34,12,18,15,6,43,1,25,49,31,51,47,21,30,44,53,14,8,24,4,16,48,7,35,23]
2242701 [3,8,1,6,2,7,5,4]
2242701 [4,5,1,3,2]
2242701 [9,11,6,8,7,1,12,10,4,5,2,3]
2242701 [4,5,1,6,2,3]
2242701 [8,6,7,1,5,9,2,4,10,3,11]
631807 [7,8,6,5,3,1,9,4,12,2,10,11]
1810529 [5,6,1,4,7,2,3]
1810529 [2,5,1,3,4]
1810529 [2,11,7,3,6,5,9,4,12,1,10,8]
1830123 [12,9,8,11,6,10,7,2,13,5,1,4,3]
1830123 [11,3,4,8,1,14,9,10,15,2,13,6,7,12,5]
1830123 [45,18,9,28,34,25,50,2,19,27,12,33,4,7,15,49,47,39,24,35,32,1,8,16,42,43,11,44,6,5,20,37,26,29,30,22,40,17,41,36,3,21,46,23,31,10,48,14,38,13]
1834502 [6,5,1,3,2,7,9,4,8]
1835614 [4,3,6,1,2,10,8,11,5,7,9]
1206044 [3,7,6,8,1,2,4,5]
1206044 [3,2,5,4,1,6]
1542768 [16,10,4,8,13,11,17,19,2,20,3,12,7,5,9,14,18,21,15,1,6,22]
1907146 [3,7,2,8,6,5,1,4]
2121124 [5,1,2,4,6,3]
2121124 [5,3,7,6,2,4,1,9,8]
2121124 [1,3,2,6,5,4,7]
2044604 [1,3,8,5,6,7,2,4]
2044604 [1,5,4,6,2,7,8,3]
2420256 [7,3,2,6,5,4,8,10,9,1]
51752 [8,9,3,6,1,7,4,2,5]
51752 [5,1,6,3,2,4]
51752 [4,2,5,3,1]
51752 [5,6,1,3,9,2,10,8,11,7,4]
2469753 [2,4,7,1,8,5,3,6]
2585449 [2,1,5,9,4,3,7,6,8]
1302220 [3,2,5,1,4,6]
1302220 [6,3,28,19,20,15,10,26,5,17,16,2,32,1,9,24,18,13,30,11,27,7,25,22,23,8,12,4,29,21,31,14]
1302220 [4,3,1,2,5,6]
1302220 [6,4,2,12,10,13,5,11,3,16,14,15,7,9,8,1]
1302220 [3,5,4,2,1]
1302220 [11,10,13,18,7,8,16,14,19,2,12,17,5,3,9,6,4,1,15]
1302220 [11,13,1,7,2,4,14,15,5,16,8,12,17,9,3,10,6]
1579040 [3,1,5,4,2]
1562408 [6,17,5,1,8,20,19,21,11,10,13,12,2,18,15,14,9,4,22,16,3,7]
1562408 [27,9,26,20,14,10,8,18,16,3,13,28,23,6,21,25,11,4,17,24,7,15,22,19,12,29,5,1,2]
1562408 [1,2,4,3,5]
1562408 [8,4,11,2,3,7,6,1,10,9,5]
1562408 [4,7,6,1,3,2,5]
1562408 [31,17,29,27,4,38,35,15,5,37,21,25,11,6,28,24,26,19,22,2,3,23,41,40,42,34,16,13,14,36,39,8,30,1,33,18,12,32,9,10,7,43,20]
1562408 [10,3,2,16,15,20,8,11,14,7,13,19,6,24,4,12,18,17,1,9,22,5,23,21]
741821 [20,15,27,23,10,26,25,3,14,24,17,12,22,9,21,19,28,8,29,7,11,16,18,13,4,2,5,1,6]
859097 [2,4,1,5,3]
2412938 [1,2,3,4,5,6,7,8,9,10,11,12,13,14,15,16,17,18,19,20,21,22,23,24,25,26,27,28]
2412938 [1,2,3,4,5,6]
2412938 [1,2,3,4,5]
2412938 [1,2,3,4,5]
2412938 [1,2,3,4,5,6,7,8,9,10,11,12,13,14,15,16,17,18,19,20,21,22,23,24,25,26,27,28,29,30,31,32,33,34,35,36,37,38,39,40,41,42,43,44,45,46,47,48,49,50,51,52,53,54,55,56,57]
2415367 [5,4,3,2,1]
2415367 [6,7,17,1,22,3,5,4,20,13,12,11,8,16,15,2,19,23,18,21,10,9,14]
2559323 [6,5,2,7,4,8,3,9,1]
716356 [8,13,9,11,15,6,7,5,18,12,1,2,4,14,3,16,17,10]
2385834 [3,6,4,1,5,2]
2385834 [9,5,1,8,7,2,6,3,4]
2385834 [2,1,11,9,8,3,10,4,7,6,5]
2385834 [6,4,2,7,3,1,8,5]
2385834 [4,2,5,3,1,6]
2395238 [1,4,5,2,6,3]
2395985 [1,6,5,7,3,2,4]
1697436 [12,9,2,11,6,4,13,1,5,10,3,14,8,7,15]
1697436 [2,6,3,15,12,11,10,1,14,7,13,17,16,8,9,5,4]
1747023 [1,3,4,5,2]
1747023 [3,9,2,6,4,10,11,8,1,7,5]
1747023 [3,4,2,6,7,1,5]
1762623 [5,6,3,2,4,1]
1799180 [15,2,19,4,8,5,12,17,9,13,10,16,18,6,7,14,11,1,3]
1824630 [1,2,3,4,5,6,7,8,9,10,11,12,13,14,15,16,17,18,19,20,21,22,23,24,25,26,27,28,29,30,31,32,33,34,35,36,37,38,39]
1830123 [5,3,19,11,14,12,21,4,10,17,23,9,1,2,16,13,20,7,22,6,8,18,15,24]
1830123 [7,1,6,4,2,9,8,3,5]
1851127 [1,2,3,4,5]
1851127 [1,2,3,4,5,6,7]
1881817 [1,2,3,4,5,6,7,8,9,10,11,12,13,14,15,16,17,18,19,20,21,22]
1881817 [1,2,3,4,5,6,7,8,9,10,11,12]
1901215 [1,2,3,4,5,6,7]
1901938 [2,4,1,5,3]
1923897 [7,6,3,4,1,5,2]
394936 [1,2,3,4,5,6,7,8,9,10,11,12,13,14,15,16,17,18,19,20,21]
492663 [9,15,8,2,12,11,16,1,13,5,14,4,3,6,7,10]
564256 [9,4,5,8,3,1,2,10,6,7]
591798 [11,3,10,1,13,8,2,5,15,6,9,12,14,4,16,7]
591798 [7,2,4,6,5,1,3]
591798 [6,1,4,5,2,3]
591798 [1,4,2,3,5]
591798 [7,3,1,16,28,9,6,18,11,15,25,27,5,20,10,14,23,17,12,19,26,24,30,4,2,21,8,29,13,22]
611563 [6,5,4,9,3,11,12,2,7,1,8,10]
2340535 [6,4,3,1,5,2]
2340535 [15,13,5,4,11,14,10,7,1,9,8,2,3,12,16,6]
2340535 [6,5,12,1,3,2,38,11,39,37,16,32,10,28,17,14,23,30,21,20,36,22,25,8,26,35,15,9,31,13,29,24,34,7,18,19,33,27,4]
2340535 [7,2,13,11,16,6,4,3,21,9,12,17,5,14,20,19,8,15,18,10,1]
2340535 [18,19,8,5,17,20,7,14,1,21,13,10,12,3,4,2,16,11,15,9,6]
2340535 [18,27,14,11,21,16,25,17,8,5,19,15,1,22,7,20,6,23,13,2,10,12,24,9,4,3,26]
2340535 [6,3,8,1,10,4,9,2,5,7]
2340535 [21,8,6,9,13,22,12,17,3,7,1,10,20,18,2,19,11,14,5,16,15,4]
2395985 [14,12,8,9,11,1,7,6,16,4,2,10,13,3,15,5,17]
2414972 [25,19,11,12,13,20,7,14,1,18,22,2,5,6,9,8,10,4,16,3,24,17,21,15,23]
2415367 [2,1,3,4,6,5]
2456550 [2,5,1,3,4]
2490102 [2,3,5,4,1]
2490102 [5,6,3,1,9,8,7,2,4]
2490102 [2,8,7,6,4,1,5,3,9]
2490102 [1,5,6,2,3,7,4]
2490102 [5,4,2,6,3,1]
2490461 [1,2,3,4,5,6]
2490461 [1,2,3,4,5,6,7,8]
24184 [8,1,9,6,4,11,7,5,2,3,10,12]
24184 [17,13,23,26,40,41,7,5,11,22,15,25,42,38,32,33,30,29,9,4,39,14,12,35,28,8,3,18,27,37,21,34,19,16,2,24,43,31,10,36,20,44,6,1]
25012 [5,9,12,8,4,3,13,2,7,10,6,1,11]
25012 [7,24,9,23,19,14,8,5,17,16,6,2,10,4,13,3,18,20,15,22,1,12,21,11]
25012 [10,3,7,8,11,4,6,1,2,9,5]
25012 [4,5,1,2,3]
1621087 [7,1,3,12,4,9,6,5,2,11,8,10]
1621087 [4,2,12,11,7,6,1,9,5,8,10,3]
1621087 [8,4,7,3,9,6,2,1,5,10]
1621087 [2,4,5,3,6,1]
1395265 [16,7,2,11,9,15,14,8,17,5,6,13,4,3,12,10,1]
1908736 [2,18,16,9,37,5,19,24,32,33,41,29,1,11,8,21,40,36,38,14,34,26,31,13,30,7,10,17,4,27,12,20,25,28,23,22,6,35,39,3,15]
1908736 [28,14,15,19,26,4,16,30,8,21,10,11,29,18,17,31,3,5,23,2,24,25,13,9,12,1,22,20,27,6,7]
1923297 [1,3,5,4,2]
1703304 [2,3,1,4,5]
1703304 [9,14,5,15,7,13,6,1,18,2,10,16,8,17,3,11,12,4]
2368665 [5,10,9,1,8,6,4,2,3,7]
2368665 [4,1,6,3,2,5]
1686860 [9,18,6,19,10,3,8,7,2,17,12,13,11,15,4,1,5,16,14]
1686860 [18,24,14,15,19,28,41,16,29,40,26,37,44,5,8,12,32,1,38,27,30,6,34,2,22,3,13,11,43,42,45,36,23,20,33,21,7,17,10,4,25,31,35,39,9,47,46]
1686860 [27,1,28,19,17,3,10,35,9,29,13,31,18,2,34,21,5,25,4,33,8,15,32,20,6,16,22,26,30,14,11,23,24,7,12]
2520299 [2,7,4,9,6,5,3,1,10,8,11]
245353 [5,6,3,2,4,1]
1622906 [4,1,5,7,6,3,2]
1622906 [4,1,6,5,2,3]
1622906 [6,5,7,3,1,8,4,2]
22895 [2,4,1,5,3]
22895 [5,1,2,4,3]
25809 [12,7,11,6,9,10,1,5,14,3,4,2,8,13]
25809 [1,5,3,4,2]
1799180 [3,4,1,7,2,5,6]
1799180 [4,7,2,5,3,8,6,1]
1923897 [5,1,4,2,3]
81492 [2,3,1,5,4,6,7]
81492 [4,7,5,6,3,2,1]
81492 [8,7,14,6,16,15,13,11,9,17,3,4,2,5,10,12,1]
88591 [1,4,5,2,3,6]
88591 [6,4,2,8,11,5,12,10,3,9,1,7,13]
88591 [10,4,20,12,18,8,19,14,6,3,5,2,9,15,13,16,1,11,17,7]
90036 [5,1,6,2,4,3]
90036 [51,34,24,19,50,42,28,27,9,41,4,11,14,20,12,32,37,49,35,43,6,7,18,30,44,36,33,25,23,39,15,46,31,16,13,45,3,5,22,38,21,52,8,40,29,2,17,48,10,26,47,1]
90036 [4,3,6,1,2,5]
106588 [1,3,2,5,4,6]
106588 [8,10,4,3,7,9,5,1,6,2]
76658 [2,5,3,4,7,6,1]
76658 [8,7,4,2,1,13,10,11,6,12,9,3,5]
76658 [6,8,5,9,1,7,2,4,3]
81492 [6,1,5,3,7,4,2]
81492 [6,7,8,9,12,10,1,4,5,11,2,3]
81492 [20,2,10,6,9,22,15,3,18,19,11,23,4,21,16,24,1,7,14,12,17,8,13,5]
81492 [14,4,2,12,3,8,5,6,13,1,10,16,17,9,11,15,18,7]
81492 [3,5,1,4,2]
81492 [1,3,4,2,5,6]
82733 [5,3,6,4,1,2]
82733 [24,28,17,1,19,26,23,10,6,22,2,25,27,18,4,16,14,8,20,13,11,5,30,12,3,9,7,21,15,29]
82733 [3,6,2,4,5,7,1]
95507 [6,2,10,5,8,1,3,4,7,9]
95507 [2,5,3,1,4]
620068 [3,5,8,4,6,12,2,1,7,11,10,9]
620068 [7,2,3,8,13,6,12,4,9,1,5,10,11]
168638 [4,1,2,3,10,5,9,8,7,6]
168638 [4,1,3,2,5]
168638 [4,3,1,9,10,6,5,2,7,8]
206251 [1,3,5,2,4,6,7]
182355 [1,4,2,5,3]
182355 [5,4,6,1,2,3]
34932 [4,1,6,9,2,5,7,3,8]
36131 [9,7,2,3,1,5,6,8,4]
50306 [4,9,11,5,10,8,7,6,2,1,3]
321436 [1,2,3,4,5,6,7,8,9]
321436 [1,2,3,4,5,6,7,8,9,10,11,12,13,14,15,16,17,18,19,20,21,22,23,24,25,26,27,28,29,30,31,32,33,34,35,36,37,38,39,40,41,42,43,44,45,46,47,48,49,50,51,52,53,54,55,56]
441426 [4,1,3,2,6,5]
462509 [5,1,3,4,6,7,2]
462509 [4,5,1,3,2]
948803 [1,2,3,4,5,6,7,8,9,10,11,12,13,14]
948803 [1,2,3,4,5]
948803 [1,2,3,4,5,6,7]
949107 [2,5,3,4,1]
949107 [3,4,1,2,5]
958682 [1,2,3,4,5,6,7,8,9,10,11,12,13,14,15,16,17]
1123412 [2,3,7,6,5,4,8,1]
1123412 [11,12,9,4,10,3,2,1,8,5,6,7]
1153336 [7,5,3,2,4,6,1]
1153336 [5,3,1,4,7,2,6]
1153336 [5,6,1,3,2,4]
1118426 [1,2,4,3,5]
1500590 [1,19,22,12,16,13,2,21,10,14,17,18,20,7,6,3,8,9,15,5,4,11]
1500590 [6,1,2,5,4,3]
1500590 [12,25,29,14,6,2,26,4,19,15,22,20,18,3,5,21,28,13,8,27,10,1,24,11,23,7,16,17,9]
1500590 [8,18,9,12,1,20,7,16,6,10,19,3,11,13,15,14,17,5,4,2]
291051 [5,1,3,2,4]
291051 [12,14,10,4,3,2,15,6,9,13,11,7,8,5,1]
447886 [7,5,2,9,8,3,4,6,1]
447886 [2,9,1,3,11,5,7,6,4,8,10]
459098 [4,5,1,3,7,2,6]
1074381 [1,2,3,4,5,6]
1097735 [1,2,3,4,5,6,7,8]
1097735 [1,2,3,4,5,6,7,8,9,10]
168638 [2,3,20,8,4,19,13,5,21,7,10,9,16,17,18,15,1,11,6,12,14]
191877 [1,2,3,4,5,6]
191877 [1,2,3,4,5]
191877 [1,2,3,4,5,6,7,8]
638393 [1,4,3,5,2]
638393 [6,3,11,15,1,7,14,4,8,10,2,5,13,12,9]
638393 [7,5,1,8,9,6,10,3,2,4]
638393 [4,1,5,9,6,10,7,8,2,3]
638393 [5,17,19,7,10,14,16,3,13,11,2,24,18,15,12,9,22,23,1,20,4,21,6,8]
638393 [8,11,12,5,10,7,3,6,1,9,2,4]
638393 [6,2,7,3,4,5,1]
638393 [11,7,6,3,2,5,8,4,9,12,13,14,10,1]
659898 [4,5,1,2,3]
661966 [6,3,4,2,7,5,1]
420668 [10,4,12,9,1,6,2,3,13,5,8,11,7]
420668 [7,5,3,6,1,4,2]
420668 [21,8,22,5,26,24,30,13,9,3,25,1,17,12,23,19,15,4,7,20,10,6,18,27,11,29,14,16,2,28]
420668 [5,1,11,7,4,3,2,15,8,13,9,12,6,14,10]
420668 [5,3,7,4,8,6,2,1]
447264 [1,7,6,4,5,3,2]
621402 [12,5,11,4,10,14,2,8,7,1,3,15,17,16,13,6,9]
621402 [1,22,5,16,3,2,14,10,7,9,6,4,21,20,19,18,12,13,15,17,11,8]
621402 [1,16,17,10,2,4,11,14,7,15,3,5,6,8,13,12,9]
621402 [10,7,4,2,11,5,8,6,1,12,9,3]
621402 [5,6,2,4,9,3,1,7,8]
621402 [12,6,15,16,4,7,17,9,13,2,10,1,11,5,14,3,8]
626652 [4,2,3,5,1]
626652 [20,15,12,17,4,9,14,5,38,8,13,16,6,1,26,25,33,36,34,10,22,18,35,30,31,27,19,29,7,11,3,23,32,28,21,2,24,37]
793625 [1,2,3,4,5]
264359 [6,1,7,10,5,3,8,4,9,2]
264359 [12,11,8,5,2,6,1,15,16,7,13,14,9,10,3,4,17]
37232 [4,3,5,9,6,7,8,1,2]
43932 [2,4,3,1,5]
922256 [8,3,4,6,11,7,10,5,1,9,2]
922256 [4,5,3,1,2]
922256 [9,7,5,1,10,6,3,8,4,2]
741821 [14,13,11,8,10,7,12,1,5,6,2,9,4,3]
750497 [17,4,1,29,8,34,10,19,30,15,31,13,12,23,25,28,11,2,14,9,26,24,7,3,18,16,21,27,35,5,33,22,20,36,6,32]
859097 [8,15,6,11,4,1,16,20,13,19,7,3,17,9,21,2,12,5,14,18,10]
864251 [5,2,1,8,9,3,6,7,4]
1071529 [12,3,7,16,15,11,6,10,1,14,13,18,17,8,2,5,4,9]
51752 [10,7,2,1,5,6,8,11,4,3,9]
757408 [3,2,4,6,1,5]
1418574 [9,4,1,8,3,2,6,5,7]
1418574 [2,3,4,5,1]
1418574 [14,23,17,16,11,12,4,18,15,7,3,2,5,20,10,1,6,9,13,24,21,8,22,19]
1480380 [4,1,2,3,5]
1791251 [2,8,5,4,3,6,1,7]
1791251 [3,2,1,4,5]
2110993 [7,43,15,28,29,12,26,35,23,47,6,17,46,38,37,50,11,8,53,5,3,40,27,16,25,36,34,45,54,51,18,41,19,22,9,48,4,42,2,21,30,14,24,52,56,10,49,55,39,33,44,31,32,1,13,20]
704803 [5,1,2,7,6,4,8,3]
704803 [2,5,7,4,3,1,6]
364113 [4,5,1,3,2,6]
458124 [6,10,2,1,4,9,5,7,3,8]
458124 [13,5,10,9,2,6,7,11,8,3,1,12,4]
458124 [4,6,7,3,1,2,5]
458124 [5,3,8,4,10,9,1,11,7,2,6]
458124 [4,5,3,2,1]
458124 [3,5,2,1,4]
458124 [1,5,4,3,2]
477103 [9,13,6,12,7,14,5,16,4,11,3,10,2,1,8,15]
795659 [4,3,5,2,1]
802605 [4,8,6,7,12,3,1,2,9,10,11,5,14,13]
802605 [1,7,5,4,2,3,6]
1389997 [10,4,6,2,12,8,7,1,9,3,5,11]
1389997 [7,20,14,4,23,19,6,15,3,1,24,8,2,5,12,13,9,18,22,16,10,11,17,21]
1193431 [2,5,7,6,1,3,4,8]
412478 [1,3,4,5,2]
1799180 [2,6,7,3,5,4,8,1]
1799180 [8,7,9,13,10,3,1,5,12,6,4,2,11]
1834502 [8,1,4,5,10,2,7,11,6,9,3,12]
815173 [15,17,1,13,12,14,3,2,8,10,7,16,11,4,9,6,5,18]
815173 [14,12,4,3,9,1,13,5,15,2,6,10,7,11,8]
815173 [4,6,3,1,5,7,2]
1901483 [7,2,3,5,9,8,6,4,1]
1525711 [2,4,5,3,7,1,6]
1221785 [1,2,3,4,5,6]
1246374 [6,2,3,4,8,1,9,10,7,5]
1248913 [2,4,3,1,5,6]
2140356 [5,8,1,11,9,13,4,7,12,6,2,10,3,14]
2140356 [6,7,4,9,3,2,5,1,8]
2140356 [1,2,3,7,6,5,4]
2140356 [4,3,1,6,8,2,5,7]
2149580 [5,4,2,3,1]
2152672 [2,4,7,6,1,8,3,5]
2121124 [1,4,8,2,3,5,6,7]
2121124 [1,4,8,10,9,5,6,3,2,7]
2121124 [10,8,3,7,4,6,1,5,9,2]
2121124 [4,6,12,9,1,7,13,3,10,8,14,11,2,5]
2121124 [9,8,3,2,14,7,12,5,13,6,11,1,10,4]
2121124 [3,1,5,6,7,4,2]
2121124 [4,2,1,11,7,10,3,9,5,6,8]
2121124 [1,4,2,5,3]
2382233 [1,2,3,4,5,6,7,8]
2382233 [1,2,3,4,5]
2382233 [1,2,3,4,5,6]
2521826 [6,3,4,1,2,5]
2526874 [1,2,3,4,5,6]
2526874 [1,2,3,4,5,6,7,8,9]
2526874 [1,2,3,4,5,6,7]
2526874 [1,2,3,4,5,6,7,8,9,10,11]
2526874 [1,2,3,4,5,6,7,8,9,10,11,12,13]
1568487 [1,2,3,4,5,6,7,8,9]
1568487 [1,2,3,4,5,6]
1598988 [14,24,18,6,27,22,15,23,16,21,7,12,17,26,13,4,8,29,9,28,20,5,19,3,1,25,2,11,10]
1718049 [4,2,5,22,8,19,18,6,23,13,3,26,16,9,17,21,20,15,10,11,7,25,1,24,12,14]
1728794 [8,6,2,1,7,5,3,4]
1974470 [7,6,3,1,5,2,4]
1974470 [2,4,5,1,3]
1974470 [3,2,6,1,7,5,8,9,4]
1974470 [6,9,12,2,11,4,1,8,5,3,7,13,10]
1956329 [2,3,4,5,1]
1956329 [8,3,7,5,2,4,6,1]
1131819 [3,4,8,5,6,9,2,7,1]
1131819 [3,1,8,7,4,5,6,2]
1131819 [2,1,4,3,6,5]
1131819 [5,3,7,6,10,8,2,4,9,1]
1131819 [8,2,9,1,5,4,6,3,7]
1131819 [6,2,4,1,5,3]
2127351 [5,7,6,2,1,3,4]
1735031 [2,1,5,3,4]
1595250 [9,3,16,13,14,2,1,17,6,10,12,11,8,4,7,15,5]
1744818 [1,2,3,4,5]
1744818 [1,2,3,4,5,6]
2151057 [1,2,3,4,5,6,7,8]
2151057 [1,2,3,4,5,6,7,8,9,10,11,12,13,14,15,16,17,18,19,20,21]
2199061 [1,4,5,3,2]
2199061 [8,4,3,7,5,2,6,1]
2347213 [4,2,3,5,6,1]
2347213 [7,2,8,5,3,1,6,9,4]
1954004 [5,4,1,3,2]
1954004 [2,5,4,3,1]
1954004 [5,1,3,2,4]
751365 [2,17,21,16,12,10,36,6,37,14,11,13,1,18,34,22,8,27,28,4,9,32,19,30,31,26,7,20,5,29,24,35,33,3,23,15,25]
751365 [10,17,3,15,9,2,4,11,18,13,6,1,5,14,16,7,12,8]
751365 [23,4,22,19,10,3,9,15,5,16,20,12,11,2,18,14,17,6,13,8,7,1,21]
751365 [7,1,34,15,24,29,18,20,5,31,32,14,28,33,21,26,25,13,6,8,2,3,4,12,10,17,23,27,19,16,30,11,9,22]
793546 [5,4,3,2,1]
1213548 [7,2,5,1,6,3,4]
1213548 [3,15,1,13,6,22,7,8,2,10,20,12,21,23,18,9,4,24,19,14,25,5,16,11,17]
1213548 [11,14,8,1,4,5,6,7,12,10,9,3,13,2]
1213548 [14,6,11,9,10,3,12,4,2,13,8,1,7,5]
2242701 [5,4,9,2,3,6,8,1,7,10]
2530482 [2,5,1,3,4,7,6]
2404803 [1,2,3,4,5,6,7,8,9,10,11,12,13,14,15]
944122 [2,6,3,4,1,5]
944122 [9,8,1,4,6,7,3,5,2]
944122 [1,4,6,3,5,2]
944122 [5,6,1,2,3,4]
944122 [2,1,3,9,5,8,4,7,6]
944122 [3,2,1,5,4]
944122 [2,5,4,3,1,6]
944122 [3,6,2,5,1,4]
949107 [1,5,6,2,3,4]
949107 [1,6,2,5,7,4,3]
949107 [3,2,1,5,4,6]
949639 [1,2,3,4,5,6,7,8,9,10,11,12,13,14,15,16,17,18,19,20,21,22,23,24,25,26,27,28,29,30,31,32,33]
1779138 [6,5,3,4,2,1]
1779138 [7,13,9,10,8,14,15,11,1,12,3,6,2,5,4]
1840567 [1,22,4,6,13,24,5,10,27,9,15,17,23,3,20,18,25,28,8,12,19,11,2,7,26,21,16,14]
2118743 [2,3,4,1,5]
2269158 [3,6,5,8,2,11,9,10,7,4,1]
2269158 [3,5,6,4,9,7,2,1,10,12,11,8]
1956329 [15,12,16,5,11,17,2,9,6,14,3,10,1,8,7,4,18,13]
1956329 [5,1,3,4,2]
1956329 [9,7,6,10,2,4,3,5,8,1]
1956329 [3,4,5,2,1,6]
1965353 [4,5,1,3,2]
1965353 [6,1,5,3,4,2,7]
1965353 [7,15,12,8,1,3,14,11,5,10,13,9,6,17,4,16,18,2]
1974260 [7,4,3,1,2,5,6]
1974260 [8,9,3,6,2,5,12,7,1,4,11,10]
1974260 [4,1,3,5,2]
2420256 [10,12,5,6,13,2,3,11,8,1,4,7,9]
2420256 [21,16,15,12,6,17,14,9,13,7,10,19,1,22,5,11,23,2,18,24,4,20,8,3]
2524240 [11,1,12,3,10,8,7,5,4,13,6,15,16,9,2,14]
2524240 [5,4,1,3,2]
2540950 [4,1,2,5,3]
2540950 [9,6,4,1,3,10,2,8,5,7]
2566955 [4,3,5,2,1]
1703304 [1,7,19,17,10,5,3,9,8,11,14,18,16,23,2,12,21,6,15,13,20,4,22]
1703304 [15,21,4,8,12,19,11,7,13,1,17,5,14,2,20,6,9,3,16,10,18]
1703304 [4,1,6,2,3,5,7]
1990738 [2,1,5,4,3]
1992684 [1,6,5,13,11,2,14,9,16,4,10,3,15,8,7,12]
151601 [3,4,2,1,5]
1802703 [2,7,3,6,4,5,1]
2309232 [3,2,5,6,4,1]
1095126 [8,1,7,6,4,3,5,2,9]
1779138 [2,3,7,6,1,4,9,5,8]
1779138 [5,4,2,1,3]
1779138 [15,5,10,6,4,1,12,2,3,13,14,7,18,17,16,11,8,9]
1779138 [5,6,4,3,2,1]
1779138 [2,3,6,1,4,5]
1779138 [6,7,3,1,8,5,2,4]
477137 [1,2,3,4,5,6,7,8,9,10,11,12,13]
477137 [1,2,3,4,5,6,7]
477137 [1,2,3,4,5,6,7,8,9]
477137 [1,2,3,4,5,6,7,8,9,10,11]
477614 [11,10,9,3,6,13,4,15,12,5,8,1,2,7,14]
548891 [1,7,3,4,6,2,5]
548891 [4,5,6,3,2,1]
661966 [1,13,20,9,21,16,3,6,15,2,11,12,5,23,4,10,7,22,19,14,8,17,18]
661966 [6,7,10,15,1,13,3,18,17,5,12,4,9,16,11,2,8,14]
661966 [1,7,6,2,4,3,5]
2093437 [6,2,4,11,1,10,8,3,9,12,5,7]
524296 [8,6,5,2,3,7,4,1,9]
524296 [18,17,6,11,7,5,12,13,4,19,3,9,1,2,15,16,10,14,8]
551337 [5,7,1,3,2,6,4]
551337 [7,8,10,1,4,2,13,11,5,3,12,9,6]
551337 [7,4,3,5,8,2,1,9,6]
551337 [2,4,9,7,1,10,8,11,6,14,3,12,13,5]
559866 [10,12,9,11,5,7,6,1,8,14,13,4,3,2]
559866 [1,2,4,6,3,7,5]
563436 [2,3,1,5,4]
563436 [5,1,2,4,3]
563436 [1,9,7,11,10,4,12,3,8,5,2,6]
563436 [1,12,5,10,7,9,11,4,2,8,6,3]
563436 [10,11,7,2,3,1,6,4,5,9,8]
581272 [1,2,3,4,5,6]
581272 [1,2,3,4,5,6,7,8]
636116 [4,2,3,1,5]
636918 [1,8,5,6,7,4,2,3]
636918 [18,15,14,1,20,10,6,12,8,2,17,4,13,19,11,16,3,7,5,9]
636918 [2,6,1,3,5,4]
730306 [2,1,5,9,6,8,3,4,7]
1785149 [2,1,5,3,6,4,7]
1785149 [6,4,11,8,5,3,7,2,12,10,9,1]
1785149 [1,3,5,7,8,6,4,9,2]
1785149 [8,6,2,4,1,9,3,5,7]
1788365 [14,2,11,3,17,4,13,12,7,1,16,6,10,8,9,5,15]
1788365 [10,5,9,2,8,6,3,4,12,11,7,1]
1788365 [7,6,17,12,22,11,14,3,10,1,8,21,4,18,15,13,16,2,19,5,20,9]
1542939 [2,5,6,8,7,1,3,4]
1542939 [5,3,2,4,1]
1642737 [46,58,37,23,35,2,11,29,72,30,20,33,18,1,5,51,52,39,60,63,43,54,61,22,19,6,45,59,7,24,49,50,34,67,15,69,41,44,53,8,42,47,21,55,48,31,65,4,17,3,66,12,38,9,28,27,71,14,32,64,70,62,56,10,57,40,16,36,13,26,68,25]
1642737 [10,11,3,2,7,6,4,9,5,8,1]
1642737 [2,6,5,4,7,3,1]
1380345 [18,11,21,5,4,3,6,19,22,1,12,8,26,10,17,15,16,20,9,24,14,2,13,7,23,25]
1380345 [2,9,7,5,1,6,8,10,4,3]
1380345 [7,4,8,6,3,2,1,5]
1383987 [5,1,3,4,2]
1389997 [2,5,3,1,4]
1430901 [1,2,3,4,5]
1430901 [1,2,3,4,5,6,7,8,9,10,11]
1430901 [1,2,3,4,5,6,7,8,9,10,11,12]
1430901 [1,2,3,4,5]
1447473 [6,7,3,11,4,5,8,2,9,1,10,12]
1473460 [2,4,3,5,1,6]
61977 [3,7,9,4,6,15,11,13,5,1,10,2,16,8,14,17,12]
150224 [11,2,14,24,9,25,16,21,22,18,28,12,27,1,10,23,19,17,8,6,4,5,7,26,15,29,3,13,20]
160892 [3,5,2,4,7,1,6]
160892 [3,2,1,4,5]
700730 [10,5,7,8,3,4,6,11,2,1,9]
717676 [1,2,3,4,5,6,7]
2301568 [6,2,1,3,4,5]
2301568 [1,4,3,6,5,2]
732486 [7,5,1,3,6,2,4]
740307 [4,9,6,2,5,8,7,1,3]
740307 [6,8,1,5,9,10,4,3,11,12,13,2,7]
740307 [53,77,36,2,45,65,21,51,56,63,74,47,61,50,70,11,40,25,48,43,39,54,55,30,33,58,20,42,12,23,59,1,9,16,62,13,71,64,46,78,41,26,67,75,68,4,6,8,27,29,57,24,73,17,5,72,49,7,28,34,3,69,22,35,52,76,60,66,44,14,31,15,19,32,10,37,38,18]
1118206 [12,13,15,1,7,14,3,6,2,11,8,10,5,4,9,16]
1118206 [5,6,8,3,4,7,11,2,1,10,9]
1118206 [1,3,4,2,5]
1118206 [8,5,4,1,6,3,2,9,7,10]
1131819 [5,7,2,4,6,3,8,1]
2471516 [1,3,6,2,4,5]
317862 [2,9,1,4,13,11,5,8,12,14,6,3,7,10]
317862 [6,5,3,1,2,4]
745033 [9,5,6,10,4,2,3,8,7,1,11]
755981 [7,4,3,2,5,1,6]
808364 [1,5,7,9,4,6,2,8,3]
1007544 [3,13,8,7,5,14,2,1,10,15,6,9,4,16,12,11]
2564495 [3,1,2,5,4]
2573441 [7,2,6,13,12,17,8,9,18,16,19,1,3,4,15,10,11,5,20,14]
60557 [1,2,3,4,5,6,7,8,9,10,11,12,13,14,15,16,17,18,19,20,21,22]
777553 [4,2,3,1,5,6,7]
777553 [5,4,2,3,1]
782168 [7,1,5,9,10,8,3,4,2,6]
531096 [1,2,3,4,5]
750497 [2,10,9,15,1,3,11,6,16,20,21,17,7,5,19,13,14,4,8,12,18]
780905 [6,5,7,1,3,4,2]
2219455 [2,5,6,4,1,3]
2261018 [5,3,4,2,7,1,6]
2261018 [6,9,2,10,7,1,8,4,5,3]
2261018 [7,3,5,8,2,9,1,4,6]
2264861 [3,5,6,4,1,2]
2284135 [1,2,3,4,5,6,7,8,9,10,11,12,13,14,15,16,17,18,19,20,21,22]
2284135 [1,2,3,4,5,6,7,8,9,10,11,12,13,14,15,16,17,18,19,20,21,22,23]
2291746 [1,2,3,4,5,6,7,8,9,10,11,12,13,14,15]
2291746 [1,2,3,4,5,6,7,8,9,10,11,12]
757408 [1,2,7,6,3,4,5]
806521 [13,6,14,12,5,16,2,7,15,3,11,17,10,9,8,1,4]
806521 [3,9,7,6,5,4,2,1,8]
806521 [30,17,11,2,22,8,27,34,6,14,28,13,5,24,20,31,23,4,18,29,15,10,26,9,21,16,25,32,1,7,33,19,3,12]
806521 [5,6,3,4,2,1]
815272 [1,17,16,11,13,10,3,25,24,6,2,22,7,20,18,9,21,26,4,23,5,14,15,8,12,27,19]
815272 [5,9,7,4,8,2,6,3,1]
839118 [4,5,2,1,3]
839118 [6,2,4,5,3,1]
839118 [2,5,1,3,4,6]
849043 [1,2,3,4,5,6,7,8,9]
893182 [4,2,1,5,6,3]
930903 [10,5,1,8,2,4,3,9,6,7]
935922 [3,2,4,5,1]
935922 [6,4,1,3,5,2]
948803 [1,2,3,4,5,6]
43932 [5,1,4,2,3]
43932 [2,5,4,3,1,6]
50306 [12,40,11,10,14,30,2,9,7,39,28,20,38,27,31,33,26,36,16,4,29,21,17,25,19,18,35,6,3,37,23,8,5,32,34,15,1,13,24,22]
182074 [2,7,5,6,8,3,1,4]
337540 [6,7,1,4,3,5,2]
337540 [1,3,2,5,7,4,6]
1974260 [2,1,8,4,6,7,5,3,9]
1255547 [1,4,3,2,6,5]
1331272 [6,3,9,1,5,7,4,8,2]
1331272 [2,4,9,5,3,10,8,1,11,7,6]
1368005 [3,4,5,7,1,6,8,2]
2528780 [2,3,4,5,1]
2528780 [11,22,1,4,8,16,5,9,17,2,13,19,7,14,12,6,20,10,3,18,21,15]
2532069 [1,2,3,4,5,6,7,8,9,10,11,12]
2532069 [1,2,3,4,5,6,7,8,9,10,11,12,13,14,15]
2532069 [1,2,3,4,5]
2532069 [1,2,3,4,5]
2532069 [1,2,3,4,5,6,7]
2532069 [1,2,3,4,5,6,7,8]
1706553 [1,3,4,2,5]
1785149 [4,6,3,2,5,1]
1881817 [1,2,3,4,5,6,7,8]
1881817 [1,2,3,4,5]
1888687 [1,2,3,4,5,6,7]
2432239 [12,1,15,10,11,8,21,18,6,14,5,7,19,3,20,22,13,4,17,9,2,16]
2436485 [2,3,4,1,5]
2520299 [4,3,2,5,1]
2520299 [2,1,5,4,3]
2520299 [4,3,5,1,2]
2530482 [2,4,7,1,6,3,5]
51752 [1,2,5,4,3]
51752 [1,6,7,3,5,4,2]
135488 [4,6,7,8,10,5,1,3,9,2]
135488 [26,13,30,33,12,24,29,10,18,11,32,27,6,1,9,7,8,22,19,20,17,2,15,25,34,23,21,31,36,28,35,5,16,3,14,4]
135488 [7,8,5,4,11,9,10,3,6,1,2]
463733 [2,4,5,3,1,6,7]
463733 [5,4,14,3,13,7,9,2,8,1,11,10,6,12]
463733 [13,32,12,6,11,19,20,28,24,17,34,29,1,22,7,31,16,2,15,18,14,8,21,23,5,26,10,4,33,25,9,27,3,30]
463733 [18,17,1,10,14,13,6,7,2,9,15,12,16,4,8,11,5,3]
510680 [8,10,1,5,6,11,12,9,16,4,7,14,15,3,2,13]
510680 [1,12,10,11,5,7,6,9,3,4,2,8]
631807 [6,1,8,3,4,7,5,2]
456624 [2,1,6,15,4,13,14,7,9,5,12,3,11,8,10]
456624 [7,5,11,9,6,3,4,2,8,10,1]
456624 [3,4,2,1,6,7,5]
476345 [1,5,4,3,6,2]
476345 [1,3,5,6,2,4]
476345 [3,6,10,7,9,11,2,12,8,4,5,1]
476345 [14,12,10,18,11,1,5,16,6,4,15,7,2,8,3,9,17,13]
476345 [1,4,5,3,6,2]
806521 [12,16,41,21,26,27,3,25,2,24,17,7,19,6,9,28,43,14,23,30,34,1,4,5,38,33,10,40,32,35,20,22,15,11,42,18,8,13,29,31,36,37,39]
806521 [43,1,22,66,34,54,4,23,52,31,42,75,48,76,18,73,72,13,55,41,12,74,65,8,2,29,10,59,16,33,24,27,46,44,6,9,63,39,28,53,61,58,64,3,62,79,26,56,68,17,25,37,50,45,19,78,21,47,35,67,32,51,49,38,57,11,7,30,70,77,60,14,20,40,15,5,71,69,36]
1841877 [2,6,1,9,3,8,5,7,4]
1841877 [11,27,8,1,9,24,12,16,15,6,22,10,21,20,28,2,14,19,7,4,3,23,26,25,5,18,17,13]
1841877 [5,7,6,1,4,3,2]
1841877 [10,9,4,3,8,14,7,12,13,2,5,1,6,11]
1841877 [6,1,3,2,4,7,5]
1851127 [1,2,3,4,5,6,7,8,9,10,11,12,13,14]
1873148 [1,2,3,4,5,6]
1873148 [1,2,3,4,5,6,7,8,9,10,11,12,13,14,15,16,17,18,19]
1873148 [1,2,3,4,5,6,7]
2119764 [11,10,3,5,8,7,2,6,1,9,4]
2119764 [5,8,3,2,7,10,4,1,9,6]
2119764 [4,1,6,3,7,9,8,5,2]
2119764 [2,1,7,4,14,8,17,15,13,10,5,9,11,12,6,18,16,3]
2119764 [4,8,13,1,3,14,5,9,10,7,2,11,12,15,16,6]
62577 [1,2,3,4,5,6,7]
68235 [32,14,33,12,7,34,2,21,36,10,30,38,31,15,1,22,23,5,3,6,13,4,19,37,20,29,27,11,16,8,24,26,17,25,18,9,28,35]
76658 [4,5,1,2,3,6,7]
76658 [7,3,5,8,9,2,11,6,10,4,1]
76658 [9,1,8,7,3,6,5,4,2]
122958 [1,6,5,4,3,2]
122958 [11,14,1,6,13,15,12,4,16,10,3,9,2,5,7,8]
122958 [4,2,5,3,1]
122958 [5,7,3,4,6,1,2]
122958 [3,11,10,13,15,7,1,16,8,9,4,6,12,14,5,2]
122958 [2,3,5,4,1]
122958 [6,10,18,16,21,12,5,1,20,19,7,22,15,11,14,9,3,13,4,23,2,8,17]
125136 [16,1,10,3,7,13,9,8,2,17,11,6,14,12,4,5,15]
143799 [1,2,3,4,5,6,7,8,9,10,11,12,13,14,15,16,17]
143799 [1,2,3,4,5,6,7,8,9,10,11,12,13]
171777 [4,8,7,10,3,1,9,2,6,5]
182355 [2,4,5,1,3]
187657 [9,10,8,4,6,2,3,7,1,5]
234690 [1,2,3,4,5,6,7,8]
244367 [13,8,17,22,15,23,24,1,10,26,18,4,6,25,19,3,11,21,16,20,12,5,14,2,9,7]
244367 [10,11,8,3,9,7,2,6,1,5,4]
244367 [3,4,1,8,6,5,2,9,7]
244367 [7,1,3,9,5,4,10,6,2,11,8]
244367 [8,6,1,2,7,4,5,9,3]
244367 [5,1,3,4,2,6]
244367 [2,4,5,3,1]
244367 [2,3,1,6,4,5]
245835 [3,1,10,9,2,5,8,6,7,4]
682168 [7,2,5,4,1,6,8,3]
699762 [7,8,4,3,2,9,11,5,1,10,6]
699762 [5,6,7,4,1,2,3]
700730 [2,6,1,3,4,7,5]
700730 [10,6,9,4,2,8,3,11,1,7,5]
711028 [4,6,2,5,3,1]
814889 [14,6,1,4,13,9,12,3,10,7,8,2,16,5,11,15]
814889 [4,2,8,11,6,1,12,10,5,7,3,9]
839118 [3,5,4,2,1]
2122382 [4,3,2,5,1]
2137076 [5,1,8,12,11,14,9,4,15,3,18,16,13,6,10,2,7,17]
2137076 [1,2,4,6,5,3]
2137076 [3,2,1,5,4]
2140778 [7,10,1,11,9,5,14,4,12,8,2,3,13,6]
2140778 [1,2,5,3,4]
2144690 [1,2,3,4,5]
2186994 [2,4,1,5,3]
2395985 [3,4,7,6,11,12,5,1,8,2,10,9]
2442769 [3,2,1,4,5]
2242311 [2,1,3,5,6,4]
2242311 [35,27,44,39,8,38,15,6,21,23,47,24,20,9,42,12,1,40,14,28,30,10,49,51,3,48,32,17,18,41,25,36,33,52,53,16,13,2,46,19,7,4,45,29,34,43,11,50,26,31,22,37,5]
2242701 [8,14,12,3,4,1,11,10,9,2,5,7,6,13]
2242701 [11,6,4,2,10,9,8,1,5,3,7]
2242701 [13,11,5,8,6,1,12,3,4,10,2,7,9]
2284135 [1,2,3,4,5,6]
2292659 [6,7,1,11,13,2,3,12,8,9,5,10,4]
2292659 [1,2,6,5,4,3]
2347213 [12,9,7,3,6,2,8,4,5,11,1,10]
2357837 [5,2,1,6,3,4]
941029 [6,3,2,5,1,4,7]
966688 [7,3,9,1,8,2,4,5,6]
978501 [1,2,3,4,5]
978501 [1,2,3,4,5]
978501 [1,2,3,4,5,6,7,8,9,10,11,12,13,14,15,16,17,18,19,20,21,22,23,24,25,26,27,28,29,30,31,32,33]
997715 [14,10,9,2,12,3,11,13,5,8,4,7,6,1,15]
997715 [1,4,5,6,3,2]
997715 [2,7,1,4,6,5,3]
1001055 [6,10,1,8,2,5,9,7,3,4]
1001055 [15,4,3,9,17,10,6,5,1,16,11,12,13,7,8,14,2]
1001055 [1,11,6,8,3,5,9,10,7,2,4,12]
1001055 [11,13,24,15,4,21,23,22,14,16,12,7,10,6,1,5,17,3,18,20,8,2,9,19]
1001055 [3,7,4,2,5,8,1,6,9]
1014041 [1,2,3,4,5,6,7,8,9,10,11,12,13,14,15,16,17,18]
1014041 [1,2,3,4,5,6,7,8]
1047632 [9,5,7,11,6,4,3,1,10,8,2]
1047632 [4,7,1,9,2,3,8,6,5]
1047632 [17,3,12,8,10,11,14,1,16,2,4,13,5,15,7,6,9,18]
1029687 [2,6,3,4,5,7,1]
1074381 [1,2,3,4,5,6,7]
1090317 [8,4,6,1,5,7,3,2]
1104073 [6,7,10,3,11,1,4,5,2,9,13,8,12]
1111675 [1,2,3,4,5,6,7]
1111675 [1,2,3,4,5,6,7,8,9,10]
1117666 [4,6,5,1,3,7,2]
128459 [2,5,6,1,3,4]
139350 [4,5,2,1,3]
139350 [4,3,5,7,1,6,2]
168769 [2,1,4,3,5]
168769 [8,1,4,6,11,5,15,13,3,2,10,16,12,9,14,7]
182355 [6,13,17,12,5,18,16,7,15,9,2,4,14,8,11,10,3,1]
182355 [5,6,4,3,1,2]
209258 [5,3,2,6,4,7,9,8,1]
244367 [3,4,1,12,9,7,5,8,10,6,2,11]
244367 [5,6,4,2,1,3,7]
248790 [5,3,6,2,1,7,4]
285619 [7,11,3,8,13,6,4,15,10,9,2,1,5,12,16,14]
285619 [11,16,5,3,8,13,12,4,15,9,7,1,10,14,6,2,17]
289998 [5,10,9,11,7,2,8,1,6,3,12,4]
412478 [10,6,1,11,13,5,3,7,2,8,12,4,9]
412478 [3,5,2,1,4]
412478 [1,3,8,9,2,6,5,10,7,4]
412478 [10,26,25,2,23,32,38,14,36,8,29,18,35,31,4,9,30,27,21,15,16,24,5,1,7,33,13,12,22,34,6,11,20,3,37,19,28,17]
2015664 [11,14,13,3,8,9,5,1,4,15,2,12,6,10,7]
206251 [4,2,3,5,1]
209258 [5,3,2,1,4]
2031993 [2,4,1,5,3]
1370739 [1,4,2,7,3,6,8,5]
1370739 [7,8,2,9,4,1,10,6,14,13,15,5,12,3,11]
1370739 [13,25,14,22,19,2,18,9,3,23,6,24,5,26,16,15,11,1,20,8,21,4,17,10,7,12]
1370739 [11,7,4,5,10,8,3,6,1,2,9]
1370739 [18,3,1,13,20,16,15,14,22,10,12,21,2,9,8,5,11,19,6,17,4,7]
1370739 [5,9,2,8,4,11,3,6,10,7,1]
1371941 [3,5,6,2,4,1]
1383987 [4,2,3,1,5]
2150451 [5,6,3,7,2,1,4]
2197793 [1,7,6,4,2,3,5]
2197793 [4,2,10,11,12,8,7,3,6,9,5,1]
745148 [1,3,2,9,7,6,8,5,4]
784053 [3,1,11,14,6,2,17,5,4,18,9,7,12,15,16,8,13,10]
784053 [3,1,5,6,4,2]
784053 [4,3,5,2,1]
784053 [3,2,4,1,5]
1331272 [1,3,8,2,5,4,6,7]
516251 [4,8,5,3,1,2,6,9,7]
521351 [8,19,32,21,6,22,20,41,17,39,2,9,1,23,13,4,12,28,36,3,34,30,16,29,10,33,18,15,40,37,25,35,24,38,5,42,7,26,14,31,27,11]
531096 [1,2,3,4,5,6]
531096 [1,2,3,4,5,6]
554417 [2,4,3,1,5]
98255 [1,4,2,5,8,3,7,6]
642707 [8,1,6,4,3,2,7,5]
645703 [6,7,3,9,2,4,5,1,8]
2129565 [2,5,3,1,4]
2129565 [11,8,2,5,10,16,1,3,12,4,17,18,13,15,9,7,14,6]
2580963 [1,2,3,4,5,6,7,8,9]
2580963 [1,2,3,4,5,6,7,8,9,10,11,12,13,14,15,16,17,18,19,20,21,22,23,24,25,26,27,28,29,30,31,32]
2580963 [1,2,3,4,5,6,7,8,9]
2580963 [1,2,3,4,5,6,7,8,9,10]
1200231 [5,13,8,4,12,2,6,11,9,10,3,1,7]
1696878 [7,3,15,9,11,4,12,5,8,1,13,10,2,14,6]
1696878 [10,6,8,12,9,5,2,11,1,7,4,3]
1696878 [3,4,8,6,7,9,1,5,2]
1699516 [7,3,9,5,4,8,6,10,2,1]
1699516 [5,7,8,2,6,1,3,4]
1699516 [8,9,19,14,3,15,18,11,1,21,12,5,20,13,16,7,17,4,10,22,6,2]
1699516 [11,9,6,7,12,1,10,13,4,8,5,3,2]
1699516 [3,8,7,1,4,2,9,5,6]
1748436 [7,6,5,4,1,3,2]
2282798 [6,7,25,21,30,43,31,22,20,12,37,11,14,16,33,38,4,13,10,29,34,26,28,5,18,17,42,3,40,41,15,8,36,35,23,32,9,39,24,19,2,27,1]
688189 [3,1,4,5,2]
850590 [2,18,4,3,15,5,12,8,17,7,11,1,16,13,6,21,19,22,20,10,14,9]
850590 [2,6,1,3,4,5]
850590 [4,5,3,2,6,1]
850590 [4,6,5,1,2,9,7,3,8]
1881717 [7,2,16,6,8,1,13,3,15,14,12,5,11,4,9,10]
1881717 [9,3,4,1,6,8,7,2,5]
1888687 [1,2,3,4,5,6,7,8,9,10,11,12,13,14,15,16]
1888687 [1,2,3,4,5,6,7,8,9,10,11,12,13,14,15,16,17,18,19,20,21]
1894941 [1,2,3,4,5]
1923897 [2,8,7,3,6,1,4,5]
1923897 [8,5,6,7,2,4,1,3]
457469 [2,8,7,1,6,5,4,3]
469460 [15,11,12,7,9,4,6,1,13,2,8,5,3,10,14]
574118 [1,2,3,4,5,6,7,8,9,10,11,12,13,14,15]
574118 [1,2,3,4,5,6]
634113 [9,14,5,3,11,10,15,4,8,12,13,1,6,16,7,2]
661966 [1,10,12,3,6,9,5,7,4,2,8,11]
702478 [2,9,4,3,11,12,10,7,5,6,8,1]
1827042 [9,10,2,11,6,7,4,1,5,3,8]
1827042 [1,2,4,5,3,6,7]
1827042 [5,7,4,1,6,2,3]
1834502 [1,4,10,8,6,7,2,5,3,9]
1834502 [1,2,7,5,3,6,4]
1834502 [3,6,4,5,2,1]
1874962 [4,3,1,2,5,6,7]
1919508 [12,77,76,54,66,73,50,61,47,8,11,14,58,34,32,23,30,75,6,70,48,37,64,78,40,16,44,4,74,49,2,3,28,53,56,38,20,41,51,45,60,25,69,67,13,59,62,57,46,10,5,33,29,31,24,26,21,42,68,55,7,1,35,52,18,22,19,17,65,43,39,36,71,63,72,9,79,15,27]
1926205 [1,2,3,4,5,6,7]
1926205 [1,2,3,4,5,6,7,8,9]
1926205 [1,2,3,4,5,6,7,8,9]
409937 [3,15,34,27,8,37,38,30,1,20,9,14,26,35,19,21,13,31,28,11,12,23,25,2,5,24,6,36,22,39,16,29,18,4,17,7,33,10,32]
409937 [9,8,13,14,4,6,5,1,10,3,11,12,7,2]
1007544 [5,2,3,4,1]
1640761 [4,3,5,1,7,2,6]
1640761 [10,14,15,6,4,9,13,8,16,1,12,7,2,11,5,3]
1974260 [13,5,7,10,8,12,4,3,9,14,6,1,11,2]
1806211 [2,4,5,6,8,1,7,9,3]
1806211 [9,6,1,2,5,4,8,7,3]
850590 [3,31,1,24,9,15,17,34,23,33,2,12,14,29,5,27,4,25,22,6,26,11,10,20,8,30,21,28,16,18,32,19,7,13]
850590 [5,2,7,4,1,3,6]
893182 [2,4,6,3,1,5]
899670 [3,5,1,2,4,6]
941029 [5,3,1,2,4]
1006353 [1,2,3,4,5]
1006353 [1,2,3,4,5,6,7,8,9,10,11,12,13,14,15,16]
1006353 [1,2,3,4,5,6,7,8,9]
1006353 [1,2,3,4,5,6,7,8,9,10,11,12,13,14,15,16]
1006353 [1,2,3,4,5,6,7,8,9,10,11,12,13,14,15,16,17]
1012145 [1,2,3,4,5,6,7]
1012145 [1,2,3,4,5,6,7]
1041212 [1,2,3,4,5,6,7,8,9,10,11,12,13,14,15,16]
1066016 [1,4,2,3,8,6,5,7]
1074381 [1,2,3,4,5]
1106100 [10,5,7,8,9,4,2,3,6,1]
1106100 [8,2,9,5,4,6,1,10,3,7,14,13,11,12]
1106100 [4,12,9,2,16,6,25,15,8,18,3,22,7,1,17,27,19,23,20,26,11,14,21,10,5,24,13]
1106100 [3,4,1,11,10,7,8,2,5,6,9,12]
2184359 [5,2,6,3,4,1]
2184359 [2,1,5,4,3]
2199061 [5,3,6,4,1,2]
2199061 [12,6,5,2,4,8,10,11,3,13,9,7,1]
2199061 [15,3,4,2,10,5,9,8,6,7,14,12,1,11,13]
2199061 [4,3,2,6,5,1]
2246162 [1,7,8,6,5,4,2,3]
2246162 [6,1,2,4,7,3,5]
2246162 [3,7,2,13,11,10,12,8,6,5,4,9,1]
2246162 [9,4,7,3,5,2,8,1,6]
2261018 [8,6,1,4,3,5,7,2]
2261018 [3,1,2,5,4,6]
477103 [3,1,8,5,4,6,2,7]
2532069 [1,2,3,4,5,6,7,8,9,10]
802669 [25,23,21,5,8,13,19,24,11,16,15,14,22,18,10,27,4,7,2,9,1,17,26,12,3,6,20]
802669 [12,7,5,4,2,1,10,17,16,6,3,15,14,8,11,13,9]
802669 [5,10,13,1,12,6,8,4,9,7,11,2,3]
802669 [8,1,14,3,17,5,9,6,12,2,16,4,13,10,15,7,11]
802669 [13,1,7,12,16,21,19,6,11,10,8,17,3,9,5,4,2,15,18,20,14]
965694 [1,2,3,4,5]
965694 [1,2,3,4,5,6,7,8,9]
1153336 [4,2,1,3,6,5]
1153336 [6,2,4,5,3,1]
1153336 [4,5,1,2,3]
1153336 [5,7,8,2,9,3,10,6,11,4,1]
1153336 [7,6,2,3,4,1,5]
1153721 [1,2,3,4,5,6]
45078 [10,3,12,1,35,31,11,6,15,34,29,22,33,8,4,21,26,2,5,7,25,32,30,13,24,16,20,19,23,27,17,9,28,18,14]
45078 [10,8,4,9,6,15,1,12,17,13,7,14,3,2,11,16,5]
45078 [2,3,1,8,9,7,5,4,6]
45078 [6,12,9,3,11,5,7,4,2,1,8,10]
45078 [7,3,2,4,1,9,5,6,8]
370441 [5,4,7,3,1,2,6]
370441 [3,5,6,2,4,1]
581272 [1,2,3,4,5]
581272 [1,2,3,4,5,6,7,8,9,10,11,12,13]
581272 [1,2,3,4,5,6,7,8,9,10]
50692 [1,2,3,4,5,6]
43932 [4,2,5,1,3]
43932 [3,5,1,2,4]
50692 [1,2,3,4,5,6,7,8,9,10,11,12,13,14,15]
50692 [1,2,3,4,5,6,7]
50692 [1,2,3,4,5,6,7,8,9,10,11,12,13,14,15,16,17,18,19,20,21,22,23,24,25,26,27,28,29,30,31,32,33,34,35,36,37,38,39,40,41,42,43,44,45,46,47,48,49,50,51,52,53,54,55,56,57,58,59,60]
43932 [1,3,8,9,2,6,7,4,5]
60877 [4,1,5,2,3]
136584 [1,2,3,4,5,6,7,8,9]
136584 [1,2,3,4,5,6,7,8,9,10,11,12,13,14,15,16]
136584 [1,2,3,4,5,6,7,8,9,10,11,12,13,14,15,16,17,18,19,20,21,22,23,24,25,26,27,28,29,30,31,32,33,34,35]
136584 [1,2,3,4,5,6,7,8,9,10,11,12,13,14,15,16,17,18,19,20,21,22,23,24,25,26,27,28,29,30,31,32,33]
136584 [1,2,3,4,5,6,7,8,9,10,11,12,13,14,15,16,17,18,19,20,21,22,23,24,25,26,27,28,29,30,31,32,33,34]
137963 [6,1,5,3,2,4]
139350 [4,3,2,5,1]
141376 [1,5,3,4,2]
141376 [5,1,4,2,3]
141376 [4,3,2,6,5,1]
110458 [10,5,1,12,9,8,7,11,6,13,3,2,4]
110458 [4,2,9,1,10,3,6,8,12,7,13,11,5]
110458 [9,8,5,1,16,15,13,10,12,11,3,4,2,14,7,6]
168638 [2,3,1,5,4]
420583 [6,7,2,1,5,4,8,9,3]
425689 [2,4,3,1,5]
425689 [5,4,17,3,16,1,15,7,11,12,6,13,10,14,9,2,8]
425689 [13,29,15,26,7,25,27,24,28,2,14,23,9,34,6,32,10,4,31,11,30,18,1,21,8,3,16,5,20,12,33,22,17,35,19]
425689 [11,19,20,14,10,6,9,21,18,12,1,15,5,3,2,13,16,4,17,8,7]
425689 [1,4,3,5,2,6]
425689 [8,1,3,7,2,5,9,6,4,10]
425689 [4,5,2,6,7,1,3]
416399 [3,2,4,1,5,7,6]
817700 [7,4,8,2,3,5,1,6]
277291 [4,8,2,1,5,3,7,6]
793625 [1,2,3,4,5,6,7,8,9,10,11,12]
392101 [1,3,4,6,5,2]
412478 [20,9,32,8,12,24,13,23,16,33,21,6,29,25,11,3,39,15,7,36,37,31,38,28,17,10,27,34,1,22,19,35,26,30,18,14,4,2,5]
2581162 [7,16,9,1,10,2,11,15,4,8,6,12,14,13,5,3]
204031 [5,1,4,2,3]
204031 [2,7,4,8,6,9,5,10,1,3]
206251 [4,1,5,3,2]
206251 [2,5,6,1,4,8,7,3]
506896 [2,6,10,5,7,11,3,4,8,1,9]
521637 [5,2,4,3,1]
529218 [1,2,3,4,5,6,7,8,9,10,11,12,13,14,15,16,17,18]
623191 [4,5,1,2,3]
623191 [24,6,8,1,18,5,9,22,4,16,17,26,14,20,10,13,25,21,2,23,15,3,19,11,12,7]
623191 [8,6,7,3,2,4,5,1]
626652 [9,3,8,1,4,5,6,7,10,2]
626652 [6,3,2,5,4,1]
626652 [7,4,3,9,2,1,10,11,8,5,6]
626652 [5,3,28,1,21,27,22,12,15,11,23,19,7,14,13,18,8,2,25,6,20,10,9,24,26,4,17,16]
268600 [6,10,12,3,5,11,2,1,9,7,4,8]
268600 [4,12,9,10,3,11,14,13,2,5,7,8,6,1]
268600 [4,1,2,5,3]
268600 [2,3,1,4,7,5,6]
688189 [7,1,5,6,4,3,8,9,2]
699762 [10,12,9,2,3,7,11,4,8,6,5,1]
638393 [13,16,3,7,18,15,24,8,14,6,10,25,5,17,19,11,22,20,23,21,12,9,1,4,2]
638393 [5,4,3,2,1]
638393 [4,3,5,7,6,2,8,1]
638393 [7,18,19,12,29,23,3,13,26,2,22,20,31,4,16,21,10,24,5,32,33,15,27,25,11,14,17,8,30,6,9,1,28]
638393 [4,1,2,5,3]
638393 [4,5,11,17,12,2,15,22,7,16,25,14,1,3,18,10,8,24,19,20,13,6,21,23,9]
638393 [6,13,3,7,12,5,8,9,1,14,11,4,10,2]
710166 [1,2,3,4,5,6,7,8,9,10,11,12]
710166 [1,2,3,4,5]
285619 [16,22,7,3,10,12,1,9,8,14,13,4,15,20,17,18,21,19,5,11,2,6]
290832 [5,40,8,24,41,30,25,35,57,27,56,17,29,54,37,15,10,14,48,20,13,33,59,9,58,31,49,21,43,23,34,32,16,42,52,3,2,39,46,12,53,18,6,22,28,45,1,11,7,4,19,50,44,26,47,38,55,36,51]
456623 [4,1,3,5,2,6]
349690 [1,2,3,4,5,6,7,8,9]
367419 [6,1,4,5,3,9,10,2,8,7]
477103 [16,19,15,13,4,12,18,7,5,10,8,20,6,1,11,9,21,3,14,2,17]
647653 [3,5,4,2,1]
647653 [3,21,17,16,10,23,8,13,6,4,14,18,1,11,15,5,2,12,22,19,7,24,9,20]
647653 [3,7,6,8,4,1,5,9,10,2]
350265 [3,12,11,2,1,9,4,8,6,13,7,14,5,10]
364113 [6,4,5,1,2,3]
364113 [19,3,18,8,5,10,13,2,16,9,17,1,6,20,11,14,12,7,4,15]
516251 [6,14,1,2,15,8,16,4,5,7,3,12,13,11,9,10]
521351 [4,5,1,2,3,6]
521351 [3,13,1,2,7,11,8,9,10,12,6,5,4]
521351 [4,5,3,2,1]
1251390 [11,3,12,16,2,9,13,14,1,8,15,10,6,4,7,5]
1308113 [10,3,7,6,2,1,9,5,4,8]
1308113 [2,5,1,3,4]
201433 [12,3,11,2,7,8,5,10,9,1,6,4]
201433 [2,5,4,3,1,6]
202953 [4,2,3,5,1]
1071040 [1,2,3,4,5,6,7]
563436 [8,4,12,1,2,6,7,10,11,3,5,9]
583610 [3,4,2,7,1,5,6]
194623 [1,2,4,3,5]
182355 [6,10,4,9,5,8,3,1,7,2]
182355 [4,2,3,5,1]
202953 [6,2,7,1,4,3,5,8]
244367 [8,5,24,12,17,2,9,13,20,3,16,7,14,15,6,18,10,11,4,23,22,21,19,1]
244367 [1,4,8,2,3,5,9,7,6]
244367 [1,16,17,11,10,4,15,12,22,5,2,21,6,19,14,18,23,8,13,20,9,3,7]
986406 [6,8,3,1,2,9,7,4,5]
986406 [5,3,9,11,8,6,2,12,14,7,4,15,1,13,10]
211816 [9,8,5,4,6,3,7,1,2]
211816 [10,9,5,8,2,1,7,4,6,3]
211816 [8,6,3,9,4,1,10,7,5,11,2]
1246374 [5,1,3,2,4]
1119343 [4,2,3,1,5]
1119343 [6,11,7,2,1,4,12,8,9,10,3,5]
1119343 [6,7,5,1,2,3,4]
1119343 [1,5,3,2,4]
1119343 [1,3,5,6,2,4]
1123412 [1,5,3,2,4]
1123412 [6,5,3,1,4,2,7]
1138925 [6,1,5,2,7,10,3,4,11,9,12,8]
1208930 [5,9,1,6,2,8,4,7,3]
2122044 [7,4,5,8,1,2,6,3,9]
2122044 [3,8,7,4,10,6,5,9,1,2]
1200231 [4,3,1,10,6,7,2,9,11,5,8]
1279115 [4,2,8,7,1,5,6,3]
1279115 [6,4,1,7,3,5,2]
704803 [3,2,4,5,1]
704803 [5,1,4,2,6,7,8,3]
704803 [1,8,4,5,7,3,6,9,2]
704803 [5,1,7,6,4,8,3,2]
1090573 [4,1,5,3,6,2]
1094259 [8,7,10,3,5,4,1,12,6,2,9,11]
1514042 [6,4,3,2,7,5,1]
1514042 [6,10,3,7,9,1,11,5,8,2,4]
1514042 [3,7,1,9,17,24,32,4,8,35,23,29,16,21,28,33,26,5,19,34,6,22,12,11,10,13,31,2,30,18,25,27,20,15,14]
1514042 [13,1,6,8,4,7,11,2,12,3,14,10,9,5]
1514088 [5,4,6,1,2,3]
918965 [4,2,8,3,1,5,6,7]
1221502 [8,7,13,14,12,5,3,9,2,10,11,6,4,1]
1961735 [7,26,16,1,3,9,11,27,20,19,28,29,4,15,23,8,17,2,21,22,6,25,12,18,13,10,5,14,24]
1961735 [9,8,6,7,5,1,2,4,3]
1961735 [3,13,16,14,21,6,2,15,20,11,10,7,5,1,9,19,17,4,12,8,18]
1961735 [18,11,2,12,6,10,5,13,15,16,7,3,14,1,17,9,8,4]
1972165 [1,5,2,4,6,3,7]
2498083 [7,9,2,8,4,3,5,6,1]
2516014 [2,8,6,7,4,1,3,5]
2516014 [7,44,38,13,2,29,28,37,11,12,40,33,39,24,8,31,46,25,1,3,35,18,27,34,32,42,4,21,36,16,43,5,17,45,22,41,19,6,14,15,9,10,30,20,26,23]
2516014 [3,9,10,4,2,12,11,15,6,5,8,1,14,7,13]
2516014 [2,3,1,5,4,6,7]
2516014 [4,3,5,1,2,6]
2516014 [5,4,6,3,9,2,8,1,7]
336595 [5,3,4,7,2,6,1]
336595 [33,38,29,30,44,23,41,1,37,39,24,2,28,4,9,11,32,46,10,12,15,25,18,35,14,19,47,34,6,27,48,40,45,13,3,5,26,22,17,42,43,31,20,8,16,36,7,21]
481652 [2,1,5,3,4,6]
1246374 [6,3,1,2,7,4,5]
1251390 [6,1,7,4,3,2,5]
1251390 [3,5,1,4,2]
1752803 [1,2,3,4,5]
978714 [1,2,3,4,5,6,7,8,9,10,11,12]
366407 [9,6,4,2,8,1,10,3,5,11,7]
440978 [1,2,3,4,5,6,7,8,9,10,11,12,13,14,15,16,17,18,19,20,21,22,23,24,25]
441426 [9,11,6,8,1,4,10,5,13,12,3,14,15,7,2]
441426 [7,4,5,1,3,2,6]
467813 [1,10,2,4,13,14,9,8,6,3,5,12,7,11]
467813 [5,8,2,6,9,1,7,4,11,3,10,13,12]
467813 [4,7,12,6,5,10,11,3,8,1,2,9]
663707 [8,1,10,7,11,6,3,9,2,5,4]
663707 [2,5,1,7,4,3,6]
365556 [1,2,3,4,5,6]
365556 [1,2,3,4,5,6,7,8,9,10,11,12,13]
1924396 [1,2,3,4,5,6]
2296992 [20,11,31,26,16,19,5,1,3,23,28,22,8,24,9,4,13,2,21,34,12,33,35,27,37,10,15,14,25,17,7,29,30,18,32,36,6]
2526874 [1,2,3,4,5,6,7]
2526874 [1,2,3,4,5,6,7,8,9,10,11]
2526874 [1,2,3,4,5,6,7]
2526874 [1,2,3,4,5,6]
2526874 [1,2,3,4,5,6,7,8]
2528780 [5,7,4,3,6,1,2,8]
847729 [5,1,4,8,7,6,3,2]
847729 [10,2,6,11,14,12,16,8,7,15,3,9,17,4,1,13,5]
847729 [9,7,3,1,2,5,4,8,6]
847729 [5,1,4,7,8,10,6,9,3,2]
847729 [7,6,10,2,1,3,9,4,8,5]
847729 [15,14,13,2,7,10,18,8,5,3,17,6,20,12,16,4,21,9,1,11,19]
847729 [6,4,8,5,1,9,10,2,7,3]
852601 [4,2,5,8,3,7,1,6]
852601 [16,14,8,15,7,1,5,9,11,6,10,17,2,4,13,3,12]
852601 [9,1,7,8,13,2,6,14,10,3,11,12,5,4]
856313 [1,4,5,3,2,6]
935922 [4,3,5,6,2,1]
2540950 [14,8,4,10,13,3,9,18,12,1,5,2,11,17,16,7,6,15]
2566955 [5,4,3,2,1]
2566955 [2,1,4,5,3]
1803121 [3,4,6,1,2,5]
1823910 [17,9,29,10,25,42,28,20,37,27,13,11,19,4,1,35,5,43,18,31,24,36,39,7,26,41,15,16,8,30,3,23,34,2,6,33,38,21,40,14,32,22,12]
194623 [3,6,5,1,7,4,2,8]
194623 [2,5,1,6,7,4,3]
1221502 [6,5,15,18,12,7,11,2,17,8,21,1,4,14,9,16,19,3,13,20,10]
1221502 [6,3,2,1,4,5]
1231230 [1,2,3,4,5,6,7,8,9,10,11,12,13,14,15,16,17,18,19,20,21,22,23,24,25]
1231230 [1,2,3,4,5]
1231230 [1,2,3,4,5,6,7,8,9,10,11,12,13,14,15,16,17,18,19,20,21,22]
1234072 [1,3,2,5,4]
2122044 [3,4,2,5,6,1]
1542753 [33,5,10,13,3,32,1,26,6,17,27,12,29,25,22,31,28,16,8,9,19,20,21,14,23,30,7,4,15,11,18,24,2]
1542753 [7,6,10,8,13,11,12,4,3,2,1,5,9]
2118743 [1,8,6,3,2,4,5,7]
2118743 [1,4,2,5,3]
941029 [1,3,6,2,4,5,7]
1246374 [10,1,8,5,7,2,9,6,3,4]
1246374 [3,7,8,9,6,4,5,2,1]
2199061 [5,18,15,16,13,3,1,4,6,11,2,19,10,7,14,17,12,8,9]
2221814 [4,3,2,6,1,5]
1292827 [1,2,7,3,6,5,4]
1292827 [35,18,10,16,5,11,8,30,28,34,12,24,4,23,25,2,13,15,22,6,21,26,32,1,14,17,29,20,19,31,27,33,9,7,3]
1292827 [10,9,5,13,12,1,2,15,11,8,4,6,7,3,14]
1292827 [2,11,5,1,12,6,7,8,10,13,3,9,4]
1292827 [11,7,2,6,10,3,8,9,1,5,4]
1577231 [53,40,12,24,27,49,9,51,29,1,47,7,21,31,26,45,52,35,17,41,30,25,13,28,11,36,15,20,6,32,8,18,19,39,33,50,48,4,38,16,22,34,54,3,42,43,2,37,14,23,44,10,5,46]
1856951 [4,5,2,3,6,1,7]
1856951 [3,5,1,4,2]
1856951 [7,2,1,4,3,6,9,8,5]
244218 [4,2,1,3,7,9,6,5,8]
261181 [7,1,3,4,5,6,8,2]
268600 [4,1,2,3,6,5,7]
268600 [2,3,1,4,5]
268600 [3,10,12,11,1,7,17,8,4,20,14,9,2,21,16,6,15,13,19,5,18]
268600 [10,18,13,14,16,17,12,6,8,7,9,11,4,15,1,5,3,2]
268600 [10,4,11,8,13,9,12,2,14,3,15,1,5,6,16,7]
268600 [3,12,11,7,4,5,9,6,10,2,1,8]
1520051 [1,2,3,4,5,6,7,8,9,10,11,12,13,14,15,16,17,18]
2561387 [3,4,2,1,5]
90036 [4,9,12,30,28,7,3,13,19,10,1,21,27,29,16,2,24,18,17,20,11,14,22,31,25,5,6,8,15,32,26,23]
112502 [1,2,3,4,5,6,7,8,9,10,11,12,13,14,15,16,17,18,19,20,21,22,23,24,25,26,27,28,29,30,31,32,33,34,35,36,37,38,39,40,41,42,43,44,45,46,47,48,49,50,51,52,53,54,55,56]
112502 [1,2,3,4,5]
815173 [4,3,6,2,5,1]
317862 [17,1,19,8,2,7,5,3,6,9,16,18,10,13,15,14,12,4,11]
317862 [3,9,7,6,1,5,2,10,4,8]
317862 [1,3,4,2,5]
1223263 [5,2,6,4,1,7,3,8]
1223263 [4,1,5,6,2,3]
1223263 [2,3,1,9,5,6,16,10,17,18,8,19,13,11,15,12,14,4,7]
2097149 [2,15,6,1,4,3,9,14,8,7,16,13,5,11,10,12]
2097149 [1,2,4,5,3]
1525711 [10,2,9,15,5,11,14,12,13,8,7,1,6,3,4]
1541887 [12,11,1,9,7,13,4,10,2,14,5,6,3,8]
1541887 [8,4,2,5,1,3,7,6]
1541887 [2,5,3,1,7,6,4]
2041007 [5,1,3,2,4]
2581162 [4,1,5,3,6,7,2,8]
507022 [3,4,1,2,5]
507022 [10,1,4,9,2,3,7,8,6,5]
631807 [1,2,6,5,4,7,8,3]
51752 [1,3,4,5,7,8,2,6]
51752 [6,5,2,4,3,1]
51752 [1,4,2,3,5]
1255547 [6,1,2,5,3,4]
2578206 [5,2,3,1,4]
2581162 [2,4,5,1,3]
2581162 [5,7,6,8,1,3,2,4]
2581162 [3,2,4,5,1]
2581162 [11,10,7,9,5,1,2,4,8,6,3]
2049698 [6,9,2,1,4,5,7,8,3]
2193614 [1,2,3,4,5,6,7,8,9,10,11,12,13,14,15,16,17,18]
2289040 [17,15,7,2,16,13,14,6,10,8,3,9,11,5,4,12,1,18]
2289794 [13,1,9,4,14,5,7,11,6,2,8,3,10,15,12]
2289794 [4,10,7,8,3,2,5,9,6,1]
2289794 [7,2,6,8,5,9,3,1,4]
2471516 [1,12,4,7,3,10,6,5,2,8,9,11]
2471516 [13,12,2,6,1,7,14,11,4,3,5,9,10,8]
60557 [1,2,3,4,5,6,7,8,9,10,11,12]
1131819 [5,1,4,3,2]
1321771 [1,2,3,4,5,6,7,8,9]
1856951 [3,6,7,4,2,5,1,8]
1856951 [3,6,2,9,8,1,5,7,4]
1856951 [5,1,6,4,11,3,12,8,7,9,10,2]
1785149 [4,7,2,3,5,1,6,9,8]
1785149 [3,5,6,7,1,4,2]
1791251 [4,3,1,5,2]
1799180 [9,4,6,7,5,3,8,2,1,10]
1799180 [5,3,8,6,1,4,2,7]
1799180 [5,1,4,3,2]
182355 [5,4,2,1,3,6]
197756 [4,1,2,3,5]
197756 [2,1,6,12,5,3,10,4,7,9,8,11]
197756 [3,7,11,9,14,13,12,4,8,2,6,10,1,5]
197756 [3,5,2,4,1]
204031 [1,7,6,5,3,2,4,9,8]
2292659 [4,7,1,3,5,2,6]
564256 [1,3,4,5,2]
591798 [16,18,2,5,21,12,7,11,3,4,13,19,6,14,15,10,20,1,22,8,17,9]
594708 [1,2,3,4,5,6,7,8,9,10,11,12,13,14,15]
594708 [1,2,3,4,5,6,7,8,9,10,11,12,13,14,15,16,17]
594708 [1,2,3,4,5,6,7,8,9,10,11,12,13,14,15,16]
206251 [9,10,12,8,3,4,11,5,2,1,6,7]
1855660 [7,5,6,10,2,3,4,1,8,9]
1863380 [1,2,3,4,5,6,7,8,9,10,11]
1863380 [1,2,3,4,5,6,7,8,9,10,11,12,13,14,15,16,17,18,19,20,21,22,23,24,25,26,27,28,29,30,31,32,33,34,35,36,37,38,39,40]
1863380 [1,2,3,4,5,6,7]
1647768 [10,8,5,2,6,7,9,4,1,3]
1647768 [2,1,5,6,4,3]
1721133 [6,12,11,3,5,1,13,4,7,8,14,9,2,10]
1728794 [7,3,2,4,1,5,6]
1744285 [1,4,2,3,5]
1744285 [5,7,10,11,2,6,9,3,8,4,12,1]
1744285 [12,5,20,15,4,18,9,13,17,11,1,16,22,6,2,21,14,23,8,7,10,19,3,24]
2044604 [4,1,3,11,9,10,2,6,8,5,7]
2044604 [5,7,3,6,4,8,2,1]
2044604 [2,10,9,6,8,4,5,3,12,11,1,13,7,14,15]
25012 [12,8,9,13,15,5,1,17,2,16,10,4,7,11,6,14,3]
25012 [6,3,2,5,1,4]
636116 [4,6,8,11,10,9,3,1,2,12,7,13,5]
1752803 [1,2,3,4,5,6,7,8,9]
1762623 [4,2,6,5,7,1,8,3]
1785149 [20,15,23,4,16,3,25,1,24,7,14,5,6,21,18,26,17,19,27,10,8,13,9,11,2,12,22]
1785149 [62,19,37,7,17,56,39,63,65,59,45,26,28,2,36,24,31,33,27,18,55,44,61,41,3,50,51,38,4,66,64,52,5,15,11,13,6,54,49,32,20,43,57,16,29,9,34,14,12,40,48,8,10,1,46,47,25,22,35,30,21,60,53,23,42,58]
1785149 [7,2,1,5,6,3,4]
2566955 [5,4,8,6,7,1,2,3]
2566955 [9,17,1,5,18,21,12,14,20,4,3,16,23,13,2,10,11,6,19,7,8,22,15]
2049698 [1,5,4,2,3]
779944 [5,4,2,3,1,6]
779944 [1,7,4,5,2,8,9,3,6]
784053 [4,2,5,1,3]
784053 [4,1,6,14,15,8,16,9,3,7,13,2,10,5,12,11]
784053 [8,2,1,9,6,7,4,5,3]
784053 [3,13,11,1,10,9,14,6,2,7,5,12,8,4]
784053 [2,5,6,1,3,4]
751365 [11,19,13,12,9,6,26,10,16,18,14,23,3,15,4,7,5,25,27,24,2,20,21,22,17,1,8]
1118301 [4,3,5,7,2,1,6]
1118426 [3,1,4,2,5]
1331513 [3,8,1,5,4,6,7,2]
1779138 [4,2,5,1,3]
1779138 [3,5,4,1,2]
2023960 [7,1,6,3,2,5,4]
2044604 [5,1,4,3,2]
2068006 [1,2,4,6,5,3]
2068006 [3,4,5,1,2,6]
2068006 [6,9,2,3,5,7,4,8,1]
2091506 [1,2,5,3,4]
2296992 [4,1,3,5,2]
2296992 [3,1,2,4,5]
2306684 [2,24,8,5,6,18,10,15,16,4,1,3,13,20,12,22,7,11,14,21,19,9,26,25,23,17]
2420256 [2,6,5,4,3,1]
2420256 [3,8,7,4,6,1,5,2]
2540950 [14,5,10,2,15,1,9,6,8,4,7,11,13,12,3]
2122044 [6,7,4,2,10,5,9,8,3,1]
2122044 [5,2,6,3,4,8,1,7]
978501 [1,2,3,4,5,6,7,8]
317862 [2,3,1,5,4]
317862 [5,1,4,3,7,2,6]
559866 [2,1,6,5,4,3]
1923897 [1,4,2,7,5,3,6,8,9]
1932946 [3,7,5,4,11,13,9,1,8,10,15,2,6,12,14]
1942669 [1,2,3,4,5]
1955119 [76,38,69,46,20,5,26,18,74,47,32,37,4,17,15,55,22,34,64,72,68,12,43,42,79,31,33,3,6,21,19,11,73,75,1,56,54,28,44,14,45,8,49,67,71,41,78,30,13,52,16,9,23,39,48,58,7,24,50,60,59,63,65,70,62,27,40,29,10,2,57,61,51,36,53,35,66,25,77]
2169267 [2,6,3,4,1,5]
1052476 [4,1,2,7,6,3,5]
1071040 [1,2,3,4,5,6,7,8,9,10,11,12,13,14,15]
1131819 [1,4,3,5,2]
1141178 [31,41,18,16,5,46,36,57,28,3,45,26,39,55,21,20,10,52,29,58,7,8,40,17,56,14,35,34,27,50,6,1,11,24,13,48,12,30,47,37,19,23,53,43,49,4,42,33,25,32,22,44,54,9,15,38,2,51]
1153721 [1,2,3,4,5,6,7]
1171223 [10,6,13,14,4,7,5,16,15,8,12,9,3,2,11,1]
1171223 [1,5,2,4,3]
1178523 [5,10,7,6,2,4,11,12,1,9,3,8]
1178523 [5,3,6,1,2,4,7]
1248913 [13,6,2,1,5,16,4,15,12,3,11,7,14,10,8,17,9]
1248913 [3,7,6,9,10,2,1,11,5,4,8]
1248913 [2,3,1,5,4]
1248913 [8,3,7,5,1,4,2,6]
1248913 [8,1,2,4,3,10,5,7,9,6]
1259481 [1,2,3,4,5,6,7,8]
249788 [9,1,6,2,7,8,10,13,5,15,3,4,12,14,11]
277291 [1,4,5,3,2]
285619 [7,5,4,3,6,2,1]
285619 [10,8,4,11,9,1,7,6,3,5,12,2]
287386 [7,3,8,2,5,6,4,1]
287386 [2,7,4,1,5,6,3]
303960 [5,3,6,2,1,7,4]
1974260 [2,7,6,3,5,1,8,4]
1974260 [5,4,15,8,6,14,2,1,3,10,9,12,13,11,7]
1974260 [4,1,3,2,5]
1976045 [1,5,4,2,6,3]
321436 [1,2,3,4,5]
321436 [1,2,3,4,5,6,7,8,9]
2027502 [7,2,9,8,5,3,4,6,1]
2027502 [5,1,4,2,3]
2027502 [4,2,5,3,1]
2027502 [9,1,4,7,8,11,3,5,10,6,2]
2027502 [2,4,6,3,1,5]
2027502 [12,4,5,19,14,15,16,22,2,3,13,18,21,17,6,11,1,10,7,20,9,8]
2052585 [5,1,3,4,2]
2052585 [1,2,4,5,6,3]
2052585 [8,9,7,10,5,6,4,1,11,2,3,12]
2052585 [9,8,6,10,5,3,1,7,4,2]
2053307 [3,5,1,4,2]
2053307 [9,1,2,4,7,5,3,8,6]
2060487 [3,4,2,1,5]
411733 [3,2,1,4,8,7,5,6]
411733 [2,5,1,4,3]
411733 [4,1,3,2,5]
411733 [7,2,8,6,3,1,4,5]
429101 [13,6,9,16,7,15,4,10,11,12,2,5,1,14,3,8]
429101 [5,4,1,6,8,3,7,2]
429101 [3,4,1,2,5]
433902 [19,17,8,6,21,2,22,23,13,16,1,11,15,4,14,18,12,9,3,7,10,20,5]
433902 [7,13,11,1,2,12,16,9,10,14,15,3,5,4,17,6,8]
433902 [17,5,6,8,14,11,7,16,15,3,1,13,2,10,18,4,9,12]
433902 [14,41,21,1,3,27,26,25,11,13,10,22,6,17,34,28,2,33,30,18,5,7,24,37,19,35,32,4,15,38,8,9,40,39,29,23,42,12,16,31,36,20]
433902 [13,12,15,16,23,24,28,19,4,11,1,18,22,29,25,21,3,14,27,7,2,8,9,17,5,26,6,10,20]
433902 [1,6,7,9,8,5,4,2,3]
433902 [5,4,3,1,2]
433902 [11,8,2,10,4,7,1,6,9,3,5]
1567444 [2,17,7,14,8,10,19,6,1,20,5,3,13,9,15,11,21,12,4,18,16]
1834502 [3,12,5,8,4,7,10,9,2,1,6,11]
1834502 [1,2,3,6,5,4]
2127351 [5,1,4,6,3,2]
2127351 [10,9,1,6,7,8,3,11,2,5,12,4]
2127351 [10,3,8,1,5,7,4,9,2,11,6]
2144690 [1,2,3,4,5]
2144690 [1,2,3,4,5,6,7]
2144690 [1,2,3,4,5,6,7,8,9,10]
2169267 [5,1,6,8,7,3,9,2,4]
2179532 [8,1,10,2,4,3,7,9,5,6]
2179532 [5,7,4,6,2,1,3]
2179532 [6,11,8,3,5,1,14,12,7,2,13,9,4,10]
2193614 [1,2,3,4,5]
2193614 [1,2,3,4,5,6,7,8,9]
2193614 [1,2,3,4,5,6,7,8,9,10,11,12]
2203548 [5,35,21,43,25,30,31,49,19,36,11,20,47,39,40,2,32,24,34,17,16,12,37,42,41,50,3,22,15,28,33,14,51,9,13,45,46,6,1,7,48,26,38,10,44,4,23,18,29,8,27]
2203548 [25,10,22,8,18,15,6,20,3,7,24,19,2,1,14,11,17,23,13,16,9,26,4,5,21,12]
2215648 [1,4,2,5,7,3,6]
2215648 [21,14,18,15,11,7,13,5,3,2,9,8,20,1,12,17,6,16,19,10,4]
2215648 [7,10,8,11,9,2,12,5,4,3,17,1,19,6,14,20,18,16,15,13]
2215648 [2,4,1,5,3]
2215648 [5,6,19,3,8,1,12,9,17,16,18,13,20,4,14,15,2,10,7,11]
972329 [1,2,3,4,5,6]
986406 [6,5,2,9,3,4,1,10,8,7]
1047632 [7,1,2,10,8,6,3,4,5,9]
1060427 [1,2,3,4,5,6,7,8,9,10,11,12,13,14,15,16,17,18,19,20,21,22,23,24,25,26,27,28,29,30,31,32,33,34,35,36,37,38,39,40,41,42,43,44,45,46,47,48,49,50,51,52,53,54,55,56,57,58,59,60,61,62,63,64,65,66,67,68,69,70,71]
1078228 [11,3,9,10,1,4,13,6,5,2,8,7,12,14]
1090625 [1,2,5,3,4]
790962 [6,2,9,1,8,5,10,4,7,3]
790962 [5,3,1,6,2,4,7]
790962 [13,6,7,3,15,2,1,8,14,11,4,12,10,5,9]
790962 [7,11,6,2,14,4,12,9,3,10,13,1,8,5]
790962 [2,4,5,1,3,6]
790962 [6,1,7,4,5,3,8,2]
790962 [24,2,4,5,17,1,20,21,8,14,19,9,16,13,11,15,18,10,25,22,3,6,7,12,23]
790962 [5,10,4,12,9,3,14,8,15,6,2,13,7,11,1]
793625 [1,2,3,4,5]
802605 [4,5,3,2,1]
802605 [1,5,4,2,3]
852601 [7,4,8,2,5,1,6,3]
852601 [5,7,1,4,6,2,3]
875869 [8,4,3,5,2,6,1,7]
875869 [5,3,2,6,7,4,1]
875869 [5,3,1,4,2]
835931 [37,36,24,12,33,43,21,15,35,4,19,39,2,40,7,32,8,11,5,41,20,25,28,6,30,18,34,10,3,17,9,27,31,26,23,29,16,22,38,14,1,42,13]
835931 [1,2,6,3,4,5]
1131819 [1,3,2,4,5]
1148586 [6,4,3,2,5,1]
1148586 [9,10,3,2,11,7,4,1,6,5,8]
1297999 [14,26,27,41,42,40,15,3,6,5,10,28,17,25,1,33,23,29,16,36,2,13,19,34,4,7,21,32,43,20,18,30,37,8,39,11,9,38,31,35,22,24,12]
1336589 [4,5,9,7,6,1,8,2,3]
1336589 [9,12,10,4,13,6,7,5,11,3,2,1,8]
1336589 [3,2,1,5,4]
1336589 [2,7,3,4,5,6,8,9,12,11,10,1]
1336589 [5,6,7,2,1,3,4]
1336589 [2,3,1,4,7,6,5]
1336589 [6,4,2,7,1,5,3]
1336589 [10,7,8,1,3,11,5,9,4,6,2]
1336589 [3,1,6,8,2,5,7,4]
1336589 [12,7,6,2,3,8,4,9,15,14,5,16,11,13,1,10]
1336589 [2,4,3,1,5,6]
1336589 [6,3,8,5,4,1,9,2,7]
1336589 [6,8,9,2,3,5,7,1,4]
1336589 [18,4,14,9,2,5,10,16,19,15,13,6,12,11,3,7,1,8,17]
1375689 [4,1,6,2,3,7,5]
1562408 [2,11,3,9,8,5,10,4,7,1,6]
1562408 [3,2,1,6,4,8,7,9,5]
1562408 [1,3,2,5,4]
815272 [11,5,6,15,1,14,3,4,2,8,12,13,7,9,10]
845850 [5,3,2,4,1]
845850 [1,5,4,2,6,7,3]
845850 [10,24,4,19,9,6,28,5,3,8,29,25,13,7,2,14,12,31,15,18,21,27,23,22,26,1,20,17,16,30,11]
845850 [1,2,10,9,4,5,6,3,7,8]
845850 [4,5,3,2,10,7,9,1,8,6]
845850 [7,8,6,13,10,12,3,4,11,2,9,5,1]
1182135 [5,8,3,4,6,1,2,7,10,9]
1193431 [1,6,4,2,8,5,3,7]
1221502 [8,13,10,14,12,5,7,11,3,4,2,9,6,1]
1245874 [5,1,2,3,4]
1245874 [11,1,2,5,13,3,8,12,4,7,6,10,9]
1487190 [7,6,1,4,3,2,5,8]
1615937 [2,1,5,4,7,6,3]
1622906 [5,4,1,3,6,2]
1657590 [7,15,8,5,20,19,1,11,4,10,16,23,13,24,21,12,3,14,2,6,18,17,9,22]
1822647 [12,27,1,10,28,29,19,14,30,26,35,32,37,18,38,16,39,7,13,9,2,17,15,22,20,6,24,25,8,4,11,34,36,3,21,33,5,31,23]
1840567 [1,5,2,4,3]
1907146 [6,14,12,11,8,2,5,9,1,4,10,3,7,13,15,16]
1907146 [3,5,7,4,1,9,2,8,6]
1984028 [3,5,2,4,1]
1877949 [21,12,9,11,16,5,17,4,14,2,18,15,1,24,7,8,19,10,20,13,25,3,22,6,23]
1888687 [1,2,3,4,5,6,7]
1888687 [1,2,3,4,5,6,7,8,9,10,11,12,13]
1894941 [1,2,3,4,5,6,7,8,9,10,11,12,13,14,15,16,17,18,19,20,21,22,23,24,25,26,27,28]
1231139 [1,2,3,4,5]
1231139 [1,2,3,4,5,6,7,8,9,10,11,12]
1231139 [1,2,3,4,5]
1231139 [1,2,3,4,5,6,7,8,9,10,11,12]
1231139 [1,2,3,4,5,6]
1231139 [1,2,3,4,5,6]
1375689 [5,2,4,3,1]
1380345 [5,2,3,4,1]
1383987 [4,3,5,2,1]
1383987 [5,6,2,3,4,1]
521637 [2,3,4,5,1]
521637 [3,5,6,1,2,4]
1399717 [16,11,9,5,1,13,8,10,14,4,6,12,2,15,7,3]
1399717 [2,5,12,6,8,1,4,7,10,3,11,9]
1399717 [1,3,5,4,2]
1399717 [10,7,5,8,14,4,3,12,13,1,9,6,2,11]
1399717 [2,5,3,4,1]
1399717 [3,8,6,4,12,11,9,5,7,1,10,2]
1412107 [6,8,2,4,1,5,3,7]
1412107 [9,7,6,8,1,5,2,4,3]
1412107 [8,5,4,3,7,2,9,1,12,6,10,11]
1439546 [6,1,4,2,7,5,3]
1454466 [6,7,5,9,2,4,1,3,8]
1454466 [10,12,5,9,1,4,8,2,6,3,11,7,13]
1941520 [1,4,3,5,2,6]
1942669 [1,2,3,4,5,6,7,8,9,10,11]
1965353 [2,7,8,5,3,9,4,1,6]
376441 [7,8,2,3,12,6,1,11,9,10,4,5]
672521 [5,16,21,9,17,18,11,15,8,6,19,2,12,14,7,1,3,10,20,13,4]
634113 [64,20,67,54,56,47,5,52,48,14,6,13,12,55,8,40,17,62,29,24,9,28,44,45,25,49,63,35,3,15,41,66,43,59,1,27,61,22,37,57,53,70,68,11,69,26,33,7,34,2,16,36,19,18,50,39,60,30,21,23,31,58,51,32,4,42,38,65,10,46]
661966 [3,6,1,4,5,2,7]
661966 [18,13,16,6,2,10,11,12,5,21,8,14,1,15,4,9,17,19,3,7,20]
661966 [2,7,4,1,5,3,6,8]
661966 [4,7,5,1,8,3,2,6]
661966 [4,1,5,3,2]
663707 [5,4,1,3,2]
663707 [4,7,10,2,11,1,3,5,9,6,8]
2311056 [2,3,4,5,1]
2311056 [13,7,1,12,14,5,11,8,10,4,3,6,2,9]
2311056 [19,10,3,15,18,12,20,14,8,2,9,4,5,6,11,1,17,16,13,7]
2414221 [1,7,4,8,5,3,6,2]
2414221 [2,5,4,3,1]
966688 [5,2,8,13,6,9,11,3,14,7,1,10,4,12]
966688 [5,2,3,1,4]
978714 [1,2,3,4,5,6,7,8,9,10,11,12,13,14]
978714 [1,2,3,4,5,6,7,8,9,10,11,12,13,14,15,16,17,18,19,20,21,22,23,24,25,26,27]
978714 [1,2,3,4,5,6,7,8,9,10,11,12,13,14,15,16,17,18,19]
978714 [1,2,3,4,5,6,7,8,9,10,11,12]
978714 [1,2,3,4,5,6,7,8,9,10,11,12,13,14,15]
978714 [1,2,3,4,5,6,7,8,9,10,11,12,13,14,15,16,17,18,19]
1001055 [9,4,14,8,12,10,5,11,7,15,16,17,2,3,6,1,13,18]
1001055 [2,31,9,11,24,22,13,16,7,25,10,1,29,23,30,27,6,14,4,20,3,19,28,26,17,33,15,8,12,5,32,18,21]
1001055 [18,15,13,12,7,3,1,2,14,5,17,9,8,4,11,16,6,10]
1001055 [12,18,27,35,2,4,9,3,24,10,26,34,11,36,31,7,1,16,13,37,6,15,17,23,5,20,22,39,29,28,40,8,21,38,33,14,25,30,19,32]
1001055 [4,1,2,3,5,6]
1001055 [5,2,1,3,6,4]
1001055 [6,3,4,1,2,5,7,8]
1001055 [6,3,4,2,7,5,1]
1029687 [7,1,6,5,4,2,3]
2306145 [1,4,2,5,3]
1071493 [1,2,3,4,5,6,7]
1071493 [1,2,3,4,5]
1071493 [1,2,3,4,5,6,7,8]
1071493 [1,2,3,4,5,6,7,8,9,10,11,12,13,14,15,16]
1092441 [1,5,2,3,4]
1092441 [7,1,8,3,6,2,4,5]
812371 [1,2,3,4,5,6,7,8,9]
812371 [1,2,3,4,5,6,7,8]
1297999 [2,4,5,3,1,6]
1873066 [3,6,4,2,8,1,7,5]
1876575 [1,2,3,4,5,6]
1887792 [8,1,5,6,3,2,4,7]
1888687 [1,2,3,4,5,6]
1900492 [5,2,4,6,3,1]
1938995 [1,2,3,4,5]
1938995 [1,2,3,4,5,6]
1952887 [10,15,2,13,3,8,12,9,11,1,6,14,4,5,7]
1952887 [6,2,5,1,3,4]
2041007 [7,2,5,3,4,1,8,6]
248790 [2,4,12,8,1,5,7,9,11,6,10,3]
248790 [8,10,2,12,6,4,1,5,9,11,3,7]
1534975 [1,2,3,4,5,6]
1534975 [1,2,3,4,5,6,7]
1561074 [4,8,1,3,7,5,6,2]
1583352 [2,5,3,1,4]
1583352 [5,1,3,2,7,6,4]
1583352 [10,7,3,12,4,8,14,9,2,1,13,5,6,11]
1593535 [7,6,5,4,1,2,3]
1622906 [11,8,5,1,4,6,3,12,7,10,9,13,14,2]
1693059 [3,6,7,2,4,1,5]
1693059 [1,5,3,2,4]
1735031 [7,6,3,1,5,2,4]
1754583 [7,3,5,1,4,6,2]
1754583 [4,3,1,6,5,2]
51752 [7,4,1,8,9,3,6,2,5]
51752 [2,7,1,3,5,8,4,9,6]
51752 [6,3,9,11,4,1,12,7,2,10,5,8]
51752 [15,1,7,3,8,16,9,13,4,14,5,2,11,6,12,10]
51752 [6,5,3,1,2,4]
463733 [7,3,6,4,11,8,2,9,1,10,5]
463733 [11,4,3,10,13,12,8,2,7,6,5,1,9,14]
463733 [1,6,5,3,2,4,7]
463733 [52,53,54,58,20,57,45,21,41,31,1,61,35,59,64,49,56,10,3,47,55,4,7,2,25,40,12,42,29,50,63,37,32,43,36,6,34,39,19,67,68,11,22,8,26,71,60,9,16,62,24,51,69,48,27,23,28,38,18,70,44,17,14,33,30,5,13,15,65,46,66]
463733 [11,6,12,5,2,8,7,4,15,9,3,10,14,1,13]
2574644 [2,6,3,5,1,4]
2574644 [6,5,3,1,4,2]
2574644 [8,3,12,11,7,9,6,18,4,14,13,5,16,17,2,15,1,10]
2574644 [3,8,6,4,1,7,2,9,5]
2574644 [2,4,1,3,5]
2574644 [3,4,7,1,5,2,6]
2574644 [2,4,3,5,1]
2574644 [5,13,12,1,8,11,9,7,3,10,2,6,4]
1206044 [12,4,13,7,10,9,11,1,5,6,15,2,3,14,8]
1206044 [4,1,2,5,6,3]
1071529 [5,1,4,3,6,2]
1073596 [1,2,3,4,5]
1119343 [7,4,1,2,6,5,3]
1119343 [7,3,1,6,8,4,2,5]
1119343 [3,1,2,5,4]
1119343 [6,1,3,5,4,2]
1119343 [8,7,6,3,4,1,5,2,9]
1119343 [9,6,8,10,3,11,2,7,4,5,1,13,12]
1119343 [5,2,4,6,1,3]
1119343 [10,5,8,12,6,3,13,7,1,11,2,4,9]
1119343 [3,6,2,4,8,7,1,5,9]
1119343 [2,5,4,1,3]
1153721 [1,2,3,4,5]
1153721 [1,2,3,4,5]
1153721 [1,2,3,4,5,6,7]
1153721 [1,2,3,4,5,6,7,8,9,10]
1153721 [1,2,3,4,5,6]
1153721 [1,2,3,4,5]
1153721 [1,2,3,4,5,6,7,8,9,10,11,12,13]
1153721 [1,2,3,4,5,6,7]
1153721 [1,2,3,4,5,6,7,8,9]
1182135 [7,8,5,1,4,6,2,3]
1542939 [10,1,6,11,3,5,9,7,13,12,4,8,2]
1563826 [1,2,3,4,5,6,7,8,9]
1563826 [1,2,3,4,5,6,7,8]
1619579 [9,2,8,4,7,1,6,5,3]
1619579 [4,1,2,7,5,3,6]
1619579 [10,1,4,7,2,9,11,12,3,8,6,5]
1619579 [4,2,9,12,1,15,8,7,5,11,10,13,3,14,6]
1619579 [1,3,14,12,13,8,10,4,6,5,15,2,7,9,11]
1619579 [6,11,12,13,5,7,1,8,2,9,4,3,10]
1619579 [1,8,9,6,5,3,7,2,11,10,4]
1619579 [4,11,6,2,7,5,13,10,14,8,12,1,3,9]
1619579 [5,7,3,1,4,2,6]
1619579 [7,3,6,1,5,2,4]
1619579 [2,3,6,5,8,7,1,4]
1619579 [14,10,1,2,9,11,4,13,12,5,8,15,3,7,6]
2144690 [1,2,3,4,5]
1131819 [2,6,5,1,3,7,4]
1143249 [1,2,3,4,5,6,7,8,9]
62577 [1,2,3,4,5,6,7]
317862 [3,1,2,11,10,6,7,5,13,9,8,4,12]
402756 [8,3,6,7,2,4,1,5]
958682 [1,2,3,4,5,6,7,8,9,10,11,12,13]
958682 [1,2,3,4,5,6,7,8,9]
2272218 [1,2,3,4,5]
2272218 [1,2,3,4,5,6,7,8,9,10,11,12,13,14,15]
1297999 [19,16,23,11,5,20,18,1,15,13,8,4,17,9,6,2,21,3,24,10,12,14,7,22]
1320533 [1,2,3,5,6,4]
1320533 [6,5,1,7,2,3,4]
1320533 [16,11,13,8,6,15,10,5,1,3,14,4,7,12,9,2]
1387981 [4,2,1,3,5]
1389997 [2,21,1,8,4,11,20,19,5,18,22,7,16,9,13,6,12,15,14,3,10,17]
82733 [2,1,6,3,4,5]
82733 [2,10,6,7,11,3,5,1,8,4,9]
82733 [6,8,3,2,1,10,5,4,9,7]
82733 [4,2,5,1,3]
82733 [6,4,9,3,1,8,10,7,2,5]
158641 [5,6,7,9,4,1,8,3,2]
158641 [6,10,2,13,3,1,8,9,7,4,14,5,12,11]
700730 [19,11,18,1,13,10,7,15,5,12,6,2,9,17,14,16,8,4,3]
700730 [1,7,2,5,3,6,4]
702478 [4,6,9,3,8,5,1,2,7]
1851127 [1,2,3,4,5,6,7,8,9]
481652 [7,5,12,15,8,10,11,1,3,4,2,13,6,9,14]
481652 [2,1,7,5,4,8,6,3]
481652 [31,24,34,11,17,15,1,9,26,29,22,3,2,20,32,7,6,21,12,16,23,19,30,28,5,4,8,25,10,33,27,13,14,18]
734536 [6,2,5,7,3,4,9,1,8]
1094259 [8,10,1,6,7,9,2,5,3,4]
1463723 [15,2,16,5,10,14,9,4,1,3,7,11,8,6,12,13]
631807 [6,4,1,5,3,2]
244218 [9,6,7,8,10,3,1,5,2,4]
309336 [8,2,5,10,7,4,3,11,9,6,1]
309336 [3,1,6,2,7,5,4]
367419 [8,5,10,6,3,1,2,4,7,9]
367419 [6,10,14,7,17,3,13,1,4,9,5,2,16,11,8,15,12]
367419 [7,9,4,3,2,5,6,1,10,8]
374121 [5,4,6,1,7,3,2]
374121 [4,1,3,2,5,6]
374121 [1,10,3,9,5,4,7,11,6,8,2,12]
374121 [4,1,3,2,5]
399574 [6,5,7,4,8,3,1,2]
424337 [4,3,2,1,5]
1182135 [3,4,1,6,5,2]
1200231 [3,4,1,8,5,2,6,7,9]
1221097 [9,4,1,12,2,10,7,11,3,5,6,8]
1245874 [6,1,4,3,7,5,2]
1253390 [1,6,5,3,4,7,9,8,2]
1328488 [5,6,3,7,2,8,4,1]
1360769 [5,6,1,3,7,2,4]
1360769 [6,5,2,3,4,1]
1360769 [5,2,4,3,1]
1378883 [2,7,5,12,13,6,3,1,10,11,9,4,8]
1378883 [4,3,6,8,12,10,7,13,1,14,11,2,15,5,9]
1378883 [2,5,4,1,6,3]
1383987 [3,4,7,2,1,6,5]
2378157 [13,4,11,2,9,6,3,1,12,8,5,10,7]
2420256 [1,2,6,7,3,5,4]
118159 [1,2,3,4,5,6,7,8,9,10,11,12,13,14,15]
168638 [14,12,2,17,13,8,6,15,11,3,10,9,5,7,4,1,16]
168638 [1,3,4,8,6,9,2,7,5]
168638 [10,9,8,1,4,11,2,14,7,12,5,13,6,3]
240435 [1,4,3,5,2]
261181 [5,9,6,7,2,8,4,1,3]
261181 [6,9,2,3,5,8,7,1,4,10]
264359 [6,4,5,7,2,1,3]
264359 [1,6,5,2,4,3]
1282945 [1,2,3,4,5,6,7,8,9,10]
1956329 [4,1,5,3,2]
1989619 [5,17,2,11,7,8,18,10,4,3,12,15,16,14,13,1,6,9]
1989619 [6,4,5,7,8,1,3,2]
1989619 [4,1,7,3,2,6,5,9,8,10]
2024936 [6,10,3,8,2,7,5,1,11,4,14,12,15,9,13]
2097831 [3,2,4,1,5]
2097831 [6,7,5,1,2,8,4,3]
2108687 [7,2,8,3,6,1,4,5]
2185613 [10,14,4,13,8,7,2,3,12,5,6,11,9,1]
2185613 [10,3,7,6,1,5,9,2,4,8]
2185613 [4,1,2,5,3]
510680 [7,3,1,2,11,8,5,4,6,9,10]
510680 [9,3,2,8,5,4,1,7,10,6]
510680 [5,6,7,2,3,4,1]
521886 [22,26,9,4,2,3,15,20,8,17,23,25,10,19,14,1,21,18,16,6,13,11,24,5,7,12]
1129282 [1,9,6,7,2,3,8,4,5]
1754583 [2,4,5,6,1,3]
1754583 [12,8,5,3,9,11,7,4,6,1,2,10,13]
1754583 [5,3,2,1,4]
1754583 [6,2,5,1,4,3]
1783728 [3,4,32,9,1,27,6,34,19,22,7,23,38,29,37,2,14,25,17,12,8,36,18,16,33,28,24,11,31,20,21,10,30,13,15,26,5,35]
1783728 [4,9,5,6,8,7,3,1,10,2]
1783728 [19,6,10,8,16,11,14,20,3,18,7,5,15,9,13,17,2,12,1,4]
1783728 [3,7,11,6,12,14,4,9,2,13,5,1,10,8]
1804806 [3,2,4,1,5]
1811637 [7,3,16,14,4,1,15,13,12,11,17,5,8,2,6,9,10]
1811637 [3,5,1,2,4,8,6,7]
356634 [1,2,3,4,5,6,7]
330156 [1,2,3,4,5]
456623 [1,2,3,5,6,4]
456624 [4,6,8,3,1,9,7,5,2]
456624 [6,5,3,4,1,2]
456624 [3,4,6,20,1,14,10,18,16,12,19,5,21,13,15,17,22,9,7,11,2,8]
1541887 [10,8,2,5,11,7,3,13,12,1,6,4,9]
1541887 [11,9,7,13,6,16,1,10,14,5,3,12,15,2,8,4]
1541887 [1,5,3,2,4]
1541887 [6,8,7,5,4,1,3,2]
1541887 [11,1,2,6,10,5,9,3,7,4,8]
1541887 [5,8,4,3,6,1,7,2,9,11,10]
1541887 [5,7,6,3,8,4,2,1]
1542768 [1,36,8,7,38,41,20,11,28,39,37,6,19,2,23,16,21,5,12,4,25,3,14,29,18,34,40,26,15,13,35,30,22,24,10,32,17,27,31,33,9]
1542768 [12,5,13,4,1,8,2,9,7,6,10,11,3]
1542768 [12,10,9,3,19,18,15,5,6,4,1,17,16,7,11,13,8,14,21,20,2]
1542768 [3,4,8,7,6,5,1,2]
1542768 [23,17,5,18,9,3,22,1,14,19,11,12,4,24,21,15,20,7,13,8,16,10,2,6]
1542768 [5,10,8,12,7,4,15,3,13,6,9,2,14,16,1,17,11]
1542768 [11,14,3,6,13,8,10,1,2,12,9,4,5,7]
1542768 [4,11,8,9,5,6,2,12,10,13,3,1,7]
1542768 [4,9,13,15,12,5,22,18,8,2,3,10,6,21,14,19,11,20,17,16,7,1]
1542768 [62,9,44,3,23,11,1,56,55,68,63,18,65,15,47,52,67,43,64,58,16,2,41,69,10,22,12,59,54,25,17,30,33,24,14,48,57,29,50,66,5,45,40,8,51,38,28,37,27,39,31,61,60,42,19,4,32,26,49,21,13,53,7,20,36,35,46,34,6]
1542768 [2,1,26,14,9,19,23,8,5,13,25,11,21,18,29,22,30,28,20,32,3,15,4,17,6,31,27,7,24,12,16,10]
1542768 [9,4,10,8,12,7,2,5,6,3,1,11]
1542768 [5,4,1,3,2]
1542768 [11,2,8,1,10,9,4,3,6,7,5]
1542768 [7,3,10,1,5,2,11,6,9,4,8]
1542768 [1,4,2,5,6,3]
1542768 [11,8,6,5,9,10,4,7,2,3,1]
1542768 [7,38,34,14,20,40,9,41,2,25,8,17,16,42,3,33,31,4,22,12,39,43,13,15,21,30,1,23,11,35,18,6,10,32,37,28,29,27,24,5,26,19,36]
1885147 [3,4,1,5,2]
1885147 [3,2,1,4,5,6,7]
1885147 [1,3,4,6,5,2]
1885147 [3,6,5,1,7,4,2]
1885147 [7,6,2,4,3,8,1,5,9]
1885147 [3,5,4,1,2]
1885147 [2,3,6,1,5,4]
1885147 [6,2,3,1,4,5]
1885147 [2,7,6,1,4,3,5]
1885147 [5,1,2,6,8,4,7,3]
1888545 [5,1,2,3,6,4,7]
1450284 [4,7,6,11,5,12,3,2,9,1,10,8]
1450284 [10,1,5,8,4,9,6,3,2,7]
1481473 [4,3,1,2,5]
1879949 [4,6,7,8,5,10,9,1,3,2]
2097831 [4,1,3,5,2]
2097831 [19,16,11,1,9,17,6,14,3,5,12,4,10,8,7,15,18,13,2]
2097831 [10,12,9,5,2,7,13,4,11,3,6,1,8]
2097831 [3,4,15,1,2,10,7,9,16,18,5,13,6,12,17,8,11,14]
2097831 [7,6,8,5,2,1,4,3]
2113901 [1,10,13,4,9,2,14,11,5,3,8,12,7,6]
2113901 [1,5,4,2,3,6,7,8]
2113901 [18,16,3,4,6,10,14,2,5,7,11,15,9,1,17,13,8,12]
2113901 [18,21,13,6,2,19,16,14,20,22,17,11,12,23,9,4,1,7,3,5,10,8,15]
32086 [1,2,3,4,5,6,7,8,9,10]
2127351 [6,4,1,3,5,2]
364113 [2,5,3,1,4]
364113 [1,7,4,3,6,5,2]
364113 [2,8,7,3,9,1,6,4,12,10,13,5,11]
364113 [4,8,3,5,1,2,6,7]
378743 [4,7,3,2,8,9,5,6,1]
394345 [6,5,7,8,3,2,4,1]
127405 [1,2,3,4,5]
127405 [1,2,3,4,5,6]
127405 [1,2,3,4,5,6,7]
127405 [1,2,3,4,5]
795659 [1,3,6,9,2,8,4,7,5]
438300 [3,2,10,11,8,1,4,6,9,5,7]
438300 [4,2,1,3,5]
438300 [7,6,1,4,2,5,3]
438300 [6,4,5,8,3,2,1,7]
438300 [6,8,4,1,5,10,2,9,3,7]
438300 [2,5,8,11,3,9,6,1,7,4,12,10]
441426 [5,4,3,2,6,1]
452518 [1,2,3,4,5,6,7,8]
456749 [3,9,1,4,6,2,5,10,7,8]
1310805 [1,2,3,4,5,6,7,8,9]
352658 [3,4,5,6,1,2]
352658 [5,6,9,10,4,7,11,2,3,1,8]
352658 [4,3,5,7,2,6,1]
429848 [6,2,5,8,9,1,7,4,3]
239513 [1,4,5,2,3]
245835 [13,3,5,25,20,17,11,19,23,29,26,24,22,15,27,8,21,2,1,16,10,4,18,28,7,6,14,12,9]
204031 [5,6,3,1,4,2]
206251 [3,5,4,1,6,2]
61977 [5,7,6,4,2,1,3]
61977 [2,8,4,7,6,1,9,3,5]
636116 [3,2,4,5,1]
636116 [5,1,3,2,10,6,7,9,11,4,8]
336595 [19,9,47,46,6,44,23,32,39,15,22,30,25,13,28,31,11,26,5,40,2,8,45,20,24,17,10,7,3,18,27,12,21,38,43,29,35,37,14,34,33,41,16,4,42,36,1]
336595 [1,4,5,6,3,2]
365556 [1,2,3,4,5,6,7,8,9,10]
244218 [7,4,3,13,8,1,12,6,10,5,2,9,11,14]
244218 [7,13,8,15,1,3,4,14,17,6,5,10,11,16,2,12,9]
244218 [13,10,4,6,7,11,2,12,9,8,3,1,5,14]
244367 [1,3,5,4,2]
244367 [10,5,3,4,9,7,6,11,1,8,2]
244367 [9,1,3,5,7,4,2,8,6]
245835 [4,3,6,1,5,7,2]
477103 [9,3,6,8,7,2,1,5,4]
481652 [7,6,3,2,4,8,5,1]
465858 [5,3,1,4,2]
465858 [3,7,10,5,6,8,9,2,1,4]
1851127 [1,2,3,4,5,6,7,8]
1193821 [1,2,3,4,5]
847416 [3,7,6,11,8,10,9,1,4,12,5,2]
847416 [31,38,32,19,3,10,33,9,16,41,21,12,34,4,13,30,11,36,20,26,40,18,2,35,24,23,1,29,27,14,22,37,28,39,6,15,17,25,5,7,8]
847416 [5,2,6,4,1,3]
847416 [2,8,7,3,4,5,1,9,6]
1515900 [1,6,2,5,4,3]
1520051 [1,2,3,4,5,6,7,8,9,10,11,12,13,14,15,16,17,18,19,20,21,22,23,24,25,26,27,28]
1520051 [1,2,3,4,5,6]
1520051 [1,2,3,4,5,6,7,8]
2152672 [4,3,1,6,7,5,2,8]
688189 [4,6,7,5,3,2,1]
699762 [3,6,8,9,2,4,5,7,1]
699762 [1,4,3,5,2]
699762 [4,3,2,5,1]
753996 [5,2,1,4,3,6]
757408 [4,6,1,3,2,5]
777553 [5,1,4,3,6,2]
777553 [6,5,4,12,3,8,9,7,11,1,10,2]
621402 [7,9,1,13,5,16,2,8,6,15,14,18,10,11,4,3,12,17]
621402 [6,1,10,7,5,2,3,4,9,8]
621402 [15,7,2,14,10,22,3,24,20,19,4,13,21,23,6,8,16,5,12,17,18,11,1,9]
621402 [2,5,6,9,1,3,7,8,4]
782168 [3,2,4,5,1]
1173275 [13,14,6,2,7,9,11,10,4,5,8,1,3,12]
667805 [1,5,6,7,3,2,8,4]
667805 [3,7,4,1,5,6,2]
667805 [7,5,3,6,2,4,1]
667805 [12,11,10,8,1,13,3,2,14,5,7,9,4,6]
667805 [6,1,3,4,7,2,5]
667805 [6,8,1,5,3,7,4,2]
1182135 [5,3,2,1,4]
1888687 [1,2,3,4,5,6,7,8]
980498 [2,6,1,4,3,7,5]
980498 [12,2,6,8,5,3,9,1,4,11,10,7,13]
1157136 [6,3,5,7,2,1,4]
1171223 [4,6,1,2,7,3,5]
642707 [7,5,10,21,18,23,15,3,8,13,12,6,17,14,20,24,22,19,9,4,11,2,16,25,1]
642707 [4,14,32,31,2,33,28,29,3,19,34,15,12,7,11,6,8,5,10,30,23,16,25,21,1,27,18,13,20,9,26,22,24,17]
642707 [3,8,14,13,4,10,2,11,7,1,9,6,5,12]
554417 [4,2,6,1,7,8,5,3]
554417 [12,1,10,2,8,7,13,6,11,15,14,3,5,9,4]
554417 [11,5,7,10,2,1,4,3,8,6,9]
554417 [6,4,5,3,1,7,2]
554417 [4,5,7,2,3,1,6]
1851127 [1,2,3,4,5,6,7,8]
1851127 [1,2,3,4,5,6,7,8,9,10,11,12]
1851127 [1,2,3,4,5,6,7,8]
1245658 [1,2,3,4,5,6,7,8,9,10,11,12,13,14,15,16,17]
1245658 [1,2,3,4,5]
1245658 [1,2,3,4,5,6,7,8]
1246374 [4,3,2,5,6,1]
1246374 [2,3,1,4,5]
1246374 [1,4,6,3,2,5]
1930567 [6,16,2,13,15,1,14,11,7,10,3,9,8,12,4,5]
1930567 [2,8,5,9,3,4,7,6,1]
1932946 [1,5,3,17,15,14,4,8,10,6,7,12,2,13,9,16,11]
1542768 [5,4,3,1,2,6]
1542768 [10,1,8,6,7,4,9,11,3,5,12,2]
1542768 [3,4,5,2,1]
1542768 [6,3,2,7,4,5,1]
1531241 [24,25,7,42,27,26,33,20,30,11,37,41,23,36,6,1,19,9,15,4,38,21,43,3,29,28,18,10,2,12,32,14,40,31,22,39,17,8,35,16,5,13,34]
1531241 [3,6,2,4,5,1]
1531241 [5,7,4,14,1,13,15,9,10,2,12,11,8,6,3]
726123 [2,1,4,5,3]
726123 [35,19,18,25,3,34,14,9,16,4,8,31,37,15,40,13,2,11,27,32,6,20,5,24,36,12,22,21,7,30,29,17,38,28,33,23,10,26,39,1]
726123 [4,3,5,1,2]
726123 [6,9,10,18,1,11,7,14,25,27,16,3,17,13,15,12,19,5,20,22,31,29,28,30,23,4,21,26,8,33,32,2,24]
726123 [20,19,8,18,12,13,17,4,9,11,6,7,1,16,2,10,5,15,14,21,3]
1542939 [7,6,8,2,5,3,4,1]
815272 [3,8,4,1,7,5,6,2]
1473460 [6,9,3,2,5,7,4,8,1]
1389997 [1,5,2,6,4,7,3,8]
1712491 [1,4,6,2,8,5,3,9,7]
1746537 [8,3,7,5,1,6,4,2]
1746537 [4,3,9,6,10,7,8,13,2,1,11,14,12,5]
1746537 [7,1,4,5,3,2,6]
1748436 [16,9,14,11,4,10,2,13,3,6,5,12,17,15,7,8,1]
1066016 [5,1,4,3,2]
937961 [3,14,6,7,8,2,4,16,17,11,12,13,5,1,9,15,10,18]
948803 [1,2,3,4,5,6,7,8,9,10,11,12,13,14,15,16]
948803 [1,2,3,4,5,6,7,8,9,10,11,12,13]
948803 [1,2,3,4,5,6,7]
949107 [7,18,15,14,9,2,20,16,3,11,8,13,12,6,4,1,17,5,19,10]
1090573 [7,5,1,4,6,3,2]
1894941 [1,2,3,4,5,6]
1746537 [4,2,3,5,1]
1542939 [2,1,5,3,4]
629670 [1,8,4,3,7,6,9,5,2]
1230927 [16,26,15,23,2,18,36,21,32,14,28,35,17,19,30,5,25,10,6,20,3,11,33,8,12,34,31,29,9,27,22,24,4,1,13,7]
1230927 [2,1,7,4,5,3,9,6,8,10]
692411 [1,8,7,6,4,3,2,5,9]
692411 [10,3,1,2,9,4,8,6,5,7]
905223 [6,3,5,2,4,1]
905223 [14,17,4,18,22,27,7,21,3,16,11,10,1,19,23,9,25,5,20,24,2,8,13,15,6,12,26]
905223 [11,24,22,2,31,6,25,13,23,20,10,16,7,29,19,18,28,4,9,14,5,8,12,3,15,17,27,21,1,26,30]
905223 [3,9,7,6,15,5,8,12,11,18,14,17,13,16,1,10,2,4]
905223 [19,1,8,25,12,16,17,24,30,28,21,11,18,13,29,27,14,9,15,20,33,3,22,6,5,7,10,26,23,32,2,31,4,34]
905223 [2,6,4,5,1,3,8,7,9]
905223 [5,3,7,6,4,1,2]
905223 [5,9,1,15,13,7,17,2,16,18,6,11,12,4,3,19,10,20,8,14]
554417 [5,2,1,6,9,3,7,8,4]
554417 [4,13,5,6,10,9,14,2,8,11,1,7,3,12]
1942669 [1,2,3,4,5,6]
1942669 [1,2,3,4,5,6,7,8,9]
1942669 [1,2,3,4,5]
2420256 [9,3,6,1,8,4,5,2,7]
661583 [9,1,8,2,5,4,10,7,6,3]
661583 [2,8,7,3,6,4,1,5]
661583 [7,11,13,4,2,9,10,14,12,5,1,3,6,8]
793625 [1,2,3,4,5,6,7]
812600 [14,17,10,11,12,19,21,9,4,24,7,3,26,28,22,5,8,20,6,13,23,2,27,1,18,15,25,16]
812600 [1,3,4,2,5]
834512 [1,2,3,4,5,6]
834512 [1,2,3,4,5,6,7,8,9,10,11,12,13,14,15,16,17,18,19,20,21,22,23,24,25,26,27,28,29,30,31,32,33,34,35,36,37,38,39,40,41,42,43,44,45,46,47,48,49,50,51,52,53,54,55]
1622906 [1,3,7,4,5,2,6]
1622906 [2,1,3,4,5,7,6,8,9]
761909 [1,2,3,4,5,6,7,8,9]
761909 [1,2,3,4,5,6,7]
764848 [17,19,13,15,7,18,11,4,9,10,6,16,14,1,12,5,3,2,8]
364113 [4,6,1,3,2,5]
1811637 [3,6,8,4,10,12,13,7,2,5,9,1,11]
2193614 [1,2,3,4,5,6,7,8,9,10,11,12,13]
2215648 [6,1,4,5,2,3]
2215648 [17,13,12,9,16,11,5,7,15,4,8,1,3,18,14,2,19,20,10,6]
2215648 [10,13,7,11,6,15,12,3,8,14,4,2,16,9,1,5]
2215648 [3,1,5,4,2]
2215648 [22,5,25,11,14,19,26,18,10,6,2,1,3,27,17,20,21,23,8,7,12,13,9,28,4,24,15,16]
2215648 [9,10,3,8,5,14,13,7,12,11,4,6,1,2]
2292094 [1,2,3,4,5,6,7,8,9]
2296716 [5,4,6,8,2,3,1,7]
2296716 [4,5,7,1,6,2,3]
2296716 [10,14,6,8,16,4,3,2,15,13,9,17,11,18,12,7,1,5]
2451375 [1,2,3,4,5]
2451375 [1,2,3,4,5,6,7]
1015082 [1,5,3,4,2]
1015082 [10,2,1,9,8,3,7,4,5,6]
1015082 [8,4,3,6,2,9,7,5,1]
1015082 [15,6,12,1,3,22,27,14,23,13,5,16,4,17,25,10,7,20,18,19,24,26,21,8,9,2,11]
1015082 [1,7,2,6,5,9,3,8,4]
1015082 [8,6,5,2,7,9,3,4,1]
1015082 [9,1,3,6,5,10,2,7,8,4]
1015082 [5,8,10,2,4,1,11,6,7,3,9]
1015082 [2,3,4,1,5]
1015082 [24,10,16,20,13,26,11,3,5,4,12,27,14,19,1,17,8,9,6,25,22,18,15,28,23,21,2,7,29]
1015082 [10,5,11,6,14,4,9,1,13,3,7,12,2,8]
1015082 [4,5,2,1,6,3]
1015082 [2,4,1,6,5,3]
1015082 [6,18,19,11,7,20,3,14,13,12,22,9,15,5,4,16,10,1,17,8,2,21]
1409173 [1,3,4,2,5]
1409173 [12,11,6,8,15,18,17,2,16,7,1,13,4,5,3,9,14,10]
1409173 [5,6,4,8,2,1,3,7]
1412107 [3,6,1,5,4,2]
1412107 [4,17,7,12,16,3,6,9,15,11,2,5,1,8,13,14,10,18]
1412107 [2,11,8,4,12,1,14,9,10,7,3,5,13,6]
1510873 [1,2,3,4,5,6,7]
1520051 [1,2,3,4,5,6,7,8,9]
1520051 [1,2,3,4,5,6,7,8,9,10]
1520051 [1,2,3,4,5,6,7,8,9,10,11,12,13,14,15,16,17]
2215648 [6,11,1,5,9,7,12,3,2,4,10,8]
2215648 [1,7,2,3,5,4,6,9,10,11,8]
2215648 [5,6,2,11,12,13,9,8,14,1,3,4,10,7]
2215648 [5,4,2,3,1]
2215648 [6,10,3,9,1,4,2,7,11,8,5]
2224151 [6,23,2,32,10,15,1,14,5,29,31,7,17,19,11,25,13,24,26,21,28,9,4,20,30,8,22,12,3,16,27,18]
2370657 [5,3,2,4,1]
2370657 [4,2,5,1,3]
2421328 [29,23,36,12,21,9,22,18,28,13,33,8,27,16,15,34,40,25,14,26,38,11,4,2,6,20,39,41,3,24,19,37,35,32,7,30,17,10,31,1,5]
2566470 [9,3,2,4,6,1,5,7,8]
2574644 [4,3,6,2,7,5,1]
2574644 [12,4,6,11,8,1,9,3,10,5,7,2]
812371 [1,2,3,4,5]
812371 [1,2,3,4,5,6,7,8,9]
812371 [1,2,3,4,5,6,7,8]
812371 [1,2,3,4,5,6]
818399 [1,5,3,2,4]
685921 [6,1,4,5,2,3]
705554 [4,1,3,2,5,6]
1071040 [1,2,3,4,5,6,7,8,9,10,11,12,13,14]
1071493 [1,2,3,4,5,6,7]
1071493 [1,2,3,4,5,6,7,8]
1071493 [1,2,3,4,5]
1072326 [5,4,1,2,3]
1092441 [5,1,6,2,3,4]
1092441 [2,5,4,3,1,7,6]
1092441 [3,4,2,5,1]
1092441 [5,3,1,4,6,2]
1092441 [3,6,1,4,2,5]
1092441 [2,11,9,3,6,15,19,17,7,18,13,14,8,5,4,16,1,10,12]
1094259 [5,2,1,6,4,3]
1094259 [2,9,4,8,14,13,12,3,10,6,7,5,11,1]
1094259 [3,8,6,1,4,12,10,2,11,9,7,5]
285619 [6,1,9,7,2,4,11,3,5,8,10]
321436 [1,2,3,4,5,6,7,8,9,10,11]
321436 [1,2,3,4,5]
406058 [4,7,8,5,2,6,1,3]
413654 [4,2,5,3,1]
413654 [9,11,6,3,1,8,7,4,5,10,2]
416664 [1,3,5,4,6,7,2]
416664 [19,11,14,29,10,6,28,9,3,35,15,30,20,31,27,34,5,4,32,23,25,16,21,17,13,8,24,22,33,1,26,7,2,36,12,18]
439487 [6,4,7,5,1,3,2]
439487 [9,3,2,1,4,7,6,5,8]
469460 [22,18,23,9,12,26,13,1,16,4,10,6,2,24,7,5,15,20,19,17,14,3,21,25,11,8]
469460 [4,1,6,10,3,5,7,12,11,2,8,9]
476345 [8,14,3,9,13,2,4,7,1,12,10,6,5,11]
476345 [3,17,11,2,15,13,10,14,7,16,6,18,9,8,5,1,4,12]
1020886 [3,1,5,4,6,2]
479390 [16,5,23,8,15,7,20,12,14,25,6,11,24,17,2,10,13,3,9,19,21,26,1,22,18,4]
2498205 [6,2,4,5,3,1,7]
2498205 [4,1,5,6,2,3]
2498205 [3,5,1,2,4]
2504639 [2,1,4,5,3]
2504639 [11,2,10,5,7,6,3,4,12,1,9,8]
1092730 [4,5,11,8,12,10,3,2,7,6,9,1]
1092730 [3,1,4,2,5]
1092730 [2,5,7,4,1,6,3]
1118206 [10,11,9,5,2,6,8,7,3,4,1]
1389997 [9,4,6,10,7,2,3,1,5,8]
1389997 [2,1,5,3,6,4,7]
1255547 [9,4,2,7,5,8,6,3,1]
1255547 [8,1,4,9,7,6,2,10,5,3]
1255547 [2,4,3,1,5]
1779138 [3,2,4,5,6,1]
1842666 [1,11,9,14,3,19,10,8,15,13,16,6,20,17,21,12,2,5,7,4,18]
1842666 [30,29,28,44,53,46,37,39,52,15,13,7,51,33,12,24,5,48,36,43,8,19,6,1,2,41,35,50,34,3,21,42,22,18,49,20,38,10,45,17,16,23,11,40,26,47,14,27,25,32,9,4,31]
1930942 [1,6,8,3,9,2,5,7,4]
1978399 [3,2,1,4,5]
1978399 [1,2,8,5,3,10,6,9,7,4,12,11]
1978399 [3,5,1,6,4,7,2]
1978399 [1,2,3,4,5]
1978399 [5,7,1,3,10,4,11,13,14,12,9,2,8,6]
1978399 [13,11,7,1,4,2,9,16,15,10,6,3,14,8,12,5]
1984028 [4,3,5,1,2,6]
2068006 [2,3,6,5,4,1]
1583352 [17,9,6,27,38,12,11,4,18,3,22,16,20,30,29,19,15,37,7,14,10,23,28,26,25,36,13,40,8,39,34,31,24,35,5,2,32,1,33,21]
631807 [15,19,6,16,9,5,2,17,1,8,10,22,7,4,21,11,18,3,12,13,14,20]
2404032 [1,2,3,4,5,6,7,8,9]
2415367 [3,1,5,2,4]
2490102 [6,5,4,3,1,2]
581272 [1,2,3,4,5,6,7,8,9,10]
581272 [1,2,3,4,5,6,7,8,9]
1129282 [5,6,1,4,3,7,2]
2273352 [6,2,5,3,1,4]
2284135 [1,2,3,4,5,6,7]
2284135 [1,2,3,4,5,6,7,8,9,10,11,12,13,14,15,16,17,18,19,20,21,22,23,24,25]
2288494 [24,11,3,19,14,26,9,25,16,2,23,10,6,28,31,1,22,27,8,7,13,15,18,29,4,20,5,30,12,21,17]
2288494 [14,13,2,11,5,20,18,7,19,8,12,3,4,24,22,21,10,9,16,23,15,6,1,17]
933067 [1,2,3,4,5,6,7,8,9]
980094 [9,10,11,5,4,8,3,6,2,1,7]
980094 [1,4,5,3,2]
980094 [1,5,2,4,3]
980094 [4,18,2,20,7,6,10,15,17,21,9,11,13,14,12,1,16,19,3,5,8]
1014041 [1,2,3,4,5,6]
1071529 [3,2,1,5,4]
1071529 [3,4,7,5,1,2,6]
1078228 [3,4,9,1,7,2,5,10,11,8,6]
1752803 [1,2,3,4,5]
1752803 [1,2,3,4,5,6,7]
1363310 [1,2,3,4,5,6,7,8]
1383987 [8,2,11,6,5,12,9,10,7,3,4,1]
1383987 [1,2,3,5,4]
1811637 [13,8,21,27,25,28,18,29,23,24,3,31,4,2,6,16,26,20,11,10,5,7,9,17,15,1,12,22,14,19,30]
1825805 [1,2,3,4,5,6,7,8,9]
1825805 [1,2,3,4,5,6,7,8,9,10]
1836074 [1,2,3,4,5,6,7,8,9]
90036 [2,13,3,18,15,12,16,5,4,19,8,11,1,7,14,6,17,9,10]
209258 [3,6,4,5,2,1]
1360769 [10,17,13,2,12,21,14,11,16,20,19,8,7,9,4,6,18,5,15,23,1,22,3]
1360769 [5,1,6,3,10,9,2,8,7,4]
26594 [10,14,3,7,12,5,1,8,13,11,4,6,9,2]
40054 [5,3,4,6,1,2]
137963 [4,1,2,6,7,5,3,8]
137963 [13,11,6,5,4,1,3,2,7,8,9,12,14,15,17,10,16]
168769 [3,1,5,4,2]
168769 [13,9,15,2,7,11,10,14,5,4,8,1,3,6,12]
481652 [3,6,5,8,1,2,4,7]
481652 [5,6,2,3,4,7,1]
905223 [1,11,22,23,12,2,10,19,17,16,9,3,15,14,26,27,18,8,13,25,4,24,7,28,5,6,20,21]
905223 [7,4,10,6,19,5,8,9,3,1,20,12,15,11,18,2,16,13,17,14]
905223 [10,7,4,6,9,2,5,3,8,1]
905223 [9,24,14,11,23,18,21,16,19,2,13,8,25,4,22,20,10,5,1,15,17,7,6,12,3]
905223 [10,2,1,3,5,9,6,4,11,7,8]
905223 [6,7,9,5,10,1,4,8,2,11,3]
905223 [2,5,9,7,6,8,1,3,4]
2091506 [3,6,7,2,1,8,5,4]
2553426 [2,5,12,7,6,8,13,10,11,3,9,1,4]
2553426 [18,4,20,15,16,7,14,9,6,1,8,3,17,10,13,2,12,21,5,11,19]
2553426 [13,7,12,10,6,17,11,15,14,3,2,9,1,4,16,5,8]
2553426 [2,1,6,5,3,4]
2553426 [6,1,4,2,3,7,5]
2094831 [1,2,3,4,5,6,7]
2169267 [2,5,6,1,4,3]
2169267 [1,5,2,3,8,4,9,7,6]
2259512 [5,1,2,4,3,6]
2259512 [35,6,7,34,16,39,29,26,42,1,10,11,25,2,52,28,49,31,4,17,8,13,41,19,37,20,43,44,45,50,22,51,38,56,47,33,15,36,48,18,9,40,46,24,27,32,23,55,21,12,3,30,53,5,54,14]
2259512 [4,1,2,6,5,3,7]
2259512 [14,15,10,2,6,4,9,16,8,3,1,7,12,13,11,5]
2259512 [3,5,7,15,2,6,1,11,14,9,13,10,8,12,4]
2259512 [10,11,8,4,5,9,1,7,13,3,6,2,14,12]
1785149 [21,13,17,4,19,16,15,11,1,18,20,7,2,10,6,12,5,14,8,9,3]
1785149 [6,4,5,3,2,1]
1785149 [3,6,1,2,5,4]
1785149 [5,3,2,6,4,1]
1785149 [8,4,6,2,7,1,3,5]
1799180 [7,3,6,9,5,2,4,8,1]
1799180 [4,6,2,8,3,1,7,5]
1799180 [6,4,5,1,2,3]
2289794 [1,3,7,4,2,6,5]
2289794 [17,13,19,11,9,23,16,20,3,6,21,4,10,1,15,5,2,25,12,8,24,22,7,14,18]
2575952 [4,5,2,3,1]
852601 [4,3,1,6,2,5]
852601 [4,13,14,8,5,9,19,2,15,3,20,17,18,1,12,6,7,10,11,16]
852601 [7,2,1,8,3,4,6,5]
852601 [1,4,2,3,5,6]
621402 [4,15,9,11,6,1,10,5,14,7,13,8,3,12,2]
621402 [1,15,6,2,13,16,4,5,9,14,12,11,10,17,7,3,18,19,8]
621402 [8,14,7,10,11,9,1,4,5,3,2,6,12,13]
621402 [9,6,4,1,5,7,8,3,2]
818399 [2,4,1,3,5]
835074 [1,3,11,10,8,7,2,9,4,5,6]
835074 [3,5,1,6,4,2,7]
143799 [1,2,3,4,5,6,7,8,9,10,11,12,13,14,15,16,17,18,19,20,21,22,23,24,25,26,27,28,29,30]
418151 [1,2,3,4,5,6]
420583 [2,5,1,3,4]
1297999 [5,6,1,4,2,3]
1298261 [1,2,3,4,5,6,7,8,9]
1399073 [1,2,3,4,5]
1375689 [4,3,5,1,2]
1375689 [8,1,10,6,5,2,11,4,3,9,7]
1375689 [5,2,6,4,3,7,1]
1380345 [4,5,3,1,2,6]
1380345 [2,5,7,1,3,6,8,4]
1401252 [1,2,3,4,5,6,7,8,9,10,11,12,13,14,15,16,17,18,19,20,21,22,23,24,25,26,27,28,29]
1401252 [1,2,3,4,5,6,7]
1770976 [29,55,34,19,44,41,3,16,30,40,66,51,50,31,68,22,20,63,27,35,6,70,52,11,2,48,57,49,61,9,8,58,37,67,14,43,7,1,26,47,39,54,42,46,4,59,28,56,65,15,38,32,18,10,69,17,21,53,62,12,24,64,25,60,36,45,23,13,5,33]
1851127 [1,2,3,4,5,6,7,8,9,10,11,12,13,14,15,16,17,18]
2281424 [1,18,19,23,11,9,8,24,28,6,14,5,27,15,12,2,25,22,10,3,7,4,20,17,26,16,13,21]
782168 [8,5,11,3,9,7,4,2,6,1,10]
782168 [3,6,5,1,4,2]
949107 [2,1,7,4,6,5,3]
972143 [3,4,1,2,5,6]
972143 [4,8,9,1,5,6,7,3,2]
972143 [3,5,7,9,4,10,6,8,2,1]
972143 [6,1,3,4,7,5,2]
972143 [13,9,11,1,3,7,12,8,2,5,4,6,14,10]
972143 [1,2,3,5,6,4]
1012145 [1,2,3,4,5,6,7,8,9]
1012145 [1,2,3,4,5,6,7,8,9,10,11,12,13]
1117666 [6,7,4,8,3,1,2,9,5]
1117666 [5,2,7,3,4,6,1,9,8]
1302220 [10,31,14,24,20,23,18,16,6,3,19,21,7,8,4,25,22,11,17,26,13,2,1,27,12,9,15,28,30,5,29]
1302220 [19,24,9,25,16,14,15,21,11,13,22,23,3,8,7,12,1,17,20,5,10,2,18,4,6]
1302220 [6,2,5,7,3,4,1]
1302220 [13,15,12,1,8,11,2,3,4,14,10,9,5,6,7]
1321771 [1,2,3,4,5,6]
1336589 [5,6,4,3,1,2,7,8]
1336589 [3,1,2,5,4]
1514042 [2,3,6,5,4,1]
1514042 [15,14,6,13,11,9,4,8,7,3,5,1,10,12,2]
1141178 [12,11,8,5,14,1,13,6,10,2,7,9,15,3,4,16]
1152160 [1,4,11,7,16,5,3,6,12,18,2,13,15,8,10,17,14,9]
1286303 [21,4,19,30,16,24,11,20,7,34,25,12,36,9,32,26,6,5,14,23,17,10,2,29,3,33,28,35,13,18,22,1,27,15,8,31]
1286303 [12,7,4,5,9,8,13,2,10,3,6,1,11]
1297999 [1,5,6,4,2,3]
1297999 [2,14,6,3,5,9,10,13,8,1,12,4,11,7]
1297999 [3,13,6,10,11,8,12,9,1,5,4,2,7]
1363310 [1,2,3,4,5,6,7,8,9,10,11,12,13,14,15,16,17,18,19,20,21,22,23,24,25,26,27,28,29,30,31,32,33,34,35,36,37,38,39,40,41,42,43,44,45,46]
1246374 [1,2,3,5,4,6]
51752 [7,12,8,4,11,2,6,10,3,9,13,5,1]
51752 [2,5,4,3,1,6]
51752 [7,6,4,3,2,5,1,8]
2581162 [4,3,2,6,5,1]
2581162 [5,4,3,2,9,8,6,10,7,1]
2581162 [4,6,13,3,2,5,9,1,15,14,12,7,10,8,11]
2581162 [34,18,2,25,15,21,29,11,3,38,19,13,17,30,37,20,8,4,41,10,27,36,6,5,12,22,7,28,40,31,39,35,16,1,32,9,26,23,33,14,24]
1664974 [2,3,4,6,5,1]
1664974 [2,6,4,7,8,1,5,3]
1664974 [4,1,5,3,2]
1686565 [1,6,10,4,8,7,3,2,9,11,5,12]
1804806 [6,1,4,7,2,5,3]
1804806 [7,2,4,3,1,5,8,6]
1815262 [3,5,7,2,1,6,8,4]
1815262 [2,3,5,6,4,1]
1873148 [1,2,3,4,5,6,7,8,9,10,11,12,13,14,15,16,17,18]
1577231 [5,2,1,4,6,3]
2097149 [6,5,3,1,7,2,4]
2102752 [5,4,1,3,2]
2102752 [7,3,4,6,9,2,11,8,10,1,5]
416664 [2,8,4,5,3,7,6,1]
416664 [16,3,9,5,8,6,15,1,2,10,14,12,13,19,11,4,7,18,17]
416664 [8,3,1,2,4,10,6,11,9,5,7]
425689 [13,18,5,4,8,17,3,2,15,12,10,1,14,9,16,6,7,11]
425689 [3,1,7,5,4,2,8,6]
425689 [11,24,29,13,19,20,5,9,47,41,27,33,7,30,8,43,40,31,16,22,42,32,1,26,3,17,28,12,38,34,25,10,44,36,15,18,14,23,37,46,39,2,6,21,4,35,45]
425689 [9,5,10,6,11,3,7,2,8,4,1]
425689 [7,16,14,15,12,9,1,8,5,6,2,3,11,4,10,13]
438300 [1,2,4,5,3]
521351 [7,3,8,5,1,4,6,2]
521351 [6,5,4,7,9,1,2,3,8]
521351 [1,4,24,20,27,13,6,17,19,29,3,9,23,15,7,16,26,22,31,12,2,30,18,21,28,5,8,25,10,11,14]
1923297 [4,2,5,1,6,7,3]
1923297 [1,5,3,2,4]
1923297 [5,15,23,28,7,9,29,26,19,14,6,20,22,4,16,8,12,13,1,25,11,3,27,24,17,21,2,18,10]
1923297 [6,5,4,1,3,2]
1632935 [3,1,5,2,6,4]
1632935 [13,8,6,7,12,5,2,11,4,1,3,10,9]
1641482 [2,1,4,6,3,5]
1645664 [13,5,4,8,6,12,10,9,3,11,2,7,1]
1647320 [1,2,3,4,5,6,7]
1647320 [1,2,3,4,5,6,7,8]
1647320 [1,2,3,4,5,6,7,8,9,10]
1647320 [1,2,3,4,5,6,7,8,9,10,11,12,13,14,15,16,17]
1703304 [5,7,2,1,6,4,3]
1706553 [3,5,4,2,1]
1734750 [3,16,17,7,10,4,9,2,14,12,6,18,13,20,8,11,15,19,5,1]
1747023 [2,6,7,1,8,3,4,5]
1804806 [5,3,2,1,4]
1863380 [1,2,3,4,5,6,7,8,9,10,11,12,13,14,15,16]
1873066 [3,2,5,1,4]
1873066 [17,10,6,14,13,3,2,5,7,9,12,11,16,15,1,4,8]
1874962 [4,6,3,2,5,1]
1887792 [1,9,14,13,2,6,11,10,5,3,7,4,8,12]
653974 [2,9,12,5,1,11,10,4,8,7,16,14,17,6,15,3,13]
1923297 [11,5,2,22,25,8,6,19,14,4,20,18,26,16,17,23,21,24,13,12,7,10,9,1,15,3]
2540950 [2,6,1,5,7,4,3]
2540950 [3,2,5,1,4,6]
2540950 [17,18,16,6,3,13,14,10,4,20,8,2,15,7,5,19,11,1,12,9]
33736 [6,2,9,12,5,11,3,10,4,1,8,7]
50306 [2,6,12,7,4,9,10,1,3,5,11,8]
60557 [1,2,3,4,5]
60557 [1,2,3,4,5,6,7,8,9,10,11,12,13]
60557 [1,2,3,4,5,6,7]
112856 [8,9,5,7,2,3,4,1,6]
125136 [1,2,4,3,6,5,7]
125136 [8,13,7,9,6,11,2,10,4,12,5,3,1]
125136 [9,8,11,2,4,6,7,1,5,10,3]
126068 [1,5,2,6,4,3]
152880 [15,7,10,19,3,11,9,14,17,12,1,8,5,13,4,6,2,18,16]
152880 [12,16,7,10,1,17,13,11,18,3,15,19,9,8,4,5,6,2,14]
152880 [1,7,2,3,4,5,6]
152880 [8,1,9,11,4,12,6,10,5,2,3,7]
152880 [4,5,3,2,1]
158641 [2,1,5,4,6,3]
158641 [3,5,2,1,4]
158641 [3,5,2,4,1]
171777 [13,39,6,18,15,40,16,50,48,10,3,41,14,47,1,11,34,21,4,8,49,43,44,2,46,33,51,35,9,37,42,22,29,20,36,31,45,25,28,24,32,23,26,27,5,19,38,17,7,30,12]
171777 [3,1,4,9,2,6,8,5,7]
2143620 [4,6,3,10,1,7,16,8,2,14,9,15,5,12,13,11]
2143620 [6,18,9,13,7,17,20,21,11,14,15,5,19,2,8,10,1,3,12,16,4]
2143620 [20,1,11,15,6,17,8,16,12,5,4,14,2,10,3,9,7,25,21,26,22,13,24,18,19,23]
2049698 [7,8,5,12,3,13,14,15,6,11,9,1,10,2,4]
2023211 [9,4,5,8,10,6,2,7,3,1]
2023211 [6,1,4,3,2,7,5]
2060487 [1,13,6,14,3,9,12,11,2,5,10,7,8,4,15]
2093437 [3,5,4,11,10,8,12,6,13,1,2,7,9]
2108687 [4,2,1,5,3]
2310046 [1,2,3,4,5]
2310046 [1,2,3,4,5,6]
2310046 [1,2,3,4,5,6,7,8,9,10,11,12,13]
2310046 [1,2,3,4,5,6,7,8,9,10]
2310046 [1,2,3,4,5,6,7,8]
2310046 [1,2,3,4,5,6,7,8,9,10]
2310046 [1,2,3,4,5,6,7,8]
2310046 [1,2,3,4,5,6,7]
2310046 [1,2,3,4,5,6,7,8,9,10,11,12,13,14,15]
2310046 [1,2,3,4,5,6,7,8,9,10,11,12,13,14,15,16,17,18,19,20,21]
2310046 [1,2,3,4,5]
2319846 [16,35,30,21,4,3,32,20,12,22,9,18,2,13,27,26,8,23,7,34,19,6,17,10,28,25,14,29,15,33,24,5,31,1,11]
2382233 [1,2,3,4,5,6,7]
2382233 [1,2,3,4,5,6,7]
2382233 [1,2,3,4,5,6]
2382233 [1,2,3,4,5]
244367 [1,10,16,13,12,18,9,7,19,14,3,17,11,2,8,15,5,6,4]
244367 [9,6,13,2,4,8,10,5,14,11,3,1,7,12]
244367 [16,9,14,8,12,5,3,18,15,17,11,2,6,19,20,7,13,4,1,10]
244367 [15,4,23,5,17,12,21,14,16,8,7,20,13,27,24,1,6,3,26,10,25,28,2,18,22,11,9,19]
244367 [2,6,7,9,5,1,3,4,8]
245835 [20,24,3,10,27,31,21,15,26,13,22,34,6,33,23,17,4,30,7,28,8,5,1,2,19,16,18,9,14,11,32,29,12,25]
60557 [1,2,3,4,5,6,7,8,9,10,11,12]
1804806 [1,3,6,4,5,2]
81492 [23,22,20,5,16,8,14,26,2,21,29,3,31,13,27,1,12,7,6,4,10,19,18,24,33,28,30,11,17,9,25,32,15]
374121 [5,2,3,1,4]
374121 [10,3,5,6,7,4,9,2,1,11,8]
1148586 [19,9,8,26,14,23,20,12,28,17,27,1,10,16,29,30,25,7,15,6,24,22,18,5,13,2,11,3,21,4]
1148586 [5,4,2,7,3,1,8,6]
1148586 [3,5,2,1,7,4,6]
1148586 [2,7,5,4,1,6,3]
405547 [7,5,14,1,15,6,9,10,13,4,8,3,12,2,11]
405547 [4,3,2,8,15,7,11,9,14,12,5,10,13,1,6]
405547 [9,17,3,15,4,8,20,5,7,2,10,1,21,19,11,12,13,16,22,18,14,6,23]
405547 [3,4,7,6,2,5,1]
405547 [4,2,1,5,3]
405547 [4,1,11,9,2,7,12,5,10,6,3,8]
463733 [12,9,10,4,3,11,6,2,7,8,1,5]
1218901 [5,9,1,2,4,6,8,3,7]
1218901 [3,1,4,7,2,6,5,8]
1218901 [3,5,2,4,1]
1218901 [3,7,4,2,8,5,1,6]
1218901 [4,2,6,3,8,9,7,1,5]
1248913 [2,4,5,1,3]
1248913 [7,8,1,5,6,4,3,2]
1942669 [1,2,3,4,5,6,7,8,9,10]
831059 [4,8,5,1,7,6,3,2,9]
831059 [9,2,3,13,10,11,7,8,4,5,6,1,12]
1129282 [2,4,5,1,6,3]
1129282 [10,4,7,2,11,14,8,3,13,1,5,9,12,6]
1129282 [12,1,29,28,17,5,15,3,23,7,9,11,16,14,26,8,25,6,21,10,20,2,4,27,18,19,13,24,22]
1368005 [16,12,3,21,4,19,22,17,15,5,18,20,6,9,8,1,7,2,14,11,13,10]
2078799 [4,1,7,8,3,6,2,5]
2078799 [4,1,6,2,5,3]
2414972 [2,6,1,5,4,3]
631807 [2,4,5,1,3]
2489496 [2,3,8,4,5,6,7,1]
2510364 [1,2,3,4,5,6,7,8]
2580963 [1,2,3,4,5,6]
2580963 [1,2,3,4,5,6,7,8,9,10,11,12,13,14,15]
2580963 [1,2,3,4,5,6,7,8,9,10,11,12,13,14,15,16,17,18]
2580963 [1,2,3,4,5,6,7,8,9]
912382 [2,7,1,6,9,5,8,3,4]
1851127 [1,2,3,4,5,6,7,8,9,10]
1851127 [1,2,3,4,5,6,7,8,9,10,11,12,13,14,15]
1851127 [1,2,3,4,5,6,7,8,9,10,11,12,13,14]
1851127 [1,2,3,4,5,6,7,8,9,10,11,12]
1851127 [1,2,3,4,5,6,7,8]
1851127 [1,2,3,4,5]
1117666 [5,6,7,1,4,2,3]
1117666 [4,3,2,5,1]
1788365 [22,7,4,16,5,15,9,21,2,13,25,12,6,17,20,23,14,18,1,10,19,24,3,11,8]
1799180 [3,10,4,5,7,8,1,9,11,6,2]
1918553 [1,2,3,4,5]
1918553 [1,2,3,4,5,6]
1918553 [1,2,3,4,5]
1918553 [1,2,3,4,5,6,7,8,9,10,11]
1942669 [1,2,3,4,5,6]
1942669 [1,2,3,4,5]
1942669 [1,2,3,4,5,6,7,8,9,10,11,12,13,14]
1942669 [1,2,3,4,5,6,7]
1942669 [1,2,3,4,5,6,7,8,9,10,11,12,13]
1965353 [3,5,4,6,2,1]
1974260 [2,18,4,3,15,6,13,11,8,7,10,1,17,12,14,5,9,16]
2020878 [10,7,4,8,6,5,11,1,3,2,9]
2020878 [2,1,4,5,3]
2259512 [9,2,5,6,1,3,7,4,8]
2259512 [4,7,8,11,1,9,12,10,2,6,13,5,3]
2259512 [18,4,16,2,6,20,8,13,19,5,12,25,17,28,30,31,29,9,21,15,14,26,7,1,22,11,10,24,27,23,3]
2261018 [11,6,2,3,4,9,5,10,12,7,8,1]
1104073 [6,2,3,5,1,4]
1104073 [3,6,2,1,4,5]
1104073 [3,5,2,4,1]
1104073 [2,6,5,1,4,3]
1106100 [1,3,4,7,5,2,6]
1106100 [5,1,3,4,2]
1106100 [2,3,7,1,6,4,5]
1106100 [9,12,14,11,6,15,4,13,16,7,10,8,3,1,5,2]
1106100 [7,4,5,1,3,6,8,2]
1106100 [2,1,6,3,4,7,5]
1106100 [2,1,6,3,5,4,7]
1111675 [1,2,3,4,5,6]
2129565 [10,3,11,9,8,4,2,6,1,12,7,5]
2144231 [1,2,3,4,5,6,7,8,9]
2149580 [7,2,6,3,4,1,5]
2158192 [1,2,3,4,5,6,7,8,9]
2158192 [1,2,3,4,5,6]
2158192 [1,2,3,4,5,6,7,8]
2158192 [1,2,3,4,5,6,7,8,9,10,11,12,13,14,15,16,17,18,19,20,21,22]
2291343 [18,1,8,15,12,17,3,9,4,13,7,2,10,11,6,5,14,16]
2291343 [3,1,2,4,5]
2347213 [8,5,7,4,3,2,9,6,1]
2347213 [2,5,1,3,4]
2347213 [4,12,2,9,11,10,5,1,3,6,13,8,7]
2361405 [2,5,1,3,4]
2300835 [2,3,6,4,1,5]
2309232 [7,6,5,2,1,8,3,4]
2440016 [1,5,4,6,2,3]
2441058 [14,9,5,7,10,15,6,3,4,12,11,13,8,2,1]
629670 [13,3,4,6,14,12,11,10,8,9,1,7,2,5]
1563751 [9,3,1,7,4,6,2,8,5]
1563751 [8,3,7,6,4,2,5,1]
1563751 [5,3,2,1,6,7,4]
1563751 [1,8,18,35,36,4,31,7,39,20,34,38,32,16,27,21,2,10,11,29,23,14,6,19,3,12,33,37,17,22,40,9,13,25,26,30,28,15,5,24]
1563751 [8,11,18,15,1,5,19,3,2,10,17,13,12,7,4,6,14,9,16]
2490461 [1,2,3,4,5]
2490461 [1,2,3,4,5,6,7]
2490461 [1,2,3,4,5,6,7]
2490461 [1,2,3,4,5,6]
2367633 [11,2,3,8,1,13,4,14,7,12,5,10,6,9]
2367633 [1,27,15,19,5,18,13,2,11,3,24,25,17,10,26,16,6,22,21,23,8,7,14,12,4,20,9]
2390691 [6,1,3,2,5,4]
2390691 [4,5,9,2,13,8,10,7,6,11,1,12,3]
768249 [3,6,5,4,1,2]
768249 [1,5,6,9,11,10,2,12,3,7,8,4]
768249 [2,8,3,9,12,6,1,7,13,10,5,4,11]
768249 [5,1,2,4,3]
768249 [4,2,1,3,5]
849040 [9,12,6,4,16,24,25,8,17,3,10,18,15,23,22,21,20,19,2,14,1,5,11,7,13]
849040 [2,1,10,8,13,15,16,6,18,19,9,7,14,3,20,11,12,4,17,5]
309336 [7,18,19,11,1,15,12,3,14,10,2,13,6,5,21,20,4,16,8,17,9]
321436 [1,2,3,4,5,6,7,8]
192781 [5,4,9,8,12,10,11,2,14,13,3,6,7,1]
192781 [1,9,10,4,5,11,8,13,6,12,7,3,2]
192781 [15,18,10,11,12,1,7,5,14,3,17,9,6,16,4,13,2,8]
192781 [3,5,7,4,1,6,10,2,9,8]
204031 [3,7,8,5,4,1,6,2]
204031 [6,3,4,1,2,5]
204031 [4,6,1,5,2,7,3]
206251 [1,5,3,4,2,6]
211816 [6,13,3,7,11,2,12,4,14,8,10,9,5,1]
211816 [3,19,12,11,8,7,1,20,6,16,5,22,18,9,10,21,13,2,4,17,15,14]
249788 [12,8,2,5,3,6,7,10,9,13,15,1,14,4,11]
249788 [4,5,2,1,3]
249788 [15,4,9,10,2,1,5,3,8,14,7,16,6,13,11,12]
264359 [7,23,17,20,12,21,2,11,15,16,14,19,3,22,18,4,5,6,1,8,13,10,9]
299355 [3,2,6,7,4,5,1]
337540 [19,28,34,22,35,11,7,18,6,27,33,2,14,1,15,12,25,9,5,21,17,13,8,20,23,4,31,16,3,26,32,24,30,29,10]
726123 [47,37,54,17,2,50,27,66,58,14,53,7,48,49,32,60,22,35,3,59,46,15,12,20,25,40,64,29,4,18,56,63,69,33,5,65,16,42,1,61,9,38,24,26,13,45,11,44,41,67,10,6,68,23,39,52,57,21,34,55,31,36,19,43,30,51,28,8,62]
1660953 [1,2,3,4,5,6]
1664967 [6,5,3,4,1,2,7,8]
1686860 [8,22,20,23,26,19,29,21,34,25,28,4,31,17,13,6,30,12,11,33,24,2,3,7,32,36,5,15,1,18,27,16,10,9,35,14]
1686860 [34,24,47,32,37,23,36,26,14,12,20,41,7,6,5,43,9,25,28,1,8,38,16,2,39,3,31,33,10,45,42,46,44,15,27,18,13,21,17,35,11,22,40,30,19,29,4]
1686860 [14,26,40,53,16,15,30,9,21,37,48,31,19,51,12,8,13,49,24,1,18,11,44,2,10,4,5,6,52,29,32,20,43,22,25,55,39,50,34,7,56,35,42,54,41,46,47,45,17,36,33,23,3,38,27,28]
2246162 [2,10,1,6,3,7,8,4,9,5]
2246162 [2,6,9,3,8,4,11,10,5,7,1]
2246162 [2,8,13,1,6,10,11,7,12,9,5,4,3]
2259512 [6,1,3,4,2,5]
2259512 [11,16,19,7,10,18,1,2,20,3,9,14,5,17,8,4,12,15,6,13]
2259512 [2,7,9,12,8,5,14,15,1,4,11,10,6,13,3]
2259512 [1,10,8,4,12,2,6,9,5,13,3,7,11]
918965 [4,6,7,3,2,1,5]
918965 [2,3,1,4,5]
918965 [13,3,5,11,10,2,14,7,8,1,12,6,4,9]
933067 [1,2,3,4,5,6,7,8]
965694 [1,2,3,4,5,6,7,8,9,10,11,12,13,14,15,16,17,18,19,20,21,22,23,24,25,26,27,28,29,30,31,32,33,34,35,36,37,38]
965694 [1,2,3,4,5,6,7,8,9,10,11,12,13,14,15,16,17]
965694 [1,2,3,4,5,6,7,8,9,10,11,12,13,14,15,16,17,18,19]
965694 [1,2,3,4,5,6,7,8,9,10]
965694 [1,2,3,4,5,6,7,8,9,10,11,12,13,14,15,16,17,18,19,20,21,22,23,24]
965694 [1,2,3,4,5,6,7,8,9]
965694 [1,2,3,4,5,6,7,8]
971442 [10,8,5,1,6,7,2,3,9,4]
971442 [11,8,6,10,3,14,13,5,7,2,9,12,4,1]
971442 [8,14,17,16,11,6,5,15,1,4,7,18,10,13,9,3,2,12]
980498 [5,10,8,7,3,1,9,4,2,6]
1001055 [11,1,17,13,9,8,2,3,16,15,4,20,10,14,5,6,7,18,12,19]
1001055 [5,2,7,10,8,6,1,3,13,11,4,15,14,12,9]
1006353 [1,2,3,4,5,6,7,8,9,10,11]
1020886 [2,7,9,1,6,5,8,3,4]
1033225 [2,5,11,9,7,3,12,4,1,6,8,10]
1033225 [10,15,16,5,4,9,2,14,11,6,1,3,8,17,7,13,12]
1033225 [2,3,5,1,4]
1066016 [4,1,5,3,2,6]
839118 [6,3,1,7,2,5,4,10,9,12,8,11]
1577231 [1,5,4,2,6,3]
1661858 [30,18,16,9,1,25,14,12,7,13,6,27,23,4,3,22,20,29,15,8,2,24,17,19,26,5,28,10,11,21]
1744238 [4,3,1,6,5,2]
1744238 [4,1,2,6,3,5]
1912304 [2,12,6,9,11,4,10,8,1,3,5,7]
1930942 [8,7,4,16,13,12,15,11,9,3,2,14,1,10,6,5]
2023960 [7,11,10,16,12,6,5,4,14,8,15,9,3,1,13,2]
2326725 [1,4,3,2,5]
264359 [8,6,2,5,3,9,1,7,4]
264359 [6,3,8,7,2,4,1,5]
289998 [8,1,4,2,6,9,7,10,11,3,5]
321436 [1,2,3,4,5,6,7]
321436 [1,2,3,4,5,6,7,8,9]
321436 [1,2,3,4,5,6,7,8,9,10,11,12,13,14,15,16,17,18]
481652 [6,2,5,1,3,4]
481652 [16,17,5,1,11,2,8,6,15,13,10,14,12,4,9,7,3]
642958 [5,3,1,4,2]
642958 [1,6,2,4,7,5,8,3]
642958 [2,4,3,5,1]
760446 [4,11,14,12,1,7,16,3,13,8,9,10,17,2,6,18,15,5]
856313 [4,24,25,2,3,10,22,20,14,17,11,13,23,8,12,6,19,5,7,16,21,15,9,18,1]
1227910 [4,3,6,1,5,2]
1321771 [1,2,3,4,5,6,7,8]
2420256 [12,23,24,18,8,14,3,20,21,5,15,9,19,25,27,13,10,11,16,7,28,17,2,26,1,22,6,4]
2420256 [4,15,9,3,17,10,12,8,13,7,6,5,11,1,16,2,14]
2540950 [10,6,7,5,8,1,4,2,3,9]
2540950 [5,6,2,7,8,4,9,1,3]
206251 [11,13,5,7,14,4,2,6,10,1,9,12,8,3]
510680 [10,11,8,12,6,1,7,9,2,5,4,3]
510680 [1,9,7,8,2,4,3,5,6]
631807 [1,4,5,3,2,6]
716356 [2,1,4,3,5]
716356 [5,4,3,1,2]
716356 [4,5,1,2,3]
716356 [7,17,5,8,10,4,6,13,12,14,15,2,3,16,9,1,11]
716356 [6,7,2,3,1,4,8,5]
716356 [2,4,3,5,1]
716356 [3,2,1,5,6,4]
309336 [19,21,6,1,12,20,18,14,5,17,2,16,10,4,11,9,15,13,7,8,3]
134166 [1,6,2,4,5,7,3,10,9,11,13,12,8]
134166 [6,5,7,2,3,4,1]
134166 [3,5,1,2,4]
134166 [3,6,4,7,2,5,1]
2027502 [11,5,6,3,1,14,4,2,7,13,9,12,10,8]
2027502 [2,1,4,5,3]
2027502 [3,1,4,6,5,2]
2027502 [4,3,5,1,2]
1594652 [9,3,12,17,13,15,4,2,7,16,1,11,6,14,10,5,8]
2140356 [5,3,2,6,4,1]
2140356 [3,6,4,5,2,1]
2144690 [1,2,3,4,5]
433902 [14,12,4,1,11,5,9,2,23,22,16,21,8,13,10,6,15,18,17,3,20,7,19]
433902 [28,37,14,38,27,20,32,22,17,16,13,33,6,34,9,7,18,3,21,23,10,31,24,36,2,12,35,15,30,29,4,1,5,26,11,8,19,25]
1500590 [2,5,1,4,3]
1500590 [5,4,3,2,1]
416399 [14,9,13,5,17,4,15,12,18,11,2,19,10,3,8,16,1,6,7]
416399 [2,8,5,3,4,7,1,6]
425689 [17,21,4,16,5,12,10,11,13,2,1,15,23,7,3,18,22,20,8,19,14,9,24,6]
425689 [1,5,3,4,2]
425689 [10,12,13,1,28,22,25,7,9,24,11,19,30,26,6,18,5,15,27,14,4,17,20,3,2,23,21,29,8,16]
425689 [4,5,1,6,3,2]
425689 [9,13,16,10,6,19,20,21,12,3,1,23,5,17,24,14,25,4,8,18,22,7,2,15,11]
425689 [3,2,4,1,5]
425689 [6,4,5,2,3,1]
425689 [12,1,4,13,5,6,10,7,3,8,2,9,11]
425689 [21,18,23,19,5,2,4,10,7,14,17,6,22,12,25,15,20,3,11,8,16,9,24,13,1]
117584 [1,2,3,4,5,6]
127405 [1,2,3,4,5]
127405 [1,2,3,4,5]
134166 [2,6,7,8,5,3,4,1]
134633 [5,1,2,3,4,6]
134633 [4,3,2,1,6,5]
62577 [1,2,3,4,5,6,7,8,9,10,11,12,13,14,15,16,17,18,19,20]
76658 [3,4,7,6,1,5,2,8]
76658 [4,11,7,9,8,2,1,5,3,10,12,6]
76658 [1,3,7,4,5,2,6]
76658 [4,7,3,1,5,6,2]
76658 [4,14,3,16,13,12,6,7,15,11,8,10,2,5,1,9]
340170 [5,4,2,1,3]
750497 [8,14,2,4,9,12,10,7,6,3,13,5,1,11]
750497 [1,10,9,8,11,6,7,5,2,3,4]
893182 [5,1,4,2,3]
893182 [15,9,7,3,6,2,10,18,14,20,11,8,1,17,21,12,16,19,4,13,5]
893182 [3,18,13,1,19,5,14,12,6,8,16,20,21,7,11,23,17,15,22,10,9,4,2]
893182 [6,3,8,5,2,7,4,1]
893182 [17,12,13,11,9,16,1,8,4,15,6,10,3,5,14,7,2]
893182 [10,8,3,6,4,1,7,9,12,5,11,2]
72259 [1,3,7,2,5,4,8,9,6]
81492 [11,15,25,28,16,19,18,10,5,24,9,26,21,27,22,7,13,23,20,3,4,8,1,17,14,12,2,6]
90036 [16,25,9,22,23,26,5,13,12,11,14,17,18,4,27,3,19,28,21,2,1,7,6,24,10,8,15,20]
50306 [2,4,1,3,5]
50306 [20,3,10,11,1,9,4,14,8,6,21,18,15,7,2,13,19,12,22,5,16,17]
277291 [3,8,10,1,13,15,14,5,2,9,12,7,4,11,6]
277291 [13,4,5,6,12,11,8,3,10,2,9,7,1]
285619 [6,4,8,2,7,3,9,1,5]
285619 [2,10,9,4,3,7,8,1,5,6]
1068993 [5,2,4,6,3,1]
285619 [12,6,7,15,11,9,13,8,5,10,14,2,1,4,3]
303960 [5,7,6,9,2,1,8,3,4]
365556 [1,2,3,4,5,6]
365556 [1,2,3,4,5,6]
371722 [3,7,8,4,9,1,2,6,5]
371722 [1,3,2,8,12,5,9,4,11,7,10,6,13]
387363 [5,2,4,1,3]
125136 [23,7,17,6,16,24,19,2,10,18,14,13,3,1,20,12,22,9,4,11,15,5,21,8]
127405 [1,2,3,4,5,6]
127405 [1,2,3,4,5,6]
127405 [1,2,3,4,5,6]
127405 [1,2,3,4,5,6,7,8,9,10,11,12]
151601 [8,4,7,13,11,16,3,1,15,9,12,14,6,2,5,10]
151601 [5,22,30,9,35,45,10,7,39,44,34,12,47,28,25,6,48,41,26,14,20,11,42,21,43,18,40,29,27,32,13,17,3,19,38,24,8,16,36,23,31,2,37,1,15,33,46,49,4]
268600 [8,6,4,13,1,3,5,12,10,9,7,2,11]
268600 [7,10,3,11,4,8,2,12,1,6,5,9]
268600 [6,3,5,2,7,4,1]
268600 [3,5,4,1,2]
268600 [13,9,8,7,4,2,1,12,6,5,10,11,3]
268600 [4,7,6,1,3,5,2]
268600 [8,3,5,7,9,10,1,4,2,12,11,6]
268600 [6,1,5,3,4,7,2]
268600 [11,14,17,10,4,7,13,1,8,9,15,5,12,3,16,18,20,19,2,6]
268600 [14,5,8,1,6,13,10,12,7,9,3,2,4,11,15]
413278 [1,9,4,7,11,8,6,5,10,12,2,3]
413278 [10,9,5,7,1,2,6,4,8,3]
413278 [7,3,6,4,1,5,2]
413278 [1,5,2,6,4,3]
521637 [8,6,3,5,2,9,1,7,4]
524296 [4,5,2,1,3]
1659234 [1,2,3,4,5]
197756 [4,2,1,3,5]
206251 [3,2,1,5,4,7,6]
750497 [9,19,1,17,2,22,7,5,10,16,3,15,14,6,18,12,20,4,11,21,13,8]
750497 [19,5,22,17,12,8,1,23,18,9,16,11,3,25,2,4,24,21,7,10,6,13,20,14,15]
750497 [9,4,6,3,8,2,5,7,10,1]
750497 [5,2,6,8,3,7,4,1]
750497 [1,7,4,6,5,2,3]
750497 [2,14,4,5,7,9,11,15,12,1,10,13,8,6,3]
750497 [18,20,1,17,12,23,22,25,14,24,28,11,27,2,19,9,7,13,15,3,26,10,6,4,21,8,16,5]
453717 [4,5,2,6,3,1]
457469 [3,4,2,5,1]
559866 [11,14,16,10,1,6,13,7,12,5,3,2,8,9,4,15]
1512064 [16,15,8,13,23,21,17,12,4,3,1,2,18,10,22,11,20,9,19,5,7,6,14]
745148 [5,1,4,3,6,2]
745148 [9,7,10,15,3,13,5,12,11,6,8,1,4,14,2]
745148 [2,4,1,3,5]
1074381 [1,2,3,4,5]
1078103 [1,2,3,4,5]
1105810 [1,13,11,8,17,7,10,16,6,12,2,22,14,15,5,4,19,9,3,21,18,20]
1105810 [2,5,4,3,1]
715376 [1,6,5,2,4,3]
715376 [3,5,2,1,4]
715376 [1,8,5,9,10,3,2,6,11,7,12,4]
741821 [11,13,3,12,1,8,18,5,7,17,14,19,2,16,4,15,9,6,10,20]
753996 [1,5,4,2,3,7,6]
753996 [1,5,4,2,3]
753996 [10,7,9,2,6,3,5,4,8,1]
753996 [1,10,2,8,12,3,4,9,13,11,7,6,5]
753996 [9,6,7,5,4,1,3,8,2]
753996 [15,4,12,3,9,1,10,14,5,11,13,8,6,2,16,7]
767280 [6,3,8,12,11,5,1,13,10,9,2,4,7]
782168 [2,6,5,9,1,8,7,4,3]
755106 [1,2,3,4,5,6,7,8,9,10,11,12,13,14,15,16,17,18,19,20]
765724 [1,8,5,6,12,4,10,15,2,13,11,14,9,7,3,16]
765724 [6,3,5,1,2,4]
891255 [7,1,2,4,3,6,5]
956982 [4,6,3,5,1,2]
956982 [4,5,7,1,2,3,6]
972329 [2,3,1,4,5]
2027502 [6,2,5,4,3,1]
2027502 [1,2,3,6,5,4]
2060487 [3,6,1,4,2,10,7,8,9,5]
2060487 [8,23,5,19,7,13,20,10,9,21,4,6,14,1,24,11,2,22,17,16,12,18,15,3]
899670 [3,5,2,4,1]
899670 [12,3,6,16,2,5,7,10,4,13,1,14,15,8,9,11]
1182135 [4,2,10,6,5,9,8,7,1,11,3,12]
1081077 [9,2,1,7,8,3,6,5,4]
1081077 [9,10,3,8,2,7,6,4,1,5,11]
1380345 [4,3,5,1,2]
1381203 [1,2,3,4,5,6,7,8,9,10,11]
1381203 [1,2,3,4,5,6,7,8,9,10,11,12]
1383987 [3,6,5,4,2,1]
1387981 [6,5,2,3,4,1]
1387981 [1,9,5,4,3,10,7,2,8,6]
1387981 [12,16,14,5,15,11,17,4,10,2,9,8,3,1,7,13,6]
1387981 [6,4,1,3,5,7,2]
1387981 [6,5,1,7,2,8,3,10,4,11,9]
383378 [5,18,16,3,13,7,15,8,12,6,17,11,1,2,4,10,14,9]
383378 [1,5,4,3,2]
406058 [6,1,2,3,4,5]
406058 [6,7,1,8,3,16,10,2,9,12,11,14,13,4,15,5]
406058 [3,5,4,6,1,2]
1297999 [1,9,2,5,3,6,4,7,8]
2015664 [5,1,3,4,2]
2015664 [2,1,4,6,3,5]
2015664 [2,4,1,5,3,6]
2015664 [10,5,7,9,8,2,3,1,4,6]
2015664 [5,4,7,3,6,1,2]
2015664 [7,1,5,8,6,4,2,3]
2015664 [4,9,1,3,6,8,7,2,5]
2015664 [5,6,3,4,7,2,1]
2015664 [3,4,1,5,2]
1104073 [6,2,5,4,1,7,3]
1131819 [5,3,4,1,2]
1279122 [19,3,8,22,5,14,4,15,18,6,13,12,9,10,21,17,7,16,11,2,1,20]
1279122 [2,1,5,4,3]
1279122 [16,11,12,2,7,3,13,17,4,8,6,15,9,14,10,1,5]
1279122 [5,1,6,7,13,9,3,8,4,10,12,2,11]
1279122 [12,13,6,1,15,20,7,10,23,4,11,24,9,3,17,5,22,19,2,21,18,14,8,16]
1279122 [20,16,18,17,6,3,12,19,13,9,2,14,11,8,10,5,7,15,4,21,1]
1279122 [2,4,15,10,12,27,21,11,24,8,13,3,16,17,14,7,23,19,1,25,20,9,22,5,26,6,18]
1279122 [16,15,10,1,2,14,12,25,7,5,3,26,11,19,29,9,6,18,27,4,8,28,20,30,22,23,24,21,17,13]
1213548 [18,7,11,15,2,16,14,6,4,12,9,5,8,10,17,19,13,1,3]
1218458 [5,1,3,4,2]
1218458 [2,1,3,4,5]
1218458 [1,5,7,2,6,4,3]
1218901 [3,1,9,6,13,15,11,5,8,12,4,14,10,2,7,16]
1218901 [14,11,7,17,4,16,18,5,8,9,12,13,1,10,3,15,2,6]
1218901 [6,3,4,5,2,8,1,7]
1221785 [1,2,3,4,5,6]
1221785 [1,2,3,4,5,6,7]
1221785 [1,2,3,4,5,6,7,8,9,10,11,12,13,14,15,16,17,18,19,20]
1234072 [2,1,4,6,3,5]
1234072 [3,5,7,1,6,2,4]
1321771 [1,2,3,4,5,6,7,8,9,10,11,12,13,14,15,16,17,18,19,20,21,22,23,24,25,26,27,28,29,30,31,32,33]
1481473 [1,5,4,3,6,2]
1481473 [9,10,2,12,4,8,11,5,13,1,3,7,6]
2020878 [3,1,2,6,5,7,4,8]
1178523 [1,7,6,9,8,5,4,3,2]
1178523 [12,6,5,11,7,3,4,1,10,8,2,9]
1178523 [3,9,4,6,2,1,5,7,8]
1297999 [12,17,23,11,9,14,21,30,29,28,19,7,20,24,6,18,22,16,5,26,31,2,27,25,8,3,15,4,1,13,10]
1371941 [11,3,4,5,9,1,12,2,6,10,8,7]
1375689 [6,7,4,5,2,3,1,8,9]
457469 [3,6,2,1,5,4,7]
457469 [8,4,3,2,11,9,6,7,5,10,1]
458124 [2,5,3,1,4]
458124 [5,1,2,4,3]
458124 [1,6,4,3,2,5]
458124 [11,7,5,10,2,6,8,3,4,1,9]
458124 [3,1,5,4,2]
458124 [2,1,3,4,5]
458124 [5,4,2,1,3]
458124 [1,5,3,2,4,6]
458124 [2,4,5,1,3]
467813 [6,3,5,1,2,7,4]
476688 [4,5,7,3,1,6,2,8]
1686860 [7,5,3,8,2,6,10,12,15,14,13,1,11,16,4,9]
1687310 [10,13,9,6,2,14,1,15,4,16,3,5,7,8,12,11]
1687310 [15,10,3,1,6,2,9,13,12,5,14,4,8,7,11]
1697436 [4,3,2,1,5]
1697436 [7,5,4,1,3,6,2]
2490102 [6,5,3,4,1,2]
1255547 [2,1,4,6,7,5,3,8]
1255547 [5,1,7,6,2,9,4,3,8]
1255547 [1,5,4,3,2]
1452931 [1,2,3,4,5,6]
1452931 [1,2,3,4,5,6,7]
1791251 [4,1,3,5,2]
2010640 [2,5,3,4,1]
2010640 [8,1,7,2,11,10,12,4,3,9,6,5]
2010640 [13,8,9,1,3,5,11,2,10,7,4,6,12]
2010640 [41,16,17,5,23,29,19,34,18,31,2,40,21,10,37,42,39,33,27,15,1,30,3,43,44,11,36,6,9,12,32,28,22,13,4,38,14,26,20,35,24,25,8,7]
2010640 [6,7,1,11,2,5,9,3,8,4,10]
2010640 [9,3,2,5,13,6,14,8,1,12,10,7,11,4]
912382 [6,5,4,3,2,1]
918965 [4,5,8,9,7,6,3,1,2]
918965 [9,3,7,20,8,11,16,21,15,22,23,12,13,14,17,10,2,18,19,24,4,25,5,6,1]
918965 [29,25,1,24,27,23,6,20,9,7,21,12,22,19,26,4,16,18,31,14,2,15,28,5,3,8,11,30,10,17,13]
918965 [6,2,15,9,1,19,4,13,17,16,14,10,5,11,20,21,3,8,18,7,12]
918965 [13,11,6,17,14,20,9,19,3,1,10,2,15,7,16,8,18,5,21,4,12]
564152 [56,8,16,24,9,31,57,44,35,40,11,13,49,17,39,34,25,51,32,6,47,26,2,1,7,30,27,19,15,4,42,22,10,52,3,33,14,20,21,38,53,12,37,46,5,36,18,45,23,48,28,54,41,43,29,50,55]
581272 [1,2,3,4,5,6]
1318614 [1,3,2,4,6,5]
1318614 [5,8,10,12,3,11,9,1,4,13,6,2,7]
1318614 [11,3,7,6,1,5,9,8,10,2,4]
1318614 [1,3,8,4,9,6,7,5,2]
1318614 [3,8,5,2,6,9,4,1,7]
1318614 [11,14,9,8,13,5,4,15,16,12,6,3,1,7,10,2]
1318614 [5,9,6,4,2,1,8,3,7]
1318614 [9,8,2,7,4,5,11,14,3,12,6,10,17,16,15,13,1,18]
1318614 [11,5,12,9,21,6,3,1,2,20,19,18,15,10,14,4,13,17,8,7,16]
1318614 [10,8,6,1,4,2,9,3,5,7]
1318614 [2,6,7,1,4,5,3]
1318614 [5,2,4,7,1,6,3,9,8]
1320533 [8,10,4,9,3,11,12,5,14,2,6,13,7,1]
1320533 [19,13,21,4,8,2,17,10,18,9,6,1,12,7,3,15,16,5,20,22,14,11]
1320533 [16,12,17,20,21,11,15,13,18,10,3,7,2,19,1,9,4,5,6,8,22,14,23]
1648179 [1,2,3,4,5,6,7,8,9,10,11,12,13,14,15,16,17,18]
941029 [8,2,12,5,4,11,9,3,6,1,10,7]
1901938 [17,9,27,5,16,15,20,8,2,14,10,25,4,1,23,11,6,28,3,21,13,7,29,12,24,26,18,19,22]
1918494 [3,5,1,6,2,4]
2200491 [4,1,3,6,5,2]
2242311 [5,6,3,2,1,4,7]
2242311 [2,5,3,4,8,6,7,1]
2242311 [4,10,11,1,8,12,3,5,6,7,9,2]
2242311 [1,3,4,6,2,5,7,8]
2242311 [6,2,3,7,5,4,1]
2242311 [1,3,12,5,9,11,6,4,8,2,10,7]
2242311 [13,4,12,10,15,1,3,2,5,8,7,6,11,14,9]
2259512 [5,8,10,15,2,4,1,3,14,9,13,11,16,12,7,6]
2259512 [14,1,22,5,33,19,18,11,2,9,21,4,3,30,17,36,8,28,10,31,32,25,27,24,12,13,20,34,26,7,23,35,15,16,29,6]
2259512 [10,12,16,15,2,1,11,3,14,7,8,4,13,5,9,6]
2118743 [5,1,2,4,6,3,7]
2118743 [7,2,1,10,5,9,3,8,6,4]
2234846 [3,6,2,4,5,1]
2238657 [6,3,1,4,5,2]
2245724 [8,3,11,13,6,10,14,9,2,1,12,5,4,7]
2245724 [2,6,5,1,4,3]
2370657 [3,1,5,6,2,4]
2370657 [2,7,4,1,3,5,6]
2370657 [1,3,5,6,2,4]
2370657 [11,1,5,4,10,9,3,8,6,2,7,12]
2370657 [4,10,14,9,19,3,13,6,8,1,18,21,2,12,15,20,5,17,16,11,7]
2370657 [3,4,5,1,2]
2370657 [5,1,4,2,3]
2370657 [2,3,8,11,7,4,6,5,10,9,1]
2370657 [3,5,1,9,2,6,8,4,7]
1791251 [11,4,7,6,8,5,12,10,15,14,9,13,1,3,16,2]
1802703 [5,11,2,9,7,12,6,3,10,4,1,8]
1802703 [6,2,7,3,4,5,1]
1275613 [27,19,14,18,12,1,21,22,15,28,8,3,23,5,26,20,10,11,16,2,6,17,25,13,4,24,7,9]
1275613 [11,3,12,2,9,15,4,5,10,1,14,13,7,6,8]
1279122 [4,6,3,7,10,1,2,8,9,5]
1279122 [3,7,2,4,1,5,6]
1279122 [5,2,1,8,10,9,4,3,6,7]
1279122 [2,5,3,4,1,6]
1279122 [5,4,3,1,2]
1279122 [4,3,8,5,1,7,6,2,9,10]
1279122 [9,8,3,15,10,7,14,11,1,4,2,6,13,12,5]
1279122 [5,9,3,1,10,4,2,11,8,6,12,7]
1279122 [7,6,11,13,8,1,9,2,3,10,12,4,5,14]
1297999 [22,19,5,7,12,25,23,11,18,9,17,15,10,1,20,14,21,3,8,6,24,13,27,26,2,4,16]
1320533 [1,4,2,7,3,6,5]
1320533 [8,17,5,9,4,13,16,14,2,6,11,7,10,12,1,3,15]
1320533 [4,5,6,1,2,7,8,10,3,9]
2203548 [9,15,4,16,1,2,5,10,6,13,7,11,12,8,14,3]
2203548 [8,2,9,1,13,3,14,4,15,6,10,11,7,12,5]
2236439 [3,10,8,12,6,16,13,19,2,1,11,7,5,4,17,9,15,18,14]
2236439 [9,1,8,4,6,3,11,10,7,2,5]
2259512 [2,6,5,7,8,9,3,4,1]
2259512 [20,25,28,41,21,18,30,27,11,39,3,45,15,34,43,29,10,50,44,47,37,33,48,42,9,53,52,24,40,6,5,1,13,31,2,35,38,36,12,51,16,49,19,46,22,4,14,7,23,17,8,26,32]
2259512 [18,19,11,4,15,9,1,7,6,17,3,2,10,16,20,13,5,12,14,8]
2259512 [2,1,5,9,4,3,8,6,11,7,10]
356634 [1,2,3,4,5,6,7]
376441 [5,3,2,8,1,9,7,6,4]
383378 [5,2,6,4,1,3]
391312 [1,2,3,4,5,6]
411326 [1,7,5,2,3,4,6]
411326 [8,4,2,16,11,13,15,5,7,12,3,1,9,6,10,14]
411326 [3,9,8,10,12,14,11,2,13,6,4,5,7,15,1]
411326 [8,1,5,4,12,6,2,3,10,9,7,11]
441426 [2,7,3,1,9,8,4,5,6]
441426 [5,1,6,3,4,2]
441426 [5,1,7,6,9,8,2,3,4]
2047475 [1,2,3,4,5]
2047475 [1,2,3,4,5]
2047475 [1,2,3,4,5]
2412938 [1,2,3,4,5,6,7,8,9,10,11,12,13,14,15]
2412938 [1,2,3,4,5,6,7,8]
2412938 [1,2,3,4,5,6,7,8,9,10,11,12,13,14,15,16,17,18,19,20,21,22,23,24,25]
2412938 [1,2,3,4,5,6,7,8,9,10,11,12,13,14,15,16,17,18,19,20]
2412938 [1,2,3,4,5]
1153721 [1,2,3,4,5]
1153721 [1,2,3,4,5,6]
1158222 [5,4,1,3,2]
2284135 [1,2,3,4,5,6,7,8,9,10,11,12,13,14,15,16,17,18,19,20,21,22,23,24,25,26,27,28,29,30,31,32,33,34,35,36,37,38,39,40,41,42,43,44,45,46,47,48,49,50,51,52,53,54,55,56,57,58,59]
2284135 [1,2,3,4,5,6,7,8,9,10]
1006388 [1,2,3,4,5,6,7,8]
1052476 [12,9,10,8,7,6,11,1,4,5,13,2,14,3]
2185613 [4,3,5,6,7,9,2,1,10,8,11]
2185613 [3,1,5,4,2]
847416 [2,3,4,6,5,7,1]
847416 [2,5,7,3,4,1,6]
151601 [4,2,5,1,6,7,3]
805321 [7,4,6,3,5,1,2]
805321 [3,1,9,6,8,4,5,7,2]
805321 [9,6,3,11,7,5,2,10,8,4,1]
805321 [6,7,4,1,2,5,3,8]
805321 [2,6,9,8,10,7,4,11,1,3,5]
805321 [4,3,1,5,6,2]
805321 [14,2,21,18,4,10,3,12,11,16,7,17,19,5,1,8,13,20,9,15,6,22]
805321 [3,4,5,1,2]
805321 [2,1,5,3,4]
2044604 [2,3,1,4,5]
2212062 [9,5,3,12,16,15,4,2,11,7,1,6,8,13,10,14]
2430325 [4,5,2,1,6,3]
2430325 [1,2,6,4,5,3,7]
2430325 [4,6,5,2,3,7,1]
2540950 [6,1,5,2,3,4]
2566955 [12,1,9,7,8,5,13,11,2,3,6,10,4]
81492 [3,5,7,4,1,6,2]
653974 [4,8,10,6,2,7,3,9,1,5]
900378 [4,5,1,2,3]
1642737 [6,9,38,14,47,31,26,39,11,48,7,5,21,37,45,25,34,10,3,1,32,36,17,29,23,12,43,20,44,35,42,40,13,15,8,2,22,30,19,33,16,24,28,46,18,41,4,27]
2199061 [17,11,2,10,22,15,23,14,16,4,3,1,20,7,21,9,18,19,12,8,13,24,5,6]
2524240 [10,4,9,1,5,2,6,8,7,3]
2524240 [16,3,15,28,2,12,8,7,27,19,22,25,23,10,24,6,13,26,11,20,1,21,9,4,17,18,14,5]
2559323 [6,9,3,5,8,4,7,2,1]
2559323 [2,5,6,1,7,4,3]
2559323 [3,8,5,6,7,2,4,9,1]
1887306 [8,3,1,11,5,14,9,2,4,6,7,10,13,12]
1888687 [1,2,3,4,5]
1900492 [1,6,7,4,5,2,3]
690480 [1,4,6,5,7,3,2,9,8]
1863380 [1,2,3,4,5,6,7]
1863380 [1,2,3,4,5,6,7,8,9,10,11,12,13,14,15,16,17,18,19,20,21,22,23,24,25,26,27,28,29,30,31,32,33,34,35,36,37,38,39]
1863380 [1,2,3,4,5,6,7,8,9,10,11,12,13,14,15,16,17]
1664967 [20,34,17,3,15,25,28,23,16,6,5,27,40,38,26,32,33,36,37,24,31,22,11,29,8,7,13,2,10,12,1,18,9,4,35,14,30,39,21,19]
1703304 [2,6,7,3,5,1,4]
1711183 [2,8,5,1,3,7,6,9,4]
1734750 [3,22,19,25,7,9,10,11,8,24,12,13,26,1,17,15,2,4,27,23,5,6,14,20,28,21,16,18]
1734750 [6,14,9,13,5,4,2,12,8,3,11,10,1,7]
1734750 [1,13,8,2,12,7,10,3,11,4,6,9,5]
1734750 [6,7,5,3,2,4,1]
1753136 [5,3,6,8,2,4,7,1]
1753136 [1,5,3,4,2]
1770976 [6,23,8,17,7,18,1,15,10,9,13,11,4,21,16,24,3,20,14,19,12,5,2,22]
2403487 [8,6,18,1,9,10,7,11,17,20,4,12,2,5,13,15,19,14,16,3]
210846 [10,14,12,7,2,4,16,9,5,6,15,11,3,13,8,1]
210846 [5,3,2,4,1,6]
2564495 [5,39,21,23,31,50,60,41,68,44,55,32,8,25,12,4,18,58,1,42,16,34,26,43,63,11,19,40,24,56,28,69,49,3,46,27,45,15,20,67,17,47,36,38,53,57,66,61,52,6,14,64,7,13,65,30,35,10,37,48,59,51,33,54,22,9,2,29,62]
2566470 [2,13,1,15,12,10,11,3,4,6,7,8,14,5,9]
1721133 [3,10,5,2,1,7,8,6,4,9]
1721133 [5,3,1,9,7,2,8,4,6]
154310 [2,13,7,18,6,10,3,16,5,15,12,14,20,4,17,11,9,8,19,1]
51752 [1,5,6,4,2,3]
51752 [5,4,2,1,3,6]
136584 [1,2,3,4,5,6,7,8,9,10,11,12,13,14,15,16,17,18,19,20,21,22]
136584 [1,2,3,4,5,6,7,8,9,10,11,12,13,14,15,16,17,18,19,20,21,22,23,24,25,26]
1709931 [2,7,6,4,5,3,1]
1709931 [35,4,23,30,11,9,37,45,25,22,32,27,43,12,2,36,42,26,29,31,20,6,16,14,24,39,13,21,8,1,18,5,10,40,38,7,41,3,28,17,34,15,33,19,44]
1873148 [1,2,3,4,5]
1879949 [3,5,1,4,2]
1881717 [8,1,5,7,6,3,4,9,2]
1881717 [1,5,6,4,3,2]
2060487 [4,17,23,15,2,20,9,18,5,16,7,11,1,22,12,8,14,13,21,19,6,3,10]
2064670 [8,13,2,10,15,14,7,9,11,17,16,3,1,5,12,6,4]
2069966 [4,3,6,2,7,1,8,5]
2069966 [3,12,5,1,7,11,8,10,6,4,9,2]
2069966 [2,1,3,5,4,6]
2069966 [7,20,3,11,15,4,6,16,10,22,21,13,9,14,1,18,5,19,12,17,2,8]
2069966 [4,1,9,7,8,3,5,2,6]
2069966 [6,3,2,4,1,7,5,8]
988299 [5,2,1,7,6,3,4,8]
1840209 [3,1,2,4,5]
1840209 [6,9,5,7,16,15,19,13,17,18,4,12,2,11,8,20,14,1,3,10]
1840209 [5,6,1,4,2,3]
1840209 [4,7,2,3,1,6,8,5]
808364 [4,5,3,2,1,6]
900378 [8,1,5,16,13,3,15,4,11,10,12,9,7,2,14,6]
1245658 [1,2,3,4,5,6,7,8,9,10,11,12,13,14,15,16,17,18,19,20,21,22,23,24,25,26,27]
1245658 [1,2,3,4,5,6,7,8,9,10,11,12,13,14]
1245658 [1,2,3,4,5,6,7,8,9,10,11,12,13,14,15,16,17,18,19,20,21,22,23,24,25,26]
1259481 [1,2,3,4,5,6,7,8]
1066016 [4,1,5,3,2]
1078413 [31,27,19,9,3,14,15,32,20,22,26,34,24,29,4,5,33,10,30,8,17,11,7,16,21,13,23,6,18,1,25,2,28,12]
1090317 [6,2,8,7,3,5,9,4,1]
1090573 [6,5,9,8,2,1,7,3,4]
1092441 [1,5,2,8,3,6,4,7]
1092441 [3,1,9,5,4,8,7,6,2]
1094259 [7,1,8,6,3,2,5,4,9]
1286303 [1,2,3,6,5,4,7]
1286303 [6,2,1,7,11,8,4,3,5,9,10]
1286303 [1,4,7,2,6,5,3]
1286303 [4,7,10,2,8,6,1,9,11,3,5]
1286303 [5,7,2,3,4,6,1]
1286303 [1,4,6,3,5,2]
1297999 [3,2,4,1,5]
1298470 [5,1,4,3,6,2,7]
1331854 [5,4,6,1,3,2]
1331854 [6,3,4,7,8,2,9,5,1]
1331854 [7,6,4,5,9,8,3,2,1]
1331854 [4,5,2,8,7,6,1,9,10,3]
1331854 [5,8,12,4,1,9,11,10,2,6,7,13,3]
1331854 [5,1,3,4,6,2]
1331854 [4,25,14,23,13,9,33,12,31,27,1,10,20,19,18,5,3,11,7,28,26,24,34,32,17,21,15,22,30,6,2,8,29,16]
1331854 [1,7,5,4,10,9,2,8,6,3]
1331854 [2,5,4,3,1]
1336589 [7,5,3,8,2,4,6,1]
1336589 [7,3,4,8,2,6,1,5]
1336589 [2,10,9,5,4,6,1,3,7,8]
1336589 [6,4,14,13,2,5,9,7,8,11,3,12,10,1]
1449688 [5,4,1,6,3,2]
1449688 [1,7,4,3,8,5,6,2]
1470585 [11,6,9,10,8,18,4,3,12,7,5,13,1,16,14,2,17,15]
1470906 [1,2,3,4,5,6,7,8,9,10,11,12,13,14,15,16,17,18]
1470906 [1,2,3,4,5,6,7,8,9,10,11]
1498918 [6,13,2,7,12,10,5,16,22,17,19,18,15,21,9,23,20,1,8,11,14,3,4]
462509 [1,5,3,4,2]
462509 [1,8,5,6,7,2,3,4]
467813 [3,14,17,12,18,2,11,6,8,15,1,9,7,4,13,5,10,16]
469460 [4,1,3,5,2]
470337 [6,7,4,23,14,3,11,21,16,12,22,1,13,15,17,19,5,9,10,20,18,8,2]
486549 [9,16,1,7,15,19,11,12,17,3,18,13,10,2,6,14,5,4,8]
548891 [6,5,1,7,2,3,4]
548891 [30,8,36,37,24,33,20,23,32,12,28,18,7,5,27,10,17,13,4,16,14,6,25,3,26,2,1,19,22,15,34,31,35,11,29,21,9]
548891 [21,8,23,3,12,6,17,20,22,2,18,13,5,10,9,15,4,16,1,7,11,14,19]
548891 [28,14,36,6,23,12,13,9,43,19,34,5,25,8,20,2,17,21,45,24,30,7,29,1,18,41,38,35,26,11,27,31,42,37,32,16,15,4,44,3,22,10,33,40,39]
581272 [1,2,3,4,5,6]
611563 [13,1,4,12,6,3,11,9,5,10,2,7,8]
611563 [8,2,1,5,10,9,3,4,7,6]
244367 [8,1,7,6,4,10,2,5,3,9]
244367 [1,14,4,5,10,13,11,2,3,6,9,8,7,12]
244367 [1,5,4,3,2]
244367 [14,13,16,5,15,10,3,8,2,4,6,1,12,11,7,9]
244367 [14,2,10,11,15,6,12,7,8,5,4,13,3,9,1]
244367 [5,1,3,4,2]
244367 [3,2,4,1,5]
244367 [3,1,5,2,4]
244367 [1,7,4,6,2,3,5]
244367 [2,5,3,4,1]
244367 [12,1,4,5,9,3,10,8,15,2,11,14,7,13,6]
244367 [5,3,2,1,4,6]
935922 [1,4,5,3,2]
359361 [7,11,15,17,1,8,3,13,10,12,2,5,16,14,4,9,6]
359361 [24,11,25,29,28,12,21,22,10,2,23,5,26,4,16,9,7,19,18,15,20,13,1,8,14,3,27,17,6]
1984028 [2,5,1,4,3,6,7]
1984028 [1,3,2,6,4,5]
2091506 [7,4,8,2,5,3,6,1,9]
2091506 [22,2,32,8,14,18,4,24,25,9,1,12,13,15,10,29,16,28,17,6,31,21,30,11,26,5,27,19,3,23,20,7]
2296992 [1,2,4,3,5]
2296992 [3,4,5,2,1]
2296992 [14,6,1,13,4,12,7,11,10,15,8,2,5,3,9]
2296992 [3,11,7,9,1,2,12,10,8,6,4,5]
325307 [3,2,6,4,1,5]
1709931 [3,7,9,1,4,10,12,5,11,6,8,2]
1709931 [35,3,41,4,39,9,1,28,30,46,52,22,29,16,38,47,12,2,7,23,51,32,25,19,21,8,26,44,40,18,50,10,37,36,13,31,34,43,11,5,48,42,33,49,27,20,24,15,6,17,45,14]
2069966 [2,1,5,4,3]
2069966 [5,3,7,4,6,1,2]
905223 [6,3,1,5,7,2,4]
1744285 [3,1,2,4,5]
2099271 [2,4,3,1,5]
2099271 [2,10,7,5,8,9,6,1,4,3]
2099271 [1,2,3,5,4,6]
2099271 [18,2,4,9,15,12,3,10,6,13,16,14,8,17,1,5,11,7]
2110847 [15,8,13,7,3,14,12,9,4,5,6,1,11,2,10]
947524 [3,2,9,21,1,11,5,20,17,4,13,12,14,8,15,6,16,18,10,7,19]
947524 [2,1,3,5,4]
1047632 [6,5,4,1,2,3]
1047632 [11,6,9,14,12,8,13,2,4,10,7,5,1,3]
1047632 [5,6,3,4,2,1]
1047632 [3,8,4,6,1,9,5,11,10,7,2]
1068993 [2,1,3,5,4]
1074381 [1,2,3,4,5]
1074381 [1,2,3,4,5,6,7,8,9,10,11]
1092441 [18,11,9,15,2,12,10,13,3,8,6,5,4,14,1,16,17,7]
1118206 [8,4,1,10,7,11,2,5,6,12,13,9,3]
2143620 [8,10,4,3,1,2,5,7,9,6]
1106100 [7,4,3,9,6,1,5,8,2]
1106100 [8,2,5,7,4,6,3,1]
1106100 [7,5,1,4,2,6,3]
1106100 [24,3,10,18,19,22,6,12,21,2,20,8,1,13,23,7,16,4,17,14,9,25,5,15,11]
1515900 [10,4,11,1,9,7,13,5,6,12,15,3,8,14,2]
1531241 [14,10,3,6,12,5,8,15,2,7,18,9,17,13,11,16,1,4,19]
1604401 [11,7,4,12,13,10,1,9,14,2,3,8,5,6]
1604401 [5,2,3,9,10,14,4,1,6,12,8,7,13,11]
1636133 [2,5,4,3,1]
1409173 [5,4,3,1,2]
1409173 [4,3,6,1,5,2]
1409173 [13,9,19,10,1,7,8,5,2,3,17,18,6,15,12,4,11,14,16]
1449958 [1,5,2,4,3]
1449958 [1,2,5,3,4]
1481473 [5,3,6,4,2,1]
1654428 [9,6,8,1,4,2,7,3,5]
1654428 [3,20,27,19,11,24,15,14,16,1,17,2,23,21,12,4,22,25,10,9,5,18,13,26,6,7,8,28]
1674815 [1,2,3,4,5,6,7,8,9]
1467043 [9,5,8,1,10,7,4,2,3,6,11,12]
1467043 [1,3,2,6,5,4]
1467043 [2,1,3,6,7,5,9,8,4]
2246162 [3,2,4,5,1]
2246162 [3,2,12,11,7,5,4,8,6,9,1,10]
2259512 [9,8,12,10,7,3,4,2,1,5,6,11]
2306736 [2,4,3,1,5]
2404803 [1,2,3,4,5]
2404803 [1,2,3,4,5,6,7,8,9,10,11,12,13,14,15,16,17,18,19,20,21,22,23,24,25]
2412938 [1,2,3,4,5,6,7,8,9,10,11,12,13,14,15,16,17,18,19,20,21,22,23,24,25,26,27,28,29,30,31,32,33,34,35,36,37,38,39,40]
2413234 [2,4,5,1,3]
2413234 [13,5,2,12,8,15,6,3,4,10,1,11,7,9,14]
2413234 [7,11,6,8,3,12,2,9,10,5,1,4]
2413234 [5,1,6,2,7,3,4]
2415367 [5,4,1,6,3,2,7]
2415367 [2,1,4,3,5,6]
2415367 [3,7,5,8,1,9,4,2,6]
2415367 [7,11,1,13,12,15,4,6,5,14,8,10,2,9,3]
2446890 [3,5,2,1,4]
2446890 [6,9,13,11,7,2,5,10,12,8,4,1,14,3]
2446890 [5,4,3,1,2]
2446890 [2,9,4,5,1,7,3,8,6]
2452178 [1,2,3,4,5,6,7]
2452178 [1,2,3,4,5]
2452178 [1,2,3,4,5,6,7,8,9]
944122 [9,4,1,6,12,5,14,11,7,16,15,3,8,10,2,13]
944122 [4,6,1,2,5,3]
944122 [1,6,4,3,2,5]
944122 [15,16,2,14,19,17,8,12,4,13,1,20,21,6,10,9,18,3,11,5,7]
956982 [3,4,5,6,1,2]
956982 [9,2,16,8,1,18,7,14,11,5,6,12,10,17,4,15,3,13]
956982 [3,6,10,12,4,5,7,2,1,11,9,8]
956982 [2,3,4,6,5,1]
1193431 [7,3,4,6,1,5,2]
1823910 [1,8,5,6,2,4,7,3]
1827042 [8,11,5,6,3,10,9,7,12,1,2,4,13]
1827042 [11,6,12,2,15,10,14,1,9,7,3,4,13,16,5,8]
1827042 [11,3,5,13,8,7,6,4,10,9,2,12,1]
1827042 [7,11,2,3,12,10,5,13,6,4,9,14,8,1]
1227910 [9,8,1,2,4,11,10,12,5,6,3,7]
1227910 [6,5,1,2,3,4]
1227910 [2,3,5,1,4,6]
1809250 [1,2,4,5,3]
1810529 [4,1,2,3,5]
1965353 [3,10,1,5,9,6,7,2,4,8]
1965353 [6,5,2,4,3,1]
1255547 [3,4,5,1,6,7,2]
1992863 [28,2,40,12,24,4,16,1,25,41,21,32,18,19,20,36,26,11,9,27,6,7,33,13,38,23,31,8,3,15,10,39,34,30,22,37,35,29,14,5,17]
1148586 [8,6,10,1,2,4,5,7,9,3]
1148586 [11,5,4,10,7,3,6,2,9,8,1]
1148586 [5,4,8,1,2,7,6,3]
1148586 [8,3,4,10,12,9,5,7,11,6,2,1,13]
1169267 [3,4,2,9,1,7,5,14,13,6,11,8,10,12]
1169267 [9,5,8,10,4,2,3,7,1,6,11]
1182135 [9,2,3,5,7,13,1,15,18,10,4,6,17,14,12,16,11,8]
1200231 [2,17,11,6,5,10,15,4,1,7,16,14,13,3,12,9,8]
1216284 [7,4,6,5,3,9,1,8,10,2]
1245874 [6,4,5,3,2,7,8,1,9]
1251390 [2,4,1,3,5,6]
1251390 [2,5,9,12,18,15,19,1,3,8,11,16,20,6,13,10,17,4,14,7]
1279122 [13,16,8,3,18,1,9,5,17,21,19,14,2,6,11,12,4,10,15,7,22,20]
1279122 [9,12,19,18,29,25,32,10,17,41,1,14,3,28,34,31,33,20,39,37,4,8,6,35,5,26,16,7,15,11,13,21,24,27,30,42,23,36,38,22,2,40]
1302220 [1,4,2,5,3]
1310805 [1,2,3,4,5,6]
700730 [2,4,14,10,15,8,3,16,9,6,7,13,17,11,1,12,5]
717625 [3,4,1,6,2,5]
717625 [1,2,4,5,3]
717625 [7,6,3,4,2,1,5]
717676 [1,2,3,4,5,6,7,8,9,10,11,12,13,14,15,16,17]
717676 [1,2,3,4,5]
717676 [1,2,3,4,5,6]
717676 [1,2,3,4,5]
764274 [4,6,5,2,1,3]
842612 [1,2,3,4,5,6,7,8,9,10,11,12,13,14]
863083 [5,2,7,6,3,8,1,4]
875869 [1,4,5,2,3]
891255 [14,16,18,1,8,17,11,4,9,19,12,6,15,7,13,5,3,2,10]
935922 [2,6,4,5,3,1]
935922 [6,5,1,2,3,4]
1310805 [1,2,3,4,5,6,7,8,9,10,11,12,13,14,15,16]
706590 [14,18,13,1,9,16,22,11,5,2,21,23,3,6,12,10,4,8,19,17,7,15,20]
710166 [1,2,3,4,5]
1591833 [6,5,1,4,7,3,2]
1591833 [4,5,1,2,3]
1591833 [4,7,10,5,11,1,3,12,6,13,14,2,8,9]
1833688 [3,6,7,4,2,1,8,11,9,10,5,12]
1834502 [2,3,4,1,8,5,7,6]
1834502 [2,5,4,6,3,7,1]
60557 [1,2,3,4,5,6,7,8,9,10,11,12,13,14,15,16,17,18,19,20,21,22,23,24,25,26,27,28,29,30,31,32]
60557 [1,2,3,4,5,6,7,8,9,10,11,12,13,14,15,16,17,18,19,20,21,22,23]
60557 [1,2,3,4,5,6,7,8,9,10,11,12,13,14,15,16,17,18,19,20,21,22,23,24,25,26,27,28,29,30,31,32,33]
62577 [1,2,3,4,5,6,7,8,9,10,11]
1328488 [1,6,2,5,7,3,4]
1449688 [3,2,4,1,5]
2392766 [5,6,3,7,4,1,2]
2404032 [1,2,3,4,5]
1381203 [1,2,3,4,5]
1404181 [6,7,2,5,4,1,3]
1404181 [5,1,7,9,6,3,4,8,2]
1439546 [5,3,1,2,7,6,4]
1449688 [1,2,6,5,3,4]
1449688 [2,5,1,7,4,6,3]
1449688 [8,3,2,5,4,9,10,6,7,1,11]
1449688 [4,5,3,6,2,1]
1467043 [6,5,2,4,3,1]
1467043 [3,2,6,4,1,5]
1479466 [7,2,4,3,1,6,5]
1514088 [2,8,3,6,7,4,5,1,9]
1514088 [1,10,7,9,11,6,3,2,4,8,5]
1515900 [6,2,1,3,5,4]
1515900 [8,6,1,16,13,9,12,3,2,14,17,5,4,18,15,10,7,11]
1515900 [2,3,1,5,4]
110458 [8,3,2,5,9,7,1,4,6]
2190812 [5,4,6,2,3,1]
2370657 [1,7,3,2,6,5,4]
2370657 [6,1,4,3,7,2,5]
2377698 [15,13,8,14,4,1,16,5,11,12,9,7,3,10,6,2]
2392529 [12,6,5,3,8,2,10,13,11,9,1,7,4]
2108687 [6,3,7,1,5,2,4]
2127351 [41,44,8,47,36,43,16,13,46,42,28,15,25,12,50,31,7,26,48,24,21,52,51,6,33,49,37,11,34,2,17,39,40,27,19,29,18,20,32,30,54,45,9,38,14,23,22,3,53,4,35,5,10,1]
2140356 [5,1,3,4,2]
2140356 [1,16,32,13,22,21,25,7,8,14,24,12,29,23,10,15,30,17,3,31,11,9,4,18,6,19,5,20,28,26,27,2]
2140356 [2,4,3,1,5]
2140356 [12,1,19,25,11,7,24,10,15,5,23,18,13,22,6,8,4,9,21,16,20,14,3,2,17]
2140356 [6,9,3,2,8,4,7,1,5]
2140356 [19,20,25,15,6,31,27,11,28,2,29,24,22,4,9,8,10,3,12,17,21,5,7,13,1,26,18,14,23,16,30]
2140356 [6,2,5,4,9,1,3,7,8]
2140356 [6,16,15,12,17,9,2,11,14,3,13,5,10,7,8,1,4]
2140356 [3,7,11,6,4,10,17,15,19,5,12,22,9,21,8,16,2,13,14,1,20,18]
2177426 [3,11,20,15,2,13,8,16,1,17,5,14,12,19,18,9,6,10,7,4]
2177426 [1,5,7,8,6,10,12,3,4,11,2,9]
2177426 [5,9,14,12,2,10,11,3,1,4,7,13,6,8]
2395985 [8,11,4,5,3,10,6,9,1,12,2,7]
2432239 [4,10,8,6,12,3,5,7,1,11,2,9]
2432239 [5,3,4,1,2,6]
2439350 [6,4,3,5,1,2,7]
2439350 [1,3,4,14,11,8,5,6,10,12,9,7,2,13]
2439350 [3,5,7,4,1,6,2]
2439350 [1,2,11,4,3,10,14,9,7,16,6,15,13,5,17,8,12]
2439350 [8,5,11,4,2,6,1,9,10,3,7]
2452178 [1,2,3,4,5,6,7]
2452178 [1,2,3,4,5,6,7,8,9,10,11,12,13,14,15,16,17,18,19,20,21]
2452178 [1,2,3,4,5,6,7,8,9,10,11,12,13,14,15,16]
2452178 [1,2,3,4,5,6,7,8,9]
2456550 [12,7,5,10,2,17,15,9,11,6,1,14,13,3,4,16,8]
2456550 [1,4,8,7,9,3,6,5,2]
2456550 [15,10,23,21,14,17,9,11,18,5,19,2,12,8,3,13,22,1,4,6,20,16,7]
2456550 [3,4,6,1,9,8,2,5,7]
2456550 [18,1,11,14,12,15,9,17,16,8,3,10,2,13,4,7,6,5]
2468575 [4,7,3,6,5,1,2]
2490102 [4,3,5,1,6,2]
2490102 [13,16,15,2,6,11,12,1,14,9,7,8,10,4,5,3]
2498205 [11,1,15,17,5,3,14,18,23,13,19,16,9,2,6,4,7,25,8,22,10,24,12,21,20]
2498205 [1,5,2,4,3,6]
2272218 [1,2,3,4,5,6,7]
2272218 [1,2,3,4,5,6,7,8]
2326529 [8,11,3,14,4,9,7,13,12,5,2,6,1,10]
2193614 [1,2,3,4,5,6,7,8,9,10,11,12]
2238657 [30,23,10,21,8,40,6,3,13,18,34,16,4,45,33,9,36,46,7,35,38,15,20,24,22,5,12,27,17,28,31,41,11,26,2,44,1,19,14,29,39,42,32,25,43,37]
2238657 [13,2,9,8,12,1,6,11,10,14,4,7,3,5]
2240491 [15,8,5,4,17,11,12,2,9,14,6,7,16,3,13,10,1]
2240491 [7,4,6,8,5,2,3,1]
2240491 [3,8,6,4,2,5,9,1,7]
2284135 [1,2,3,4,5,6,7,8,9,10,11,12,13,14,15,16,17,18,19,20]
2284135 [1,2,3,4,5,6,7,8,9,10,11,12]
2284135 [1,2,3,4,5,6,7,8,9,10,11,12]
2284135 [1,2,3,4,5,6,7,8,9,10,11,12,13,14]
2284135 [1,2,3,4,5,6,7,8,9,10,11,12,13,14,15,16,17,18,19,20,21,22,23,24,25,26,27,28,29,30,31,32,33,34,35,36,37,38,39,40,41,42,43,44,45,46,47,48,49,50]
2286284 [33,32,34,21,20,24,11,35,4,8,7,12,19,17,29,30,22,10,25,15,23,18,1,5,6,16,27,3,13,31,9,26,14,28,2,36]
2289040 [1,4,3,6,2,5]
2318116 [5,2,1,3,4]
2377698 [14,2,3,7,13,5,12,8,10,1,4,6,11,9]
2377698 [8,4,9,7,3,2,10,6,11,5,1]
2377698 [1,5,3,7,4,8,2,6]
450577 [13,9,5,10,7,8,11,6,3,2,14,4,12,1]
556030 [1,2,3,4,5,6,7]
716356 [1,29,14,4,30,27,21,28,20,31,5,16,19,10,7,12,6,13,9,25,11,15,17,26,22,24,3,23,2,18,8]
716356 [5,2,7,10,8,6,4,3,9,1]
716356 [1,2,4,3,5]
716356 [10,4,12,3,6,1,9,5,2,8,7,11]
716356 [10,7,8,5,11,4,13,12,2,1,6,3,9]
716356 [2,5,3,1,4]
716356 [4,2,1,3,5]
716356 [5,4,6,1,3,7,2]
716356 [4,2,1,5,3,6]
716356 [8,4,2,9,5,10,1,7,3,6]
716356 [3,4,11,1,5,7,8,12,6,9,2,10]
716356 [7,3,2,4,1,6,5]
716356 [6,1,5,4,2,7,3]
1331272 [4,2,8,9,1,3,5,6,7]
1331272 [1,10,8,2,7,4,6,3,9,5]
1331272 [8,2,10,4,11,6,1,9,3,5,7]
1331272 [2,4,3,5,1]
1331272 [9,4,2,1,5,7,8,10,11,6,3]
1594652 [5,6,3,1,8,7,2,4,9]
1594652 [1,3,9,14,10,6,5,7,8,12,13,11,4,2]
1594652 [18,3,16,20,4,12,19,27,22,9,5,10,25,6,15,11,17,24,21,23,2,26,14,8,1,13,7]
1594652 [11,13,32,25,23,28,7,18,27,15,24,10,1,21,8,19,33,29,17,22,5,20,2,30,9,6,3,31,4,34,12,16,26,14]
1732429 [4,16,14,12,1,5,2,7,11,15,9,3,10,17,13,8,6]
1732429 [28,2,26,20,14,10,23,15,4,12,22,8,9,13,19,21,24,6,16,11,17,25,27,5,18,3,1,7]
1732429 [32,24,25,28,12,30,7,48,46,2,45,17,39,54,11,15,14,50,49,19,22,13,52,43,21,40,9,41,3,10,42,20,53,29,8,5,33,34,44,16,27,51,4,35,31,23,26,1,6,36,37,47,38,18]
1732429 [11,10,3,12,7,2,4,9,1,5,6,8]
1748436 [3,10,8,1,5,7,6,9,11,4,2]
1753136 [3,4,6,5,2,1]
1744285 [4,8,2,3,6,7,1,5]
2306684 [5,4,7,2,3,6,1]
2326725 [4,1,5,3,6,2]
852601 [1,2,7,3,6,4,5]
2113901 [6,1,2,5,3,4]
1412107 [8,5,4,7,1,2,6,3]
1412107 [2,1,4,5,3]
1412107 [4,2,6,1,5,3]
1412107 [2,3,4,5,1]
1412107 [5,6,9,13,11,4,15,1,2,3,7,16,12,8,17,10,14]
1412107 [6,4,8,7,5,1,2,3]
1412107 [2,6,3,11,9,5,1,8,4,10,7]
1412107 [4,12,6,10,9,3,5,7,1,11,2,8]
1412107 [1,7,3,6,4,5,2,8]
1412107 [5,1,6,3,4,2,7]
1418920 [1,2,3,4,5,6,7,8,9]
1459908 [4,3,1,6,2,7,5,8]
1467103 [1,2,3,4,5,6]
1467103 [1,2,3,4,5,6,7,8,9,10,11,12]
1505173 [1,8,4,10,2,9,5,6,7,3]
1511070 [14,17,18,16,6,20,25,24,3,10,4,22,5,2,9,11,27,21,19,23,13,26,1,12,15,8,7]
1520051 [1,2,3,4,5,6,7]
1604401 [11,2,1,9,5,4,14,7,3,13,15,6,8,10,12]
1604401 [6,3,8,10,12,5,2,1,11,9,4,7]
2044604 [2,5,1,3,6,4]
1645664 [3,6,5,4,2,1]
1652890 [8,9,1,5,6,3,4,2,7]
1652890 [3,5,1,2,4,6]
1654428 [4,14,11,10,16,9,8,17,6,15,18,1,19,12,2,5,7,3,13]
2326725 [9,11,6,14,4,1,7,10,12,13,5,8,2,3]
2296992 [3,4,1,5,2]
2296992 [1,3,4,5,2]
1804602 [9,11,6,3,2,10,4,7,5,1,8]
1873148 [1,2,3,4,5,6]
1873148 [1,2,3,4,5,6,7]
738870 [1,2,3,4,5,6,7,8,9,10,11,12]
757408 [5,4,3,2,1]
768249 [3,21,20,19,24,11,7,18,5,26,13,25,10,4,27,16,9,6,12,15,17,8,2,14,23,22,1]
768249 [5,1,6,8,4,7,9,2,3]
768249 [24,9,12,5,23,8,3,1,26,14,4,16,27,10,21,31,13,20,22,7,18,17,30,28,2,11,32,19,29,15,6,25]
777348 [3,5,4,2,6,1]
777348 [19,9,21,8,5,27,20,25,16,12,18,1,22,29,17,13,15,3,10,7,24,14,26,23,28,6,11,4,2]
777348 [5,6,2,7,1,4,9,3,8]
777348 [6,4,5,2,7,3,1]
793625 [1,2,3,4,5]
901864 [5,4,3,1,2]
922256 [8,7,5,9,6,3,10,4,11,1,2]
922256 [6,3,1,7,4,8,5,2]
922256 [11,8,12,6,4,5,10,1,3,13,2,9,7]
922256 [1,16,6,8,21,2,3,11,13,7,5,18,10,9,17,15,14,19,20,4,12]
456624 [5,13,9,21,17,16,14,2,6,8,3,20,4,22,19,7,1,11,18,15,10,12]
750497 [10,7,12,16,26,20,24,4,23,3,13,15,25,2,8,6,9,11,28,22,19,18,27,21,1,17,14,5]
1734750 [5,10,4,8,2,3,7,6,9,1]
2540950 [6,3,4,7,2,9,8,5,1]
2583477 [15,16,14,12,17,3,18,13,1,4,11,6,8,9,5,10,7,2,19]
2452178 [1,2,3,4,5,6,7,8,9,10,11,12,13,14,15,16,17]
2452178 [1,2,3,4,5,6,7,8,9]
2452178 [1,2,3,4,5,6,7,8,9,10]
2452178 [1,2,3,4,5]
2452178 [1,2,3,4,5,6,7,8,9,10,11,12,13,14,15,16]
210846 [5,6,1,3,4,2]
755981 [3,6,5,7,4,1,2]
1007544 [7,4,1,2,8,6,5,3]
1007544 [4,1,2,5,6,3]
2528780 [1,2,5,6,4,3]
2528780 [1,9,3,6,4,2,7,5,8]
2528780 [5,11,6,10,9,7,8,3,2,4,1]
2573441 [8,3,1,5,6,4,9,7,2]
429848 [5,1,4,7,6,2,3]
456623 [3,5,4,1,6,7,2]
477614 [1,12,17,10,22,15,25,26,3,5,11,20,7,23,2,19,8,14,16,13,4,9,24,18,21,6]
479390 [2,3,9,4,7,6,1,5,8]
486549 [8,3,4,6,5,1,2,7]
521260 [1,2,3,4,5,6,7,8,9,10,11,12,13,14,15,16,17,18,19,20,21,22,23]
521637 [2,3,4,1,6,5]
564256 [7,1,5,2,3,4,6]
591798 [2,1,4,3,5]
591798 [3,9,11,16,27,14,26,18,25,1,20,8,23,21,7,13,19,4,12,10,17,2,6,15,22,24,5]
2050305 [6,7,4,9,8,3,2,5,1]
2060487 [13,7,5,14,15,6,18,9,17,1,8,3,4,2,11,10,12,16]
2078799 [4,1,2,5,3]
2078799 [3,4,1,5,2]
2078799 [1,5,6,9,10,2,8,3,7,4]
1907146 [5,2,3,4,1]
2023960 [4,5,2,1,3]
110458 [5,1,2,4,3,6]
244843 [18,24,26,17,16,13,23,6,12,5,19,8,3,22,15,20,14,1,11,2,9,10,7,25,21,4]
1245874 [1,5,7,4,2,3,6]
1908097 [4,2,6,5,3,7,1]
1908097 [6,2,3,4,1,5]
1908097 [7,5,3,1,4,8,2,6]
1908097 [2,1,5,4,3,6]
1926205 [1,2,3,4,5,6,7,8,9]
1926205 [1,2,3,4,5,6,7]
2019514 [9,28,15,20,5,37,12,32,36,11,6,17,43,2,18,19,13,42,26,25,38,16,41,4,24,7,10,30,22,27,40,1,44,21,3,23,34,33,14,39,29,8,31,35]
2078799 [6,5,2,4,1,3]
2094716 [1,2,3,4,5]
2098487 [8,6,1,3,7,2,4,5]
2098487 [4,2,3,1,5,6]
2098487 [33,11,35,8,27,22,6,7,30,21,13,5,2,20,10,9,29,23,31,15,17,34,38,28,32,1,24,19,37,14,18,16,3,36,25,12,4,26]
2113901 [2,3,9,6,1,7,8,4,5]
2122044 [7,8,9,5,2,10,1,6,4,3]
1738862 [1,2,3,4,5]
1738862 [1,2,3,4,5,6,7,8,9,10]
1718838 [7,8,4,11,5,9,3,1,6,14,12,2,13,10]
1718838 [22,9,14,45,29,6,46,11,40,7,26,1,15,10,24,17,39,41,20,18,42,23,12,19,31,36,8,21,37,38,2,27,43,32,16,25,44,33,4,30,34,35,5,3,28,13]
1727622 [2,6,4,3,5,1]
1047632 [1,3,2,6,4,5]
1498918 [4,5,2,1,3]
1498918 [13,5,1,7,17,8,10,9,2,3,12,15,14,11,18,16,4,6]
1561074 [19,18,17,14,12,3,5,7,13,8,16,20,1,15,4,2,11,6,9,10]
1563464 [1,6,2,5,3,7,4,8]
2126801 [1,2,3,4,5,6,7]
2126801 [1,2,3,4,5,6]
2126801 [1,2,3,4,5]
2436049 [4,9,1,5,6,11,10,3,7,2,8,12]
2436049 [3,4,1,5,2]
2471516 [5,8,7,6,1,10,9,4,11,3,13,2,12]
2471516 [2,4,5,1,3]
2471516 [7,3,6,4,1,5,2]
2471516 [5,1,2,4,3]
2471516 [17,26,7,32,18,24,6,21,25,1,4,14,23,12,3,33,5,10,16,31,15,9,19,28,20,30,29,11,13,8,27,2,22]
2023960 [7,11,10,5,6,3,1,9,8,4,2]
2023960 [4,3,1,5,2]
1020886 [5,8,11,10,12,1,7,13,2,9,4,6,3]
1231230 [1,2,3,4,5,6,7,8,9,10,11,12,13,14,15,16,17,18,19,20,21,22,23,24,25]
22895 [2,1,3,6,4,5,7]
24184 [10,4,1,14,9,12,5,7,8,11,2,3,6,13]
24184 [12,5,1,10,2,9,6,8,13,11,3,7,4]
110458 [1,2,6,3,4,7,5]
127405 [1,2,3,4,5,6,7,8,9,10,11,12,13]
127405 [1,2,3,4,5,6,7,8,9]
132189 [1,2,3,4,5,6,7,8,9,10,11,12,13]
1377811 [8,13,17,6,21,23,1,16,7,19,29,26,11,9,12,25,22,27,10,18,15,3,4,28,14,24,20,5,2]
1377811 [1,5,2,4,7,6,3]
1377811 [12,11,1,8,6,10,4,7,3,2,5,9]
1377811 [13,22,4,16,1,18,9,14,19,10,12,7,15,21,5,6,8,23,2,20,11,17,3]
1377811 [5,6,7,2,1,9,3,8,10,4]
1377811 [4,5,2,1,3]
1683239 [2,7,5,1,6,4,3]
22779 [4,1,5,3,2]
22779 [8,1,5,7,3,4,6,2]
50692 [1,2,3,4,5,6,7,8,9,10,11,12,13,14,15,16,17,18,19]
50692 [1,2,3,4,5,6,7,8,9,10]
45078 [23,5,14,2,6,19,27,21,13,11,16,18,25,28,7,15,30,24,12,26,10,20,22,29,17,4,9,8,3,1]
60557 [1,2,3,4,5,6,7]
60557 [1,2,3,4,5,6,7,8,9,10,11,12,13,14,15,16,17,18,19,20,21,22,23,24,25,26,27,28,29,30]
240435 [3,14,10,6,11,8,17,13,12,7,15,16,2,5,1,9,4]
425689 [14,11,10,7,3,1,2,5,8,9,15,4,12,13,6]
425689 [3,1,2,4,10,5,9,8,7,6]
425689 [1,2,4,7,3,5,6]
425689 [13,12,3,8,2,4,9,5,6,10,7,1,11]
456623 [1,6,2,4,5,3]
106588 [6,1,4,3,2,5]
110458 [18,9,11,24,6,23,15,3,16,5,1,2,25,8,17,13,20,4,21,14,7,10,12,22,19]
110458 [2,8,4,3,5,7,1,6]
110458 [7,14,11,8,10,4,5,15,6,2,16,1,13,3,9,12]
268600 [3,4,1,6,2,8,5,7]
268600 [9,8,7,6,2,5,1,4,3]
268600 [5,8,9,4,3,7,6,1,2]
287386 [5,3,6,1,2,4]
393986 [1,2,3,4,5,6,7,8,9,10,11,12,13,14,15,16,17,18,19,20,21,22]
2430015 [8,1,2,3,5,7,6,4,9]
2535843 [6,3,8,1,7,10,4,2,9,5]
197756 [3,1,4,5,2,6]
197756 [3,1,7,5,8,4,6,2]
171777 [1,5,4,2,6,3]
171777 [23,25,7,14,26,8,6,1,24,21,4,15,27,17,22,28,9,12,16,2,20,3,19,13,11,18,10,5]
524296 [1,3,4,5,2]
524296 [1,3,8,7,4,5,2,6]
524296 [10,4,1,8,3,6,2,9,7,5]
524296 [11,15,6,8,13,14,12,7,10,16,5,1,2,9,4,3]
524296 [5,7,11,10,4,8,2,13,3,6,14,12,9,15,1]
524296 [2,5,1,6,4,3]
194623 [6,1,4,2,3,5]
201433 [1,14,18,8,9,2,13,6,7,4,3,17,11,12,10,15,16,19,5]
201433 [7,8,5,3,1,9,10,4,2,6]
201433 [2,10,8,12,5,3,11,9,4,6,7,1]
201433 [3,7,2,8,4,1,6,5,9]
201433 [4,8,9,1,3,2,6,10,7,5]
201433 [13,8,12,11,7,9,2,10,6,3,1,5,4]
201433 [2,6,5,4,1,7,3]
201433 [1,3,7,9,5,4,12,8,2,10,11,6]
201433 [5,13,2,7,16,8,17,19,12,15,11,14,4,3,1,6,9,18,10]
201433 [11,12,16,13,7,10,8,14,2,20,15,19,18,21,6,4,9,3,17,1,5]
202953 [3,8,11,7,12,1,2,14,6,4,13,5,9,10]
202953 [4,9,5,7,6,8,10,2,3,1]
204031 [13,10,5,1,8,9,12,7,4,3,2,11,6]
240435 [9,7,3,6,2,1,8,10,5,4]
245835 [1,2,5,3,4]
245835 [5,12,3,7,2,9,6,1,11,4,10,8]
245835 [13,2,20,7,21,8,10,15,23,25,26,18,16,9,14,22,24,6,1,27,19,12,17,4,5,3,11]
245835 [3,2,1,4,6,5]
891255 [3,7,2,1,6,8,11,10,9,5,4]
891255 [2,1,4,3,5]
891255 [8,2,3,10,9,7,5,4,1,6]
60877 [2,8,12,7,4,10,3,6,16,13,9,14,5,11,1,15]
60877 [28,1,29,27,17,21,2,16,19,4,25,9,14,24,18,10,12,6,5,23,11,8,22,7,30,15,26,13,3,20]
60877 [9,1,8,7,12,4,11,3,6,10,2,5]
182355 [2,1,3,5,8,4,7,6]
239513 [3,7,1,6,2,5,4]
239513 [7,2,5,9,8,6,4,1,3]
255480 [12,29,33,23,17,31,20,24,7,8,37,35,14,5,25,19,15,22,36,4,3,21,6,10,32,26,38,1,9,28,30,11,18,34,13,27,16,2]
255480 [5,10,3,7,8,1,4,2,6,9]
255480 [6,8,11,1,7,12,3,4,9,10,2,5,13]
255480 [3,5,1,2,4]
255480 [3,5,4,6,2,1]
255480 [7,5,8,4,2,1,3,6]
255480 [5,7,2,6,1,3,4]
255480 [3,1,2,4,5]
255480 [43,9,36,30,17,35,24,38,12,15,34,18,13,21,41,5,6,20,27,39,29,7,8,1,19,26,16,32,11,4,40,31,33,3,42,14,22,37,10,44,2,25,23,28]
255480 [5,7,4,3,2,6,1]
255480 [3,4,2,1,6,5,7]
255480 [5,6,1,2,4,3]
255480 [7,3,6,4,1,5,2]
255480 [1,3,4,5,2]
255480 [5,3,4,1,2]
264359 [1,9,4,8,10,3,5,2,11,6,7]
264359 [13,8,2,6,11,4,7,1,5,3,12,14,10,9]
264359 [4,3,5,7,8,2,1,6,9]
264359 [5,8,4,11,16,18,17,14,1,6,15,7,2,12,9,10,13,3]
264359 [7,2,6,12,8,9,11,4,5,13,10,1,3]
615543 [5,2,6,4,1,3]
364113 [3,1,2,5,4]
374121 [3,2,1,5,6,4]
374121 [7,6,5,1,2,9,4,3,8]
374121 [9,3,7,11,6,5,1,10,2,8,4]
383378 [4,5,7,6,2,3,1]
387363 [3,1,6,2,5,4]
277291 [2,9,4,1,7,10,3,6,8,5]
244843 [4,1,5,2,6,3]
244843 [3,7,2,4,1,6,5]
244843 [9,16,13,3,14,5,12,1,11,17,18,7,4,6,15,8,2,10,19]
244843 [2,3,5,1,4]
244843 [6,2,7,4,10,5,8,3,9,1]
244843 [1,2,3,4,5]
285619 [2,1,4,3,6,10,5,8,7,9]
1639620 [5,3,1,4,2]
1639620 [2,4,5,3,1]
1639620 [3,8,10,1,4,7,11,12,2,6,5,15,14,9,13]
1660953 [1,2,3,4,5,6,7]
1660953 [1,2,3,4,5,6,7,8,9,10,11,12,13,14,15,16,17,18,19,20,21,22,23,24,25,26,27,28,29,30,31,32,33,34,35,36,37,38,39,40]
716137 [1,2,3,4,5]
716137 [1,2,3,4,5,6,7,8,9,10]
716137 [1,2,3,4,5,6,7,8,9,10,11]
937961 [2,1,3,7,10,5,9,4,8,6]
937961 [3,1,7,12,10,14,8,2,15,13,5,11,6,9,4]
1143249 [1,2,3,4,5,6,7,8,9,10,11,12,13,14,15,16,17,18,19,20,21,22,23,24]
1143249 [1,2,3,4,5,6]
1143249 [1,2,3,4,5,6,7,8,9,10,11,12,13,14,15,16,17,18,19,20,21,22]
1143249 [1,2,3,4,5,6,7,8,9,10,11,12,13]
1143249 [1,2,3,4,5,6,7,8,9,10,11,12,13]
1143249 [1,2,3,4,5,6]
1886804 [2,6,8,4,7,3,1,5]
751626 [2,10,4,8,6,1,12,9,5,7,11,3]
756191 [1,2,3,4,5]
756191 [1,2,3,4,5,6,7,8,9,10,11,12,13,14,15,16,17,18,19,20]
756191 [1,2,3,4,5,6,7,8,9,10,11,12]
756191 [1,2,3,4,5,6,7]
756191 [1,2,3,4,5,6,7,8,9,10]
756191 [1,2,3,4,5,6,7]
756191 [1,2,3,4,5,6,7,8,9]
756191 [1,2,3,4,5,6,7,8,9]
757408 [4,2,1,5,3]
161514 [3,13,12,11,4,8,1,10,6,7,2,5,9]
161514 [5,7,4,9,2,6,1,8,3]
161514 [6,3,10,9,1,8,4,12,11,5,2,7]
161514 [2,6,4,3,1,5]
161514 [12,10,16,2,13,5,4,3,8,1,6,15,7,9,14,11]
161514 [7,12,5,9,3,11,14,20,18,24,10,8,15,16,17,1,22,13,23,4,21,19,6,2]
166935 [1,3,5,6,2,4]
166935 [25,4,33,18,27,3,34,8,35,13,23,17,28,19,1,11,6,20,30,32,22,31,12,2,10,29,21,14,26,16,24,5,9,15,7]
168638 [1,3,2,5,4]
168638 [4,5,1,6,3,2,7]
168638 [6,4,5,1,3,2]
240435 [1,2,5,4,3]
675467 [1,2,3,4,5]
980094 [5,4,3,2,1]
623191 [17,8,22,15,9,14,10,13,21,18,5,23,12,6,16,3,4,19,1,2,11,20,7]
623191 [4,2,1,7,8,5,6,3]
634113 [4,1,2,3,5]
634113 [5,1,7,9,8,6,4,3,2]
744596 [4,5,3,2,1]
744596 [6,3,5,7,4,10,1,9,8,2]
744596 [3,6,8,5,4,1,7,2]
744596 [5,2,7,6,9,3,4,1,8]
750497 [2,1,3,4,5]
750497 [5,1,9,13,12,16,17,8,15,3,4,18,6,11,14,19,2,7,10]
750497 [1,2,5,3,4]
750497 [7,23,4,9,6,22,1,18,21,24,8,2,20,5,11,13,15,19,17,3,10,12,16,14]
750497 [1,3,14,11,2,13,12,5,8,4,10,9,7,6]
621402 [3,8,9,1,2,5,7,11,4,6,10]
636116 [35,33,3,6,16,25,1,31,15,32,26,27,20,12,10,11,4,22,8,5,30,19,14,13,24,36,7,17,2,9,18,29,37,34,28,21,23]
944122 [6,4,1,5,3,2,8,7,10,11,9]
899670 [1,5,2,3,4]
899670 [3,6,2,4,1,5]
1092441 [3,8,7,5,1,2,4,6]
1092441 [16,18,1,10,14,21,3,7,13,20,2,19,4,9,11,17,8,15,5,6,12]
1117666 [2,9,3,5,4,6,1,8,7]
1117666 [4,3,2,6,5,1]
2452178 [1,2,3,4,5,6,7,8,9,10,11,12,13,14,15,16,17,18,19,20,21,22,23,24,25,26]
2452178 [1,2,3,4,5]
2452178 [1,2,3,4,5,6,7,8,9]
2452178 [1,2,3,4,5]
416399 [8,5,9,3,7,2,6,4,1]
424337 [7,12,2,14,10,5,17,16,15,3,8,4,6,11,9,1,13]
424337 [6,4,5,3,1,2]
431705 [2,5,6,1,3,4]
431705 [7,2,3,1,8,6,4,9,5]
1520051 [1,2,3,4,5,6,7,8,9,10,11,12]
1520051 [1,2,3,4,5,6,7,8,9,10,11]
1520051 [1,2,3,4,5,6,7]
1520051 [1,2,3,4,5]
2413234 [3,5,1,4,2]
1171223 [1,8,7,9,4,2,3,6,5]
1171223 [2,1,5,3,6,4]
1171223 [4,13,7,6,1,14,2,12,3,5,9,11,10,8]
1193431 [7,3,1,4,5,6,2]
1193431 [18,14,2,13,3,6,11,8,15,7,19,4,9,16,17,1,21,20,5,12,10]
1193431 [3,5,2,6,4,1,8,7]
899728 [7,5,3,9,2,4,6,8,1]
1711183 [3,6,1,2,5,4]
1735089 [6,3,2,4,5,1]
457469 [1,5,6,3,4,2]
457469 [7,6,2,4,8,5,3,1]
457469 [4,2,1,5,3]
1251390 [3,1,4,2,5]
1251390 [3,5,1,4,2]
1090366 [2,9,3,5,10,1,4,7,8,6]
1090366 [23,27,8,24,12,6,19,25,22,18,4,15,26,20,3,21,11,7,17,9,16,5,10,2,13,1,14]
1090366 [9,5,13,1,11,2,14,4,8,3,7,12,10,6]
1090366 [5,6,17,1,8,12,2,15,14,9,3,13,10,7,4,18,19,11,16]
1092441 [3,6,4,5,1,2,7]
1092441 [12,7,6,24,16,21,4,2,9,29,26,25,13,31,15,17,27,10,14,8,1,11,5,18,22,19,23,30,20,3,32,28]
1314325 [6,2,10,8,7,3,11,12,4,9,1,5]
1314325 [5,6,1,2,3,4]
1314325 [8,6,3,1,9,10,7,5,4,2]
1314325 [3,2,7,4,5,1,6]
1314325 [5,7,1,2,4,6,3]
1314325 [6,3,5,4,1,2]
1314325 [3,1,5,2,4]
1314325 [4,5,1,2,3]
1090573 [4,5,2,7,6,3,1,8]
1111675 [1,2,3,4,5]
1117666 [3,12,18,39,14,24,26,16,19,23,4,35,28,11,6,2,38,29,43,37,27,1,10,17,5,32,21,33,8,41,20,13,34,25,7,42,36,40,9,31,22,30,15]
2432239 [3,2,6,4,7,8,5,9,1]
2451375 [1,2,3,4,5,6]
685921 [2,6,10,12,8,5,11,9,1,4,7,3]
2021126 [7,4,3,2,6,5,1]
2021126 [1,7,2,4,5,6,3,8]
277291 [8,4,6,7,5,3,9,2,1]
277291 [4,5,1,2,3,6]
383378 [1,5,4,10,7,8,9,6,2,3]
1246374 [4,5,14,8,12,9,17,11,10,15,7,13,6,3,16,1,2]
1269670 [5,2,3,1,4]
1351092 [1,2,3,4,5,6,7,8,9]
793625 [1,2,3,4,5,6]
777795 [6,1,5,3,4,2]
1331854 [12,3,14,5,1,13,10,9,11,4,8,2,6,17,16,15,7]
1331854 [3,9,8,6,4,7,2,5,1]
1331854 [12,13,7,4,11,20,19,14,3,10,15,5,8,16,17,6,9,2,1,18]
1331854 [13,3,20,26,2,11,22,19,24,14,23,18,16,10,15,5,9,1,27,17,4,12,28,7,21,25,8,6]
1563751 [3,1,4,5,2,6]
751365 [10,13,3,25,29,31,30,7,20,23,17,6,28,26,2,38,15,8,24,21,14,4,5,36,33,9,27,19,22,1,34,16,32,37,35,11,12,18]
751365 [4,5,6,1,2,3,7]
751365 [2,4,5,3,1,6]
2413234 [7,8,9,2,4,10,6,1,3,5]
2413234 [6,3,9,1,5,2,4,7,10,8]
2413234 [3,4,6,5,1,7,8,2]
2413234 [1,5,4,3,2,6]
2413234 [3,7,5,2,6,4,1]
2413234 [2,3,5,6,1,4]
1104073 [4,5,6,1,2,3]
1104073 [1,2,5,6,4,3]
1104073 [5,3,2,1,4]
1048048 [1,2,3,4,5,6,7,8,9,10,11,12]
1430901 [1,2,3,4,5,6]
1923297 [3,2,4,6,5,7,1]
409937 [3,31,42,32,16,10,37,25,20,24,6,26,2,54,36,52,18,5,48,11,35,34,49,21,9,41,43,15,1,44,39,29,13,58,22,59,4,38,30,45,46,23,8,55,40,12,51,14,50,28,33,7,19,27,57,47,56,17,53]
949107 [6,17,16,13,21,29,11,27,26,12,19,9,32,28,22,25,30,7,5,18,8,2,4,24,10,20,23,15,14,1,3,31]
1500590 [7,8,6,1,3,2,4,5]
1500590 [2,1,5,3,4,6]
1500590 [7,5,2,3,1,6,4]
1647768 [2,7,3,4,5,1,11,8,10,9,6]
2281424 [1,2,6,7,3,4,5]
2284135 [1,2,3,4,5]
2284135 [1,2,3,4,5,6]
2292094 [1,2,3,4,5,6]
2292659 [3,1,5,6,4,2]
1046456 [1,2,3,4,5]
143799 [1,2,3,4,5]
1834502 [3,7,5,2,10,11,8,4,9,13,12,6,1]
2578206 [5,4,2,1,3]
2578206 [4,14,6,16,10,13,3,5,15,9,17,8,12,11,7,2,1]
1940428 [1,2,3,4,5,6,7,8,9,10,11,12]
2053307 [6,4,5,3,2,1,8,7]
2053307 [2,9,5,4,8,3,7,1,10,6]
1298261 [1,2,3,4,5,6,7,8,9,10,11,12,13,14,15,16,17,18,19,20]
1302220 [1,5,7,2,3,4,6]
1302220 [11,3,4,10,5,2,7,15,6,8,9,12,14,13,1]
1377811 [15,18,6,8,13,2,9,4,16,1,5,12,7,11,19,3,10,17,14]
1377811 [6,8,9,11,2,10,7,4,13,16,14,5,1,3,15,12]
1377811 [4,5,2,3,1]
1086656 [5,3,8,2,7,4,6,1]
1094259 [6,8,5,7,4,10,11,1,9,13,12,3,2]
1094259 [6,7,1,9,3,4,2,5,8]
1094259 [6,5,4,3,7,2,1]
1094259 [15,18,10,4,1,9,3,14,21,11,5,8,16,13,20,17,12,6,7,2,19]
1901938 [10,5,11,6,15,9,3,17,2,1,12,13,16,14,7,4,8]
1901938 [18,27,16,11,30,13,21,3,25,6,2,8,26,1,10,15,17,23,9,29,19,5,22,14,24,28,12,7,4,20]
1799180 [4,2,5,1,3]
1799180 [6,5,7,2,1,3,4]
2246473 [8,9,13,15,3,12,14,7,6,11,1,10,2,5,4]
750497 [31,8,18,10,9,28,24,4,1,23,25,16,17,26,21,3,15,12,27,29,30,7,11,19,5,6,22,20,2,32,14,13]
1169267 [3,6,5,2,4,1]
1169267 [2,7,8,6,3,5,1,4]
1169267 [5,9,1,4,7,3,8,6,2]
1169267 [3,14,8,15,12,1,9,7,5,4,11,10,2,17,13,6,16,18]
1169267 [5,2,4,1,3]
1582437 [5,2,3,1,4,6,7]
1582437 [3,2,5,1,4]
210846 [5,6,2,3,1,4]
317862 [1,6,5,3,2,4]
2238657 [6,5,4,2,1,9,7,3,8]
510680 [2,3,7,4,6,1,8,5]
510680 [6,14,5,8,1,4,10,12,3,11,9,2,7,13]
510680 [4,14,17,8,16,2,1,9,3,25,10,22,15,13,23,7,18,21,24,6,19,5,12,11,20]
510680 [4,2,8,1,6,3,5,7]
2547921 [5,20,19,17,9,15,4,8,18,21,11,7,3,14,6,13,12,16,2,10,1]
2547921 [16,12,8,14,11,15,3,10,6,13,4,7,2,5,1,9]
2060487 [1,5,2,4,3]
891255 [7,2,1,6,4,5,3]
933067 [1,2,3,4,5,6,7]
935922 [2,5,1,6,4,3]
935922 [11,5,1,3,8,12,4,10,13,2,6,7,9]
944514 [16,3,14,1,2,13,12,9,10,8,17,18,5,7,6,15,4,11]
947524 [42,3,27,15,29,7,1,20,17,13,24,6,38,40,18,33,12,35,11,8,19,2,31,32,37,9,16,22,41,28,14,39,34,30,21,10,25,23,36,26,4,5]
948803 [1,2,3,4,5]
972143 [1,4,10,3,6,5,9,7,11,8,2]
1542753 [3,4,2,5,1]
1447473 [7,1,6,8,3,2,5,4]
1447473 [13,1,31,8,33,35,5,22,3,28,18,24,42,39,4,23,21,9,36,29,10,15,34,14,16,2,38,27,40,17,30,41,20,11,32,7,6,19,25,44,26,37,43,12]
1961735 [11,6,15,9,5,10,2,18,3,12,14,17,4,7,1,13,16,8]
1961735 [9,2,1,5,7,4,8,3,6]
1961735 [4,1,2,3,5]
1961735 [7,5,6,2,4,3,1,8]
2505050 [5,3,9,2,4,6,7,1,8]
2505050 [4,2,5,6,3,1]
516251 [2,5,4,1,3,6]
516251 [4,3,7,2,9,6,8,10,5,1]
2296992 [8,1,3,6,4,7,2,5]
2296992 [17,4,18,8,16,15,3,9,12,2,13,7,14,6,19,5,11,1,10]
2296992 [7,3,1,2,5,4,8,6]
2296992 [3,5,1,2,6,4,7]
81492 [5,6,4,1,7,3,8,2]
779944 [7,8,14,31,18,24,3,6,33,5,29,35,34,2,4,16,23,12,28,10,15,26,17,13,19,30,25,1,9,32,20,22,27,21,11]
779944 [3,1,6,4,2,5]
779944 [6,4,5,2,10,8,3,13,11,1,12,9,7]
779944 [6,2,5,1,3,4,7]
1552171 [9,4,11,7,13,2,8,12,1,6,3,5,10,14]
1956329 [5,1,2,3,4]
2471516 [4,3,2,1,5]
2471516 [2,1,4,5,6,3]
2526874 [1,2,3,4,5,6,7]
2526874 [1,2,3,4,5,6]
2526874 [1,2,3,4,5,6]
2540950 [1,3,7,6,9,11,8,10,2,4,5]
2559323 [7,1,2,6,4,3,5]
2559323 [3,4,2,5,7,1,6]
2559323 [5,3,2,4,1]
1328488 [8,27,33,4,38,5,37,26,9,11,13,7,30,2,10,15,22,42,43,32,31,40,6,23,20,12,21,3,24,41,36,34,28,1,18,25,35,29,19,16,39,14,17]
1328488 [11,13,4,8,9,1,3,7,6,2,12,10,5]
1328488 [4,2,3,1,6,7,5]
1328488 [3,6,5,8,7,1,4,2]
1328488 [16,9,7,13,8,4,3,2,10,19,11,5,17,6,1,12,14,15,18]
1328488 [2,4,3,1,5]
1328488 [8,5,6,12,9,3,2,4,7,11,10,1]
2578206 [3,4,5,7,2,8,10,6,1,9]
663707 [1,3,4,2,6,5]
36131 [9,6,7,8,2,3,1,5,4]
1795319 [1,2,3,4,5,6,7,8,9,10]
50306 [5,6,3,4,2,1,7]
50306 [4,6,5,9,13,2,12,8,10,14,3,7,11,1]
50306 [27,29,19,14,32,23,6,15,24,33,7,21,11,20,3,28,16,12,30,25,1,18,26,2,8,31,17,9,4,22,5,10,13]
61977 [8,5,9,7,3,4,1,6,2]
61977 [1,5,4,3,2]
2113901 [10,4,2,8,7,9,6,1,3,5]
2113901 [4,1,11,3,9,2,8,10,12,5,6,7]
2113901 [2,1,5,6,3,4]
2097831 [6,7,5,2,8,3,1,4]
2097831 [4,2,5,1,6,7,3]
2097831 [6,1,7,2,4,5,3]
2097831 [11,17,8,5,7,13,6,16,1,4,18,15,3,9,2,12,14,10]
2097831 [1,5,3,2,6,4]
2097831 [4,2,1,6,5,3]
2097831 [9,10,3,5,1,4,2,6,7,8,11]
1071040 [1,2,3,4,5]
1073596 [1,2,3,4,5]
1631327 [4,2,8,1,5,6,3,7]
1631327 [11,12,2,3,4,13,10,1,5,9,7,15,14,8,6]
1561074 [4,2,3,7,1,5,6]
1561074 [2,9,5,10,1,6,3,7,8,4]
1571714 [17,9,11,12,13,2,1,5,15,4,7,16,3,14,6,18,10,8]
1686860 [6,14,1,11,12,15,9,8,7,2,13,10,3,5,4]
1686860 [5,18,1,27,20,31,34,33,36,28,15,6,41,10,38,12,4,11,14,22,39,24,21,2,7,3,37,35,40,9,26,32,13,8,16,30,17,23,25,19,29,42]
1686860 [7,5,4,6,8,3,1,2]
1961735 [6,3,7,5,1,2,4]
1807325 [1,2,3,4,5,6,7,8,9,10,11,12,13,14,15,16]
1807325 [1,2,3,4,5]
1834502 [1,6,7,3,5,4,2]
1834502 [1,5,4,2,7,8,6,3]
1887792 [9,4,8,12,2,11,1,7,10,6,5,13,3]
1888687 [1,2,3,4,5]
1923897 [22,1,16,4,15,3,21,14,6,19,13,18,9,5,8,2,11,10,7,20,17,23,12]
631807 [8,6,2,10,1,4,9,3,5,7]
521886 [1,3,4,2,5]
1007544 [2,5,1,4,3]
1118426 [4,3,2,5,1]
1368005 [2,7,1,9,5,12,10,8,3,6,11,4]
1594652 [3,8,10,9,11,1,4,6,7,12,2,5]
1594652 [1,11,10,7,5,9,8,3,2,4,6]
1594652 [6,15,12,7,3,1,17,8,4,14,13,10,9,2,5,16,11]
1594652 [4,9,7,6,15,14,3,1,8,2,16,18,11,12,13,10,17,5]
1594652 [13,10,8,15,14,3,7,17,18,1,16,6,11,5,12,9,2,4]
1744238 [3,5,1,4,6,2]
1744285 [3,4,5,1,2]
1744285 [1,11,2,8,12,4,5,7,10,14,13,6,9,3]
1744285 [12,4,7,2,8,6,10,14,11,9,5,3,13,1]
1744285 [6,10,2,8,5,7,9,1,4,3]
1779138 [5,1,3,2,4]
1779138 [11,6,13,4,9,1,2,8,5,3,12,10,14,7]
1779138 [1,3,2,4,7,5,6]
1907146 [11,9,1,14,8,4,17,2,15,12,6,10,13,16,5,7,3]
1955113 [6,3,2,1,4,5]
2044604 [2,3,5,1,4]
2044604 [3,2,7,1,4,5,6]
2068006 [8,2,6,3,13,5,7,11,10,9,1,4,12]
2301568 [3,4,1,2,5]
2301568 [5,4,3,2,1]
2420256 [4,3,5,6,1,2]
2540950 [2,6,11,14,15,12,13,3,5,7,1,4,8,9,10]
2540950 [16,7,3,13,14,1,8,9,12,15,10,2,4,5,6,11]
2020878 [8,4,5,2,1,9,10,11,6,3,7]
2020878 [2,4,7,3,6,1,8,5,9]
2020878 [7,2,4,8,3,5,1,6]
2021126 [3,7,5,1,6,2,4]
2024936 [8,9,5,2,4,3,7,6,1]
2024936 [15,8,20,22,5,21,17,7,1,12,18,23,3,16,27,4,26,25,6,14,11,24,10,13,19,9,2]
2024936 [9,4,8,7,3,2,5,1,6]
2024936 [14,16,4,9,13,18,11,1,2,17,8,12,7,15,6,3,10,5]
2024936 [3,4,10,6,1,2,9,5,7,8]
2024936 [1,6,8,5,3,4,2,7,9]
2024936 [8,9,7,6,4,1,5,2,3]
2024936 [5,3,8,10,9,6,4,1,2,7]
1287730 [1,7,3,4,8,5,2,6]
1297999 [3,2,1,4,5]
1297999 [2,4,1,6,5,3]
1297999 [4,1,6,5,3,2]
44487 [4,1,5,3,2,6]
1712491 [3,5,2,4,1]
1718838 [5,1,3,2,4]
1718838 [1,11,10,13,3,12,14,8,2,5,6,9,4,7]
1718838 [3,5,4,6,8,7,1,2]
1718838 [12,14,13,15,11,32,3,24,9,4,8,19,26,31,22,30,10,1,6,17,7,2,21,16,5,27,18,29,28,25,23,20]
1718838 [16,5,19,26,14,4,6,23,1,17,3,20,13,7,22,15,12,8,27,9,2,10,25,24,28,18,21,11]
2190812 [5,4,1,3,6,2]
261181 [1,3,5,4,2]
274463 [1,7,13,5,6,11,10,14,2,12,4,8,9,15,3,16]
303960 [8,15,19,28,23,17,10,11,22,26,21,1,13,9,18,20,7,12,27,5,14,2,25,3,4,24,6,16]
367419 [4,5,6,2,1,3]
374121 [3,6,1,4,7,5,2]
374121 [2,3,5,4,1]
416399 [7,6,1,3,5,4,2]
1012145 [1,2,3,4,5,6]
1021080 [4,3,8,6,2,7,1,5]
2326529 [4,3,5,2,1]
1542756 [2,3,4,6,1,5]
1542756 [3,16,23,12,11,7,9,13,10,19,18,4,1,14,2,6,20,24,8,17,21,22,5,15]
2580963 [1,2,3,4,5]
2580963 [1,2,3,4,5,6,7]
322811 [1,2,3,4,5,6,7,8,9,10,11,12,13,14,15,16,17,18,19]
322811 [1,2,3,4,5,6,7,8,9,10]
2044604 [5,3,2,4,1]
2169895 [31,29,30,11,28,7,15,27,6,19,3,1,26,2,16,4,21,5,23,14,10,24,13,8,25,9,22,20,18,17,12]
2212062 [4,1,5,3,2]
2540950 [1,5,3,6,7,8,4,2]
2540950 [4,5,1,6,3,2]
2566955 [6,10,5,3,7,1,12,9,8,2,4,13,14,11]
2566955 [12,16,14,2,11,5,20,19,1,13,3,22,7,17,15,8,18,10,4,9,21,6]
110458 [2,8,3,6,4,9,7,1,5]
619568 [2,26,13,20,11,15,10,4,5,18,6,9,19,22,23,27,25,3,14,21,8,24,7,16,12,17,1]
645703 [4,3,2,1,5]
645703 [2,4,1,7,5,6,3]
651118 [4,5,2,1,3]
700730 [2,8,4,7,12,5,1,10,9,6,3,11]
700730 [1,5,11,7,12,3,4,2,9,8,10,6]
711028 [5,1,4,3,2]
750497 [5,11,12,1,13,9,2,14,4,3,6,7,8,10]
750497 [2,14,16,10,12,5,9,1,15,6,4,8,7,13,11,3]
750497 [4,10,5,3,1,8,7,9,6,2]
750497 [15,20,9,14,4,38,17,35,18,31,10,11,28,19,7,23,33,36,3,34,25,27,6,1,24,29,21,22,8,12,13,26,16,39,30,2,37,5,32]
750497 [5,8,26,12,15,20,24,17,11,30,18,35,10,3,19,16,21,13,31,2,6,32,14,22,25,4,7,34,28,27,23,1,9,29,33]
841294 [6,2,7,3,4,11,13,10,8,12,5,1,9]
841294 [3,14,12,6,2,9,8,7,10,11,13,1,5,4,15]
841294 [13,11,7,12,6,9,4,2,14,1,5,10,3,8]
841294 [12,9,8,2,3,4,10,11,6,5,1,7]
1106100 [7,6,5,4,3,2,1]
1106100 [4,9,5,1,6,7,2,3,8]
1106100 [4,1,5,2,3]
1106100 [8,9,10,3,2,5,6,7,4,1]
1106100 [6,3,9,7,8,4,1,5,2]
1106100 [5,9,2,10,1,6,8,3,7,4]
1108879 [10,7,12,13,4,5,11,6,3,9,8,1,2]
1108879 [7,6,3,4,1,2,5]
1111675 [1,2,3,4,5,6]
1111675 [1,2,3,4,5,6,7,8]
1119343 [5,2,4,3,1]
1769232 [20,9,4,3,15,8,18,7,16,19,21,13,11,14,10,2,1,5,6,12,22,17]
1769232 [2,1,4,5,3]
1769232 [4,8,3,5,7,2,9,6,10,1]
1769232 [16,11,19,27,3,15,13,22,1,6,21,14,17,18,4,24,20,23,7,9,8,12,5,10,2,25,26]
699762 [5,24,4,16,6,21,22,9,18,10,13,8,12,11,20,3,14,15,23,19,7,1,2,25,17]
699762 [17,5,9,15,3,10,4,12,2,1,7,8,11,13,18,14,6,16]
699762 [7,5,1,8,9,6,2,4,3,10]
699762 [7,9,10,3,5,2,4,6,8,11,12,1]
699762 [4,5,3,2,1]
699939 [1,2,3,4,5,6,7,8,9]
700730 [3,4,2,1,5]
1020886 [3,6,2,4,1,5]
1029687 [5,7,1,4,6,3,2]
1047632 [6,3,4,1,5,2]
151601 [7,8,4,2,1,9,3,5,6]
151601 [19,4,3,6,21,22,15,18,2,1,7,5,16,9,8,14,13,20,17,12,10,11]
151601 [6,4,5,7,1,2,3]
151601 [20,4,5,6,8,16,10,19,2,7,14,18,11,21,13,15,17,9,23,3,1,12,22,24]
151601 [10,11,6,7,9,4,1,2,8,3,5]
151601 [30,43,2,31,32,12,38,8,3,19,7,29,34,24,10,40,41,1,5,6,33,37,16,35,22,17,21,9,13,36,26,28,20,25,11,18,14,39,4,15,23,27,42]
716137 [1,2,3,4,5,6]
716137 [1,2,3,4,5,6,7]
716137 [1,2,3,4,5,6,7]
716137 [1,2,3,4,5,6,7,8]
1579040 [2,5,3,4,1]
453717 [6,1,3,2,9,7,8,5,4]
465858 [2,7,6,4,1,3,5]
465858 [6,2,4,5,3,7,1]
465858 [11,5,6,16,13,3,9,4,14,7,1,10,15,8,2,12]
685921 [4,2,7,5,8,6,1,3]
690480 [5,1,2,4,3,6]
711028 [10,3,8,5,4,1,9,6,7,2]
732486 [5,8,17,22,26,25,28,1,30,3,18,27,15,11,21,10,12,23,24,6,31,2,20,19,16,13,29,9,4,7,14]
779800 [3,6,7,4,2,5,1]
779800 [5,4,1,6,3,2]
779800 [4,12,16,27,7,5,24,20,9,19,3,21,23,25,26,1,18,11,8,15,22,13,2,17,10,14,6]
802605 [2,6,3,5,4,7,1,8]
806521 [49,38,35,50,28,32,7,43,21,6,13,2,26,4,53,40,52,22,51,27,30,42,47,3,29,9,18,8,10,31,15,37,36,17,11,23,46,34,33,19,25,41,5,48,16,12,1,14,44,20,24,39,45]
806521 [3,16,14,12,2,1,13,11,9,15,17,4,10,18,5,7,8,6]
806521 [34,49,27,76,60,32,31,59,6,48,24,43,13,20,22,21,57,63,36,46,61,70,72,17,8,40,39,16,19,51,58,38,55,30,14,54,12,53,4,66,71,47,7,25,3,23,50,64,65,9,52,37,2,69,28,75,11,73,42,10,62,35,56,29,15,77,33,74,68,1,26,67,41,44,5,78,18,45]
822771 [2,15,21,27,18,3,24,6,12,7,10,16,19,22,17,8,25,23,13,11,20,4,5,9,28,26,14,1]
822771 [3,1,6,4,5,7,2]
875869 [9,7,3,8,2,6,1,10,5,4,11]
933067 [1,2,3,4,5,6,7,8,9,10,11,12,13,14,15,16,17,18,19,20,21,22,23,24,25,26,27,28,29,30,31,32,33,34,35,36,37,38,39,40,41,42,43,44,45,46,47,48,49,50,51,52,53,54,55,56,57,58,59,60]
933067 [1,2,3,4,5,6]
933067 [1,2,3,4,5,6,7,8,9,10,11,12,13,14,15,16,17,18,19,20,21,22,23]
935922 [2,3,1,5,4]
2023211 [4,9,1,2,8,7,3,5,6]
2282798 [29,7,24,21,9,10,15,19,26,2,5,23,22,25,17,13,28,18,27,1,6,20,12,16,11,8,3,4,14]
2282798 [9,11,13,16,4,6,2,7,10,5,8,12,1,15,3,14]
2289794 [1,7,5,9,4,6,8,2,3]
2289794 [9,7,5,1,3,4,6,2,8]
1363310 [1,2,3,4,5,6,7,8,9,10,11,12,13,14,15,16,17]
1363310 [1,2,3,4,5,6,7,8,9,10,11]
1439546 [6,4,3,7,5,1,9,8,2]
1470346 [3,9,1,2,7,8,4,6,10,5]
1481473 [1,3,4,2,5]
1481473 [1,13,14,5,4,21,9,8,7,11,10,16,6,17,2,15,18,3,20,12,19]
189524 [8,4,6,2,7,5,3,1]
189524 [5,3,2,8,6,7,1,9,4]
244843 [1,2,9,7,5,8,4,10,3,6]
244843 [7,10,3,2,11,8,4,1,6,5,9]
244843 [1,3,2,5,4]
244843 [1,12,13,15,2,16,14,5,10,8,17,11,3,4,9,6,7]
244843 [4,7,9,8,5,1,10,2,3,6]
244843 [33,19,8,7,14,28,10,12,13,1,30,16,26,31,32,24,5,9,4,29,23,20,2,6,3,17,21,27,15,22,11,25,18]
244843 [3,11,9,12,1,10,2,5,4,7,8,6]
244843 [5,2,3,4,6,1]
279396 [7,4,3,2,1,5,6]
376441 [14,2,13,9,16,3,15,1,12,6,4,17,10,7,11,8,5]
1158222 [2,16,15,14,12,9,24,21,18,17,5,8,25,4,22,3,20,7,13,10,1,23,11,19,6]
1158222 [3,6,14,15,10,11,5,2,16,4,8,7,1,13,9,12]
1182135 [7,19,15,6,12,11,10,2,4,9,3,5,1,16,8,13,17,18,14]
1182135 [3,4,1,2,5]
1182135 [7,2,5,6,4,1,3]
1802703 [1,9,2,8,4,6,5,3,7]
1785149 [4,5,16,6,12,1,8,17,2,10,13,7,11,15,9,3,14]
1785149 [2,12,11,3,13,1,6,5,8,4,10,7,9]
1785149 [17,24,9,2,15,3,14,13,7,29,11,4,22,19,26,18,6,8,5,28,16,21,23,12,25,27,1,20,10]
1785149 [8,4,2,3,7,5,1,6]
1785149 [3,15,8,9,10,14,18,2,19,16,7,6,21,12,20,4,13,5,1,11,17]
1785149 [2,7,1,4,3,6,5,8]
1807325 [1,2,3,4,5,6,7,8,9,10,11]
1807325 [1,2,3,4,5,6,7,8,9,10,11,12,13]
1810529 [6,5,1,8,4,2,7,3]
1815262 [3,5,2,4,1]
1863380 [1,2,3,4,5,6,7,8,9,10]
1874962 [9,23,6,12,1,19,4,7,20,11,21,18,2,14,13,10,8,22,3,5,17,15,16]
1948909 [4,5,2,8,11,1,9,10,7,3,6]
1965353 [3,1,4,6,5,2]
1368005 [5,2,6,1,3,4]
2255260 [1,2,3,4,5]
2255260 [1,2,3,4,5,6,7,8,9,10,11,12,13,14,15,16,17,18,19,20]
2296992 [4,2,5,3,1]
2027502 [6,4,2,9,1,8,7,3,5,10]
2027502 [14,13,17,11,3,2,7,12,5,10,15,16,1,9,4,8,6]
456623 [3,1,5,4,2]
456749 [1,6,8,5,3,4,7,2]
476688 [5,2,6,4,3,7,1]
476688 [1,5,3,6,4,2]
477103 [9,4,1,3,6,5,10,7,8,11,2]
479390 [5,4,2,1,3]
2015664 [4,2,3,1,5]
497248 [10,7,2,5,6,4,3,1,9,8]
497248 [5,2,4,3,6,1]
497248 [2,8,5,7,3,4,1,6]
548891 [6,4,3,1,8,5,2,7]
1531241 [10,1,15,24,8,21,28,22,26,13,5,2,9,14,3,20,33,23,6,27,11,32,29,16,4,30,19,17,31,12,7,18,25]
1542939 [6,7,5,4,3,1,2]
1622906 [9,7,6,13,15,12,5,1,17,14,11,2,10,16,8,3,4]
1622906 [3,5,7,6,2,1,4]
1622906 [2,4,6,3,5,1,7]
1645664 [8,1,28,26,2,14,16,22,23,30,24,33,32,13,7,11,27,15,5,10,19,34,20,4,25,12,21,29,3,31,9,6,17,18]
1645664 [2,4,6,3,1,5]
1645664 [1,6,2,4,5,3,7]
1645664 [2,1,5,3,4]
1683484 [2,4,3,1,5]
1693059 [9,8,7,2,5,6,10,3,4,1]
1718838 [9,10,4,7,1,6,3,5,8,2]
1718838 [10,15,13,2,9,6,16,4,5,12,11,7,1,8,3,14]
1718838 [3,6,11,1,7,2,5,4,8,10,9]
1718838 [6,11,5,8,2,9,3,12,4,10,7,1]
1718838 [15,7,12,9,1,3,6,8,11,13,14,10,4,2,5]
1718838 [18,5,27,29,22,24,19,21,28,13,3,31,12,15,6,7,2,25,17,30,11,8,1,23,10,20,14,9,32,4,26,16]
1718838 [17,9,4,8,15,18,7,2,3,6,11,13,5,20,19,1,12,14,16,10]
1718838 [4,1,8,6,3,2,7,5]
1718838 [8,1,7,10,9,3,5,4,2,6,11,12]
1721133 [2,3,1,5,4]
1721133 [7,8,2,3,6,10,9,11,4,1,5]
1721133 [2,10,13,8,4,12,6,5,7,9,11,1,3]
1753136 [1,2,5,3,6,4,7,8]
1753136 [1,7,4,5,2,3,6]
1803121 [5,1,2,4,3]
1803121 [2,4,5,3,1]
1803121 [22,14,25,11,1,2,28,3,31,40,8,24,30,17,16,39,36,9,41,27,32,38,26,21,33,29,37,18,12,15,19,23,13,34,35,20,6,10,4,7,5]
1447473 [1,2,5,4,3]
1480380 [1,6,5,4,3,2]
1703304 [1,2,3,5,4]
1840567 [6,5,2,4,1,3]
1980293 [1,2,3,4,5,6,7,8]
2044604 [5,2,4,3,6,7,1]
2143620 [10,3,17,4,9,26,27,1,21,15,18,29,23,24,33,20,12,31,11,30,32,14,8,28,2,13,6,5,25,34,7,19,22,16]
2143620 [16,6,9,4,11,2,18,5,20,8,1,14,19,3,17,13,10,7,15,12]
1772866 [1,2,3,4,5,6,7,8,9,10,11,12,13,14,15,16,17,18,19]
1772866 [1,2,3,4,5,6,7]
1810529 [4,12,14,9,5,2,1,8,7,6,15,3,11,10,13,16]
1833688 [3,10,1,8,11,14,5,6,7,13,9,4,2,12,15]
1841877 [5,4,25,15,1,2,8,21,14,16,17,7,24,20,23,3,18,11,12,22,13,19,10,9,6]
1841877 [6,7,1,2,4,5,3]
1073931 [5,3,2,6,7,1,4]
1073931 [4,1,2,5,3]
1073931 [1,3,2,6,4,5]
1888687 [1,2,3,4,5,6,7,8,9,10]
1990738 [6,7,4,2,3,1,5]
1990738 [15,5,9,3,4,1,16,11,13,8,2,18,7,6,10,12,14,17]
1990738 [5,2,4,6,1,3]
1990738 [2,1,4,6,5,3,7]
1992863 [16,18,1,17,13,15,8,6,11,5,12,3,7,14,10,2,9,4]
2015664 [3,4,6,2,1,5]
2019514 [2,7,1,4,19,11,9,15,13,14,6,20,17,3,8,5,18,16,10,12,21]
171302 [1,5,2,6,4,3]
171302 [13,7,24,11,10,5,3,23,33,15,19,22,2,6,4,16,20,9,29,26,21,27,12,31,18,17,8,32,14,25,30,1,28]
244218 [4,5,3,1,2]
244218 [8,1,6,4,2,5,7,3]
244218 [5,2,7,6,4,1,3]
244218 [4,5,2,1,3,6,7]
244218 [3,2,4,1,5,6]
244218 [5,8,10,6,2,9,3,1,4,7]
244843 [8,3,14,16,7,22,2,19,1,10,21,15,12,13,6,5,18,4,9,17,11,20]
244843 [6,1,5,4,3,2]
244843 [9,2,38,36,5,24,33,12,7,35,8,11,4,29,1,26,10,37,18,25,13,14,39,28,15,23,16,34,21,17,32,31,30,19,6,27,20,22,3]
244843 [10,5,13,1,15,7,14,17,3,12,8,18,4,20,11,6,19,2,9,16]
244843 [4,1,5,2,3]
244843 [4,9,7,5,8,2,6,1,3]
244843 [10,14,20,8,2,5,19,3,21,23,24,9,1,6,13,7,12,17,18,11,4,16,15,22]
244843 [2,7,9,5,13,12,4,1,10,8,11,6,3,14]
244843 [2,20,15,5,21,6,13,27,17,22,1,25,7,10,3,19,4,24,26,12,14,23,18,8,11,9,16]
268600 [13,18,19,3,14,12,2,7,15,10,9,11,5,8,6,4,1,17,16]
268600 [9,6,10,1,5,7,2,4,3,8]
268600 [5,2,8,6,4,3,1,7]
299355 [14,17,4,18,11,5,13,3,15,12,10,16,8,6,2,1,7,9]
352658 [4,3,6,2,7,1,5]
425706 [11,13,18,23,3,15,5,10,2,21,24,25,4,17,14,27,19,22,26,6,12,20,16,9,1,8,7]
2422795 [4,5,1,7,3,8,9,6,2]
2436049 [4,1,2,3,5]
2440251 [1,2,3,4,5,6,7,8,9,10,11,12,13]
2440251 [1,2,3,4,5,6,7,8,9,10,11,12,13]
1918494 [11,7,3,5,6,1,2,10,8,4,9]
1918494 [17,11,18,10,20,3,9,6,14,1,8,5,12,4,2,19,16,7,13,15]
1918494 [1,3,5,2,4]
1932946 [24,22,12,2,3,4,23,15,19,9,8,20,13,1,5,21,7,16,25,11,18,6,10,14,17]
1932946 [45,17,32,8,57,52,48,55,34,22,12,40,30,24,2,29,33,19,7,47,14,50,15,18,51,54,20,49,44,43,53,13,11,10,1,37,39,28,36,3,9,16,46,27,25,31,5,35,6,56,21,38,26,42,23,4,41]
1907146 [9,7,3,5,2,6,1,4,8]
1907146 [5,13,6,8,3,11,12,1,2,4,7,9,10]
1907146 [3,1,2,5,4]
1907146 [2,1,5,3,4]
1907146 [4,6,2,3,1,5]
1907146 [3,2,1,4,5]
1930942 [2,5,1,3,4]
1930942 [5,11,19,15,6,9,2,10,4,8,7,13,18,17,20,12,3,1,16,14]
1930942 [29,19,21,14,23,27,20,17,16,8,22,25,5,7,13,10,2,24,4,26,11,18,3,28,9,15,31,32,30,1,12,6]
2212062 [8,7,10,9,6,3,2,4,5,1]
1856951 [5,10,12,1,3,4,2,7,8,11,6,9]
1856951 [8,3,1,5,7,4,6,2]
1856951 [2,3,6,4,5,1]
1886898 [13,17,34,11,31,8,7,27,4,28,15,35,12,21,30,36,5,10,32,6,33,29,3,1,19,9,2,24,20,18,25,26,23,16,14,22]
1886898 [7,6,10,8,1,9,12,2,11,4,3,5]
1886898 [3,5,2,4,1]
1907146 [9,8,6,5,7,3,1,4,2]
2091506 [2,10,3,5,4,1,9,8,6,7,11]
2306684 [10,5,3,1,11,7,9,8,4,6,2]
2326725 [2,7,4,6,1,3,5]
2326725 [9,6,3,13,11,10,5,14,8,12,2,7,4,1]
2326725 [2,4,8,7,5,10,6,9,3,1]
2326725 [1,8,7,2,17,18,6,11,19,15,5,3,10,13,14,12,16,4,9]
2326725 [12,3,24,5,11,9,19,14,4,20,16,17,23,18,1,10,22,2,8,21,7,6,15,13]
37232 [15,54,8,41,26,28,29,49,36,18,42,53,3,16,13,52,31,24,30,21,9,7,11,34,20,38,43,5,2,32,39,33,6,55,25,23,48,1,40,51,4,44,14,46,12,47,50,45,10,22,19,27,37,17,35]
61977 [4,1,5,2,6,3]
509450 [4,1,2,3,5]
831059 [5,3,1,2,4]
1552171 [4,2,3,5,1]
2566955 [5,1,9,10,6,7,4,3,8,2]
2566955 [11,4,8,1,9,2,6,3,10,5,7]
98255 [7,2,6,1,4,5,3]
2439350 [3,2,7,1,4,6,5]
2440251 [1,2,3,4,5,6,7,8,9,10,11,12,13,14,15,16,17,18,19,20,21,22]
2440251 [1,2,3,4,5,6,7,8,9,10,11,12,13,14,15,16,17,18,19,20,21,22,23]
2440251 [1,2,3,4,5,6,7,8,9,10]
2440251 [1,2,3,4,5,6,7,8,9,10,11,12,13,14]
2440251 [1,2,3,4,5,6,7,8,9]
2440251 [1,2,3,4,5,6,7,8,9,10,11,12,13,14,15,16]
2564495 [1,2,4,6,5,3]
402756 [11,14,2,10,3,8,12,15,9,7,4,6,5,1,13]
402756 [3,2,1,5,4]
1856951 [3,5,1,6,4,2]
1856951 [1,7,5,4,6,2,3]
1856951 [14,3,2,7,1,16,6,12,5,4,11,15,10,13,8,9]
1856951 [2,6,8,1,3,4,5,7]
2044604 [8,2,3,4,5,1,6,7,10,9]
2044604 [1,5,4,7,8,9,6,3,2]
2301568 [7,12,11,5,3,10,13,4,2,9,1,8,6]
2405181 [1,2,3,4,5]
2439350 [8,5,4,9,6,7,1,10,3,2]
2439350 [7,8,1,3,9,2,4,6,5]
2439350 [4,6,1,3,2,5,7]
2439350 [6,9,7,3,10,8,4,11,1,5,2]
2439350 [3,6,1,4,5,2]
2442769 [6,9,7,4,8,3,1,5,2]
2490461 [1,2,3,4,5,6,7]
2490461 [1,2,3,4,5,6,7,8,9,10,11]
2490461 [1,2,3,4,5,6,7]
2505050 [1,2,5,4,3]
2505050 [2,5,3,4,1]
2505050 [6,4,5,3,8,2,1,7,9]
2540950 [5,9,14,6,7,1,8,13,3,11,2,10,12,4,15]
2516014 [3,4,5,2,1,6]
2516014 [5,4,1,3,2]
755981 [5,4,3,2,1]
784053 [11,13,4,12,1,10,7,8,15,6,3,5,2,9,14]
784053 [23,24,13,10,7,8,18,1,16,20,28,25,9,2,21,19,3,17,12,27,5,11,29,22,6,15,4,14,26,30]
1007544 [3,4,1,5,2]
1331272 [4,3,6,1,5,2]
1331272 [6,10,2,9,11,3,8,7,1,5,4]
1331272 [13,5,6,4,11,7,9,8,3,10,12,2,1]
1331272 [1,8,4,7,5,9,2,10,11,6,3]
1331272 [2,5,1,4,3]
1331272 [3,2,5,1,4]
1331272 [19,6,15,10,23,2,8,17,4,20,11,1,18,16,26,9,21,7,24,14,13,12,22,25,5,3,27]
1331272 [8,10,12,9,11,2,4,5,6,7,1,3]
1331272 [8,9,3,13,5,10,2,7,11,1,4,14,6,12]
1331272 [4,5,7,1,6,8,2,3]
1500590 [4,5,6,3,2,1]
1930942 [2,12,15,21,7,29,20,4,22,26,25,18,27,14,24,30,6,11,1,13,33,23,9,28,34,16,8,5,32,31,17,19,10,36,3,35]
1930942 [13,6,3,1,5,7,11,8,9,2,4,10,12]
2091506 [6,12,11,7,10,4,5,2,8,9,1,3]
2091506 [12,1,10,9,2,4,3,6,8,11,14,5,13,7]
2472443 [10,9,4,7,1,2,3,5,6,8]
2524240 [4,1,10,8,3,7,11,9,5,6,2]
1199486 [1,2,3,4,5,6,7]
1218901 [1,9,8,2,7,6,5,3,4]
1218901 [1,6,17,13,14,5,7,10,9,4,8,15,11,2,12,3,16]
1248913 [2,6,8,1,3,9,4,7,5]
1248913 [8,2,10,5,9,3,7,6,1,4]
1253390 [1,4,8,5,2,3,7,6]
1253390 [7,5,2,6,3,1,4]
1259481 [1,2,3,4,5,6]
1297999 [16,8,4,9,23,27,31,15,34,19,29,24,11,6,30,18,12,5,35,36,39,32,2,14,22,26,13,37,33,10,3,25,17,38,20,21,28,1,7]
1320533 [1,3,5,6,7,2,4]
1320533 [6,7,4,12,1,13,15,14,10,2,9,11,5,3,8]
1401252 [1,2,3,4,5]
1405440 [1,2,3,4,5,6,7,8,9,10,11,12,13,14]
1405440 [1,2,3,4,5,6,7,8,9,10,11,12,13,14,15,16,17,18,19,20,21,22,23,24,25,26,27,28,29,30]
1412107 [14,5,15,13,2,10,16,17,12,11,4,3,6,7,9,1,8]
1428063 [7,10,2,1,6,12,9,8,5,11,4,3]
1447473 [7,5,11,9,4,8,2,13,10,1,12,14,6,3]
1450284 [36,39,43,38,3,44,11,31,13,4,9,10,17,41,6,32,7,37,42,22,23,33,16,40,19,21,30,45,8,28,14,29,26,25,2,35,34,18,15,1,5,20,12,24,27]
1450284 [3,9,8,7,6,5,2,1,4]
1450284 [2,1,3,5,7,9,6,8,4]
60557 [1,2,3,4,5,6,7,8,9,10,11,12,13,14,15,16,17,18,19,20,21,22,23]
81492 [10,5,8,9,2,11,1,6,7,3,4]
81492 [4,6,7,3,1,5,2]
81492 [6,7,3,4,11,8,9,2,5,12,1,10]
81492 [75,43,55,45,65,73,56,54,21,4,40,27,6,50,72,10,49,44,57,26,17,29,9,70,36,19,46,61,69,25,35,63,30,15,32,60,33,51,42,13,24,38,18,11,28,67,71,64,14,48,34,20,7,23,31,68,16,74,22,66,47,3,8,58,59,39,1,62,12,53,5,37,52,41,2]
359361 [4,5,6,2,14,15,10,11,7,13,8,3,1,9,12]
359361 [4,5,6,3,1,2]
359361 [5,2,8,7,3,1,9,10,6,4]
463733 [1,4,5,2,3]
463733 [7,10,5,11,6,4,9,1,2,8,3]
463733 [12,28,11,19,3,6,2,29,10,8,22,23,26,30,5,31,25,20,32,18,1,24,4,27,17,13,21,9,14,16,7,15]
2245724 [1,5,6,18,9,16,12,11,2,7,3,10,14,17,15,8,4,13]
2245724 [4,5,6,1,2,3]
2261018 [8,9,13,15,4,14,2,11,5,6,16,18,7,3,10,17,1,12]
2291343 [4,5,11,10,2,9,7,6,3,8,1]
1221502 [6,3,12,1,5,11,7,10,9,4,8,2]
1221502 [6,5,2,3,4,1,9,13,7,12,8,11,10,14]
1221785 [1,2,3,4,5,6,7,8,9]
1473460 [7,5,1,6,3,4,2]
1480380 [20,10,11,25,1,5,14,23,26,27,15,12,3,16,4,9,6,17,19,8,28,13,18,7,22,2,21,24]
1561074 [28,33,20,29,2,36,12,5,3,30,15,11,24,16,22,26,7,14,6,25,34,1,35,13,9,18,10,19,32,23,21,17,8,31,27,4]
1686565 [3,6,4,1,5,2]
1686565 [10,12,8,1,3,7,2,11,4,6,9,5]
1686860 [53,47,22,65,9,57,30,68,8,61,6,4,15,25,60,18,51,41,69,32,34,20,13,54,72,49,48,40,23,66,50,3,33,26,19,62,31,16,27,7,63,17,64,52,67,1,71,46,29,11,45,5,39,37,56,10,36,28,70,38,12,44,14,42,24,43,73,55,35,2,59,21,58]
1686860 [24,27,9,26,20,22,5,13,12,29,6,23,18,19,25,32,11,8,14,10,30,4,1,17,15,21,31,7,2,3,16,28]
1686860 [17,14,2,6,8,22,11,16,3,5,4,12,7,19,10,1,15,21,18,9,20,13]
1686860 [4,27,24,16,19,12,1,28,15,23,9,17,25,26,6,11,14,22,13,7,29,20,3,21,5,18,8,10,2]
1686860 [14,2,20,8,4,30,11,33,35,10,3,23,6,36,25,32,29,18,24,9,27,21,31,26,5,7,13,12,16,1,15,28,19,22,34,17]
1686860 [2,4,6,5,3,7,1]
1688620 [9,5,4,7,1,8,2,3,6]
1688620 [13,14,3,19,16,8,5,4,10,9,6,12,18,2,11,15,7,1,17]
1688620 [3,10,8,7,1,4,14,2,13,11,5,12,9,6]
1738862 [1,2,3,4,5,6,7]
1738862 [1,2,3,4,5,6,7,8,9,10,11]
2027502 [2,1,5,4,8,7,3,6,9]
2027502 [2,3,5,4,1]
2027502 [3,2,5,1,4]
2027502 [5,4,2,3,1]
2185613 [1,4,6,5,11,7,2,9,10,8,3]
2314156 [1,2,3,4,5,6,7,8,9,10,11,12,13,14,15,16,17,18,19,20,21,22,23,24,25,26,27,28,29,30,31,32,33,34,35,36,37,38,39,40,41,42,43,44,45,46,47,48,49,50,51,52,53,54,55,56,57,58,59,60,61,62,63,64,65,66,67,68,69,70,71,72,73,74,75,76,77,78,79,80]
463733 [4,1,6,5,3,2]
463733 [6,2,5,4,7,3,1]
453717 [5,16,6,14,1,9,7,4,18,10,8,17,12,15,3,2,13,11,19]
1448312 [2,3,5,6,7,4,1]
1542756 [12,6,1,15,11,13,4,14,9,7,3,2,10,5,8]
1907146 [15,8,16,5,7,13,14,24,1,26,18,22,10,20,3,17,11,23,2,19,6,9,4,25,21,12]
1686996 [4,3,6,1,8,2,5,7,9]
1697436 [3,2,5,4,6,1]
1697436 [8,20,12,17,15,4,1,10,16,11,3,18,9,6,14,13,5,19,2,7,21]
1697436 [11,7,6,1,8,3,9,5,10,4,2]
1848398 [1,2,3,4,5,6,7,8]
43932 [6,5,4,3,1,2]
50306 [1,3,5,2,4,7,8,6]
26594 [12,7,4,2,9,1,11,6,8,5,3,10]
81492 [10,5,4,6,8,2,7,1,9,11,12,3]
81492 [6,1,5,4,2,3]
81492 [1,3,6,4,2,5]
82733 [3,5,2,8,4,10,1,7,6,9]
82733 [1,2,5,4,6,3]
82733 [9,6,8,4,2,7,3,1,5]
96063 [7,2,1,4,6,5,3]
117584 [1,2,3,4,5,6,7,8,9,10,11]
117584 [1,2,3,4,5,6,7,8,9,10,11,12,13,14,15,16,17,18,19,20,21,22,23,24]
60557 [1,2,3,4,5,6]
81492 [3,1,4,5,2,6]
1840209 [9,14,10,11,5,3,2,16,4,8,1,13,12,6,7,15]
171559 [6,19,11,8,14,15,12,18,7,4,3,2,13,17,5,16,9,1,10]
182355 [1,3,5,2,4,6]
182355 [5,2,6,3,1,4]
182355 [2,3,7,5,1,6,4]
240435 [1,2,5,3,4]
433902 [22,13,14,1,19,12,15,24,17,4,5,8,23,6,21,18,2,20,3,9,7,10,11,16]
433902 [10,5,8,18,12,21,11,20,4,19,15,3,13,2,7,17,6,16,14,1,9]
433902 [12,2,14,7,5,10,1,15,6,9,13,8,11,4,3]
433902 [2,18,13,9,4,20,5,3,14,16,17,7,1,12,8,6,15,10,19,21,11]
433902 [7,1,8,11,4,2,9,3,12,10,5,6]
433902 [16,9,5,12,4,8,17,11,7,6,13,3,18,14,1,10,19,2,15]
433902 [4,7,1,24,5,10,18,23,14,21,16,9,20,3,8,6,2,19,11,13,17,12,15,22]
433902 [18,9,12,19,16,1,2,4,11,15,7,6,13,10,14,8,17,5,20,3]
458124 [2,5,1,4,3]
462509 [3,1,2,4,5,8,7,12,6,11,9,10]
1544764 [1,2,3,4,5,6]
1544764 [1,2,3,4,5,6,7,8,9,10,11,12,13,14]
333499 [1,2,3,4,5,6]
333499 [1,2,3,4,5,6]
338752 [22,30,12,32,3,21,13,1,27,28,11,29,34,7,17,10,18,20,4,2,14,19,5,25,9,31,35,8,33,16,15,6,24,26,23]
151601 [2,8,4,6,7,5,3,1]
151601 [6,49,5,33,47,1,37,18,16,21,53,17,50,45,8,51,9,23,38,28,26,40,34,44,2,41,3,14,48,20,43,22,12,29,10,36,39,11,19,32,15,13,35,30,4,52,31,46,27,7,42,24,25]
151601 [3,5,2,4,1,6]
151601 [6,4,2,5,1,3]
299355 [11,4,6,8,7,12,3,13,9,2,10,5,1]
1976045 [3,8,7,5,6,9,4,2,10,1]
1976045 [26,22,5,36,15,35,33,28,17,2,25,14,21,18,20,24,13,34,32,27,19,11,30,12,10,16,31,3,4,29,6,9,37,38,8,7,1,23]
1976045 [2,3,8,1,5,6,10,9,7,11,4,12]
1992684 [9,1,14,8,7,16,17,12,3,4,6,2,5,18,10,11,13,15]
1687310 [1,3,5,2,6,7,8,4]
1687310 [13,12,2,16,25,36,10,1,30,14,20,29,37,27,11,9,15,8,31,19,26,24,4,32,6,38,21,5,33,17,28,35,3,18,7,34,22,23]
1687310 [5,9,17,6,4,14,13,2,3,7,18,1,12,15,10,16,8,11]
1833688 [4,1,3,6,5,2]
1833688 [5,12,9,3,4,8,13,10,2,11,1,7,6]
1833688 [5,1,2,4,3]
1918494 [4,2,5,7,6,3,1]
600206 [4,2,5,3,1]
519303 [1,2,3,4,5]
521351 [3,4,2,1,5]
521351 [2,6,8,1,7,4,5,3,9]
521351 [3,1,4,6,7,5,2]
521351 [3,6,7,5,4,1,2]
521351 [10,15,11,6,7,14,4,5,3,8,2,1,9,12,13]
553940 [15,9,6,14,5,7,4,8,13,11,2,3,1,12,10]
559866 [17,4,7,8,1,5,12,2,3,18,9,10,14,16,13,15,6,11]
559866 [6,10,9,1,4,8,11,2,7,5,3]
553940 [10,1,5,9,2,3,6,8,7,4]
285619 [9,7,6,3,1,5,2,10,8,4]
285619 [3,9,12,1,17,5,13,2,11,6,7,16,15,10,4,14,8]
285619 [8,9,5,7,4,2,1,3,6,10]
285619 [27,15,25,10,1,20,22,16,30,8,11,19,12,14,28,29,3,21,17,9,26,13,5,6,18,7,4,2,24,23]
289998 [2,4,5,6,3,1]
621402 [3,6,1,5,4,2,7]
732486 [5,2,4,1,3]
761909 [1,2,3,4,5,6,7,8]
1593535 [6,3,7,1,5,2,4,8]
1602934 [9,11,12,4,7,13,14,1,3,15,10,8,5,2,6]
117584 [1,2,3,4,5,6,7,8,9,10,11,12,13,14,15,16,17,18,19,20,21,22,23,24,25,26,27,28,29,30,31,32,33,34,35,36,37,38,39,40,41]
117584 [1,2,3,4,5,6,7,8,9,10,11,12,13]
1029687 [5,3,6,4,7,1,2]
1153336 [11,4,6,12,10,9,2,5,1,7,3,8]
29497 [7,2,5,1,3,6,4]
29497 [1,4,2,3,5]
875869 [5,4,2,10,14,12,8,11,9,13,6,1,3,7]
886194 [1,2,3,4,5,6]
958682 [1,2,3,4,5]
958682 [1,2,3,4,5,6]
958682 [1,2,3,4,5,6]
960555 [1,2,3,4,5,6,7,8]
1048048 [1,2,3,4,5,6,7,8,9,10,11,12,13,14,15,16,17,18,19,20,21,22,23,24,25,26,27,28,29,30,31,32,33,34,35,36,37,38,39,40,41,42,43,44,45,46,47]
1071529 [4,2,6,8,3,7,5,1,9]
1090625 [18,17,23,10,14,15,13,8,1,3,7,6,4,20,19,2,12,5,9,24,22,11,21,16]
1090625 [6,12,15,21,24,18,16,19,11,13,23,7,2,25,3,8,22,17,20,5,1,10,4,14,9]
1090625 [5,3,1,6,4,2]
1090625 [6,13,30,19,10,31,26,27,9,4,16,11,2,24,29,8,1,23,14,12,5,7,18,22,20,25,21,15,3,17,28,32]
1090625 [5,7,6,2,8,1,3,4]
346921 [3,2,1,5,6,4]
350265 [10,13,17,6,9,16,11,14,4,3,7,18,15,1,12,5,8,2]
350265 [2,1,5,4,3]
1275613 [1,8,5,4,6,7,2,3]
1282945 [1,2,3,4,5,6]
1282945 [1,2,3,4,5,6,7,8,9,10,11]
352658 [2,1,6,4,3,5]
376441 [6,4,11,3,7,2,13,15,1,14,9,10,5,16,12,8,17]
425689 [1,11,6,2,10,8,3,9,4,7,5]
425689 [1,2,3,5,4]
438300 [1,4,3,2,5]
1012145 [1,2,3,4,5,6,7,8,9,10]
1012145 [1,2,3,4,5,6,7]
1012145 [1,2,3,4,5,6,7,8,9,10,11,12,13,14,15,16,17,18,19,20,21,22,23,24]
1012145 [1,2,3,4,5]
812371 [1,2,3,4,5,6,7,8,9,10,11,12,13,14,15,16,17,18]
965694 [1,2,3,4,5]
965694 [1,2,3,4,5,6,7]
965694 [1,2,3,4,5,6,7,8,9,10,11,12,13,14,15,16,17,18,19,20,21,22,23,24,25,26,27,28,29,30,31,32,33,34,35,36,37,38,39,40]
965694 [1,2,3,4,5,6,7,8,9,10,11,12,13,14,15,16,17,18,19,20,21,22,23,24,25,26,27,28,29,30,31,32]
971837 [5,3,2,1,4]
1020886 [2,1,5,3,6,4]
615468 [7,11,8,5,9,12,3,13,1,10,4,6,2]
615468 [1,6,4,9,10,5,2,11,7,3,8]
615468 [1,3,4,10,7,11,9,6,5,2,8]
615468 [2,5,8,15,3,10,14,9,4,12,13,1,16,7,6,11]
615468 [5,3,1,4,7,8,2,6]
616502 [2,4,3,5,1]
621402 [6,5,1,9,8,4,3,7,2]
852601 [2,4,1,5,7,3,6]
852601 [4,7,3,1,2,5,6]
859097 [3,2,5,4,1]
551337 [7,8,2,5,4,10,9,12,1,3,6,11]
551337 [2,1,6,3,5,4]
551337 [5,9,7,1,3,2,8,4,6]
551337 [2,11,5,14,1,9,13,12,7,10,8,4,6,3]
560973 [7,2,4,5,1,3,9,8,6]
560973 [4,2,5,1,3,6,7]
1139265 [3,7,4,8,1,2,5,6,9]
1298261 [1,2,3,4,5]
1302220 [5,3,2,1,4]
1302220 [5,6,3,1,2,4,7]
1302220 [5,4,2,3,1]
1302220 [2,7,3,6,5,9,4,1,8]
1314325 [12,7,20,2,3,24,11,8,15,5,14,10,25,28,18,23,19,4,16,21,27,26,22,9,13,6,1,17]
1314325 [3,7,1,2,5,6,4,8]
1314325 [7,4,1,2,5,8,3,6]
1314325 [10,7,3,9,2,6,4,8,11,5,1]
1047632 [7,8,6,4,9,10,3,5,1,2]
1047632 [1,5,3,4,2]
1047632 [8,5,2,1,3,4,7,6]
1377811 [6,1,3,4,2,5]
1377811 [5,4,2,1,8,7,6,3]
1377811 [5,3,4,7,6,1,2]
847416 [2,5,3,1,4]
847416 [1,6,4,3,2,5,7]
1952887 [7,1,5,3,4,6,2]
1952887 [3,1,5,4,2,6]
467813 [7,9,4,2,3,14,11,13,1,6,12,5,10,8]
467813 [3,2,4,6,1,5]
467813 [9,1,2,10,5,8,6,3,7,4]
469460 [7,6,2,5,4,1,3]
469460 [6,1,5,3,4,2]
476688 [2,6,1,7,5,8,3,4]
476688 [3,4,1,2,6,5]
477103 [11,13,4,6,1,7,2,5,8,10,9,12,3]
477103 [7,11,1,10,4,8,6,3,5,2,9]
935922 [4,2,3,5,1]
1542939 [4,2,3,5,6,1]
1542952 [7,4,5,3,8,2,1,6]
1561074 [12,2,11,1,8,7,6,9,3,4,10,5]
1230927 [6,1,4,2,3,5]
1230927 [1,4,3,5,2]
1230927 [4,13,3,15,2,7,20,17,21,5,16,23,9,19,14,1,11,26,24,8,18,10,12,6,25,22]
1230927 [22,24,8,20,16,5,25,13,4,14,9,15,11,23,27,6,26,19,28,17,21,1,7,18,2,3,10,12]
2468575 [1,9,6,2,4,8,3,7,5]
2468575 [2,6,3,8,5,4,7,1]
1648179 [1,2,3,4,5,6,7,8,9,10]
1657590 [2,3,5,6,1,4]
1663301 [1,2,3,4,5,6,7,8,9,10]
1902894 [5,8,6,7,2,1,3,4]
1514042 [1,4,5,3,2]
1515900 [6,1,13,14,15,3,2,5,18,7,12,11,10,17,9,16,4,19,8]
1515900 [2,1,8,3,13,15,14,6,16,7,4,12,9,5,11,10]
1515900 [2,4,5,8,10,12,17,1,14,18,6,9,13,7,16,15,3,11]
2122044 [1,4,5,2,3,7,6]
822771 [2,17,22,12,19,18,3,1,15,16,13,14,7,10,6,9,20,21,4,11,8,23,5]
822771 [2,1,3,6,4,7,5]
839229 [1,2,3,4,5,6,7,8]
1706553 [5,6,4,2,1,3]
1888545 [1,3,2,4,5]
1562408 [16,8,10,2,6,15,9,14,1,12,7,4,3,11,5,17,13]
1562408 [15,16,12,13,2,14,8,10,9,3,4,7,5,6,19,17,1,11,18]
1562408 [10,2,8,4,6,1,5,9,3,7]
1562408 [2,3,5,6,4,1]
1568487 [1,2,3,4,5,6,7,8,9,10,11,12,13]
1568487 [1,2,3,4,5]
1568487 [1,2,3,4,5,6,7,8]
1572176 [1,2,3,4,5,6]
1572176 [1,2,3,4,5,6,7,8,9,10,11,12,13,14]
1119343 [6,1,7,8,2,4,3,5]
1119343 [2,17,7,20,3,19,13,10,21,18,11,6,8,4,1,9,12,5,15,16,14]
1119343 [4,5,8,9,1,3,6,7,2]
1119343 [7,5,3,6,4,2,1]
1119343 [2,8,7,4,3,1,5,6]
1131819 [3,5,4,2,1]
1131819 [4,5,2,3,1]
2143620 [8,7,4,2,6,3,5,1]
867679 [11,8,14,3,12,5,7,1,9,10,6,2,13,4]
1785149 [1,3,7,12,5,2,10,13,4,15,6,14,16,11,8,18,9,17]
2044604 [1,5,3,2,6,4]
2226651 [2,7,1,3,6,5,4]
2233002 [17,2,13,5,14,6,15,11,10,1,4,12,9,3,8,16,7]
2233002 [1,6,4,7,5,3,2]
1974470 [6,8,3,4,5,1,2,7]
1974470 [5,2,4,3,1]
2067168 [1,2,3,4,5,6,7,8,9,10,11]
2067168 [1,2,3,4,5,6,7,8,9,10,11]
2242701 [5,1,2,3,4]
2242701 [3,1,2,4,6,5]
2272218 [1,2,3,4,5,6,7,8,9,10,11]
2272218 [1,2,3,4,5,6,7]
2094831 [1,2,3,4,5,6,7,8,9,10,11,12,13,14]
1833688 [3,2,5,4,1]
2221814 [4,1,5,3,2]
2221814 [5,6,1,3,4,2]
2221814 [1,3,2,5,4]
2221814 [5,6,3,1,4,2]
2236439 [2,5,6,4,3,1]
2245724 [2,15,7,18,6,16,3,14,1,11,22,5,27,4,19,9,25,8,24,12,26,20,10,28,13,23,21,17]
1439546 [7,2,3,1,4,5,8,6]
1439546 [3,1,4,6,5,2]
1449688 [2,5,7,4,6,3,9,8,1]
1449688 [2,3,4,6,1,5]
1449688 [9,7,8,2,3,5,4,1,6]
1105810 [3,6,1,5,4,2]
1131819 [1,6,2,4,3,5]
135488 [6,5,4,1,3,2]
182074 [23,34,28,35,14,25,33,12,11,24,21,13,1,10,32,27,16,29,22,17,20,2,7,30,8,37,4,9,5,15,6,31,26,18,36,19,3]
1974260 [1,17,2,9,8,15,16,6,20,3,12,18,13,21,10,14,7,19,5,4,11,22]
1992684 [2,10,13,7,5,6,3,11,12,4,8,9,1]
2190812 [4,3,6,2,5,1]
2199061 [5,12,4,9,7,11,6,1,8,2,3,10]
631807 [9,6,4,10,8,13,11,12,7,3,1,2,5]
631807 [5,2,1,6,4,3]
847416 [7,2,4,3,6,1,5]
1514088 [5,6,2,1,3,4]
1636133 [16,3,29,26,22,24,14,18,9,25,1,23,19,21,10,11,6,20,15,5,13,27,7,28,12,8,17,2,4]
329462 [5,20,3,8,17,21,19,11,18,6,1,12,9,24,16,15,22,14,10,13,7,2,4,23]
463733 [6,3,2,1,5,4]
1654428 [19,8,6,5,10,4,11,3,17,18,26,2,14,7,21,1,16,25,20,15,23,12,24,13,27,22,9]
1762880 [10,3,9,4,6,2,7,1,11,8,5]
1762880 [6,20,8,10,15,4,19,9,16,17,3,14,12,13,5,2,18,11,7,1]
1762880 [7,9,13,15,16,10,14,4,1,3,2,8,5,6,12,11]
1762880 [5,4,6,3,1,9,2,7,11,10,8]
1762880 [11,13,14,3,12,1,5,6,9,10,8,4,7,2]
1762880 [34,10,39,18,16,40,22,30,11,38,6,27,3,29,7,21,9,43,23,2,15,5,45,33,12,32,1,37,24,35,20,42,19,17,28,41,31,36,13,25,4,14,8,26,44]
1762880 [6,4,1,8,2,9,3,5,7]
1762880 [1,10,9,7,8,5,3,2,6,4]
1577231 [22,11,34,20,17,1,26,19,12,18,32,9,31,23,15,37,8,16,13,35,33,10,25,2,27,40,14,30,38,28,3,7,36,5,4,24,6,41,21,29,39]
1942669 [1,2,3,4,5]
2150451 [3,6,1,2,7,4,5]
1930942 [4,3,5,1,2]
1647768 [3,9,14,12,16,17,8,13,6,2,10,1,5,15,4,7,11,18]
1718838 [5,4,3,1,2]
1718838 [2,8,5,4,1,7,3,6]
1734750 [2,3,4,5,6,7,1]
1901483 [6,4,5,1,2,3]
1901483 [22,20,13,16,23,14,24,4,5,19,6,7,2,8,18,21,12,26,17,27,9,3,11,1,15,10,25]
1901483 [6,5,7,1,9,3,8,4,2]
1901483 [1,3,4,2,5]
1901483 [2,6,3,4,5,1,7]
1901483 [10,9,7,12,18,8,13,19,5,6,1,3,2,11,4,15,16,14,17]
1901483 [6,1,4,3,5,2]
1246374 [6,1,4,3,5,2]
1248618 [1,2,3,4,5]
1248913 [6,5,1,7,2,4,3]
1012145 [1,2,3,4,5]
1562408 [2,6,17,9,16,13,11,10,4,7,1,12,3,14,15,8,5]
1562408 [12,6,7,14,10,4,15,5,3,2,11,13,16,1,8,9]
1563464 [21,3,1,8,26,11,5,20,14,19,17,6,15,22,13,18,23,7,16,27,12,2,10,25,9,4,24]
1563464 [11,6,9,5,1,8,7,13,2,10,12,3,4]
1563464 [4,3,6,7,5,1,2]
1955113 [5,4,1,6,2,7,3]
583610 [6,1,8,2,3,7,4,5]
1923897 [5,7,2,1,6,3,4]
1952887 [2,6,1,5,4,3]
1952887 [5,12,17,16,19,6,11,8,3,18,15,13,7,14,9,1,4,2,10]
1956329 [2,3,4,1,5,6]
1961735 [15,11,8,2,12,7,17,9,10,1,14,3,16,13,6,5,4,18]
1970644 [6,5,4,8,3,9,1,7,2]
1992863 [4,1,5,6,2,3]
2385834 [4,5,2,1,3]
2385834 [6,3,7,1,5,8,4,2]
2385834 [7,9,14,3,15,13,4,16,10,1,17,12,6,8,11,2,5]
1218901 [25,17,14,10,15,1,2,20,11,22,12,13,16,18,19,3,6,23,24,7,8,5,21,4,9]
1218901 [3,8,9,6,10,2,5,7,1,4]
1218901 [3,2,1,5,4]
1218901 [1,4,12,14,10,9,3,2,5,15,8,11,7,6,13]
1221502 [13,9,6,10,3,4,7,11,12,1,14,5,8,2]
1221502 [9,7,3,5,8,10,2,4,6,1]
1221785 [1,2,3,4,5]
1923297 [2,1,5,4,3]
1353550 [4,5,2,7,6,1,3,8]
1880810 [9,7,3,13,4,11,2,16,8,1,14,6,15,10,5,12]
1880810 [8,2,5,9,1,4,6,7,3]
1880810 [7,8,3,2,5,4,6,1,9]
1880810 [13,6,7,11,3,12,8,4,5,9,10,1,2]
1880810 [3,9,5,2,6,1,7,10,8,4]
1880810 [4,14,3,9,6,5,7,10,11,2,12,8,13,1,15]
1880810 [4,5,7,9,2,3,1,6,10,8]
1880810 [3,6,5,9,2,1,7,8,4]
1880810 [3,7,2,4,1,6,5]
1880810 [4,9,5,2,7,1,8,6,10,3]
1778414 [10,3,9,7,8,4,1,5,6,2]
1778414 [2,5,1,6,3,4]
1778414 [7,1,2,4,3,6,5]
2052088 [6,2,4,3,1,5]
2062002 [4,9,7,3,5,1,10,6,8,2]
2062002 [6,8,5,7,10,2,1,11,3,9,4]
1369252 [8,9,6,2,10,11,3,1,4,7,5]
1397437 [5,13,1,4,6,14,7,11,17,8,9,12,3,15,16,10,2]
1399073 [1,2,3,4,5,6,7,8,9,10,11,12,13,14,15,16,17,18,19,20,21,22,23,24]
1401252 [1,2,3,4,5,6,7,8,9,10,11,12,13,14,15,16,17,18,19,20,21,22,23,24,25,26,27,28,29]
1447473 [9,10,7,32,33,20,29,35,19,42,48,52,40,3,50,34,46,51,14,41,44,39,17,13,22,30,5,36,8,47,26,16,28,38,4,45,18,6,25,11,2,21,12,24,1,54,53,23,31,49,15,37,27,43]
1447473 [2,6,1,3,5,4]
1447473 [5,14,13,3,7,12,9,11,10,2,6,1,8,4]
1470346 [2,6,5,1,4,3]
1498918 [5,3,1,7,4,2,6]
1511070 [13,37,36,31,7,23,11,34,19,28,45,20,42,35,33,47,43,25,52,38,41,44,50,15,12,16,51,46,3,5,17,8,6,9,27,14,1,40,21,30,18,48,39,26,49,32,4,24,10,29,2,22]
1511070 [3,1,5,7,2,4,6]
1534975 [1,2,3,4,5,6,7,8,9,10,11,12,13,14,15,16,17,18,19,20,21,22,23,24,25,26,27,28,29,30,31,32]
1534975 [1,2,3,4,5]
1563464 [2,13,12,1,4,16,10,6,17,9,11,3,15,18,7,14,19,8,20,5]
1563464 [7,5,4,2,9,6,8,3,10,1]
1563464 [23,7,3,21,20,16,11,18,12,9,4,13,10,2,15,8,14,1,5,17,6,22,19]
1563464 [3,5,10,11,1,6,7,2,8,4,9]
1563464 [19,17,28,30,24,15,12,10,34,25,3,1,11,32,36,27,21,23,26,13,9,2,22,31,18,35,14,4,7,6,29,8,20,16,5,33]
1014041 [1,2,3,4,5]
1066016 [5,2,1,4,3]
1074381 [1,2,3,4,5,6,7,8,9,10,11,12,13,14,15,16,17,18,19,20,21,22]
1074381 [1,2,3,4,5,6]
2415367 [2,3,5,4,1]
2415367 [6,5,4,1,2,7,3]
2436485 [3,13,2,15,1,9,14,11,4,6,8,5,10,12,7]
411733 [5,4,3,2,1]
661583 [5,2,6,1,3,4]
661583 [2,3,5,4,1]
665079 [3,2,6,1,5,4]
1984028 [5,2,3,1,4]
1984028 [9,4,7,10,5,15,13,6,8,11,3,12,2,1,14]
2143620 [2,1,6,3,5,4]
2524240 [4,5,3,1,2]
841580 [37,11,34,42,39,32,31,22,16,6,23,17,2,29,21,13,40,10,15,26,8,27,24,18,12,30,36,14,43,3,41,4,5,9,19,44,35,25,28,20,7,38,45,1,33]
841580 [18,8,4,21,7,14,5,15,16,11,19,1,3,10,12,9,2,13,6,20,17]
841580 [5,4,7,6,3,2,1]
841580 [8,3,13,7,11,10,9,12,1,4,2,5,14,6]
841580 [6,1,2,3,5,4]
841580 [16,7,15,5,12,17,4,6,14,2,8,1,18,10,13,3,11,9]
1888545 [23,22,2,4,9,3,13,14,18,12,6,20,27,5,1,11,7,21,16,25,17,24,15,10,8,19,28,26]
2020878 [18,4,13,22,16,25,21,24,14,19,11,7,5,6,8,17,1,2,12,23,10,20,15,9,3]
2021126 [16,11,18,7,19,15,10,3,9,4,17,5,1,6,14,12,13,2,8]
2024936 [9,2,8,4,3,5,1,7,6,10]
1020886 [1,5,14,12,10,13,7,8,6,9,2,3,11,4,15]
1020886 [4,6,3,8,7,1,5,2]
1848398 [1,2,3,4,5,6,7,8,9,10,11,12,13,14,15]
1546322 [5,10,11,12,13,1,4,7,2,9,3,8,6]
1562408 [3,2,5,4,6,1,7]
1562408 [2,5,6,4,1,3]
1568487 [1,2,3,4,5,6,7]
1604401 [8,16,21,22,6,10,27,23,20,17,2,9,5,1,12,14,13,4,25,11,7,26,18,24,15,3,19]
1604401 [7,2,10,4,8,3,9,5,1,6]
1614920 [9,5,10,1,8,4,7,6,3,2]
1614920 [8,5,4,9,2,1,6,7,3]
802605 [4,9,5,3,1,7,6,2,8]
826937 [1,2,3,4,5,6,7]
852601 [4,5,3,1,2]
1683484 [5,2,4,6,7,1,3]
1693059 [5,1,4,2,6,3]
1706553 [10,9,6,1,7,11,8,3,4,2,5]
1709931 [11,26,10,1,22,42,14,23,7,30,9,21,36,17,27,13,16,37,41,19,39,38,2,28,15,25,12,18,4,35,8,20,31,24,6,32,29,40,33,5,3,34]
1738862 [1,2,3,4,5]
1748436 [1,5,4,2,3]
1748436 [2,1,5,4,6,3,8,7]
1753136 [2,1,5,4,6,3]
1753136 [5,17,3,11,9,15,7,4,14,16,19,20,6,18,1,2,10,13,12,8]
467813 [1,7,4,10,8,6,5,3,9,2]
467813 [1,5,3,4,6,2,7]
467813 [4,3,5,7,6,2,1]
695088 [5,4,2,1,3]
930903 [8,7,1,6,5,4,2,3]
930903 [16,1,24,25,21,30,12,10,5,9,23,11,13,7,18,6,14,3,17,2,15,29,27,20,4,28,19,22,26,8]
948803 [1,2,3,4,5,6,7,8,9,10,11,12]
988404 [1,2,3,4,5,6,7,8,9,10]
1029687 [2,4,3,5,6,1]
1029687 [4,2,3,1,5]
2091506 [1,3,6,4,5,2]
2091506 [15,14,4,8,11,5,2,12,13,10,1,3,9,6,7]
1020886 [7,3,5,2,8,9,1,4,6]
2121124 [9,10,7,5,2,3,11,4,8,1,6]
2121124 [17,6,10,13,1,14,18,16,19,3,4,7,5,9,2,12,15,11,8]
2121124 [5,1,4,6,7,2,3,8,9]
712586 [1,2,3,4,5,6,7,8,9,10,11]
1221785 [1,2,3,4,5,6,7,8,9,10,11,12]
1221785 [1,2,3,4,5,6,7,8,9,10,11,12,13]
1227910 [10,6,11,8,4,7,9,1,2,3,12,5]
1227910 [11,3,7,10,1,2,5,6,8,9,4]
1227910 [12,10,5,6,8,3,9,4,7,1,2,11]
1227910 [3,1,6,2,4,5,7]
1227910 [2,3,1,5,4]
1227910 [5,9,6,1,11,10,7,2,8,4,3]
1308113 [1,13,14,9,10,11,2,12,5,6,4,15,7,8,3,16]
1320533 [3,6,1,5,2,7,4]
1320533 [1,2,6,5,3,4]
2289794 [5,3,2,4,1]
2289794 [7,1,4,9,11,6,14,3,13,2,8,12,10,5]
2289794 [2,5,1,4,3]
2289794 [1,24,8,15,23,11,9,4,16,10,13,25,19,6,20,17,22,2,26,7,12,18,14,3,5,21]
2289794 [4,6,8,7,2,5,1,3]
2289794 [4,2,6,1,5,3]
2299999 [1,2,3,4,5,6,7]
2306736 [2,4,3,5,6,1]
2306736 [7,5,1,2,4,3,6]
1799180 [2,4,3,6,5,7,1]
1799180 [6,2,4,3,1,5,7]
1552171 [5,4,1,3,2,6]
1554035 [10,8,7,4,14,12,5,9,6,1,11,13,3,2]
2019514 [1,7,2,6,5,3,4]
2021126 [4,7,5,8,6,1,3,9,2]
2021126 [3,1,7,4,2,6,5]
2060487 [1,5,6,2,4,7,3,8]
2060487 [4,8,1,6,2,3,5,7]
2064670 [10,1,22,8,14,7,9,19,13,2,11,23,18,21,20,17,16,12,3,15,6,5,4]
2064670 [3,8,12,9,30,15,28,20,5,7,32,4,18,1,17,26,2,29,16,24,23,10,11,6,33,21,14,19,22,27,13,25,31]
2098487 [3,2,7,8,4,6,1,5]
2098487 [5,4,7,1,8,2,3,6]
2098487 [3,7,2,6,5,4,1]
2127351 [9,10,3,16,15,5,1,6,12,17,2,14,19,20,8,11,7,18,4,13]
2127351 [17,1,20,9,6,12,8,4,21,13,15,10,19,7,14,16,3,5,22,18,11,2]
2137076 [3,12,4,7,1,6,9,2,10,13,11,5,8]
2137076 [2,1,3,5,4]
2137076 [4,6,5,10,8,1,2,3,7,9]
2137076 [8,14,4,3,5,12,1,13,10,11,7,6,9,2]
2140356 [1,3,5,4,2]
2140356 [1,2,10,9,4,3,7,6,5,8]
2140778 [6,4,2,1,3,7,5]
2140778 [3,7,6,8,5,4,1,2]
2140778 [3,4,5,1,2]
2169895 [6,4,8,3,5,9,2,1,7]
2169895 [5,8,2,3,9,1,6,7,4]
2169895 [12,2,10,7,3,6,5,1,9,8,4,11]
2169895 [15,13,14,4,7,9,3,6,18,12,1,10,8,2,5,17,19,11,16]
732486 [4,3,2,5,1]
802605 [5,3,4,7,1,6,2]
812600 [7,4,5,6,2,1,3]
812600 [4,6,3,2,1,5,7]
812600 [4,2,3,6,1,5,7]
815272 [12,21,18,15,17,2,13,6,8,14,1,16,7,3,5,10,20,11,19,9,4]
815665 [2,4,7,1,5,6,3]
815665 [2,1,3,4,6,8,5,7]
815665 [4,10,8,3,7,5,1,2,6,9]
837782 [1,6,2,7,4,3,5]
837782 [2,6,5,3,1,4]
852601 [5,2,4,6,1,3]
894084 [1,2,7,5,6,4,3]
894084 [30,11,13,14,12,25,29,8,17,22,2,20,23,21,18,27,33,7,16,3,26,1,10,4,19,31,24,32,6,5,9,34,15,28]
894084 [8,6,10,5,1,3,2,7,4,9]
948803 [1,2,3,4,5,6,7,8,9]
948803 [1,2,3,4,5,6,7,8,9,10,11,12]
948803 [1,2,3,4,5,6,7,8,9,10,11,12,13,14,15,16,17,18,19,20,21,22,23,24,25,26,27,28,29,30,31,32,33,34]
948803 [1,2,3,4,5,6,7,8,9,10,11,12,13,14,15,16,17,18,19]
50692 [1,2,3,4,5,6,7,8,9,10,11,12,13,14,15,16,17,18,19,20,21,22,23,24,25,26,27,28,29,30,31,32,33,34,35,36,37,38,39,40,41,42,43,44,45,46,47,48,49,50,51,52,53,54]
409937 [11,8,47,32,49,27,44,58,6,34,43,40,26,50,3,54,23,48,17,2,41,22,35,46,53,33,56,39,16,14,31,9,45,29,52,59,13,51,1,10,57,25,18,19,42,20,5,4,21,30,7,37,36,24,38,15,55,12,28]
647450 [8,4,3,2,1,6,11,10,5,13,9,7,12]
2143620 [7,13,11,1,6,12,2,9,8,4,10,3,5]
2143620 [3,2,11,4,10,7,1,9,6,13,14,12,8,5]
2143620 [11,5,2,6,9,1,14,3,13,8,10,7,4,12]
2143620 [12,4,6,7,1,3,11,10,9,5,8,2]
62577 [1,2,3,4,5,6,7,8,9]
370441 [22,15,4,6,19,23,24,27,7,40,17,1,28,32,9,3,8,39,11,35,5,10,26,30,34,12,16,38,13,14,25,36,21,20,37,31,2,33,18,29]
370441 [11,13,10,3,8,7,9,1,5,6,2,4,12]
370441 [15,14,10,8,11,9,7,6,1,2,12,5,13,4,3]
433902 [27,12,6,10,11,15,5,23,7,16,20,9,19,3,8,24,22,4,14,13,17,26,25,1,2,21,18]
433902 [40,23,5,6,7,8,18,13,22,1,12,2,28,30,3,36,31,39,25,32,34,26,11,9,16,24,35,15,10,19,20,21,37,33,29,17,38,14,27,4]
1275613 [2,1,3,4,5]
1762623 [1,2,11,6,5,9,7,10,8,3,4]
1762623 [3,2,1,6,5,4]
1762623 [2,5,4,3,1]
1762623 [5,2,4,6,7,1,3]
1762623 [6,5,4,10,8,9,3,2,1,7]
1762623 [21,7,16,20,14,17,30,18,25,6,29,12,3,22,19,10,27,15,5,2,4,23,1,11,26,8,9,28,13,24]
406058 [6,3,5,2,4,1]
417192 [3,5,1,4,6,2]
1171223 [2,1,3,5,4,6]
2340535 [5,2,1,3,7,4,6]
2382233 [1,2,3,4,5,6,7,8,9,10,11,12,13]
2382233 [1,2,3,4,5,6,7,8,9,10,11,12,13,14]
2382233 [1,2,3,4,5,6,7,8,9,10,11,12,13,14]
2382233 [1,2,3,4,5,6,7,8]
2382233 [1,2,3,4,5]
2382233 [1,2,3,4,5,6,7,8,9,10]
2415367 [10,8,4,3,6,2,11,9,1,7,5]
2430015 [6,3,4,5,2,1,7]
2433810 [8,10,5,7,6,4,3,1,2,9]
2452178 [1,2,3,4,5,6]
51752 [8,13,9,6,10,3,11,7,4,14,2,1,12,5]
808364 [1,2,6,3,4,5]
1015082 [5,4,2,3,1]
1015082 [5,2,1,3,4]
1015082 [3,5,1,4,2]
1015082 [1,4,3,6,5,2]
1015082 [2,6,9,3,7,13,5,1,10,12,11,4,8]
1015082 [5,19,28,7,17,9,2,3,25,27,8,11,13,18,4,10,16,6,26,22,12,15,21,20,1,24,14,23]
1015082 [11,5,1,8,6,10,13,4,12,3,2,9,7]
2573441 [4,2,3,5,1]
2420256 [1,3,7,10,8,5,4,9,6,2]
2420256 [7,6,4,1,2,3,5]
2583477 [7,15,6,11,3,13,2,14,8,10,12,1,5,4,9]
139350 [9,2,4,3,1,7,5,8,6]
1071529 [3,7,6,10,14,13,5,11,2,4,1,9,12,15,8]
1071529 [1,4,2,3,5]
1072326 [6,1,3,2,4,5]
1074381 [1,2,3,4,5,6,7,8,9,10,11,12,13,14,15,16,17,18,19,20]
1091343 [27,4,12,13,2,29,7,25,14,9,28,26,17,1,23,21,15,19,20,22,18,10,8,24,5,11,6,16,3]
1091343 [5,4,1,3,2]
1104073 [14,12,24,25,7,11,19,18,5,17,16,22,20,9,13,15,1,8,3,2,4,6,10,21,23]
1104073 [4,8,15,7,5,10,1,3,12,9,13,2,14,11,6]
1104073 [5,8,3,2,7,1,4,6]
1104073 [6,8,5,7,3,1,2,9,4]
1104073 [4,5,8,6,1,3,2,7]
1104073 [19,9,23,18,7,22,10,20,8,16,2,4,25,1,21,12,14,5,15,24,13,11,3,17,6]
1104073 [5,4,1,3,6,2]
1104073 [7,1,9,10,2,4,8,6,11,12,3,5]
1126205 [18,19,9,16,15,10,14,5,13,12,6,11,7,1,3,8,4,20,17,2]
2420256 [16,34,27,45,39,5,17,38,25,19,10,36,41,8,14,9,20,46,15,24,6,18,33,42,32,21,4,30,13,35,29,23,40,28,37,3,31,1,2,43,7,12,22,11,26,44]
1992684 [6,15,19,11,7,17,14,2,13,4,12,18,1,10,20,21,16,8,9,3,5,22]
2047475 [1,2,3,4,5,6]
2060487 [4,7,1,5,2,6,3]
2098487 [1,3,4,2,5]
2098487 [4,3,1,5,2]
2098487 [2,4,1,5,3]
2099271 [4,1,5,2,3]
2099271 [4,6,7,8,1,3,2,5]
2113901 [2,4,1,3,5]
2023960 [3,2,1,4,5]
2204659 [1,7,4,5,2,8,6,3]
2200491 [9,8,4,7,1,5,2,6,3]
1974260 [7,1,4,3,8,5,2,6]
1974260 [3,4,8,7,6,5,1,2]
2015664 [6,8,7,4,2,5,3,1]
2261768 [8,5,2,3,6,7,4,1]
2291746 [1,2,3,4,5]
2291746 [1,2,3,4,5]
2291746 [1,2,3,4,5,6]
2292094 [1,2,3,4,5,6,7,8,9]
2292094 [1,2,3,4,5,6,7,8,9,10,11,12,13,14,15]
2292094 [1,2,3,4,5]
1795319 [1,2,3,4,5,6,7,8,9,10,11,12,13,14,15,16]
1795319 [1,2,3,4,5,6,7,8,9,10,11,12,13,14,15,16,17,18,19,20,21,22]
1795319 [1,2,3,4,5,6]
1799180 [1,15,23,10,22,18,11,13,14,2,26,27,25,21,19,3,7,20,17,4,9,6,12,16,24,8,5]
1799180 [3,8,2,14,4,1,10,13,6,9,15,11,5,7,12]
1799180 [1,5,3,8,7,6,2,4]
1803121 [23,6,2,18,22,20,30,4,34,31,3,1,17,12,11,28,33,10,29,35,15,16,19,27,21,9,8,32,5,36,14,24,26,7,13,25]
1803121 [1,6,4,3,2,5,7]
1804602 [11,13,9,6,3,10,2,5,8,4,1,12,14,7]
1807325 [1,2,3,4,5,6,7,8,9,10,11,12,13,14,15,16]
2451375 [1,2,3,4,5]
2456550 [1,7,2,6,3,4,5]
1393060 [1,2,3,4,5]
1428063 [4,1,7,3,6,2,5]
1473460 [2,5,3,4,1]
1542768 [4,2,3,6,5,1]
1542768 [11,8,6,1,5,10,15,14,12,13,3,4,2,7,9]
1542768 [10,7,14,9,2,16,5,12,1,8,17,11,19,18,22,20,23,4,21,24,15,25,3,13,6]
1542768 [1,4,10,6,2,13,15,14,8,3,9,12,5,7,11]
1542768 [31,25,12,15,1,23,5,16,28,29,10,17,30,33,22,21,20,26,2,11,13,8,3,7,27,32,9,6,19,4,14,24,18]
1546322 [5,14,11,12,13,2,8,6,1,9,4,3,7,10]
1604401 [8,7,9,11,1,10,5,2,4,3,6]
1604401 [4,9,1,6,7,8,5,2,3]
1604401 [7,5,2,3,1,6,4,8]
1604401 [6,5,1,3,4,2]
1604401 [7,5,42,34,2,14,38,31,25,9,18,28,27,15,12,11,32,29,30,19,21,40,1,46,33,43,47,3,22,44,6,45,16,41,10,36,26,13,24,4,39,8,35,37,17,48,23,20]
1604401 [6,2,1,8,7,5,3,4]
1923297 [12,11,8,7,5,4,2,1,6,13,10,3,9]
1298261 [1,2,3,4,5,6,7,8,9,10,11,12,13,14,15,16,17,18,19,20]
1308113 [2,9,12,10,3,13,7,5,14,4,6,11,8,1]
1323002 [10,5,4,9,8,6,2,1,3,11,7]
1336589 [7,5,1,4,6,8,3,12,11,9,10,2]
1336589 [2,3,5,7,1,4,6]
1383987 [5,2,7,6,8,4,1,3]
1387981 [5,2,4,1,3,6]
1387981 [1,5,4,6,3,2]
1387981 [6,5,11,8,10,9,7,2,3,4,1]
1387981 [3,4,7,1,5,2,6]
1387981 [4,9,31,19,21,15,37,26,32,27,24,13,34,25,5,12,17,18,10,35,23,33,16,20,2,6,30,28,8,7,36,1,38,29,22,11,3,14]
1387981 [6,8,2,5,7,4,3,1]
1387981 [7,6,5,2,1,4,3]
1542768 [8,5,7,10,3,12,6,9,11,2,4,1]
1542768 [7,3,5,4,2,6,1]
1542768 [6,7,5,2,3,4,1]
1546322 [1,8,6,3,4,9,2,7,5]
1546322 [5,2,4,3,1]
1546322 [5,2,6,4,3,1]
1546322 [2,1,4,3,5]
583610 [5,6,1,3,4,2]
591798 [6,3,7,5,4,1,2]
591798 [1,3,4,5,2]
591798 [2,5,6,1,3,4]
661583 [1,9,13,6,4,3,8,10,11,2,7,14,12,5]
661583 [2,1,3,5,4]
665079 [3,17,8,5,16,18,13,7,10,12,6,4,19,1,14,9,11,20,2,15]
705554 [6,4,5,2,1,7,8,9,3,10]
705554 [4,12,10,1,6,14,5,9,8,15,7,13,3,2,11]
705554 [9,6,5,7,4,8,3,2,1]
705554 [5,4,3,1,2]
705554 [4,2,3,1,5]
705554 [1,4,3,12,8,2,5,11,9,7,10,6]
760446 [3,4,5,1,2]
958682 [1,2,3,4,5,6,7,8,9,10,11,12,13,14,15,16,17,18,19,20,21,22,23,24,25,26,27,28,29,30,31,32,33,34,35,36,37]
965694 [1,2,3,4,5,6,7,8,9,10,11,12,13,14,15,16,17,18,19,20,21,22,23,24,25]
965694 [1,2,3,4,5,6,7,8]
1568487 [1,2,3,4,5]
1568487 [1,2,3,4,5,6,7]
1886898 [3,9,11,7,1,4,5,8,10,6,2]
1886898 [5,6,3,4,7,1,2]
60557 [1,2,3,4,5,6,7,8,9,10,11,12,13,14,15,16,17,18,19,20,21,22,23,24,25,26,27,28,29,30,31,32,33]
2420256 [6,14,19,18,22,10,11,2,9,1,8,4,7,12,15,3,5,16,17,21,13,20]
2420256 [5,4,2,1,3,6]
2420256 [1,7,5,6,9,8,2,4,3]
2420256 [7,4,3,8,2,1,6,5]
2559323 [5,2,1,4,3]
1012145 [1,2,3,4,5,6,7]
1640761 [1,2,18,3,6,9,5,15,12,8,17,11,4,13,7,16,10,14]
1735326 [1,2,3,4,5,6,7,8,9,10,11,12,13,14,15,16,17]
1747939 [2,1,7,6,3,5,4]
2226651 [5,4,3,2,1]
1701108 [4,5,3,1,2,6]
2185613 [3,1,7,5,6,4,2]
1636133 [10,8,11,15,6,2,7,17,12,4,9,1,16,13,5,14,3]
1636133 [2,8,1,5,10,3,4,7,6,11,9]
1687310 [3,6,5,7,1,2,4]
1703304 [1,5,4,2,7,6,3]
1703304 [6,3,5,2,9,10,11,1,4,12,7,8]
2311056 [1,5,4,2,3]
2311056 [1,3,4,2,5]
2311056 [5,6,3,1,4,2]
2311056 [3,6,7,9,8,1,4,2,5,10]
2311056 [7,6,4,2,1,3,5]
2311056 [12,5,1,6,4,8,7,3,9,11,10,13,2]
672521 [1,5,6,4,3,2]
678274 [9,4,3,2,7,1,8,5,6]
1687310 [22,6,27,15,18,14,11,9,25,19,10,16,24,13,17,3,7,4,8,26,21,2,20,5,12,1,23]
1873148 [1,2,3,4,5,6,7,8,9,10]
1835614 [1,2,5,3,4]
1835614 [9,3,7,11,4,2,6,1,8,10,5]
1845202 [3,6,2,1,8,4,7,14,13,9,15,5,10,12,11]
1845202 [5,6,1,3,4,2]
1845202 [2,6,3,4,1,5]
1845202 [12,7,9,5,3,8,2,13,4,6,1,11,10]
1851127 [1,2,3,4,5,6,7,8,9]
1851127 [1,2,3,4,5,6,7,8,9,10,11,12,13]
1851127 [1,2,3,4,5,6,7,8,9,10,11,12,13,14,15,16]
1851127 [1,2,3,4,5,6]
1851127 [1,2,3,4,5,6,7]
1851127 [1,2,3,4,5,6,7,8,9,10,11,12,13,14,15,16,17,18,19,20,21,22,23,24,25,26,27,28,29,30,31,32,33,34,35,36,37,38,39,40,41,42,43,44,45,46,47,48,49,50,51,52,53,54,55,56]
1851127 [1,2,3,4,5,6,7,8,9,10,11,12,13,14,15,16,17,18,19,20,21,22,23]
1851127 [1,2,3,4,5,6,7,8,9,10,11,12,13,14]
1851127 [1,2,3,4,5,6,7,8,9,10]
1863380 [1,2,3,4,5,6,7,8,9,10,11,12,13,14,15,16]
1863380 [1,2,3,4,5]
1863380 [1,2,3,4,5]
1902894 [3,4,1,2,5]
1902894 [4,8,7,10,3,5,11,9,2,6,12,1]
1990738 [3,5,1,4,6,2]
1992863 [9,4,2,7,1,10,6,11,5,12,14,8,13,3]
1992863 [11,5,19,8,7,18,13,2,3,4,12,10,15,6,9,16,14,1,17]
1992863 [1,4,3,5,2]
1992863 [3,4,2,1,5]
1992863 [4,8,5,2,6,3,7,1]
1992863 [10,1,8,13,3,4,5,11,14,9,2,6,7,12]
1992863 [5,3,2,4,1]
1531241 [2,1,8,5,6,9,4,7,3]
1531280 [5,4,3,1,2]
1562408 [13,6,19,20,9,10,3,17,18,21,2,16,11,14,4,5,15,12,22,8,7,1]
1562408 [1,3,7,2,6,4,5]
1562408 [8,10,18,17,19,3,9,2,4,13,11,7,12,14,15,5,16,1,6]
1562408 [2,5,1,3,6,7,4]
1562408 [13,12,7,8,3,4,1,9,11,14,6,10,5,2]
1579040 [1,4,2,3,5]
1579040 [10,1,3,11,7,13,6,2,5,9,12,8,4]
1659234 [1,2,3,4,5,6,7,8,9,10,11,12]
1664967 [3,2,1,6,5,4]
1664967 [5,2,3,1,4]
1703263 [3,5,1,4,2]
1703263 [5,12,6,13,3,4,11,2,9,7,1,8,10]
1748436 [3,10,25,18,7,4,2,5,11,21,9,16,15,13,19,8,20,14,17,23,12,22,1,6,24]
1752803 [1,2,3,4,5]
1781230 [1,2,3,4,5,6,7,8,9,10,11,12]
1781230 [1,2,3,4,5,6,7,8,9]
1799180 [9,10,2,4,12,11,8,6,5,3,7,1,13]
1799180 [5,7,3,8,4,6,1,9,2]
2532069 [1,2,3,4,5,6,7,8,9,10]
349690 [1,2,3,4,5,6,7,8,9,10,11,12,13,14,15,16,17,18,19,20,21,22,23,24,25,26,27,28,29,30]
609828 [5,7,23,4,3,24,14,25,10,15,18,11,13,17,12,19,21,16,9,20,6,22,8,1,2]
1687310 [2,7,1,10,3,4,5,11,9,8,6]
2306684 [2,3,6,4,1,5]
2524240 [1,7,6,3,4,9,5,8,11,2,10]
2540950 [10,6,3,2,9,7,1,4,8,11,5]
1747023 [1,4,3,5,2,6,7]
1747023 [7,2,4,1,6,3,5]
1747023 [6,2,5,3,4,1]
1747023 [3,1,5,8,7,9,4,2,6]
1840209 [19,13,17,10,14,12,5,16,9,7,3,2,4,1,18,15,6,8,11]
1840209 [3,9,10,11,2,6,7,8,4,5,1]
1840209 [16,8,14,28,15,25,5,7,24,2,17,23,27,18,21,11,12,3,1,13,20,22,6,19,4,10,26,9]
1840209 [11,1,14,13,2,19,3,8,18,21,12,20,4,15,7,16,10,6,5,17,9]
1841877 [9,8,5,4,2,1,10,6,7,11,3]
1841877 [6,11,10,5,8,4,3,7,2,1,12,9]
1841877 [10,6,5,3,4,8,1,9,7,2]
1841877 [5,7,16,10,14,1,15,17,4,12,2,13,18,9,3,6,11,8]
1841877 [5,3,1,2,4,6]
1881717 [5,26,23,32,15,8,9,6,21,24,11,27,4,22,14,20,33,18,29,30,7,17,16,1,2,12,19,28,13,31,10,3,25]
1887306 [11,2,9,1,5,8,7,4,6,10,3]
1887306 [5,3,2,4,1]
1887306 [4,3,5,2,7,8,1,6]
1887306 [26,10,7,6,21,32,31,3,27,34,30,18,28,12,8,17,29,22,4,19,33,25,14,16,5,13,9,15,20,2,1,24,23,11]
2289794 [3,2,4,9,8,5,7,6,1]
2289794 [7,15,1,11,5,12,6,3,14,2,13,9,4,8,10]
2296716 [10,2,12,5,6,1,4,7,3,8,11,9]
2296716 [1,3,7,10,9,4,6,5,8,2]
2296716 [1,5,3,2,4,6]
2296716 [12,3,2,6,9,8,7,10,4,1,5,11]
2296716 [23,5,14,8,28,6,21,25,12,17,20,10,9,24,26,16,19,27,4,13,3,22,2,11,18,1,7,15]
2309232 [6,1,4,3,5,2]
2318116 [6,1,2,5,7,4,3]
521351 [5,1,2,4,3]
557277 [1,2,3,4,5,6,7,8,9,10,11,12,13,14]
557277 [1,2,3,4,5,6,7,8,9,10,11,12,13]
557277 [1,2,3,4,5,6,7,8]
557277 [1,2,3,4,5,6,7,8,9,10,11,12,13,14]
563436 [4,5,3,2,6,1]
563436 [5,1,3,6,4,2]
591092 [5,1,9,7,4,2,6,3,8]
591092 [2,8,5,3,4,6,7,1]
615468 [5,4,1,2,3,7,6]
616502 [3,6,4,7,1,8,2,5]
621402 [3,4,2,1,5]
621402 [5,1,4,19,6,18,15,13,16,17,14,11,8,7,3,10,12,9,2]
621402 [5,7,3,2,1,4,6]
621402 [3,2,4,5,6,1]
621402 [2,5,1,3,4]
621402 [4,1,7,2,6,8,3,5]
642707 [3,6,1,5,4,2]
642707 [5,2,1,4,3]
661583 [3,6,2,4,5,1]
661583 [4,5,2,1,3]
695088 [4,5,2,3,1]
695088 [9,6,2,7,1,5,8,3,4]
2047475 [1,2,3,4,5,6,7]
2047475 [1,2,3,4,5,6,7,8]
2047475 [1,2,3,4,5]
707195 [1,2,3,4,5,6,7]
707195 [1,2,3,4,5,6,7,8,9,10,11,12,13,14,15,16,17,18]
707195 [1,2,3,4,5,6,7]
707195 [1,2,3,4,5,6,7,8]
711028 [2,1,4,3,5]
767280 [2,3,5,4,1]
777348 [5,4,1,2,3]
777348 [18,1,8,3,11,12,7,10,9,15,13,17,14,4,5,16,2,6]
777553 [9,8,3,4,1,7,5,6,2]
778460 [5,9,3,1,2,6,8,4,7]
778460 [2,1,3,6,7,5,4]
790962 [1,3,4,5,2,6]
790962 [7,4,1,2,6,8,3,5]
815173 [5,6,1,7,2,8,3,4]
852601 [2,4,1,5,3]
852601 [1,2,8,13,5,3,4,6,12,11,7,10,9]
875869 [6,1,8,5,2,4,9,7,3]
901864 [4,6,5,2,1,3]
1592132 [5,3,1,4,2]
1593535 [1,3,5,2,4]
1683484 [1,6,2,3,4,5]
1688620 [1,7,6,8,2,9,3,4,5]
1688620 [1,6,7,2,3,5,4]
1688620 [7,18,14,12,16,20,13,2,15,3,1,5,9,19,8,17,6,10,4,11]
1688620 [3,1,2,6,5,4]
1697436 [5,2,1,6,4,3]
1699521 [7,8,3,9,5,1,11,4,10,2,12,6]
1703304 [5,3,4,1,2]
1728794 [6,5,2,3,4,1]
1728794 [4,3,5,2,6,1]
1728794 [3,4,1,2,5]
1732429 [8,4,2,1,5,7,6,3,9]
1747023 [2,3,5,4,1]
1747023 [2,6,5,4,8,3,9,7,1]
1752803 [1,2,3,4,5]
1762623 [2,8,7,4,3,1,5,6,9]
1785149 [2,4,1,8,10,6,5,7,9,3]
1785149 [5,3,2,4,6,7,1]
1791251 [2,9,4,1,8,6,5,7,3]
1791251 [1,10,6,4,13,8,11,3,2,7,5,9,14,12]
1799180 [4,3,5,2,6,1]
1799180 [17,1,21,9,13,22,28,26,29,4,7,8,19,3,20,12,11,25,2,5,27,23,18,24,6,16,15,14,10]
1799180 [3,5,13,4,10,8,14,7,9,6,2,1,15,12,11]
1799180 [2,13,15,11,9,20,26,12,27,14,17,10,21,4,1,8,19,25,16,18,5,23,6,24,28,7,3,22]
1799180 [1,3,4,6,2,5]
1806363 [3,7,17,4,6,13,18,15,8,10,1,12,16,11,14,2,9,5]
1806363 [9,6,7,3,8,10,5,1,2,4]
1806363 [8,13,9,5,19,4,26,14,17,3,31,35,22,1,33,12,28,18,36,11,25,30,16,20,21,7,10,15,27,24,2,23,37,6,34,29,32]
1806363 [3,9,2,7,4,5,1,6,8]
1806363 [9,10,4,2,7,8,11,6,1,3,5,12,13]
1806363 [6,4,1,3,5,2]
1806363 [4,1,7,6,5,2,3]
1823235 [16,9,18,22,2,15,13,8,3,31,14,34,28,24,7,26,17,37,25,21,32,27,6,38,36,1,35,23,5,20,39,19,11,12,33,10,4,29,30]
2291746 [1,2,3,4,5,6,7,8]
2291746 [1,2,3,4,5,6,7,8,9,10,11,12,13,14,15,16,17]
2345810 [1,2,3,4,5,6,7,8]
661583 [3,4,2,1,5]
672521 [6,7,3,5,2,1,4]
672521 [28,15,27,32,23,33,36,5,30,21,1,20,18,29,31,22,17,16,13,24,8,3,11,7,37,34,25,14,19,4,10,6,12,9,26,35,2]
672521 [3,1,4,5,2]
685921 [5,2,4,1,3]
695088 [5,4,2,6,7,8,3,1]
695088 [5,4,3,2,1]
695088 [3,5,2,1,4]
695088 [6,3,2,1,8,5,7,4]
695088 [3,7,8,6,4,2,10,9,5,1]
760446 [4,1,3,2,6,5]
760446 [6,11,2,12,3,1,10,4,14,13,7,8,9,5]
760446 [3,9,5,7,8,6,2,4,1]
760446 [6,2,8,4,1,5,3,7]
726123 [13,7,26,4,15,8,25,20,27,6,16,17,3,11,22,1,24,23,2,18,21,19,5,12,9,10,14]
2395985 [2,4,5,3,1]
2414221 [4,1,15,3,2,13,10,12,11,14,7,5,9,8,6]
751365 [7,2,8,1,6,4,9,5,3,10]
753996 [13,12,5,17,9,20,11,8,18,19,15,14,2,16,1,3,10,4,7,6]
753996 [2,3,4,5,1,6]
753996 [11,14,15,7,8,2,12,10,4,3,6,13,1,9,5]
793625 [1,2,3,4,5,6,7,8]
814889 [8,3,5,4,1,7,9,2,6]
831978 [1,2,3,4,5,6,7,8,9,10,11,12,13,14,15,16]
839229 [1,2,3,4,5]
839229 [1,2,3,4,5,6,7,8,9,10,11,12,13,14,15,16,17,18,19,20]
839229 [1,2,3,4,5,6,7,8]
839229 [1,2,3,4,5]
852601 [2,5,3,1,4]
856313 [2,6,7,5,3,1,4]
856313 [4,1,2,5,6,3]
856313 [3,2,7,1,8,9,10,5,6,4]
856313 [2,3,5,6,1,4]
856313 [4,3,1,5,6,2]
859097 [2,1,5,6,3,7,4]
891255 [5,6,7,2,3,8,4,1]
958682 [1,2,3,4,5,6]
980498 [2,7,5,1,3,4,8,6]
980498 [5,1,6,3,10,2,11,9,8,7,4]
1092441 [9,12,2,3,19,6,10,20,13,7,8,14,5,1,17,16,15,4,11,18]
1092441 [6,1,2,5,4,3]
1092441 [10,3,19,1,6,16,5,14,12,2,15,4,11,13,17,7,18,8,9]
1094259 [1,2,3,4,8,5,7,6]
1117666 [3,2,4,5,7,6,1]
1103145 [1,2,3,4,5,6,7,8,9,10]
1169267 [5,2,4,1,6,3]
1171223 [2,1,4,5,3]
1221785 [1,2,3,4,5,6,7,8,9]
1248913 [7,4,3,5,2,9,8,6,1]
901864 [5,1,2,3,4]
901864 [5,2,1,4,3]
918965 [4,2,13,5,15,6,14,1,8,12,9,3,10,7,11]
1047632 [10,4,18,7,21,3,20,11,14,1,9,5,17,8,12,6,2,19,13,15,16]
1074381 [1,2,3,4,5,6,7,8,9,10]
1111675 [1,2,3,4,5,6,7,8,9]
1153336 [6,5,8,9,10,1,7,3,11,4,2]
1153336 [3,8,1,4,7,6,2,5]
1153336 [4,1,2,5,3]
1182135 [2,4,5,6,1,10,7,9,8,11,3]
420583 [5,1,4,2,3]
420583 [4,6,3,2,5,8,1,7]
213347 [40,10,16,1,19,23,24,28,4,18,14,42,17,37,11,39,21,36,27,9,20,31,33,46,32,6,35,13,2,8,30,26,29,3,48,45,25,43,12,34,47,5,15,7,44,22,38,41]
224819 [9,18,1,11,4,16,5,3,17,12,8,6,10,13,15,2,7,14]
1223263 [6,3,2,7,8,1,5,4]
1255547 [6,1,7,5,2,4,3]
1548114 [1,7,5,11,8,9,4,12,6,13,2,3,10]
1563751 [12,14,10,7,13,2,4,8,5,3,6,11,1,9]
1563751 [6,10,7,1,2,4,3,8,5,9]
1568487 [1,2,3,4,5,6,7,8,9,10]
1568487 [1,2,3,4,5,6,7,8,9,10,11,12]
2306684 [1,3,2,9,7,6,8,5,11,4,10]
2540950 [8,4,2,1,6,7,9,11,3,10,5]
1659234 [1,2,3,4,5,6,7,8,9,10,11,12,13,14,15,16,17,18,19,20]
1659981 [3,2,4,5,1]
1659981 [10,2,5,6,8,7,9,12,11,13,4,14,1,3]
1660367 [16,11,12,6,9,14,2,8,4,17,1,7,13,5,18,3,10,15]
2096611 [19,16,6,17,15,11,22,18,12,1,3,8,14,13,7,21,4,10,5,9,2,20]
2096611 [1,11,7,10,15,4,14,5,12,3,6,9,13,2,8]
2096611 [10,11,17,5,1,12,7,15,13,6,14,4,2,3,9,18,8,16]
2096611 [18,15,3,10,23,8,6,7,13,14,22,1,16,11,17,4,5,12,19,2,9,24,20,21]
2096611 [9,14,17,24,12,3,25,23,20,15,4,6,13,10,18,11,16,1,22,26,2,8,19,7,21,5]
2096611 [9,13,2,4,11,15,6,3,1,5,12,10,7,14,8]
2096611 [5,14,4,3,17,8,6,18,7,13,11,9,1,20,12,2,10,21,19,15,16]
2096611 [2,14,15,10,9,7,6,4,17,16,3,12,8,11,13,5,1]
2096611 [4,10,5,23,14,21,11,19,3,25,16,18,15,17,9,1,8,2,7,13,22,12,6,24,20]
2096611 [6,10,9,5,8,2,3,1,4,7]
2096611 [3,12,7,13,2,5,9,10,4,1,14,15,6,11,8]
2097831 [9,12,5,4,15,14,8,2,3,13,11,7,1,6,10]
2098487 [3,2,5,4,1]
2098487 [1,7,6,5,4,8,9,2,3]
2098487 [9,3,12,4,10,8,5,2,6,1,11,7]
2098487 [6,2,1,5,3,4]
261530 [3,5,1,4,2]
264359 [2,7,10,6,5,9,3,1,4,8,11,12]
81492 [10,3,7,2,11,1,9,6,4,5,8]
81492 [6,7,3,4,2,5,1]
81492 [4,7,11,10,5,12,8,1,14,3,13,2,6,9]
81492 [7,2,1,8,5,6,4,3]
40054 [4,1,3,2,5]
43932 [5,2,3,4,1]
43932 [7,11,1,2,10,6,8,14,4,5,9,12,3,13]
43932 [6,5,8,11,1,10,4,2,9,13,12,7,3]
1762623 [7,3,9,4,10,12,8,1,11,5,2,13,6]
1762623 [9,5,6,8,4,7,3,1,2]
1762623 [2,4,5,3,6,1]
1762623 [2,13,11,4,3,17,18,14,6,1,8,15,16,5,9,10,12,7]
127405 [1,2,3,4,5,6,7,8,9,10,11,12,13,14,15,16,17,18]
127405 [1,2,3,4,5,6,7]
137963 [2,8,9,1,7,6,4,3,5,10]
146581 [1,2,3,4,5,6,7,8,9,10,11,12,13,14,15,16,17,18,19,20,21,22,23,24,25,26,27,28,29,30,31]
211816 [1,9,26,15,25,17,13,3,14,16,28,2,12,23,30,18,11,24,6,32,10,34,19,5,7,31,33,20,8,21,22,29,27,4]
211816 [3,6,5,1,2,4,7]
211816 [3,2,4,1,5]
365013 [7,8,5,6,11,1,2,3,10,4,9]
365013 [9,4,10,8,7,5,1,3,2,6]
365013 [10,5,9,3,7,1,4,8,6,2]
365013 [9,16,3,17,7,21,4,8,23,1,10,14,2,11,6,18,15,22,24,5,20,19,12,13]
365013 [13,9,12,2,8,5,11,14,3,4,10,7,15,1,6]
365013 [2,3,27,39,38,35,36,34,7,1,22,30,13,23,21,12,37,10,17,9,20,15,8,18,32,11,4,25,33,26,5,29,6,14,16,19,24,31,28]
365013 [4,20,11,2,18,15,13,3,7,5,16,21,10,6,12,8,1,17,19,14,9]
365013 [3,4,2,1,5]
365013 [1,7,4,11,12,10,5,6,9,8,3,2]
616502 [6,5,4,1,2,3]
856313 [4,1,3,2,5]
856313 [17,14,16,6,5,21,8,1,9,10,3,11,19,20,13,12,18,4,7,2,15]
856313 [1,13,2,11,3,9,5,7,10,8,6,12,4]
856313 [4,2,9,7,5,1,6,3,8]
856313 [11,8,2,5,4,3,7,9,6,10,1]
856313 [8,1,4,2,7,5,6,3]
856313 [7,5,4,3,6,8,2,1]
856313 [3,5,1,4,2]
174464 [11,14,8,3,15,9,2,6,13,1,5,4,12,7,10]
677342 [11,10,1,8,7,4,2,6,3,9,5,12]
677342 [6,3,1,7,4,5,2]
675467 [1,2,3,4,5,6,7,8]
699762 [11,14,5,8,4,3,9,7,13,6,1,2,12,10]
699762 [2,3,5,4,1]
699762 [5,6,1,3,2,4]
650984 [1,2,3,4,5,6,7,8,9,10,11,12,13,14,15,16,17,18,19,20,21,22,23,24,25]
650984 [1,2,3,4,5,6,7,8,9,10,11,12,13,14,15,16,17,18,19,20,21,22,23,24,25,26,27,28,29,30,31,32,33,34,35,36,37,38,39,40,41,42]
661583 [3,4,1,5,2,6,7]
661583 [5,13,8,6,10,12,14,15,11,2,3,9,7,16,1,4]
661583 [2,3,1,4,5]
661583 [5,1,7,4,6,2,8,3]
373598 [2,8,11,5,10,6,3,1,7,9,4]
373598 [5,10,13,12,14,2,11,1,17,15,7,9,4,8,6,18,3,16]
394109 [1,2,3,4,5,6]
452518 [1,2,3,4,5,6,7,8]
2126801 [1,2,3,4,5,6,7,8,9]
2204341 [2,5,1,3,4]
365556 [1,2,3,4,5,6]
387363 [5,4,1,3,6,7,2]
551337 [2,6,1,5,3,4,7]
564433 [1,2,3,4,5]
616502 [3,4,1,6,2,5]
438389 [6,11,12,10,7,4,3,8,5,1,2,9]
438389 [2,8,5,3,12,10,4,9,1,6,7,11]
642707 [2,4,8,9,6,11,1,5,10,7,3]
653974 [9,2,17,10,12,18,1,11,4,6,3,16,7,5,13,14,15,8]
716137 [1,2,3,4,5,6,7]
332521 [9,2,7,11,15,3,13,14,8,6,4,12,10,5,16,1]
325307 [8,28,22,2,3,30,29,1,5,9,19,7,32,4,15,13,18,23,11,20,14,21,25,10,27,26,17,6,31,16,24,12]
325307 [57,27,50,11,17,19,15,18,61,33,8,38,64,44,29,1,62,40,6,28,20,5,49,43,25,47,46,23,3,52,24,4,12,26,30,41,37,60,22,58,59,10,55,34,39,48,51,31,36,56,9,32,45,63,42,14,16,13,2,54,53,7,21,35]
329850 [11,8,4,12,17,3,2,9,18,16,7,14,6,10,5,1,19,15,13]
336595 [8,14,15,13,12,10,1,11,2,5,4,9,6,7,3]
336595 [5,17,2,6,3,4,9,16,1,15,7,8,11,10,14,13,12]
337540 [5,13,15,3,6,10,11,4,12,7,2,8,16,14,1,9]
706590 [9,17,1,12,8,22,24,11,28,3,20,29,15,2,27,7,13,31,10,14,6,26,30,5,18,19,21,4,25,23,16]
715376 [1,11,10,5,8,3,4,9,2,6,7]
726123 [13,3,17,15,19,2,10,16,9,18,7,4,11,12,5,1,14,8,6]
726123 [6,3,2,7,5,9,11,12,8,1,13,4,10]
726123 [28,34,13,17,14,9,25,31,7,2,16,3,30,27,19,8,35,20,15,21,4,33,29,18,22,12,23,1,24,10,26,37,32,36,6,11,5]
841294 [1,3,4,5,2]
852601 [2,4,1,3,5]
309336 [3,6,4,5,2,1]
321436 [1,2,3,4,5,6,7,8]
321436 [1,2,3,4,5,6,7]
211816 [3,1,4,2,5]
2129565 [33,16,15,8,4,30,25,23,19,2,5,38,1,26,35,24,27,13,39,31,37,22,14,32,7,11,34,10,9,36,17,28,21,6,29,18,3,12,20]
2177161 [26,37,17,25,21,12,5,22,3,31,18,14,24,34,19,36,32,30,27,35,8,16,4,1,10,20,6,2,9,11,33,29,15,23,7,28,13]
2177161 [2,3,1,4,5]
285619 [13,19,9,21,4,7,29,20,15,26,2,27,14,16,6,1,23,10,3,11,22,12,17,28,25,5,8,24,18]
287386 [3,5,1,4,2]
290832 [29,2,11,10,12,8,22,32,24,3,7,4,31,14,5,25,6,27,17,26,21,28,16,13,20,18,15,9,23,19,30,1]
330156 [1,2,3,4,5,6,7,8,9,10,11,12,13,14,15,16,17,18,19,20,21,22,23,24]
412478 [7,3,2,5,8,1,4,6]
412478 [20,35,2,11,31,13,28,15,16,12,30,33,19,34,14,18,10,21,24,17,23,4,26,7,29,8,32,27,36,1,22,3,6,25,5,9]
412478 [8,2,1,7,6,3,4,5,9]
1579040 [6,8,9,10,2,4,3,1,5,11,12,7]
1579040 [5,1,4,3,6,8,2,7]
1579040 [1,8,6,3,7,2,4,5]
1579040 [4,6,7,15,8,10,5,11,14,13,12,2,16,3,1,9]
944122 [8,1,3,7,2,4,5,6]
944122 [3,5,2,6,1,4]
944122 [4,3,5,6,1,2]
1092730 [5,2,1,4,3]
1094259 [18,23,19,20,15,7,16,12,2,8,24,10,3,9,4,13,1,5,21,17,22,14,6,11]
1094259 [2,5,4,3,1]
1094259 [13,7,6,16,8,18,2,4,19,11,20,10,17,1,9,12,5,14,3,15]
1094259 [8,5,10,12,6,7,11,9,4,13,3,1,2]
1094259 [20,28,33,16,24,15,10,23,9,32,31,11,6,12,21,17,13,2,1,18,7,3,5,22,29,27,30,14,25,8,26,4,19]
1094259 [9,3,10,7,8,5,12,2,1,6,11,4]
1095429 [1,6,5,2,7,3,4]
1095429 [2,9,6,1,3,5,7,4,8]
1095429 [4,2,7,6,5,8,3,1]
1095429 [1,5,3,4,2]
1095429 [1,2,3,5,4]
1095429 [4,8,2,3,5,7,6,1]
1095429 [3,2,5,6,7,1,4]
1095429 [1,5,2,3,4]
1095429 [5,1,3,4,2]
1095429 [1,7,8,6,4,3,2,5,9]
1095429 [1,4,5,8,7,3,2,6]
1006353 [1,2,3,4,5]
1210545 [1,2,3,4,5,6,7,8,9,10,11,12,13,14]
1218901 [3,8,10,1,4,14,6,7,2,9,12,13,5,11]
1218901 [3,13,8,16,4,1,15,10,2,12,5,17,9,7,6,14,19,11,18]
1218901 [5,10,9,11,1,7,6,2,4,8,3]
1218901 [6,1,8,7,2,4,3,5,9]
1218901 [13,10,8,5,11,4,7,14,12,2,3,1,6,9]
1218901 [6,2,8,14,7,11,1,3,4,9,12,10,5,13]
1218901 [4,2,1,6,3,5]
1218901 [1,4,2,5,3]
1218901 [11,2,3,8,1,16,6,9,15,7,14,4,5,17,12,13,18,10]
1218901 [2,8,4,1,5,7,6,3]
1020886 [7,8,4,1,9,2,6,3,5]
1245874 [5,3,7,8,10,1,9,2,4,6]
1245874 [3,5,2,1,4]
1245874 [5,2,6,9,8,3,7,1,4]
1401252 [1,2,3,4,5,6,7,8,9,10,11,12,13,14,15,16,17,18,19,20,21,22,23,24,25,26,27,28,29]
947524 [13,22,21,3,23,19,15,18,4,5,2,17,12,9,8,1,20,11,7,6,16,10,14]
947524 [9,17,10,6,8,12,7,5,13,1,15,14,2,3,4,11,16]
1158222 [3,11,25,22,24,15,14,9,16,1,5,8,13,17,18,23,20,4,2,7,21,19,6,10,12]
1158222 [6,1,3,4,2,5,7]
1158222 [1,3,2,4,5]
699762 [1,2,5,4,3]
699762 [11,3,8,2,10,6,5,9,7,1,4]
699762 [3,4,1,2,6,5]
699762 [3,5,8,4,12,2,7,9,6,13,1,14,10,11]
699762 [3,7,2,5,6,4,1]
1349046 [4,3,5,2,1]
1349046 [4,3,1,2,6,5]
1349046 [5,6,2,4,1,3]
1349046 [2,5,3,1,4]
1349046 [2,1,4,3,5]
1193431 [5,4,3,2,1]
1377811 [1,22,18,5,10,12,26,11,8,25,2,16,17,7,21,9,19,24,4,6,23,15,20,3,13,14]
1377811 [7,4,1,2,5,3,8,6]
1377811 [20,26,14,5,1,4,2,8,3,22,23,25,12,9,7,18,10,17,16,15,19,21,6,11,24,13]
753996 [4,1,6,3,7,2,5]
661583 [3,5,1,2,4,6,7]
661583 [22,18,9,6,7,14,10,12,11,20,19,13,2,16,15,1,17,5,3,4,8,21]
715376 [4,1,2,3,5]
715376 [2,3,8,6,5,7,1,4]
715376 [6,1,8,13,5,7,9,11,2,3,10,4,12]
717676 [1,2,3,4,5,6]
867679 [8,3,6,11,14,23,25,21,24,15,17,9,20,12,5,7,16,10,19,1,13,4,18,22,2]
867679 [5,6,3,2,4,1,7]
867679 [4,16,5,29,25,24,26,22,6,18,3,9,19,15,1,7,20,17,11,12,23,10,21,8,28,2,13,27,14]
867679 [2,6,4,1,5,3]
867679 [1,2,17,6,10,8,13,16,4,5,14,15,18,3,11,7,9,12]
867679 [7,19,2,12,15,44,38,25,39,34,21,29,43,13,14,4,16,42,8,1,3,27,26,9,35,48,31,10,41,37,40,28,23,45,18,20,11,24,32,6,30,5,36,46,33,49,17,22,47]
867679 [31,37,20,1,27,35,34,26,38,15,8,6,40,10,9,18,11,16,28,30,41,23,42,2,12,14,33,21,3,39,36,13,19,32,17,29,22,4,24,7,25,43,5]
867679 [14,3,4,13,5,1,7,9,12,11,15,6,2,10,8]
867679 [9,11,2,5,8,1,7,4,12,10,3,6]
867679 [4,11,12,7,1,13,6,9,3,8,2,10,5]
1918494 [5,1,3,4,2]
1571714 [2,1,4,5,3]
1554035 [5,7,6,1,2,4,3]
1405440 [1,2,3,4,5,6,7,8,9,10,11,12,13,14,15,16,17,18,19,20,21,22,23,24,25,26,27,28,29,30,31,32,33,34,35,36]
1664974 [5,1,3,2,4]
1664974 [2,7,5,17,13,18,14,22,6,4,12,10,21,8,16,3,19,11,15,9,20,1]
1886804 [3,4,1,5,2]
1887792 [3,4,5,1,2]
1887792 [7,6,8,9,5,2,4,1,3]
1887792 [8,7,5,9,1,6,2,4,3]
1887792 [9,1,6,7,8,5,4,2,3]
1887792 [7,1,3,6,2,5,4]
1888687 [1,2,3,4,5]
1888687 [1,2,3,4,5,6,7,8]
1888687 [1,2,3,4,5,6,7,8,9,10,11,12]
1991269 [6,1,5,8,7,3,4,2]
1645664 [6,2,4,10,8,13,12,15,5,1,7,14,9,3,11]
1657590 [4,3,5,1,6,2]
1657590 [3,1,9,6,2,8,5,4,7]
1658839 [13,5,16,2,12,9,14,8,11,3,1,6,10,15,7,4]
2028052 [1,2,6,3,7,4,5]
110458 [8,3,6,5,2,1,7,4]
110458 [1,5,2,4,3]
110458 [5,9,7,2,3,10,1,8,6,11,4]
110458 [17,19,14,2,18,3,10,4,6,8,7,13,15,9,1,12,5,11,16]
1734750 [1,3,4,5,2]
1745739 [1,5,2,3,4]
1948909 [3,5,6,7,2,10,1,4,8,9]
1948909 [1,12,4,6,5,10,9,2,11,7,3,8]
1952887 [4,10,2,7,13,6,9,8,14,1,3,11,12,5]
1956329 [12,13,5,7,10,3,2,11,6,9,8,4,1]
1956329 [5,4,3,1,6,2]
1956329 [7,3,1,5,8,10,6,2,15,4,14,12,11,13,9]
1970644 [1,8,5,6,3,7,4,2,9]
1488979 [1,2,3,4,5]
1488979 [1,2,3,4,5,6,7,8,9,10,11,12,13,14,15,16,17,18,19,20,21]
1488979 [1,2,3,4,5,6,7,8,9,10,11,12,13,14,15,16,17,18,19]
626523 [1,2,3,4,5,6,7,8,9,10]
626523 [1,2,3,4,5]
1263949 [2,5,3,1,4]
779944 [32,35,25,9,10,39,26,31,16,14,19,42,5,12,17,21,22,33,3,29,36,30,15,28,24,40,27,6,4,11,1,23,34,7,2,18,8,37,13,41,20,38]
779944 [6,2,5,3,7,1,8,4]
1248913 [10,7,19,24,20,14,4,13,17,16,18,11,12,8,1,22,5,9,2,21,15,3,6,23]
1251390 [4,1,5,3,2,6]
1251390 [4,3,2,5,1]
2052585 [24,1,2,23,18,7,14,12,11,9,5,22,21,15,10,17,6,13,16,8,20,19,3,4]
289998 [6,7,2,1,5,9,8,11,3,4,10]
299355 [9,7,8,6,3,1,10,11,2,4,5]
299355 [1,7,4,14,9,10,13,15,6,3,2,5,8,11,12]
336595 [25,18,9,8,16,29,22,2,1,10,19,12,32,6,3,15,28,17,5,11,31,24,7,26,30,23,13,14,20,4,27,21]
336595 [1,9,2,4,11,10,12,3,7,5,8,6]
336595 [11,13,5,12,25,16,9,19,18,6,7,23,10,17,20,8,21,22,1,2,14,26,3,24,15,4]
2490461 [1,2,3,4,5]
2547921 [1,8,10,3,13,11,14,6,2,7,15,5,9,12,4]
1887306 [5,2,10,1,6,9,7,11,4,3,8]
1732429 [1,2,8,4,5,11,14,6,13,12,10,3,7,9]
2236439 [4,5,3,6,1,2]
2236439 [6,8,4,1,3,2,5,7]
2238657 [7,1,3,5,4,8,6,2]
2238657 [9,4,24,17,21,13,2,12,6,5,7,8,15,11,14,1,16,22,18,20,3,19,10,23]
2255260 [1,2,3,4,5,6,7,8,9,10,11,12,13,14]
2255260 [1,2,3,4,5,6,7,8,9,10,11,12,13,14,15,16,17,18,19,20,21,22,23,24,25,26,27,28]
450577 [1,11,5,4,8,10,2,3,6,9,7]
2414972 [5,4,7,2,3,1,6]
2532069 [1,2,3,4,5,6]
2532069 [1,2,3,4,5,6,7,8,9,10,11,12,13]
2534247 [1,2,3,4,5,6,7]
2534247 [1,2,3,4,5,6,7]
958682 [1,2,3,4,5,6,7,8,9,10,11,12,13,14,15,16,17,18,19,20,21,22,23,24,25,26,27]
965694 [1,2,3,4,5,6,7,8,9,10,11]
965694 [1,2,3,4,5,6,7,8]
965694 [1,2,3,4,5,6,7,8,9,10,11,12,13,14,15,16,17,18,19,20,21,22]
965694 [1,2,3,4,5,6,7,8,9,10,11,12,13,14,15,16,17,18,19]
965694 [1,2,3,4,5,6,7,8,9]
972329 [7,2,5,3,6,1,4]
1542756 [1,5,11,2,9,10,8,7,6,3,4]
1542756 [8,9,1,3,4,2,6,5,10,7]
1542756 [4,3,5,6,2,1]
1542756 [6,8,4,15,12,3,10,2,13,7,11,14,9,5,1]
1542756 [5,6,8,11,2,21,22,19,16,14,12,18,4,10,3,15,9,13,20,17,7,1]
1542756 [5,7,6,1,2,4,3]
2240491 [3,9,7,2,11,1,10,8,5,4,6]
2259512 [12,10,6,7,11,8,4,5,2,3,1,9]
2259512 [2,31,5,7,15,28,12,22,3,30,19,25,32,9,26,13,21,6,29,20,24,18,1,4,8,11,16,14,10,23,17,27]
2259512 [20,7,23,6,26,14,25,4,2,18,27,11,16,15,28,5,10,12,3,8,9,19,13,21,22,1,24,17]
2259512 [7,3,8,6,9,4,2,5,1]
2259512 [3,5,1,2,4]
2259512 [4,3,13,2,15,6,9,11,16,10,17,12,8,5,1,7,14]
2267404 [1,8,10,9,5,7,3,2,4,6]
2272218 [1,2,3,4,5,6]
2286284 [13,9,4,26,19,11,2,25,29,3,7,30,18,14,5,23,6,22,10,16,12,1,28,17,24,31,15,21,20,27,8]
2091506 [5,2,1,3,6,4]
2091506 [5,14,20,17,12,15,2,6,19,3,13,18,4,8,11,10,9,21,7,16,22,1]
2091506 [1,2,4,3,5]
2261018 [4,8,7,10,9,13,11,12,1,6,5,3,2]
2261018 [3,5,1,2,4]
2261018 [2,7,4,3,1,9,8,6,5]
2261018 [13,5,15,1,9,4,6,8,11,16,17,12,2,14,3,10,7]
2261018 [5,7,16,4,18,9,14,2,17,13,3,12,11,10,1,15,6,8]
2288494 [23,1,20,40,44,19,14,33,15,38,43,41,42,30,11,29,10,36,3,4,12,7,2,21,22,26,17,35,9,27,13,31,39,16,24,6,32,18,8,25,34,37,28,45,5]
2288494 [3,4,6,8,5,7,2,1]
2288494 [10,7,21,13,8,18,1,15,2,9,6,16,12,20,17,19,5,14,11,3,4]
2301568 [9,4,3,8,12,11,13,5,10,1,7,14,6,2]
2301568 [1,3,6,8,9,7,2,4,5]
2301568 [9,5,2,4,10,11,6,3,12,7,1,8]
2301568 [2,9,18,11,5,14,15,16,10,3,20,1,13,6,17,12,4,19,7,8]
2301568 [22,24,1,10,19,21,11,17,14,6,20,5,4,13,26,3,18,2,9,23,16,15,7,28,8,12,27,25]
1974470 [4,7,1,6,5,3,2]
2020878 [12,8,14,1,9,2,6,7,4,10,13,5,11,3]
2028052 [3,1,2,7,6,5,4]
2405181 [1,2,3,4,5,6]
2414972 [1,5,2,4,3]
22895 [4,6,1,7,3,5,2]
22895 [2,1,5,7,4,6,3]
25809 [4,5,3,2,1]
25809 [6,4,2,1,3,5]
32222 [8,3,4,10,6,11,2,9,13,1,12,5,7]
2282798 [2,7,4,9,6,8,3,5,1]
1803121 [6,3,4,5,2,1]
1404181 [9,2,6,1,7,5,3,13,4,10,8,11,14,12]
1404181 [5,1,3,4,2]
2190812 [5,3,1,7,6,4,2,8]
2190812 [1,4,2,5,3,6]
2190812 [4,3,1,2,6,7,5]
110458 [6,4,2,5,3,1]
2240491 [4,7,2,3,1,5,6]
2245724 [14,15,9,10,16,13,4,12,5,6,3,1,11,8,2,7]
2261018 [4,5,3,1,6,2,7]
2261018 [32,8,16,31,6,21,26,30,24,11,22,7,25,28,29,2,27,15,3,19,20,17,10,1,4,14,12,23,33,5,13,18,34,9]
2261018 [1,3,13,4,10,8,6,2,12,7,9,5,11]
2261018 [3,2,10,11,8,9,7,4,6,1,12,5,13]
2261018 [2,8,9,1,6,5,4,3,7]
711028 [5,4,2,1,3]
1048048 [1,2,3,4,5,6,7,8]
1138925 [6,5,9,3,4,1,7,8,2]
2046464 [7,6,3,8,9,4,1,2,5]
2047680 [1,2,3,4,5,6,7,8,9,10,11]
2047680 [1,2,3,4,5,6,7,8]
2097149 [7,12,3,6,10,8,4,1,9,2,5,11]
2097149 [9,8,3,5,4,2,7,1,6]
2097149 [4,2,5,3,1]
2110847 [4,3,2,1,5]
2118743 [5,1,4,3,2]
2128271 [1,2,3,4,5,6,7,8]
2128271 [1,2,3,4,5,6,7,8,9,10]
2128271 [1,2,3,4,5,6,7,8,9,10,11,12,13]
2128271 [1,2,3,4,5]
2144690 [1,2,3,4,5,6]
2149580 [3,5,1,4,2,6]
2159658 [1,2,3,4,5,6,7,8,9,10,11,12,13,14,15,16,17,18,19,20,21]
2267404 [5,8,9,10,3,11,1,6,7,2,4]
2318116 [3,2,1,4,5]
2318116 [7,3,6,5,4,1,2]
2326529 [7,5,3,6,1,4,2]
2421328 [3,12,4,1,6,5,7,9,2,13,10,14,8,11]
2421328 [24,20,6,4,11,29,15,3,27,30,18,16,2,8,17,22,33,7,13,12,26,31,10,9,19,1,5,32,23,28,14,25,21]
1092441 [3,5,4,6,1,2]
2370657 [5,4,2,3,1]
1157827 [12,11,10,13,2,8,5,1,6,7,3,4,9]
1167004 [6,11,4,1,9,7,2,3,5,10,8]
1167004 [8,6,7,5,2,4,1,3]
1167004 [12,13,18,19,15,10,17,9,6,20,11,4,5,3,1,8,2,14,16,7]
2432239 [2,3,5,1,4]
2455851 [3,1,8,4,5,7,6,2]
2505050 [12,5,3,6,11,2,1,9,7,4,10,8]
2505050 [3,1,2,4,5]
2505050 [5,3,2,6,4,1]
2583035 [1,3,7,6,5,4,2]
2583035 [6,4,3,1,2,5]
2101786 [1,3,9,8,2,12,4,5,14,6,7,13,15,10,11]
2101786 [3,5,1,2,4]
2101786 [3,5,1,6,7,8,2,4,9]
2101786 [2,5,4,1,3]
2101786 [13,8,6,11,2,7,4,10,3,12,9,1,5]
2101786 [4,2,3,5,1]
716137 [1,2,3,4,5,6,7,8,9,10,11,12,13]
716137 [1,2,3,4,5,6,7,8,9,10,11,12]
716137 [1,2,3,4,5,6,7,8,9]
717676 [1,2,3,4,5,6,7,8,9,10,11,12]
717676 [1,2,3,4,5,6]
751626 [2,4,3,5,7,6,1]
751626 [13,2,17,32,15,21,33,5,25,29,11,12,6,20,3,35,22,1,7,23,10,8,27,30,26,19,24,31,16,18,34,28,14,9,4]
777795 [1,7,3,5,4,8,2,6]
818399 [6,5,3,4,1,2]
822771 [2,1,3,5,4]
822771 [2,4,8,3,6,1,7,5]
822771 [27,5,31,6,29,9,21,7,24,33,35,4,16,1,30,3,15,12,2,17,8,10,22,19,34,28,13,32,11,26,25,23,18,14,20]
830362 [1,2,3,4,5,6,7,8,9,10,11,12,13]
840342 [17,8,20,6,11,25,38,16,5,10,33,30,9,34,1,4,31,18,13,40,32,7,39,28,26,23,41,35,15,21,24,14,19,2,27,3,22,29,36,12,37]
840342 [12,13,2,1,7,10,4,8,3,14,6,5,9,11]
840342 [1,7,3,14,2,8,5,11,16,9,10,19,17,13,4,15,18,12,6]
856313 [1,2,6,5,4,3]
899670 [9,10,11,7,4,3,13,5,12,6,8,1,2]
899670 [13,15,20,17,16,8,1,14,6,11,3,7,9,5,12,2,10,19,18,4,21]
901864 [1,6,7,2,4,3,5]
901864 [3,2,10,8,9,7,4,5,1,6]
901864 [6,19,11,1,3,5,12,2,4,24,21,25,14,22,8,16,23,13,20,27,10,17,26,18,15,9,7]
2357837 [3,2,5,1,4]
2357837 [5,4,3,1,2]
2342077 [5,8,10,9,3,2,1,6,7,4,12,11]
2342077 [5,4,6,2,7,8,1,3,9]
2345810 [1,2,3,4,5,6,7,8,9]
900378 [10,7,8,4,5,9,1,6,2,3,11]
2024936 [1,19,13,27,20,4,18,21,25,26,24,5,16,15,22,7,17,8,10,11,23,6,9,14,2,12,3]
2024936 [10,8,5,7,9,6,11,2,3,4,1]
2049698 [9,5,7,1,8,12,4,10,13,2,11,6,3]
2049698 [11,10,3,1,2,9,6,5,8,7,4]
2049698 [7,13,1,2,10,4,3,5,9,12,6,11,8]
2049698 [3,5,7,4,6,2,1]
2049698 [4,2,3,5,1]
1473460 [1,7,5,4,8,3,2,6]
1473460 [5,11,12,3,2,6,1,4,7,8,10,9]
948803 [1,2,3,4,5,6,7,8,9,10,11,12,13,14,15,16,17,18,19,20,21,22]
948803 [1,2,3,4,5,6,7,8,9,10,11,12,13,14,15,16,17]
958494 [1,2,3,4,5]
965694 [1,2,3,4,5]
965694 [1,2,3,4,5,6,7,8,9,10,11,12,13,14,15,16,17,18,19,20]
965694 [1,2,3,4,5]
978714 [1,2,3,4,5,6,7,8,9,10,11]
978714 [1,2,3,4,5,6,7,8,9,10]
2578206 [21,2,4,8,9,15,5,16,7,13,11,12,10,14,6,19,1,18,3,17,20]
2578206 [1,2,5,4,6,3]
161514 [3,9,6,2,5,4,8,7,1]
161514 [3,8,7,2,6,4,1,5]
161514 [4,3,2,5,6,7,1]
161514 [16,17,1,5,12,21,11,13,6,8,14,3,7,20,2,18,19,15,9,10,4]
161514 [9,3,5,2,1,7,8,4,6]
168638 [7,3,4,8,6,5,1,2]
168638 [4,2,1,3,5]
1873148 [1,2,3,4,5,6,7,8,9,10,11,12,13,14,15,16]
1874962 [6,7,9,3,1,4,8,2,5]
2440251 [1,2,3,4,5,6]
1595250 [3,10,7,4,8,5,13,1,14,6,2,11,12,9,15]
2049698 [2,4,3,5,1,7,6]
2049698 [4,5,2,3,1,6]
2288494 [14,5,3,2,8,1,12,4,10,15,11,13,6,7,9]
2288494 [3,2,6,4,5,1]
2288494 [11,13,3,7,5,1,10,2,6,4,15,8,9,14,12,16]
2288494 [1,8,5,2,7,6,9,3,4]
2288494 [12,15,8,9,14,7,16,2,3,10,11,6,5,4,1,13]
2292659 [1,2,3,5,4]
2311056 [4,2,3,8,7,5,6,1]
2311056 [11,2,9,8,3,1,7,10,4,5,6]
1090573 [5,3,2,7,1,6,4]
2064670 [12,14,10,13,6,11,20,5,16,4,3,9,8,2,17,15,1,18,19,7]
1200231 [2,4,5,1,3]
1221502 [2,5,1,3,6,4]
1221502 [9,13,1,11,6,12,7,16,2,5,4,10,8,15,3,14]
1221502 [1,4,8,3,7,9,2,5,6,10]
1221502 [2,3,1,10,6,12,9,5,8,4,13,11,7]
1221502 [2,10,11,14,7,8,15,4,12,5,16,1,17,9,6,13,3]
567910 [1,2,3,4,5,6,7,8]
567910 [1,2,3,4,5,6]
567910 [1,2,3,4,5]
621402 [5,7,11,3,8,13,14,9,12,6,1,10,2,4,15]
647653 [13,18,1,2,10,5,8,6,4,16,9,11,15,19,3,7,17,14,12]
647653 [23,26,4,16,28,12,15,10,7,13,25,27,2,21,20,11,5,19,22,14,32,29,9,8,18,17,1,30,6,31,24,3]
695088 [4,8,10,2,11,1,3,7,5,9,6]
695088 [2,7,3,6,4,1,5]
695088 [8,7,11,4,1,9,3,2,6,5,10,12]
695088 [7,3,1,4,6,8,2,5]
695088 [1,4,5,3,2]
705554 [5,1,4,15,2,8,10,9,11,13,7,3,16,14,6,12]
557277 [1,2,3,4,5,6,7]
557277 [1,2,3,4,5,6,7,8,9,10,11,12]
557277 [1,2,3,4,5,6,7,8,9,10]
559866 [20,6,7,11,15,4,8,16,10,9,17,14,19,18,2,5,1,3,13,12]
559866 [5,6,2,3,1,4]
559866 [3,1,7,8,6,4,2,5]
559866 [2,7,4,10,6,3,5,8,1,9]
598615 [2,1,5,4,3]
598615 [3,4,2,1,5,6]
598615 [11,8,5,9,14,13,12,7,1,2,6,4,16,3,10,15]
988404 [1,2,3,4,5,6,7,8,9,10,11,12,13,14,15,16,17,18,19,20,21,22,23,24,25,26,27,28,29,30,31,32,33,34,35]
1090366 [5,9,6,4,3,8,7,1,2]
1138925 [3,6,19,9,17,16,11,4,10,18,2,21,14,7,1,26,12,23,25,24,27,8,15,20,5,13,22]
335397 [3,8,10,9,5,7,6,1,2,4]
335397 [4,8,2,10,9,11,7,1,3,5,6]
690480 [13,15,10,17,16,11,3,18,4,7,6,1,2,14,9,8,5,12]
698576 [1,4,2,5,6,3]
698576 [4,1,2,5,3]
698576 [3,4,5,2,1,6]
698576 [7,6,5,1,3,2,4]
1020886 [6,5,8,1,7,3,2,4]
1020886 [2,4,3,5,6,9,8,1,7]
463733 [9,16,14,20,29,22,31,5,28,27,21,1,4,10,7,32,19,2,25,34,11,26,12,17,18,23,33,24,6,3,15,13,8,30]
806521 [57,17,31,54,20,43,3,50,45,26,35,55,61,28,15,5,41,47,48,6,51,44,9,52,4,8,42,2,22,46,38,13,1,59,60,27,49,16,29,24,62,32,58,18,36,11,63,10,25,34,53,39,12,30,33,7,56,37,14,21,19,23,40]
1697436 [2,3,5,1,4]
352658 [2,11,7,15,8,1,9,3,5,12,6,10,14,4,13]
352658 [1,2,3,4,6,5]
352658 [6,3,2,5,1,4]
352658 [2,1,4,3,5]
2060487 [5,6,2,4,1,3]
2099271 [1,2,5,6,3,4,7]
2099271 [5,3,4,1,2]
2101786 [1,8,3,4,2,5,6,7]
2101786 [3,6,2,8,7,9,1,10,11,5,4]
2113901 [7,4,1,5,9,10,6,12,8,11,2,3]
2130951 [3,7,4,12,8,2,6,10,1,5,11,9]
2149580 [2,6,7,1,10,11,4,9,5,3,8]
2159658 [1,2,3,4,5,6,7,8,9]
1308113 [5,2,3,6,4,7,1]
1323002 [6,2,14,8,5,1,10,18,20,15,13,19,9,17,11,3,4,12,7,16]
1323002 [3,6,7,5,1,4,2]
1323002 [14,2,19,4,17,10,9,15,7,3,11,1,18,16,12,5,13,8,6]
1383364 [1,2,3,4,5,6,7,8,9,10,11,12,13]
1383364 [1,2,3,4,5,6,7,8,9]
1383364 [1,2,3,4,5,6,7,8,9,10]
1383364 [1,2,3,4,5]
1383364 [1,2,3,4,5,6,7,8]
1383364 [1,2,3,4,5,6,7,8,9,10]
1383364 [1,2,3,4,5,6,7,8,9,10,11,12]
1383364 [1,2,3,4,5,6,7,8,9]
1383364 [1,2,3,4,5,6,7,8,9,10]
1387981 [3,7,2,4,5,10,8,9,1,6,11,12]
1387981 [2,4,1,5,3]
1387981 [44,43,17,2,31,7,34,16,3,10,30,36,19,38,12,1,9,20,13,26,42,14,25,39,45,28,41,5,33,22,15,27,18,35,8,46,23,29,47,37,11,6,21,4,32,24,40]
1387981 [11,18,1,22,2,6,9,4,15,20,13,19,16,8,7,5,17,12,3,10,21,14]
1387981 [2,6,5,4,3,1,7]
1387981 [4,3,2,1,6,5]
1387981 [4,5,3,1,6,2]
1387981 [13,10,12,20,3,6,14,17,7,15,8,18,1,5,11,9,4,16,2,19]
1387981 [8,10,5,3,2,11,4,6,1,7,9]
1387981 [12,31,15,8,29,19,1,33,30,35,34,18,21,26,36,3,20,39,7,37,9,14,11,24,13,25,38,16,4,32,23,40,22,6,27,2,10,28,17,5]
700730 [11,8,14,12,10,4,9,5,1,7,13,2,3,6]
1399717 [2,5,3,4,1]
1430895 [1,2,3,4,5]
411733 [19,25,3,24,5,7,20,22,9,6,16,31,29,14,18,13,11,10,17,23,4,26,12,27,30,1,2,8,28,15,21]
411733 [5,3,4,2,1]
411733 [10,11,3,6,9,5,7,1,12,13,8,4,2]
411733 [2,1,3,5,4]
206251 [1,6,5,4,2,7,3]
206251 [2,3,4,5,1]
289998 [2,9,1,4,6,3,8,10,5,7]
321436 [1,2,3,4,5]
338752 [6,14,13,15,7,17,12,1,5,3,8,16,9,11,10,4,2]
338752 [8,7,2,1,5,3,4,6]
338752 [5,4,3,6,2,8,1,7]
338752 [1,17,12,7,10,15,18,25,24,14,9,4,3,11,21,19,26,22,20,8,2,6,23,16,5,13]
338752 [6,9,7,3,1,8,4,5,2]
338752 [9,4,2,8,7,6,3,5,1]
364113 [13,4,8,6,3,5,1,15,2,7,11,12,10,9,14]
365556 [1,2,3,4,5,6]
365556 [1,2,3,4,5]
378743 [7,1,9,2,5,6,8,4,3]
392101 [2,13,10,3,25,27,6,18,20,5,17,8,21,26,16,23,1,12,11,24,7,14,9,19,4,22,15]
412247 [5,3,9,6,7,2,1,10,8,4]
416664 [20,15,3,24,27,16,21,9,12,22,1,17,11,10,18,13,5,6,14,4,25,26,8,28,7,23,2,19]
416664 [6,7,4,5,1,3,2]
416664 [2,1,4,3,5]
416664 [14,11,7,9,6,2,8,10,4,5,3,1,12,16,15,13]
416664 [11,8,9,19,15,18,7,5,3,22,4,13,14,10,12,21,23,2,16,20,17,6,1]
2186994 [7,8,3,5,2,10,1,4,6,9]
1961735 [54,48,36,37,34,50,29,16,8,5,42,44,13,22,45,31,14,19,30,11,40,41,4,46,15,35,10,18,12,51,33,28,25,21,52,26,43,32,27,2,53,23,9,17,20,1,49,47,3,7,39,38,24,6]
1961735 [4,6,1,7,2,5,3]
210846 [13,8,10,14,2,12,16,9,15,1,3,11,17,6,7,5,4]
2021126 [6,16,3,1,15,2,5,17,9,18,19,7,11,8,14,4,10,13,12]
407553 [1,7,4,2,5,3,6]
407553 [9,1,3,4,10,2,6,7,8,11,13,12,5]
407553 [9,8,3,7,5,6,1,10,2,4]
516251 [4,5,8,19,7,18,9,25,3,1,16,10,20,6,23,24,2,11,17,13,21,14,22,15,26,27,12]
516251 [20,14,30,27,26,15,29,21,17,9,25,6,7,22,11,1,10,2,8,18,12,16,13,28,5,24,4,3,23,19]
1323002 [3,5,6,1,4,2,7]
521637 [5,1,3,2,4]
623191 [6,4,9,7,8,13,5,12,1,3,14,16,2,10,11,15]
623191 [12,19,3,1,6,14,2,11,13,9,15,16,4,21,7,8,17,10,20,18,5]
623191 [6,5,9,8,7,4,2,3,1]
623191 [1,3,5,2,4]
890209 [10,5,9,3,6,2,1,7,4,8]
949107 [2,3,4,1,5]
949107 [6,1,5,2,3,4]
2440251 [1,2,3,4,5,6,7,8,9,10]
1938246 [3,2,1,5,4]
1943191 [2,7,13,4,3,12,5,9,6,1,14,10,8,11]
1965353 [5,2,4,1,3,6]
1965353 [1,6,5,3,7,4,2]
1965353 [3,10,1,7,11,5,2,9,8,4,6]
1992684 [26,12,23,18,17,21,29,22,24,4,20,15,2,14,10,28,13,19,1,6,3,7,5,16,8,11,25,9,27]
2489496 [4,1,3,6,5,2]
2489496 [3,4,5,1,7,6,2]
2489496 [3,5,4,7,6,1,2]
2489496 [4,3,5,2,1]
2489496 [3,14,5,1,9,11,4,12,15,6,13,7,8,10,2]
2510364 [1,2,3,4,5]
2510364 [1,2,3,4,5,6,7,8,9,10,11,12,13,14,15]
2542145 [11,2,6,17,3,4,10,13,12,16,7,14,9,8,5,1,15]
1408513 [6,11,31,26,15,10,8,20,5,18,29,13,30,4,9,24,12,16,23,21,1,3,27,17,2,25,14,19,7,22,28]
1408513 [3,1,6,5,2,4]
81492 [15,2,13,6,12,5,4,3,11,1,7,8,9,14,10]
456749 [2,5,6,7,4,3,1]
456749 [5,1,3,2,4]
456749 [5,1,4,3,2]
456749 [4,2,5,3,1,6]
476345 [14,1,11,3,12,17,2,13,15,16,6,18,7,9,4,5,8,10]
600206 [4,1,3,2,6,5]
661928 [1,9,4,2,6,8,3,7,11,5,10]
731520 [1,2,3,4,5,6,7,8,9,10,11]
2309232 [3,5,7,4,6,2,1]
2364120 [1,2,3,4,5,6,7,8]
2364120 [1,2,3,4,5,6,7,8,9]
2364120 [1,2,3,4,5,6,7,8,9,10,11,12,13,14,15,16,17,18,19,20]
2364120 [1,2,3,4,5,6,7,8]
2364120 [1,2,3,4,5,6,7,8,9,10,11,12,13]
2368248 [5,7,3,6,10,9,12,4,13,14,11,2,8,1]
2390691 [36,4,19,12,8,24,30,37,34,7,1,17,33,3,2,23,35,13,39,38,22,15,31,25,14,18,26,28,16,27,29,32,5,21,11,20,10,6,9]
2390691 [6,4,3,1,5,2]
2390691 [3,5,1,4,2]
2390691 [7,2,4,5,9,3,8,6,1]
2404803 [1,2,3,4,5,6,7,8]
2404803 [1,2,3,4,5]
2404803 [1,2,3,4,5,6,7,8,9]
2404803 [1,2,3,4,5]
2404803 [1,2,3,4,5,6,7,8,9,10,11,12,13,14,15,16,17,18]
2415367 [6,10,5,9,2,7,4,3,8,1]
2415367 [7,5,1,2,3,4,6]
2433810 [6,8,1,2,4,3,7,5]
2433810 [11,15,4,20,8,6,19,7,1,12,5,22,3,13,14,10,21,17,2,9,16,18,23]
2433810 [2,4,5,1,3,6]
2433810 [15,13,12,31,7,3,10,27,9,18,5,19,6,22,11,14,30,28,8,16,29,1,2,21,17,25,26,24,20,4,23]
2433810 [5,15,6,3,28,4,24,2,8,20,10,21,12,9,27,13,30,25,16,1,11,14,23,7,18,22,29,19,17,26]
2433810 [2,8,6,4,5,3,1,7]
2439350 [8,32,2,20,19,33,7,22,1,27,29,5,26,30,10,15,3,11,31,4,25,14,13,24,17,18,21,6,16,12,9,28,23]
2439350 [8,10,5,11,6,9,4,7,12,2,1,3,13,14]
2451375 [1,2,3,4,5,6]
62577 [1,2,3,4,5,6,7,8,9,10,11,12,13,14,15,16,17,18,19,20]
95507 [7,5,2,6,1,3,4]
125136 [7,8,2,6,5,3,4,1]
168638 [6,4,1,2,3,5]
168638 [1,8,3,5,4,2,7,6]
202953 [16,13,8,5,12,4,3,9,7,15,14,6,2,10,11,1]
206251 [2,1,4,3,5]
240435 [7,4,3,5,1,2,6]
244218 [9,10,8,11,6,1,4,3,2,5,7,12]
244218 [4,6,5,7,2,1,3]
249788 [3,5,6,4,2,1]
750497 [2,9,13,15,5,14,16,3,18,6,4,11,1,19,10,12,7,17,8,20]
2053307 [1,2,5,4,3,6]
2053307 [5,9,3,2,7,4,8,6,1]
2053307 [2,5,3,1,6,11,9,12,4,8,13,7,10]
2064670 [2,4,13,9,11,8,1,7,5,12,6,17,16,3,14,15,10]
2420256 [34,14,24,40,28,12,37,29,11,31,4,25,27,5,23,22,16,8,26,18,33,38,1,2,7,20,13,43,19,41,36,17,42,35,6,39,32,15,21,10,9,3,30]
2540950 [1,3,2,4,5]
2548347 [1,3,2,5,4]
2548347 [9,6,10,1,7,8,2,5,3,4]
264359 [7,3,4,6,1,5,2]
1368005 [15,2,8,11,13,3,7,16,12,19,6,14,9,5,17,1,10,4,18]
1368005 [3,5,4,2,1]
2193614 [1,2,3,4,5,6,7,8,9,10,11,12,13,14,15,16,17,18,19,20,21,22,23]
2193614 [1,2,3,4,5,6,7,8]
2583035 [9,2,5,8,1,6,3,7,4]
1447473 [18,30,19,17,16,12,1,7,28,14,13,33,10,5,35,3,8,22,4,34,31,9,25,21,32,24,29,2,26,11,6,20,23,15,27]
1450284 [2,6,4,5,1,3]
1450284 [2,4,3,6,5,8,1,7]
2259512 [19,3,10,6,16,7,17,15,8,2,11,1,5,18,14,4,12,9,13]
2259512 [5,23,30,21,14,12,8,1,34,6,9,22,36,26,10,11,29,33,15,3,32,20,18,24,4,13,7,25,2,19,35,27,16,28,17,31]
1401252 [1,2,3,4,5,6,7,8,9,10,11,12,13,14,15,16,17,18,19,20,21,22,23,24,25,26,27,28,29,30,31,32,33,34,35,36,37]
1401252 [1,2,3,4,5,6,7,8,9,10,11,12,13,14,15,16,17,18,19,20,21,22]
1401252 [1,2,3,4,5,6,7,8,9,10]
1401252 [1,2,3,4,5,6,7,8,9,10]
497248 [6,3,2,1,4,5]
497248 [1,6,4,5,7,3,2]
1439546 [6,5,7,3,2,4,1,8]
1467043 [12,10,17,9,1,6,3,11,8,5,4,7,16,2,15,13,14]
1467043 [5,1,2,4,6,3,7]
1068993 [7,6,5,11,9,2,8,13,1,3,12,10,4]
1068993 [2,4,1,5,3]
1068993 [7,6,3,1,4,2,5]
1068993 [7,4,1,2,3,6,5]
1068993 [4,2,8,3,5,7,1,9,6]
1068993 [2,5,4,3,1]
1105810 [5,2,6,4,1,3]
1105810 [5,4,7,6,3,1,2]
1143249 [1,2,3,4,5,6,7,8,9]
1143249 [1,2,3,4,5,6,7,8]
1143249 [1,2,3,4,5,6]
1143249 [1,2,3,4,5,6,7,8,9,10,11,12,13,14,15]
1143249 [1,2,3,4,5,6]
1143249 [1,2,3,4,5,6,7,8,9]
1143249 [1,2,3,4,5,6,7,8,9]
1157136 [8,1,4,7,2,3,5,6]
1158222 [1,15,7,3,8,9,2,11,4,12,13,14,10,6,5]
1158222 [4,9,7,12,2,28,5,23,29,15,10,24,8,11,20,31,14,6,19,16,13,22,26,27,21,1,17,18,30,33,32,25,3]
1223263 [1,10,7,9,8,6,2,5,4,3]
1223263 [9,10,7,8,3,12,5,1,4,2,11,6]
1223263 [5,12,7,9,3,18,8,14,11,19,10,1,15,4,13,2,16,6,17]
1389997 [4,8,2,5,7,6,1,3]
1389997 [1,5,4,2,3]
1614920 [3,1,4,5,2,6]
1614920 [9,5,11,7,12,10,3,8,4,1,6,2]
1614920 [14,7,13,1,2,3,5,4,12,11,6,9,10,8]
1614920 [17,22,14,11,10,8,35,18,33,39,24,40,23,19,36,5,29,32,43,6,1,34,26,15,30,12,28,20,4,25,16,13,9,42,27,38,2,37,21,31,41,7,3]
2143620 [5,1,2,3,4,8,6,7]
2143620 [2,5,4,3,1]
2392766 [7,5,4,2,1,6,3]
1706553 [10,5,6,1,7,4,9,13,11,8,3,2,12,14]
1756041 [1,2,3,4,5,6,7,8,9,10,11,12,13,14,15,16,17,18,19,20,21,22,23,24,25,26,27,28,29,30,31]
1756041 [1,2,3,4,5,6,7,8,9,10,11,12,13,14,15,16,17,18,19,20,21,22,23,24,25,26,27,28,29,30,31,32,33,34,35,36,37,38,39,40,41,42,43,44,45,46,47,48,49,50,51,52,53,54,55,56]
1756041 [1,2,3,4,5,6,7,8,9,10,11,12,13,14]
1760189 [1,2,3,4,5]
1785149 [6,3,7,2,4,1,5,8]
1785149 [4,2,3,5,6,1]
1785149 [4,13,22,29,27,20,12,17,16,24,6,19,3,15,23,26,5,21,2,18,10,14,25,28,11,7,8,1,9]
1404181 [11,13,10,15,4,17,6,3,9,14,12,7,16,2,8,1,5]
1404181 [3,4,1,2,5]
1444552 [3,14,27,37,32,23,30,7,15,20,22,21,11,5,4,1,34,13,28,25,6,2,12,29,24,18,26,10,33,17,35,8,16,36,19,9,31]
1444552 [28,38,40,24,25,21,29,5,14,18,31,20,22,2,23,15,36,17,39,16,35,7,30,9,12,13,27,3,10,26,11,34,1,37,33,6,19,4,32,8]
1444552 [4,5,3,1,7,6,2]
1811637 [2,1,3,4,5]
1836074 [1,2,3,4,5]
1874962 [2,8,3,6,1,4,5,7]
1874962 [1,6,5,10,8,4,7,11,2,9,3]
1881817 [1,2,3,4,5,6,7,8,9,10,11,12,13,14,15]
1881817 [1,2,3,4,5,6,7,8,9,10,11,12,13,14,15,16,17,18,19,20,21,22,23,24,25,26,27,28,29,30,31,32,33,34,35,36,37]
1881817 [1,2,3,4,5,6]
1514088 [1,3,5,2,4]
1532446 [1,3,5,7,4,6,2]
1534975 [1,2,3,4,5]
1541887 [11,5,6,3,1,9,10,7,13,12,2,4,8]
1541887 [5,3,6,7,1,2,13,9,4,8,11,10,12,14]
1541887 [7,3,6,8,2,1,5,4]
1546322 [9,16,12,18,6,1,2,17,24,7,19,10,3,21,20,25,22,5,4,23,14,15,11,13,8]
1546322 [6,5,4,7,1,2,3]
1546322 [6,20,18,27,3,26,21,24,4,5,29,1,12,25,22,9,23,2,11,13,7,8,19,16,17,10,28,15,14]
1546322 [14,31,20,6,12,19,23,33,27,8,16,10,32,15,28,30,9,13,26,7,17,4,21,1,24,3,25,2,34,5,29,11,22,18]
1563751 [3,5,6,1,4,2]
1563751 [3,10,2,11,7,9,6,8,12,5,4,1]
1563751 [18,10,17,19,7,14,21,16,13,22,11,2,6,1,9,8,12,4,15,24,5,3,20,23]
1563751 [5,3,2,4,1]
1567444 [3,6,1,5,4,2]
1567444 [3,1,10,11,2,5,13,12,9,6,4,8,7]
1595250 [6,2,3,4,5,1]
1185642 [12,20,9,14,15,26,10,6,8,13,3,1,24,22,19,18,21,25,4,17,7,11,5,23,16,2]
1193431 [4,5,10,7,12,11,2,1,13,8,14,3,6,15,9]
1221785 [1,2,3,4,5,6,7,8,9,10]
1221785 [1,2,3,4,5,6,7]
1230526 [1,3,2,5,6,7,4]
1308113 [5,4,1,7,2,6,3]
1310805 [1,2,3,4,5,6,7]
1310805 [1,2,3,4,5]
1321771 [1,2,3,4,5,6,7,8,9,10,11,12,13]
1383987 [10,9,13,6,5,4,1,7,12,2,11,3,8]
1383987 [4,3,1,5,2]
1393060 [1,2,3,4,5,6]
1377811 [4,1,5,2,6,3]
1380345 [3,1,8,4,5,9,7,6,2]
1395265 [7,1,5,4,2,6,8,3]
1395265 [9,1,12,15,10,11,13,3,6,4,2,16,7,8,14,5]
1427639 [18,3,23,11,9,24,1,13,17,26,7,12,19,5,25,22,10,21,20,2,6,4,15,16,14,8]
1430901 [1,2,3,4,5,6,7,8,9,10,11,12,13,14]
1473460 [3,7,2,4,1,5,6]
1561074 [4,2,1,5,3]
1583352 [8,15,13,3,11,17,10,4,5,1,14,12,16,2,6,7,9]
933067 [1,2,3,4,5,6,7,8,9,10]
933067 [1,2,3,4,5,6,7,8,9,10,11,12,13,14,15,16,17,18,19,20,21,22,23,24,25,26]
965694 [1,2,3,4,5,6]
1014041 [1,2,3,4,5,6,7,8]
1071040 [1,2,3,4,5]
1071040 [1,2,3,4,5,6,7,8,9,10]
1122915 [6,4,5,3,7,8,1,2]
1512064 [4,6,15,5,8,12,11,1,9,14,13,10,3,2,7,16]
1512064 [6,7,3,1,5,4,2]
1302220 [6,2,28,25,19,14,12,15,10,13,23,18,7,3,24,26,22,5,20,21,1,27,8,9,17,4,11,16]
1302220 [17,2,13,1,14,10,18,7,15,9,6,11,3,5,4,20,19,16,12,8]
1302220 [6,5,3,2,1,4]
1525711 [3,9,7,8,2,5,1,4,6]
1383987 [8,4,5,3,9,7,1,10,6,11,2]
1795319 [1,2,3,4,5,6,7,8,9,10,11,12,13,14,15,16,17,18]
2060487 [5,4,1,2,3]
2060487 [5,21,10,6,7,4,3,1,11,20,18,17,14,15,2,13,16,12,9,19,8]
81492 [2,8,5,1,4,9,3,7,6]
81492 [3,1,8,2,13,6,9,4,12,10,11,7,5]
19181 [1,3,8,4,7,5,9,2,6]
19181 [2,12,7,16,10,5,6,13,4,8,11,15,14,3,1,18,9,17]
19181 [2,4,5,1,6,3]
19181 [7,6,3,2,13,10,5,14,15,12,1,9,4,11,8]
112502 [1,2,3,4,5,6,7,8,9,10,11,12,13,14,15]
112502 [1,2,3,4,5,6]
168638 [5,2,1,3,4]
1699516 [56,44,48,33,42,14,23,37,52,25,46,40,55,53,10,45,11,29,39,35,9,5,32,49,38,8,27,26,34,57,22,6,31,58,59,30,1,47,43,21,7,17,24,54,18,16,20,50,51,13,12,28,3,4,15,19,2,36,41]
244843 [2,4,6,7,5,3,1]
244843 [3,4,5,1,2,6]
244843 [4,13,11,7,6,8,5,12,3,14,10,9,1,2]
244843 [3,10,2,6,7,4,11,12,1,9,8,5]
244843 [11,1,6,10,8,7,4,3,5,9,2]
244843 [2,8,5,11,13,12,9,15,14,6,10,3,1,4,7]
197756 [3,5,6,1,4,2]
197756 [1,14,10,7,11,4,18,9,13,12,3,17,5,16,8,15,2,6]
206251 [14,13,4,8,1,10,11,12,5,6,7,3,2,9]
1810529 [11,8,10,5,2,6,7,4,1,3,9]
134588 [1,2,3,4,5,6,7,8,9,10,11,12,13,14,15,16,17]
151601 [2,6,1,4,7,5,3]
212914 [1,2,3,4,5,6]
251902 [2,15,11,3,8,6,13,10,14,4,12,7,5,1,9]
182074 [22,2,25,20,19,17,21,14,13,24,11,16,23,15,7,4,6,18,5,3,10,12,8,9,1]
182355 [5,8,2,1,9,6,7,4,3]
189524 [4,7,8,2,6,9,3,1,5]
194623 [9,1,3,4,8,2,6,7,5]
366407 [10,7,8,13,2,12,4,3,5,11,6,9,1]
334673 [5,4,2,3,1]
337540 [11,9,5,8,7,12,6,3,10,4,2,1]
337540 [21,13,5,11,1,2,16,3,8,23,20,17,6,14,26,7,10,25,15,22,18,19,12,24,27,4,9]
337540 [1,4,2,3,5]
337540 [5,1,2,3,6,4]
337540 [30,28,5,15,14,35,4,29,12,10,25,23,9,46,16,47,42,39,27,33,19,8,17,6,18,36,45,32,43,40,48,44,38,21,31,41,20,3,13,37,2,24,1,22,34,7,11,26]
337540 [9,7,1,5,3,8,4,2,6]
364113 [2,9,12,5,6,15,13,14,8,3,4,10,1,11,7]
364113 [3,1,4,6,2,5]
364113 [3,5,7,4,2,1,8,6]
240435 [7,1,6,4,3,2,5]
240435 [1,3,5,6,2,4]
244367 [1,2,4,5,6,3,7]
244367 [4,3,1,2,5]
244367 [2,5,4,1,3]
244843 [2,5,4,1,3]
244843 [10,7,11,8,3,6,1,2,13,9,14,5,4,12]
244843 [2,10,9,5,7,1,4,3,6,8]
244843 [2,6,5,1,10,9,11,7,4,3,8]
248790 [22,2,5,1,15,6,3,19,16,7,9,18,4,21,11,13,17,20,14,12,10,8]
248790 [3,5,4,2,1]
289998 [18,2,14,7,3,9,5,12,16,13,17,10,20,8,15,19,1,4,6,11]
291051 [8,4,3,7,5,2,1,6]
456623 [10,16,12,3,15,11,4,13,1,2,9,14,5,7,8,6]
497248 [7,9,10,1,3,6,4,5,8,2]
497248 [1,2,8,3,6,7,4,5]
497248 [10,8,7,6,5,3,9,1,2,4]
497248 [5,6,16,9,11,18,2,8,14,13,10,17,12,15,3,4,7,1]
497248 [6,1,5,3,8,4,7,2]
901864 [7,1,4,5,2,3,6]
626652 [7,5,3,6,4,2,1]
626652 [2,3,1,6,5,4]
634113 [40,9,13,5,18,26,14,39,54,30,28,41,34,29,58,4,50,25,60,10,2,15,27,52,24,20,3,6,17,46,21,23,7,61,55,51,1,59,35,8,37,32,49,11,12,53,44,57,43,31,56,48,33,22,38,19,45,42,16,47,36]
1221502 [7,3,5,2,4,6,1]
667805 [6,1,4,3,11,5,10,8,7,12,14,9,2,13]
667805 [1,7,3,6,2,5,4]
667805 [8,5,3,2,4,9,7,6,1]
667805 [4,5,3,1,2]
244843 [3,6,2,1,7,5,4]
244843 [9,4,10,3,1,7,2,8,5,6]
583610 [7,3,8,2,4,1,6,5]
750497 [7,2,8,14,10,13,9,5,1,6,3,12,11,4]
768249 [19,2,6,5,4,1,9,14,10,8,11,17,7,13,3,18,12,15,16]
768249 [3,12,2,7,9,6,8,4,10,11,1,5]
768249 [9,6,10,7,2,4,8,1,3,5]
768249 [8,9,2,6,5,10,3,7,1,4]
768249 [9,8,16,5,10,2,12,14,11,17,3,13,7,15,6,1,4]
768249 [1,3,4,5,2]
1940428 [1,2,3,4,5,6,7,8,9]
383378 [5,4,3,2,6,7,1]
935922 [3,9,1,6,7,4,8,2,5]
376104 [14,7,1,12,3,11,2,9,15,8,4,6,10,5,13]
450577 [11,6,5,10,1,8,7,12,9,4,2,3]
450577 [6,4,7,5,1,8,2,3]
1806211 [1,6,2,5,4,3]
1886898 [2,5,4,3,1]
699762 [1,3,2,4,5]
717676 [1,2,3,4,5]
717676 [1,2,3,4,5]
717676 [1,2,3,4,5,6,7,8,9]
717676 [1,2,3,4,5,6,7,8,9,10,11,12,13,14,15,16,17,18,19,20,21,22]
764848 [5,1,2,4,3]
764848 [1,4,8,2,6,3,7,5]
764848 [7,6,3,10,5,8,4,9,2,1]
764848 [9,15,5,8,13,11,20,3,7,16,14,2,12,4,6,18,17,10,1,19]
859097 [3,2,1,8,7,6,5,4]
859097 [18,4,16,3,7,19,8,5,11,13,12,15,9,6,10,1,17,2,14]
859097 [1,3,2,4,7,5,6]
859097 [3,6,22,19,5,15,2,4,13,12,10,7,24,18,14,25,17,8,1,20,16,26,9,11,23,21]
859097 [5,2,7,4,6,1,3]
859097 [10,15,22,9,13,6,3,16,14,19,18,4,2,12,8,5,7,1,11,20,21,17]
859097 [5,15,8,7,13,9,6,2,3,12,14,4,10,11,1]
812600 [21,25,3,16,2,1,5,8,11,7,15,14,19,26,10,22,24,23,4,6,9,27,20,18,17,12,13]
812600 [1,6,2,4,5,7,3]
812600 [9,17,15,10,16,5,7,6,18,11,13,12,2,4,14,8,1,3]
725568 [7,1,6,2,3,5,4]
725568 [2,1,5,10,7,13,11,6,15,9,14,3,4,8,12]
725568 [23,14,7,11,2,12,21,10,6,13,5,26,1,17,8,19,24,3,15,22,20,16,9,4,25,27,18]
725568 [1,5,8,6,4,3,7,2]
778460 [3,4,1,2,5]
899728 [4,7,10,8,9,5,3,6,1,2,11]
978714 [1,2,3,4,5,6,7,8,9,10,11,12,13,14]
1052476 [5,6,2,3,1,4]
1071529 [1,7,9,6,14,11,13,3,10,4,5,8,2,12]
1074381 [1,2,3,4,5,6]
1078413 [10,2,5,6,1,8,3,4,9,7]
1078413 [45,10,1,54,56,2,65,6,25,57,23,35,64,20,24,19,39,38,59,8,3,40,26,32,46,61,47,36,31,9,62,43,63,5,28,52,49,4,34,30,55,12,44,37,50,51,11,58,42,41,7,48,16,60,17,27,29,22,15,14,13,21,33,18,53]
1395265 [8,9,15,5,13,10,1,12,6,4,11,16,14,3,2,7]
1395265 [11,10,4,12,8,2,7,6,5,9,14,13,1,3]
1398166 [1,2,3,4,5,6]
1701108 [1,2,4,6,9,5,8,7,3]
1221502 [3,12,17,8,7,31,22,30,19,13,14,10,5,25,9,20,26,23,32,15,27,24,28,11,21,18,29,6,16,4,2,1]
1227910 [3,2,4,1,5]
1182135 [5,1,9,4,2,8,3,7,6]
1200231 [3,5,2,1,4]
978501 [1,2,3,4,5,6,7,8,9,10,11,12,13,14,15,16,17,18,19]
978501 [1,2,3,4,5,6,7,8,9,10,11,12,13]
978501 [1,2,3,4,5,6,7,8,9,10,11,12,13,14]
978501 [1,2,3,4,5]
978501 [1,2,3,4,5,6,7,8,9,10]
978501 [1,2,3,4,5,6,7,8,9,10,11,12,13,14,15,16,17,18,19,20,21,22]
985452 [8,2,5,4,3,9,6,7,1]
393986 [1,2,3,4,5,6,7,8,9,10,11,12,13,14,15,16,17,18,19,20,21,22,23]
416750 [3,4,2,5,1]
416750 [13,10,1,9,7,3,11,12,6,8,5,2,4]
416750 [4,3,2,5,1]
416750 [6,4,3,2,1,5]
420583 [3,2,4,6,5,1]
420583 [9,17,2,4,13,20,15,16,7,12,19,11,6,10,18,1,3,14,8,5]
477224 [3,1,5,4,2]
481652 [1,2,6,11,8,3,4,12,7,13,9,10,5]
481652 [5,4,1,2,3,6]
965694 [1,2,3,4,5,6,7,8,9,10,11,12,13,14,15,16,17,18,19,20,21,22,23,24,25,26,27,28,29,30,31,32,33]
965694 [1,2,3,4,5,6,7,8,9,10,11,12]
966688 [4,5,1,2,6,3]
1245658 [1,2,3,4,5,6,7,8,9,10,11,12,13,14,15,16,17,18,19,20,21,22]
1251390 [5,1,2,3,4]
1349046 [1,4,6,2,3,7,5]
1508908 [1,2,3,4,5,6]
1467043 [2,6,3,4,5,1]
1467043 [4,1,5,6,3,2,7]
1467043 [1,5,2,3,7,4,6]
1473460 [1,4,3,5,2]
1473780 [1,2,3,4,5,6,7]
1992863 [2,10,12,1,16,5,14,4,11,8,13,3,9,15,6,7]
1992863 [1,5,4,3,2,6]
1803121 [16,13,3,5,15,6,12,11,8,2,4,7,9,14,10,1]
1810529 [3,1,7,5,4,2,6]
1823235 [1,5,2,3,8,7,4,6]
918965 [7,10,2,12,3,9,4,1,5,11,8,6,13]
918965 [18,1,22,2,16,19,27,5,24,4,15,11,10,12,7,13,17,9,25,21,26,28,8,23,6,14,3,20]
918965 [8,3,6,5,1,9,11,7,10,2,4]
918965 [8,18,19,4,15,12,16,5,11,13,33,2,6,25,32,14,20,27,24,1,21,30,3,7,26,22,23,17,28,29,9,10,31,34]
935922 [6,5,2,1,8,3,7,9,4]
935922 [4,2,6,8,3,1,10,9,5,7]
1834502 [12,8,10,7,11,13,4,6,18,3,2,1,15,16,17,9,14,5]
2003901 [12,5,6,9,7,16,2,15,13,3,4,14,11,1,8,10]
2003901 [4,14,11,17,13,16,1,15,5,10,3,12,6,8,2,7,9]
2003901 [4,5,1,3,6,2]
2003901 [9,1,4,6,11,10,5,2,8,7,3]
365556 [1,2,3,4,5,6]
365556 [1,2,3,4,5]
893182 [4,9,3,6,8,1,7,5,2]
893182 [3,6,1,5,4,2]
893182 [7,4,6,12,18,11,3,8,17,2,1,10,16,9,13,15,5,14]
893182 [2,3,1,5,6,4]
1781230 [1,2,3,4,5,6,7,8,9,10,11,12,13,14,15]
1791251 [11,35,50,51,19,13,58,33,32,10,31,21,45,30,43,29,1,25,27,5,23,24,9,38,12,17,15,59,53,49,36,34,40,44,2,26,8,42,52,47,20,37,7,56,22,46,6,41,55,54,4,18,39,28,48,3,14,16,57]
1791251 [18,14,8,11,2,3,4,12,9,6,17,5,1,10,19,15,13,16,20,7]
751365 [4,10,1,8,7,9,3,11,5,6,2]
751365 [1,5,4,2,7,8,3,6]
2071560 [8,6,2,5,7,3,4,9,1]
2071560 [44,3,2,47,36,5,53,40,7,25,9,27,42,48,41,50,20,29,23,32,18,38,21,39,24,8,17,13,34,26,51,49,45,46,43,52,12,33,31,15,14,10,1,22,6,30,28,16,35,4,19,11,37]
2071560 [4,3,2,1,5,6]
2071560 [6,3,2,5,4,7,1]
2071560 [1,4,2,5,3]
2071560 [5,2,3,4,1,8,6,7]
2080681 [14,11,5,10,12,3,13,9,1,8,2,6,4,7]
1308113 [4,3,5,6,1,2]
1396768 [8,10,2,14,9,1,15,7,11,5,13,12,4,3,6]
1418574 [7,1,3,4,10,2,5,13,11,8,9,6,12]
1418574 [20,8,1,17,22,18,2,25,24,12,4,29,33,35,16,6,5,9,26,13,15,3,7,27,32,30,21,10,31,19,28,11,23,34,14]
1418574 [38,42,27,3,35,9,5,33,29,16,43,39,13,4,46,2,12,54,47,7,1,25,24,36,17,44,51,22,41,20,53,50,32,55,8,45,49,23,15,19,10,26,21,28,52,37,30,48,18,14,40,6,31,34,11]
1674815 [1,2,3,4,5,6,7,8,9,10,11,12,13,14,15,16,17,18,19,20,21,22,23,24,25,26]
1683484 [3,5,1,2,7,6,4]
1683484 [8,1,2,4,6,5,3,7]
1683484 [4,7,3,5,6,1,2]
1778414 [6,5,1,3,7,4,2]
1802703 [6,1,5,4,9,3,8,2,7]
1802703 [1,11,2,3,15,12,9,5,7,6,10,14,8,4,13]
1802703 [8,3,1,2,5,7,6,4]
2014482 [6,3,7,2,4,1,5]
2028052 [10,6,30,13,34,37,32,7,8,18,44,28,35,12,20,43,11,40,22,36,41,5,42,24,16,4,33,3,19,27,38,25,21,1,17,15,39,9,14,23,2,26,29,31]
2031993 [7,56,29,11,59,31,10,58,40,61,23,24,4,1,30,39,15,20,41,37,55,34,18,44,8,6,3,32,53,5,16,46,36,38,48,62,2,21,52,63,12,14,51,25,60,45,64,17,27,43,33,19,28,13,47,54,49,50,22,42,9,57,26,35]
2041007 [11,19,17,4,9,18,2,5,13,8,1,7,3,6,16,10,12,14,15]
1992863 [7,2,8,6,9,3,5,1,10,4]
1978399 [5,4,1,2,3,6]
1978399 [6,1,2,4,5,3]
1978399 [1,5,2,3,4]
1978399 [4,2,5,3,1]
1978399 [7,4,5,3,8,1,9,2,6]
2161139 [7,15,13,17,3,12,14,10,6,5,11,8,1,18,16,9,2,4,19]
2161139 [5,9,1,3,7,6,2,10,8,4]
2161139 [4,6,3,1,11,7,5,9,10,8,2]
1470906 [1,2,3,4,5]
1467758 [1,2,3,4,5,6,7,8,9,10,11,12,13,14,15,16]
1470585 [1,4,2,5,6,3]
980498 [14,4,16,13,7,12,6,15,10,9,2,11,3,8,5,1]
2532069 [1,2,3,4,5,6,7,8,9,10]
2532069 [1,2,3,4,5,6,7,8,9,10,11]
2097149 [13,21,30,31,40,47,46,7,34,43,8,27,26,28,6,42,9,50,32,2,36,29,24,11,49,23,1,25,33,12,19,45,5,18,10,20,3,14,16,15,48,38,4,44,37,39,41,17,22,35]
2097149 [1,15,20,40,8,38,45,44,34,26,43,27,19,7,32,18,6,16,31,23,2,28,13,24,42,17,30,22,39,4,3,10,5,29,25,12,21,33,9,41,14,36,35,37,11]
2097149 [7,2,1,3,4,8,6,5]
2097149 [9,12,19,15,16,2,14,8,20,5,3,18,7,4,10,11,1,6,17,13]
2097149 [12,1,30,15,19,11,16,33,8,41,32,13,17,39,4,10,38,42,29,20,25,2,18,31,3,40,37,24,36,5,6,34,28,9,26,35,22,27,23,14,21,7]
2097149 [2,4,6,1,8,3,7,5]
2097149 [2,3,1,13,9,10,8,5,7,12,11,6,4]
2097149 [9,6,2,5,4,8,1,7,3]
2097149 [26,41,9,19,17,37,3,44,21,42,23,20,11,8,36,24,13,14,6,25,34,12,28,2,10,22,35,29,1,16,40,30,27,33,18,32,39,31,4,7,5,38,45,15,43]
2097149 [15,14,11,12,4,2,8,13,6,1,9,5,7,3,10]
2101786 [7,6,4,2,1,3,8,9,5]
2101786 [3,5,2,4,1]
2445099 [1,2,3,4,5,6,7,8,9,10,11,12]
2445099 [1,2,3,4,5,6,7]
2445099 [1,2,3,4,5]
2451375 [1,2,3,4,5,6]
2459190 [7,9,6,5,8,3,1,4,2]
2459190 [4,3,2,6,1,5]
2516014 [31,8,15,12,24,34,20,4,27,23,10,7,36,6,26,9,2,18,29,28,32,11,16,5,30,14,35,25,19,37,21,3,1,22,17,33,13]
2143620 [3,1,7,10,4,9,5,6,8,2]
2143620 [4,9,2,3,1,8,6,5,7]
2292094 [1,2,3,4,5,6,7,8,9,10,11,12,13]
2292094 [1,2,3,4,5,6]
2292094 [1,2,3,4,5,6,7]
2292094 [1,2,3,4,5,6,7,8,9,10,11,12,13,14,15,16,17,18,19,20,21,22,23,24,25]
2370275 [5,1,2,4,3]
631807 [4,7,1,6,2,5,3]
755981 [5,2,1,4,3]
779944 [12,1,8,21,14,15,4,18,20,19,13,2,10,9,5,7,3,6,16,17,11]
844776 [5,2,9,1,3,8,6,4,10,7]
844776 [4,12,17,15,1,7,8,13,18,5,11,14,6,10,16,2,9,3,19]
844776 [6,12,2,5,1,9,11,10,7,3,8,13,4]
844776 [3,2,12,9,5,1,4,10,8,7,11,14,13,6]
844776 [6,3,5,1,2,4]
544884 [1,2,3,4,5,6,7,8,9]
544884 [1,2,3,4,5,6,7,8,9,10,11,12,13,14]
1389997 [5,2,4,6,3,1]
1879949 [2,4,5,1,3]
1879949 [5,3,6,1,4,7,2]
1901938 [4,5,2,3,1,6]
1908097 [5,3,2,4,1]
81492 [9,10,11,8,1,5,15,13,12,7,17,6,3,14,16,2,4]
81492 [6,8,2,4,3,1,7,5]
126068 [3,2,6,1,4,5,7]
160892 [1,8,7,2,5,3,9,6,4]
168769 [4,1,2,15,8,3,10,13,7,12,5,14,11,9,6]
168769 [5,7,3,2,6,4,1]
168769 [4,6,5,1,2,3]
168769 [2,9,1,12,11,8,6,3,5,7,4,10]
1583352 [5,7,4,2,6,1,12,10,11,8,9,3]
206251 [6,2,5,1,4,3]
206251 [3,2,1,4,5]
1660367 [6,4,2,3,5,1]
1020886 [5,1,3,2,4]
2168028 [2,3,7,5,8,4,9,6,1]
2233002 [1,7,11,4,14,5,6,3,9,12,2,10,13,8]
2233002 [8,13,2,1,6,3,12,11,7,5,4,9,10]
2233002 [4,1,2,12,5,10,7,11,3,8,9,6]
2233002 [2,3,9,4,1,5,8,7,6]
2233002 [14,5,2,10,12,15,6,11,3,4,9,8,7,1,13]
2233002 [3,2,6,7,5,1,4]
2233002 [8,1,11,14,12,15,2,4,13,16,10,6,9,7,3,5]
2233002 [10,8,12,2,9,5,15,11,13,3,1,7,6,4,14]
2238657 [4,13,15,31,2,26,32,21,14,22,19,17,28,30,1,5,27,7,33,9,10,12,29,24,6,3,25,8,11,18,23,20,16]
2238657 [9,3,10,1,4,5,12,11,6,2,8,7]
2238657 [1,5,6,2,4,3]
2238657 [1,5,2,4,3]
2238657 [5,2,1,3,4]
2240491 [10,1,3,4,8,9,5,2,6,7]
2261018 [9,3,4,6,8,1,7,5,2]
2261018 [6,11,2,4,3,12,8,9,10,7,5,1]
2261018 [15,4,16,9,10,17,6,8,2,3,5,18,12,1,11,14,13,7]
463733 [20,2,4,18,14,10,19,8,9,11,22,6,3,5,15,21,16,17,12,7,13,1]
1791251 [3,4,5,1,2]
1984028 [5,4,7,6,1,3,2]
2044604 [3,1,6,12,11,7,13,9,10,4,8,5,2,14]
2044604 [4,7,1,3,2,5,6]
2566955 [7,4,6,2,3,5,1]
1908097 [1,5,8,6,2,7,4,3]
268600 [3,5,6,2,1,4]
268600 [12,3,5,8,1,11,6,7,13,4,10,9,2]
268600 [4,2,7,5,8,1,9,15,12,14,13,10,6,11,3]
268600 [9,4,7,8,1,6,3,5,2]
268600 [2,8,1,5,9,6,4,3,7]
301528 [8,4,3,12,1,23,25,19,22,18,20,2,6,7,9,21,16,17,26,24,13,15,10,5,11,14]
335429 [3,8,5,2,7,4,1,6]
335429 [1,4,13,7,29,24,20,3,23,32,15,26,17,21,9,8,25,22,2,16,18,30,19,12,27,31,5,33,14,10,11,6,28]
367419 [13,1,11,8,6,3,7,2,10,5,14,4,12,9]
367419 [5,6,2,4,1,3]
367419 [4,8,7,1,6,2,5,3]
367419 [8,9,10,14,4,16,12,5,13,2,7,15,11,3,1,6]
367419 [5,8,2,3,6,9,1,4,7]
378743 [3,4,7,2,8,11,14,13,9,5,6,1,12,10,15]
1029687 [1,5,4,3,2]
1439546 [6,5,2,1,4,3]
311979 [1,2,3,4,5,6,7,8,9,10,11,12,13,14]
631807 [5,1,3,4,2]
631807 [5,4,6,1,3,2]
2548347 [1,3,2,5,4]
1047632 [16,6,21,28,8,24,17,5,25,22,13,11,1,2,14,10,15,26,18,4,20,23,3,7,19,12,9,27]
1047632 [7,4,1,6,8,5,3,2]
1090366 [3,2,10,8,5,4,6,1,7,9]
1091343 [8,2,9,10,1,3,7,5,6,4]
1091343 [8,4,6,7,2,3,1,5]
456623 [8,5,2,7,1,6,4,9,3]
456623 [10,2,11,1,15,5,6,7,4,9,3,8,12,13,14]
467813 [5,14,12,2,3,7,8,10,13,4,6,9,11,1]
470094 [2,6,7,4,5,3,9,8,1]
62577 [1,2,3,4,5,6,7,8,9,10,11,12,13,14,15,16,17,18,19,20,21]
2497547 [4,10,7,9,6,1,3,2,5,8]
2497547 [5,7,9,4,12,10,13,2,11,8,6,3,1]
1900492 [6,1,4,5,2,7,3]
1901938 [4,6,5,7,1,2,3]
755981 [6,9,3,12,15,1,13,16,5,2,10,11,7,14,8,4]
779944 [7,6,5,8,9,1,4,3,2]
779944 [4,3,1,2,5,6]
1275613 [5,10,4,7,2,9,11,3,8,13,12,6,1]
1275613 [6,15,9,17,13,14,19,4,20,18,5,8,2,12,11,10,3,1,7,16]
1275613 [5,1,2,6,7,4,3]
1292348 [1,4,3,5,2]
2540950 [2,4,3,1,5,6]
251987 [5,4,1,3,2]
710166 [1,2,3,4,5,6,7,8,9,10,11,12,13,14,15,16,17]
1470346 [4,2,3,1,5]
1473460 [12,5,16,3,17,1,13,14,6,9,15,2,4,7,8,10,11]
1473460 [3,16,6,8,1,13,12,15,5,14,7,9,17,10,4,11,2]
1515900 [3,5,4,2,1]
1686860 [15,1,11,7,14,16,2,3,6,13,12,4,5,8,10,9]
210846 [2,3,4,9,6,7,5,1,8]
2097149 [18,6,12,9,10,25,24,2,16,26,19,21,14,3,20,5,8,13,11,23,4,7,22,17,1,15]
2224151 [14,13,2,19,3,31,28,30,9,8,23,26,11,10,20,18,22,5,6,4,29,25,16,21,1,7,12,24,27,15,17]
2224151 [7,9,6,2,8,5,1,4,3]
2294377 [1,2,3,4,5,6,7]
2294377 [1,2,3,4,5]
2294377 [1,2,3,4,5,6,7,8,9,10,11,12,13,14,15,16,17,18]
2294377 [1,2,3,4,5]
162118 [12,67,4,23,13,43,5,62,61,48,29,52,55,60,33,63,41,79,76,30,35,3,51,70,72,18,28,22,65,25,2,80,69,37,38,45,6,75,64,40,19,17,31,46,54,49,7,39,34,21,16,10,78,44,14,57,71,20,32,42,11,53,50,47,9,58,74,68,1,8,56,15,26,77,59,81,24,27,73,66,36]
321436 [1,2,3,4,5,6,7,8,9]
321436 [1,2,3,4,5,6,7,8]
321436 [1,2,3,4,5,6,7,8,9,10,11]
1901938 [24,23,12,3,28,14,7,13,4,29,6,19,16,10,15,18,1,21,20,9,22,5,17,26,27,8,11,25,2]
1992863 [5,4,7,3,2,6,1]
1992863 [2,3,5,6,1,4,7]
2015664 [3,4,5,2,1]
2015664 [5,1,12,8,7,3,4,9,10,2,11,13,6]
2020878 [1,3,2,4,5]
349690 [1,2,3,4,5,6,7,8,9,10,11,12,13,14,15,16,17,18,19,20,21,22,23,24,25,26,27,28,29,30,31,32,33,34,35,36,37]
352658 [5,1,4,6,2,3]
374121 [3,5,2,1,4]
2098487 [5,1,3,2,7,4,6]
2098487 [6,25,2,4,23,15,31,12,10,27,9,21,3,28,11,32,13,7,22,14,5,18,1,8,20,26,16,30,24,19,17,29]
2098487 [4,5,10,7,6,9,8,1,3,2]
2107360 [3,2,9,8,7,10,5,11,6,4,1]
2107360 [4,3,1,6,5,2]
2107360 [14,9,10,1,13,3,7,5,12,6,15,2,4,8,11]
2107360 [27,14,7,2,30,25,9,17,33,28,6,24,1,35,43,32,4,18,44,34,29,23,42,16,26,13,20,15,5,37,40,22,21,10,11,31,39,8,12,36,3,38,41,19]
2511290 [1,2,3,4,5]
22895 [4,3,2,5,1]
24184 [3,2,4,5,1]
24184 [8,10,4,5,7,2,9,6,11,3,1]
24184 [7,5,8,2,6,1,4,3,9,10]
24184 [6,5,2,1,3,4]
2573441 [6,12,8,2,5,10,3,1,7,9,4,11]
1622906 [2,4,3,1,7,6,10,8,9,5]
301528 [2,6,3,1,7,4,5]
309336 [2,7,5,8,4,3,1,6]
322811 [1,2,3,4,5,6,7,8]
335429 [10,2,8,4,5,3,1,6,7,9]
1641482 [7,3,1,6,4,2,5]
1645664 [3,9,1,4,8,11,2,5,6,7,10]
1645664 [5,6,8,3,1,4,2,11,12,10,14,9,13,7]
371722 [2,4,5,3,1]
371722 [11,15,2,13,1,3,19,10,8,14,4,12,5,16,9,18,6,17,7]
394345 [6,3,1,5,2,4]
412478 [27,28,7,6,1,21,19,4,26,31,14,32,12,16,29,3,24,8,15,20,11,2,10,17,22,13,9,25,5,23,18,30]
412478 [5,7,4,6,3,9,8,2,1]
412478 [6,7,1,9,10,4,2,8,5,3]
412478 [1,4,6,7,2,5,3]
425689 [16,2,17,10,7,6,3,14,11,12,5,1,8,15,4,9,13]
456749 [1,2,3,4,5]
456749 [1,2,5,6,4,7,3]
334673 [2,6,1,3,4,5]
636116 [3,4,12,2,10,6,5,8,1,11,7,9]
636116 [6,3,5,2,1,4]
636116 [3,2,6,7,8,1,5,9,4]
636116 [5,2,3,1,7,4,6]
636116 [14,10,5,11,13,3,8,15,1,4,7,17,12,16,6,9,18,2]
665079 [3,4,6,7,5,2,1]
675751 [4,3,7,8,9,6,2,1,5]
675751 [9,8,11,10,6,12,1,3,2,5,7,4]
726123 [26,14,33,22,17,11,8,34,23,16,20,28,30,7,25,1,6,10,40,15,2,21,39,18,13,41,4,12,9,38,3,32,24,35,37,36,19,5,29,27,31]
726123 [3,4,2,5,1]
726123 [1,5,16,15,13,9,14,12,8,6,11,3,2,7,4,10]
726123 [47,45,11,6,14,12,5,27,10,32,38,8,15,51,28,20,18,7,46,23,2,9,43,25,1,33,30,22,41,13,29,26,4,48,50,37,31,16,21,19,17,44,35,42,39,49,24,34,40,3,36]
2345810 [1,2,3,4,5,6]
2370657 [4,5,2,14,15,12,19,6,18,10,16,21,1,3,7,8,20,11,13,17,9]
2421328 [17,23,27,4,6,15,9,16,10,1,2,3,12,7,8,13,20,19,14,11,28,5,25,22,24,21,18,26]
393986 [1,2,3,4,5,6]
1948814 [3,2,5,4,1,11,10,9,6,12,8,7]
1948814 [5,12,11,4,3,13,1,7,2,10,6,8,9]
25809 [5,2,1,8,4,6,3,7]
50692 [1,2,3,4,5,6,7,8,9,10,11,12,13,14,15,16,17,18]
60557 [1,2,3,4,5,6,7,8,9]
60557 [1,2,3,4,5]
60557 [1,2,3,4,5,6,7,8,9,10,11,12,13]
110458 [5,1,3,4,2]
110458 [4,2,5,3,1]
110458 [19,8,13,11,3,15,9,10,18,21,7,6,1,14,4,5,17,16,20,12,2]
164882 [14,2,21,12,35,23,32,24,3,13,39,18,1,6,15,4,26,40,7,9,16,20,38,8,33,29,34,22,19,5,11,17,10,37,30,43,28,31,25,41,36,42,27]
164882 [10,3,12,1,8,13,2,11,9,4,7,6,5]
168638 [20,34,5,21,35,29,11,1,28,25,37,22,17,4,12,36,13,8,32,27,18,19,26,33,6,30,9,24,2,15,23,3,31,7,14,10,16]
206251 [4,6,2,5,3,1]
206251 [1,4,6,11,2,10,5,8,9,12,7,3]
209258 [1,10,4,15,13,3,14,5,6,8,7,9,11,12,2]
244218 [4,3,1,5,2]
244218 [3,4,2,1,5]
244218 [2,32,21,6,9,11,27,20,29,3,19,22,14,31,4,10,13,16,23,33,5,8,18,28,25,7,12,24,17,26,30,1,15]
244218 [12,17,20,19,4,13,9,15,3,18,2,16,8,22,11,1,14,7,6,21,10,5]
244218 [9,4,1,3,12,11,6,5,2,7,8,10]
268600 [7,15,4,10,22,17,11,9,14,21,3,6,18,2,12,25,5,24,19,16,1,13,8,20,23]
287386 [6,8,1,4,3,2,5,7]
287386 [4,3,1,2,5]
667805 [7,8,16,14,15,21,11,4,18,6,9,2,1,10,5,19,17,3,22,13,12,20]
667805 [6,4,1,5,2,3]
51752 [7,1,3,9,5,4,8,2,6]
51752 [12,8,9,4,3,10,1,7,5,11,6,2]
51752 [3,5,6,4,1,7,2]
187651 [21,10,15,22,26,29,32,34,1,31,18,4,13,19,7,33,25,9,24,28,14,2,27,23,3,8,11,30,6,20,5,12,16,17]
317862 [1,3,2,9,8,5,6,4,10,7]
317862 [5,13,9,3,2,7,11,6,12,10,14,4,8,1]
1182135 [5,2,4,6,7,3,1]
349690 [1,2,3,4,5,6,7,8,9,10]
349690 [1,2,3,4,5,6,7]
349690 [1,2,3,4,5,6,7,8,9,10]
352658 [8,5,3,7,4,6,2,1]
352658 [9,7,4,2,5,6,10,3,1,8]
352658 [6,2,4,1,5,3]
364113 [7,6,1,8,4,2,3,5]
364113 [5,3,1,2,4]
364113 [4,1,5,2,3]
364113 [6,2,8,1,3,4,5,7]
365556 [1,2,3,4,5,6,7,8,9,10]
365556 [1,2,3,4,5,6,7,8,9]
507022 [11,9,14,12,3,5,1,2,6,10,8,13,4,7]
2440251 [1,2,3,4,5,6,7,8,9,10]
2440251 [1,2,3,4,5,6,7,8,9,10,11,12,13,14,15,16,17,18,19,20,21,22,23,24,25,26,27,28,29,30,31,32,33,34,35,36,37,38,39,40,41,42,43,44,45,46,47,48,49,50,51,52,53,54,55,56,57,58,59]
2440251 [1,2,3,4,5]
2451375 [1,2,3,4,5,6,7,8,9]
2574644 [7,9,1,10,15,14,12,8,4,5,3,6,11,13,2]
387363 [1,2,4,5,3]
476345 [2,8,4,3,1,6,9,7,5]
521637 [3,2,1,6,7,5,4]
615468 [3,1,2,4,9,6,5,8,11,12,10,7]
2490102 [1,5,3,4,2]
2520299 [2,1,5,6,3,4]
2566470 [9,8,4,6,7,2,11,10,1,13,5,3,12,15,14]
2566470 [4,5,6,2,1,3]
2580963 [1,2,3,4,5]
28327 [6,9,4,8,7,5,2,10,3,1]
28327 [4,3,10,11,6,2,8,7,12,1,9,5]
36131 [16,7,14,6,15,11,12,4,1,8,9,3,2,10,13,5]
755106 [1,2,3,4,5]
802669 [4,7,2,3,6,5,1]
1404181 [3,7,4,10,9,11,5,6,2,8,1]
1567444 [12,10,1,11,5,3,2,6,7,8,9,4]
2091506 [8,9,2,4,1,7,6,3,5]
2091506 [2,16,9,10,7,6,5,14,3,12,4,15,1,13,8,11]
2143620 [8,9,6,1,7,4,10,5,2,3,11]
2186994 [5,4,1,6,2,3]
2301568 [3,9,8,2,7,1,10,5,4,6]
2301568 [1,6,5,7,4,8,3,2]
2420256 [2,1,5,3,4,6]
70457 [1,2,3,5,4]
70457 [2,4,1,8,10,6,3,7,9,5]
70457 [2,6,5,1,11,7,3,8,9,13,12,4,10]
70457 [4,6,1,5,2,3]
110458 [20,4,31,7,32,23,28,30,17,2,27,26,15,10,24,16,35,19,21,8,5,6,13,36,11,33,25,12,14,3,34,1,9,22,18,29]
1571714 [10,8,16,6,15,3,18,17,13,12,4,5,7,9,14,1,11,2]
1571714 [3,5,2,6,1,4,7]
1622906 [6,3,1,10,11,5,4,2,8,7,9]
1622906 [2,5,6,8,7,3,1,4]
1660953 [1,2,3,4,5]
1310805 [1,2,3,4,5,6]
1310805 [1,2,3,4,5]
1321771 [1,2,3,4,5,6,7,8,9,10,11,12,13,14,15]
1321771 [1,2,3,4,5,6,7,8,9,10,11,12,13,14,15,16,17,18,19,20,21,22,23,24,25,26,27,28,29,30]
1321771 [1,2,3,4,5]
1321771 [1,2,3,4,5]
1336589 [5,3,1,6,4,2]
1360769 [6,2,3,5,1,4]
1369252 [14,4,2,12,10,1,3,8,18,16,13,11,9,15,6,7,5,17]
1369252 [1,5,4,2,3,6]
1680212 [1,2,3,4,5]
1255547 [5,2,1,3,4]
1404164 [8,1,4,3,2,5,7,6]
1404164 [1,4,8,3,7,5,2,9,6]
1683239 [3,1,2,5,4]
2580963 [1,2,3,4,5,6,7,8,9,10]
1178523 [4,2,6,5,3,7,8,1]
1178523 [5,2,7,1,6,4,3]
1178523 [22,2,6,1,8,18,14,13,7,5,16,10,9,12,20,4,17,15,21,11,19,3]
1178523 [1,4,3,5,2]
2246162 [2,3,6,4,5,1]
2246162 [2,1,5,4,3]
2246162 [5,4,13,1,3,8,7,2,6,14,9,10,12,11]
2246162 [7,1,4,3,8,10,5,6,2,9]
2246162 [3,5,7,4,6,1,2]
349690 [1,2,3,4,5]
352658 [12,5,8,10,4,6,11,16,13,9,7,15,17,3,1,2,14]
364113 [11,9,12,4,17,7,16,10,6,5,3,1,2,14,15,8,13]
364113 [44,50,16,8,56,33,10,39,36,20,53,14,26,38,22,3,32,29,52,45,40,49,17,55,43,6,47,2,60,35,42,57,23,4,12,13,11,18,9,24,61,59,15,27,54,5,21,48,62,34,46,25,1,37,58,19,30,41,31,28,7,51]
1683239 [6,9,2,4,8,7,3,1,5]
793625 [1,2,3,4,5,6]
793625 [1,2,3,4,5]
839229 [1,2,3,4,5,6,7]
839229 [1,2,3,4,5,6,7,8,9,10,11,12,13,14]
839229 [1,2,3,4,5,6,7,8]
839229 [1,2,3,4,5,6]
2060487 [4,5,2,1,3]
856313 [6,3,7,2,1,4,5]
856313 [2,5,4,1,6,3]
856313 [1,3,4,8,2,7,6,5]
856313 [1,2,3,4,7,5,6]
856313 [8,17,15,9,18,16,3,6,1,4,10,7,12,13,5,2,14,11,19]
856313 [5,1,4,3,2,6]
856313 [4,1,3,2,5]
864251 [5,1,4,3,2,6]
2101786 [2,4,3,1,6,5]
2101786 [8,1,10,13,4,19,9,7,3,17,15,2,12,14,20,5,11,6,21,18,16,22]
2113901 [19,41,6,18,10,14,28,27,8,32,1,39,36,20,23,40,35,11,45,21,22,12,29,34,42,44,15,25,5,4,30,7,17,13,2,3,43,16,37,33,31,24,9,26,38]
60557 [1,2,3,4,5,6,7,8,9,10,11,12,13,14]
2540950 [5,4,1,2,3]
2540950 [1,2,4,3,5]
2559323 [3,2,5,4,1]
2559323 [6,3,2,5,4,1,9,8,7]
1764290 [1,2,3,4,5,6,7,8,9,10,11,12,13,14,15,16,17,18,19,20,21,22,23,24,25,26,27,28,29,30,31,32,33,34,35,36]
2564495 [12,9,15,4,16,5,14,3,6,7,2,11,10,1,8,13]
2566470 [6,1,3,5,7,2,4]
2566470 [16,4,13,6,18,5,15,1,9,8,2,14,11,17,12,10,7,3]
2566470 [4,5,1,3,8,9,6,7,2]
2575952 [5,1,2,9,6,3,8,4,7]
2575952 [4,1,7,3,5,2,6]
2575952 [6,7,8,3,2,1,4,9,5]
135488 [6,3,2,4,1,5]
210846 [3,5,7,1,6,2,4]
317862 [6,8,12,9,2,1,10,4,5,3,14,11,7,13,15]
317862 [4,10,7,5,11,1,2,3,8,9,6]
317862 [4,8,7,3,6,1,5,2]
1806211 [4,2,3,1,5,6]
2121124 [10,9,3,6,1,8,7,4,5,2]
2121124 [2,4,5,1,3]
2143620 [6,5,1,3,4,2]
2583035 [3,2,1,5,4,6,8,7]
2583035 [7,6,4,2,5,1,3]
2583035 [7,5,6,1,4,2,3]
616502 [3,6,1,4,5,2]
1887306 [4,3,2,5,1]
1888687 [1,2,3,4,5,6]
1888687 [1,2,3,4,5]
1006353 [1,2,3,4,5,6]
1029687 [3,4,6,5,1,2]
1029687 [8,6,7,1,4,2,9,5,3]
1094259 [1,5,2,4,3]
1094259 [1,2,6,5,7,8,4,3]
1104073 [2,19,27,17,3,18,11,15,12,22,1,6,23,30,4,7,29,21,5,20,14,13,28,8,10,16,25,9,24,26]
1104073 [8,6,5,4,2,3,1,7]
1104073 [3,6,4,5,1,7,2]
1104073 [6,26,31,30,9,32,43,10,27,12,4,23,37,18,17,14,34,24,36,42,13,22,15,7,3,38,28,35,1,11,39,40,41,21,16,2,5,33,25,29,19,20,8]
1104073 [3,2,4,8,9,1,6,5,7]
1104073 [6,5,4,2,3,1]
1104073 [5,1,2,3,4]
1131819 [4,8,5,3,7,6,9,1,10,2]
1131819 [7,3,5,2,1,4,6]
1171223 [18,6,1,11,12,2,19,10,24,20,17,3,7,5,22,21,23,16,14,13,8,9,15,4]
1171223 [10,2,6,7,9,4,3,15,8,5,12,13,14,11,1]
1182135 [6,5,1,2,4,3]
1210810 [1,2,3,4,5,6]
1213548 [2,7,5,9,4,1,8,6,3]
1450284 [14,16,8,1,18,17,13,3,20,6,4,19,11,2,12,5,15,9,7,10]
1450284 [3,14,1,7,6,2,4,13,10,12,9,11,5,8]
1467758 [1,2,3,4,5,6]
1488979 [1,2,3,4,5,6,7,8,9]
1488979 [1,2,3,4,5]
1488979 [1,2,3,4,5,6]
1488979 [1,2,3,4,5,6,7]
1488979 [1,2,3,4,5,6,7,8,9,10,11,12,13,14]
1488979 [1,2,3,4,5,6,7,8,9,10]
1488979 [1,2,3,4,5,6,7,8,9,10,11,12,13,14,15,16,17,18,19,20]
1542939 [1,4,2,5,3,6]
1568487 [1,2,3,4,5,6,7]
1578371 [4,9,2,5,8,3,10,1,7,6]
1578371 [3,4,1,5,2]
1578371 [7,4,1,9,8,2,5,6,3]
1578371 [15,7,10,13,3,6,1,17,4,2,9,12,8,14,11,16,5]
1604401 [7,2,3,4,9,6,5,8,1]
951227 [26,27,1,5,14,17,24,9,35,13,10,38,3,18,39,19,15,31,11,32,33,23,16,22,30,20,8,2,40,6,28,41,7,12,34,21,42,37,29,25,4,36]
951227 [8,3,10,4,2,6,11,14,15,5,12,1,13,7,9,16]
965694 [1,2,3,4,5,6,7,8,9,10]
972633 [7,5,3,1,6,4,2]
972633 [3,6,4,2,5,1]
972633 [5,4,2,1,3]
972633 [1,4,3,5,2]
972633 [6,4,1,2,5,3]
972633 [2,3,4,6,1,7,5]
972633 [4,2,1,3,5]
972633 [5,4,1,3,2]
972633 [2,6,5,3,1,4]
972633 [5,2,4,1,3]
972633 [2,3,4,5,1]
1001055 [7,4,6,3,8,9,2,5,10,1]
1001055 [4,1,6,7,2,5,3]
1047632 [4,3,8,7,1,6,5,2]
1047632 [2,14,9,7,11,3,13,12,6,10,16,4,1,8,15,5]
1078413 [32,7,23,49,10,13,51,8,5,53,54,17,14,6,26,45,50,25,3,34,41,39,29,57,21,22,42,35,9,38,52,28,1,2,36,16,11,27,47,12,44,37,24,31,18,46,20,30,48,40,43,19,56,15,55,4,33]
1078413 [2,5,6,7,8,1,4,9,3]
1171223 [8,3,4,6,7,1,2,5]
899670 [5,23,3,27,28,24,14,1,8,10,29,4,13,25,16,15,26,22,11,20,21,19,7,12,2,9,17,18,6]
899670 [1,3,5,2,4]
899670 [6,5,7,3,1,2,4]
941029 [2,4,1,3,5]
1048048 [1,2,3,4,5]
1048048 [1,2,3,4,5,6,7,8,9,10,11,12,13,14,15,16,17,18,19]
2490102 [4,5,2,7,3,8,9,6,1]
2535843 [1,6,2,4,3,5]
202953 [1,2,3,5,4]
202953 [1,4,5,3,2]
202953 [2,1,5,3,4]
202953 [3,2,4,1,5]
202953 [4,3,7,6,1,8,2,5]
244218 [6,2,5,4,3,1]
289709 [6,5,1,8,4,2,3,7]
289998 [1,2,5,3,4]
335429 [3,9,8,6,10,1,4,5,7,2]
335429 [5,3,2,4,1]
336795 [10,24,25,30,32,26,21,35,41,13,12,20,9,18,8,33,31,19,6,34,36,2,27,22,3,16,23,40,14,29,7,1,28,42,17,11,37,5,43,4,15,38,39]
364113 [4,5,7,3,9,2,1,6,8,10]
364113 [8,11,7,9,1,2,6,5,4,3,10]
378743 [7,8,4,5,10,6,3,1,9,2]
383378 [7,5,4,3,1,2,6,8]
389743 [3,5,4,1,2]
389743 [3,4,7,1,6,2,5]
389743 [8,5,7,9,4,2,1,3,6]
389743 [1,3,2,5,4]
389743 [1,5,2,4,6,8,3,7]
389743 [1,3,5,2,4]
393986 [1,2,3,4,5,6,7,8,9,10,11,12,13,14,15,16,17,18,19,20,21]
393986 [1,2,3,4,5,6,7,8,9,10,11,12,13,14,15,16,17,18,19,20,21,22,23,24,25,26,27,28]
1251390 [5,1,4,3,2]
1251390 [5,2,8,4,3,6,1,7]
1298261 [1,2,3,4,5,6,7,8,9,10,11,12,13,14,15,16,17]
1298261 [1,2,3,4,5,6,7,8,9,10,11,12,13]
1308113 [1,7,6,2,4,3,5]
1383127 [1,4,5,8,2,6,7,3]
1383127 [2,3,6,1,5,7,4,8]
2261768 [1,5,7,8,6,4,3,9,2]
2261768 [1,2,6,3,5,4]
2177161 [13,7,12,8,15,10,11,3,5,4,2,14,6,1,9]
2246162 [1,3,7,4,2,6,5]
2246162 [8,1,12,11,3,2,9,5,6,10,4,13,7]
2255260 [1,2,3,4,5,6,7,8,9,10,11,12,13,14,15,16,17,18,19,20,21,22,23,24,25,26,27,28,29,30]
2318116 [4,3,5,2,1]
2318116 [6,7,3,2,1,4,5]
2318116 [1,8,9,2,7,3,6,5,4]
2318116 [10,7,9,4,5,2,1,3,6,8]
2318116 [2,17,6,8,10,11,13,4,1,18,20,12,19,14,15,5,7,3,16,9]
2318116 [10,1,18,14,9,12,4,13,16,15,8,17,7,6,2,3,5,11]
2368664 [5,6,3,7,8,1,4,2]
2368664 [7,10,13,1,4,9,2,8,5,3,12,6,11,14]
2368665 [3,9,8,2,4,6,5,7,1]
1583352 [11,5,1,15,13,2,9,17,23,24,10,14,3,21,7,18,12,8,16,4,6,19,22,20]
2504639 [10,6,8,11,3,4,7,5,2,9,1]
2504639 [5,4,6,3,7,2,1]
2504639 [4,5,12,2,6,9,8,7,10,11,1,3]
2504639 [2,13,6,1,15,5,4,3,10,11,7,14,12,8,9,16]
2504639 [2,5,3,1,4]
2548347 [7,5,2,1,4,3,6]
2420256 [8,6,4,2,5,7,1,9,3]
2420256 [5,2,4,1,3,6]
2306684 [6,7,1,4,3,5,2]
2540950 [3,2,1,4,5]
2540950 [2,4,1,5,9,6,7,3,8]
631807 [1,5,8,7,9,3,2,4,6]
808364 [4,3,2,1,5]
808364 [6,12,2,5,8,1,3,4,11,10,9,7,13]
808364 [6,5,10,4,8,3,1,9,11,7,2]
1223263 [7,10,4,3,5,6,2,8,1,9]
1223263 [5,6,1,3,4,2]
1223263 [2,6,4,7,3,5,1]
1255547 [3,7,1,11,9,6,8,5,4,2,10]
1404164 [19,10,16,7,5,12,18,9,4,1,17,6,15,2,13,8,14,3,11]
1404164 [3,15,16,4,8,5,6,9,14,7,12,11,2,1,10,13]
2574644 [1,17,14,11,9,2,8,15,13,16,4,3,10,7,20,5,19,12,6,18]
2574644 [2,4,3,5,6,1]
1275613 [22,18,40,8,12,38,3,16,24,26,46,4,9,43,11,7,21,29,37,17,20,39,15,35,44,34,36,45,30,31,14,2,33,28,6,10,13,19,23,1,27,41,42,5,25,32]
1279122 [2,1,6,9,8,5,4,10,7,3]
1279122 [4,1,3,5,2]
1279122 [2,4,7,6,1,5,3]
1978399 [9,3,4,2,6,5,8,7,1]
1978399 [8,17,1,10,15,13,14,6,5,18,19,4,20,21,3,11,9,2,12,16,7]
1978399 [7,9,1,10,4,8,2,3,6,5]
1978399 [5,4,3,2,1]
1978399 [5,3,2,1,7,9,4,8,6]
1978399 [2,5,3,1,6,4]
1978399 [4,1,3,5,2]
1978399 [5,9,4,3,12,8,2,1,14,10,7,15,16,13,11,6]
2044604 [3,6,5,2,1,4]
2143620 [3,11,6,1,8,10,2,5,9,7,4]
2143620 [12,1,2,6,3,5,18,11,16,14,9,10,13,7,15,17,19,20,4,8]
412478 [11,26,3,5,1,19,24,23,22,8,25,20,6,2,10,12,30,15,28,14,7,16,27,21,13,17,9,29,4,18]
420668 [4,10,8,2,3,11,7,6,1,9,5]
420668 [1,3,2,4,7,6,5,10,8,9]
420668 [2,3,7,1,6,4,5]
420668 [1,4,5,3,2,6]
420668 [3,6,4,1,5,2]
420668 [13,17,11,9,18,15,7,16,8,14,2,4,5,6,3,1,12,10]
726805 [1,2,3,4,5,6,7]
735843 [5,6,1,2,4,3]
735843 [2,21,20,14,10,8,3,18,5,6,1,16,7,17,13,22,11,19,12,15,4,9]
735843 [3,1,9,22,23,17,7,5,15,16,24,4,8,12,19,13,20,2,14,10,6,18,11,21]
777348 [5,4,3,1,2]
777553 [2,4,3,1,5]
812371 [1,2,3,4,5,6,7,8,9]
812371 [1,2,3,4,5,6,7,8,9]
812371 [1,2,3,4,5,6,7,8,9,10,11,12,13,14,15,16,17,18,19]
812371 [1,2,3,4,5,6,7,8,9,10,11]
812371 [1,2,3,4,5]
815173 [14,8,1,11,20,26,15,7,27,22,6,12,5,19,16,3,25,18,29,13,28,30,4,21,2,31,17,10,9,23,24]
850590 [5,2,1,4,3,6]
850590 [6,1,4,2,5,3]
850590 [6,3,8,10,1,7,5,4,2,9]
850590 [7,3,1,8,4,2,6,9,5]
891255 [7,4,13,10,8,2,12,9,3,5,11,1,6]
2053307 [10,9,15,12,22,19,11,6,1,13,14,20,18,7,23,5,21,3,16,2,4,17,8]
2053307 [3,1,5,4,2]
2053307 [12,8,6,13,11,3,10,5,7,4,9,1,2]
1248913 [5,6,3,4,1,2]
1248913 [4,9,3,2,7,10,11,1,5,8,6]
1594652 [11,6,13,8,14,10,3,1,4,5,9,12,2,15,7]
1594652 [26,49,18,23,52,47,16,35,50,6,55,11,32,20,28,38,39,46,34,43,5,51,37,60,30,17,24,58,54,36,21,57,27,4,31,41,40,8,25,22,9,2,10,53,44,7,19,56,59,14,45,3,42,33,48,1,29,13,15,12]
2129565 [7,8,5,4,6,3,2,1]
2129565 [4,3,1,5,2]
2129565 [3,1,8,13,2,10,11,5,6,9,4,12,15,14,7,16]
2150451 [5,4,10,14,12,7,11,6,8,13,2,3,9,1]
978501 [1,2,3,4,5,6,7,8,9,10,11,12]
980094 [3,5,2,6,1,4]
1103145 [1,2,3,4,5]
1103145 [1,2,3,4,5,6,7,8,9,10,11,12,13,14,15,16,17,18]
1111675 [1,2,3,4,5,6]
1111675 [1,2,3,4,5,6,7,8]
1171223 [2,4,3,1,5]
1171223 [13,12,7,4,9,10,2,3,15,8,1,14,5,11,6]
1171223 [12,1,15,2,3,10,6,14,5,11,7,8,4,13,9]
1171223 [1,2,15,16,7,14,5,27,26,13,21,17,12,18,23,3,25,9,22,11,19,8,4,10,6,20,24,28]
1171223 [3,5,11,1,9,2,13,12,10,7,6,4,8]
1171223 [10,1,8,3,9,2,11,5,7,4,6]
2345810 [1,2,3,4,5,6,7,8,9]
2414972 [4,2,1,5,3]
2430015 [3,1,11,8,12,6,7,4,5,9,10,2]
2430015 [5,1,3,7,6,12,9,10,11,8,4,2]
2430015 [5,4,1,3,6,2]
2432239 [1,4,5,3,2]
2432239 [5,4,1,3,2]
2439350 [6,1,2,3,5,4]
2439350 [11,14,6,12,10,4,7,3,9,16,8,15,1,13,17,2,5]
2439350 [7,3,6,9,5,1,2,8,4]
2439350 [1,19,18,9,16,14,6,4,25,26,3,10,8,17,21,7,12,5,27,28,29,23,22,2,13,15,11,20,24]
2452178 [1,2,3,4,5,6,7,8,9,10,11,12,13,14,15,16,17,18]
2452178 [1,2,3,4,5,6,7,8,9,10,11,12,13,14,15,16,17,18,19,20,21,22,23,24,25,26,27,28,29]
2452178 [1,2,3,4,5,6,7,8,9,10,11,12,13,14,15,16,17,18,19,20,21,22,23,24,25,26,27,28,29,30,31]
2452178 [1,2,3,4,5,6,7,8,9,10,11,12,13,14,15,16,17,18,19,20,21,22,23,24]
2452178 [1,2,3,4,5,6,7,8,9,10,11,12,13]
2452178 [1,2,3,4,5,6,7,8]
2484251 [3,2,24,13,18,1,5,22,20,12,11,6,9,19,17,10,25,23,14,16,15,4,8,26,7,21]
2490102 [3,1,5,2,4,11,10,7,8,12,9,6,13]
2490102 [1,3,5,2,4]
2490102 [13,10,5,3,9,7,6,12,8,11,4,2,1]
1622906 [3,2,4,1,5]
1138925 [23,4,18,3,14,30,21,27,17,28,2,5,9,6,7,20,1,24,15,10,11,12,16,29,19,8,22,13,25,26]
1153336 [3,4,2,5,1]
1153336 [7,2,3,5,4,1,6]
1237389 [12,14,1,3,4,7,2,11,9,6,8,13,10,5]
1237389 [2,5,1,6,3,4]
1237389 [1,2,5,10,3,9,11,4,6,8,7]
1237389 [6,8,13,10,5,12,1,11,9,2,4,7,3,14]
1237389 [9,6,2,1,5,3,7,8,4]
1237389 [14,21,18,23,15,6,8,25,22,2,26,24,12,17,10,9,3,16,27,7,5,11,20,4,19,13,1]
1237389 [14,1,11,16,19,6,12,13,17,18,20,5,8,10,9,4,2,7,3,15]
1237389 [8,6,1,4,2,9,5,3,10,7]
1238973 [1,2,3,4,5]
1246374 [2,4,5,1,3]
1246374 [8,9,3,7,2,6,5,4,1]
1246374 [4,5,1,3,2]
1246374 [7,4,6,8,5,1,9,3,2]
1246374 [2,3,6,7,5,1,4]
1246374 [6,10,2,9,7,5,8,4,3,1]
1246374 [3,4,2,1,5]
1318938 [4,18,19,1,7,11,10,16,15,12,8,17,14,6,5,3,2,9,13]
1328488 [9,8,15,14,18,6,16,13,1,2,5,10,7,17,12,3,4,11,19]
1328488 [10,6,7,1,4,2,9,3,11,8,5]
1328488 [26,11,12,21,15,8,7,14,10,2,13,6,22,4,25,3,19,16,9,5,1,23,18,17,24,20]
1143918 [16,5,6,3,1,15,7,8,9,14,11,13,4,2,12,10]
1143918 [5,2,6,1,3,4]
1169267 [32,31,6,21,13,2,7,4,25,26,16,23,28,10,11,9,15,33,8,18,24,17,3,14,12,29,30,20,19,22,5,1,27]
1169267 [15,13,18,17,10,6,7,2,4,8,11,9,16,3,5,14,1,12]
1210810 [1,2,3,4,5,6,7,8,9,10,11,12,13,14,15,16]
1210810 [1,2,3,4,5,6,7,8,9,10,11,12,13,14,15,16,17,18,19,20,21,22,23]
1218901 [3,12,16,1,17,21,7,22,8,10,2,15,19,11,13,4,18,20,9,5,6,14]
1218901 [1,9,3,7,10,8,4,11,12,2,6,5]
1218901 [19,33,48,25,8,4,26,17,2,10,7,32,30,22,28,6,1,13,35,41,5,12,9,31,46,16,40,20,45,23,27,29,3,24,38,11,39,47,34,14,36,42,21,18,44,15,43,37]
1251390 [1,5,3,4,2]
1302220 [2,5,9,1,14,8,15,7,4,3,13,11,10,6,12]
1302220 [3,2,5,4,6,1]
1304220 [3,11,12,5,10,6,1,8,2,13,14,4,7,9]
1304220 [7,4,3,1,6,5,2]
1304220 [6,1,5,3,4,2]
127405 [1,2,3,4,5,6,7]
127405 [1,2,3,4,5,6]
127405 [1,2,3,4,5,6]
151601 [4,42,40,41,37,19,17,12,5,8,14,10,30,26,39,9,22,2,44,7,13,1,38,18,36,15,20,11,31,32,23,6,24,34,45,33,25,28,35,3,43,27,29,16,21]
197756 [6,3,8,2,4,7,1,5]
204031 [6,5,3,2,7,8,9,1,4]
1360769 [2,1,10,11,3,9,6,7,8,4,5]
79701 [1,2,3,4,5]
110458 [4,2,1,3,5,8,6,7]
110458 [12,21,11,24,2,9,15,4,19,7,5,1,16,20,10,13,14,17,6,3,23,8,18,22]
110458 [5,10,2,7,9,8,3,15,11,1,13,6,12,14,4]
110458 [12,4,10,6,5,11,2,7,9,1,3,8]
1439546 [2,4,3,5,1,6,8,7]
277291 [6,10,4,7,1,8,5,3,9,2]
282921 [1,2,3,4,5]
716137 [1,2,3,4,5,6]
716137 [1,2,3,4,5,6]
716137 [1,2,3,4,5,6,7,8]
110458 [2,4,1,5,3,6]
2357837 [6,2,4,3,7,5,1]
2357837 [1,3,7,6,5,4,2]
1336589 [4,5,2,3,1]
88591 [5,4,2,1,3]
88591 [2,12,16,8,17,11,18,13,14,15,20,10,22,1,9,23,4,6,3,25,7,5,24,19,21]
88591 [8,12,10,6,9,7,11,13,5,2,1,3,4,14]
88591 [5,3,7,1,10,8,14,4,9,6,11,13,15,2,12]
88591 [7,5,4,3,1,8,6,2]
88591 [16,11,10,5,12,9,8,1,3,14,2,7,15,6,4,13]
88591 [7,5,1,2,6,3,4,8]
88591 [1,6,7,8,2,4,5,3]
81492 [10,14,27,37,33,23,34,35,21,25,38,30,17,7,12,15,4,9,39,1,24,20,36,19,8,31,5,29,2,6,32,28,3,26,22,13,40,11,16,18]
60557 [1,2,3,4,5,6,7,8,9,10,11,12,13,14,15,16,17]
60557 [1,2,3,4,5,6,7,8,9,10,11,12,13,14,15,16,17,18,19,20,21,22,23,24,25,26,27,28,29,30,31]
61977 [1,2,15,12,6,10,16,18,5,11,9,17,4,14,3,8,7,13]
62577 [1,2,3,4,5,6,7,8,9,10,11,12,13,14]
336795 [6,15,14,27,3,33,18,21,32,36,13,37,38,11,35,30,24,42,2,8,9,20,31,16,29,17,25,44,1,41,28,23,10,7,12,22,39,5,43,45,26,19,40,34,4]
127405 [1,2,3,4,5,6]
127405 [1,2,3,4,5,6]
127405 [1,2,3,4,5,6,7,8]
127405 [1,2,3,4,5,6,7,8,9,10,11,12,13,14]
127405 [1,2,3,4,5,6,7,8,9,10,11,12,13,14,15,16]
134588 [1,2,3,4,5,6,7,8]
137963 [5,1,3,4,2,6]
137963 [5,3,2,1,4]
755981 [12,4,11,7,3,6,8,2,9,1,5,10]
1368005 [4,2,1,3,6,5,7,8]
1594652 [7,5,3,4,8,2,1,9,6]
81492 [4,6,7,5,1,2,3]
81492 [11,13,5,12,1,8,3,16,14,4,9,10,15,2,6,7]
81492 [38,7,27,30,2,32,18,5,28,19,26,34,14,24,17,12,36,33,25,11,31,4,39,37,8,6,13,35,23,15,40,10,22,29,20,1,21,16,3,9,41]
158641 [13,8,3,9,10,2,7,14,4,1,5,12,15,11,6]
168638 [10,9,8,6,1,11,3,5,2,7,4]
197756 [3,2,7,5,4,6,1]
309336 [7,5,1,8,2,6,3,4]
336595 [15,11,1,7,2,6,12,9,3,5,8,10,13,4,14]
244843 [26,11,14,27,28,25,22,9,2,10,3,4,13,18,5,6,1,12,19,8,7,24,20,17,23,16,15,21]
244843 [5,7,1,4,2,3,6]
244843 [20,17,18,3,16,5,19,11,8,1,6,15,7,2,9,13,14,10,12,4]
411326 [3,6,2,1,4,5]
416399 [7,2,5,4,1,3,6,9,8]
416399 [3,1,2,5,4]
416399 [4,8,6,2,3,7,1,5]
441426 [13,11,44,25,21,54,43,12,31,32,39,45,16,52,53,8,56,51,15,18,49,41,24,3,33,28,17,7,35,14,4,5,36,47,37,19,22,34,46,30,1,48,57,20,29,10,2,50,6,23,26,55,9,40,27,38,42]
441426 [6,9,2,4,5,7,1,8,3]
458124 [21,15,19,22,8,14,16,25,9,7,3,18,17,1,23,26,12,2,13,6,24,20,11,4,10,5]
458124 [11,4,7,1,8,12,6,2,9,3,14,13,5,10,15]
458124 [2,6,4,1,5,3]
458124 [4,6,2,1,3,5]
462509 [3,1,2,5,6,4]
469460 [2,6,7,4,8,5,1,3]
392101 [3,1,5,2,4]
420668 [4,5,2,7,6,3,1]
477103 [3,4,10,9,1,8,7,11,6,2,12,5]
777829 [1,2,3,4,5,6]
2289040 [3,5,2,1,4]
2289794 [8,1,2,4,9,6,5,3,7]
2289794 [19,13,6,9,2,5,10,15,14,7,16,4,17,18,8,3,12,1,11]
2289794 [18,27,28,2,17,14,4,16,19,3,26,25,24,11,13,9,7,23,8,10,21,5,22,1,12,6,15,20]
337540 [10,6,17,12,15,13,16,9,18,19,8,11,7,20,5,3,14,2,1,4]
411733 [2,3,6,4,1,7,5]
852601 [1,7,4,9,5,2,6,8,3]
760446 [7,6,4,5,1,3,2]
760446 [5,7,1,6,2,3,4,8]
764629 [1,5,4,3,2]
2284135 [1,2,3,4,5,6,7,8,9,10,11,12,13]
2284135 [1,2,3,4,5,6,7,8,9]
2284135 [1,2,3,4,5,6,7,8]
492663 [22,2,25,4,23,14,5,1,10,9,21,6,16,17,11,24,12,13,18,19,26,7,20,15,8,3]
814889 [10,9,5,1,12,8,3,4,2,7,11,6]
814889 [4,3,7,6,2,5,1]
815173 [7,3,1,5,4,6,2]
239513 [7,4,3,5,1,2,6]
244367 [8,7,6,4,1,5,3,2]
244367 [5,6,2,4,1,3]
244367 [5,4,2,1,3]
289998 [5,1,2,4,3]
711028 [10,13,5,2,3,12,8,9,6,11,4,7,14,1]
1078413 [8,13,28,33,14,15,36,1,26,11,24,39,41,43,40,21,23,25,34,6,35,7,16,38,31,2,37,27,22,29,18,10,30,4,42,12,17,20,3,9,32,19,5]
1078413 [5,4,6,3,2,1]
1078413 [3,2,1,5,4]
1105810 [3,4,6,2,5,1]
1117666 [4,5,3,2,1,6]
1230266 [3,16,13,6,4,2,1,8,14,10,11,9,18,17,15,19,7,12,5]
935922 [1,5,3,2,4]
980498 [2,4,6,1,5,3]
1091343 [4,1,2,3,5,6]
2242311 [3,4,2,5,1]
2242311 [5,7,3,8,10,2,4,1,6,9]
2242311 [11,6,2,14,5,13,7,4,8,9,1,12,3,10]
2242311 [8,12,13,2,15,17,14,6,4,9,16,11,3,5,1,7,10]
2242311 [4,6,7,3,5,1,2]
2246162 [4,11,5,1,8,6,7,12,3,2,9,10,13]
2246162 [4,5,7,2,3,1,8,6]
2246162 [4,3,5,7,1,6,2]
2432239 [16,19,20,17,10,25,5,13,3,28,2,22,18,4,27,12,26,7,23,24,8,9,15,21,6,1,11,14]
1157827 [7,6,5,2,1,3,4]
1157827 [16,8,13,15,10,6,17,14,5,19,3,11,18,12,2,4,1,7,9]
1157827 [1,2,3,5,4]
1157827 [7,5,4,2,6,9,1,8,3]
1728794 [5,1,7,11,8,10,6,3,9,2,12,4]
1810529 [4,3,2,5,1]
1071493 [1,2,3,4,5]
1071493 [1,2,3,4,5,6,7,8,9,10,11]
1293118 [11,1,2,7,5,8,3,9,10,14,6,4,15,13,12]
1428063 [7,3,2,4,6,1,5]
717625 [2,8,9,1,6,7,4,3,5]
753996 [3,1,2,5,4]
753996 [4,8,5,7,2,6,1,3]
768249 [32,29,16,19,28,8,17,26,27,11,33,14,30,9,31,22,7,4,2,6,21,12,3,10,5,18,15,23,1,24,20,25,13]
768249 [4,7,5,1,3,2,9,8,6]
768249 [3,6,4,5,2,1]
768249 [2,4,5,3,1]
768249 [8,9,15,6,20,21,16,3,19,13,18,12,7,10,4,5,1,17,14,2,11]
768249 [4,3,7,1,2,6,5]
768249 [1,2,3,5,4]
812600 [11,10,9,7,4,1,3,8,5,2,12,6,13]
814889 [3,7,5,2,10,9,6,4,1,8]
965694 [1,2,3,4,5,6,7,8,9,10,11,12,13]
965694 [1,2,3,4,5,6]
1292348 [1,3,5,4,2]
1578371 [3,18,13,4,19,10,20,2,1,15,16,17,11,12,8,5,9,7,6,14]
1578371 [7,6,2,3,4,5,1]
1578371 [7,10,9,5,12,2,1,3,6,11,8,4]
1579040 [5,1,4,7,6,2,3]
1583352 [4,2,1,6,3,5]
933067 [1,2,3,4,5,6,7,8,9,10,11,12,13,14,15,16]
1001055 [2,1,3,5,6,4]
1001055 [4,13,22,5,20,10,19,7,12,21,1,6,18,2,9,14,24,11,16,17,3,8,15,25,23]
1001055 [1,8,2,6,7,3,10,5,4,9]
1001055 [8,2,6,1,5,9,4,3,12,7,10,13,11]
1001055 [37,34,26,17,2,4,31,40,13,18,29,7,38,21,15,12,6,19,28,16,30,32,9,33,25,1,36,24,20,22,10,39,5,35,23,11,27,3,14,8]
1001055 [2,3,4,1,7,6,5]
1694358 [1,2,3,4,5,6,7,8,9,10,11,12,13,14,15,16,17,18,19,20,21,22,23,24,25,26,27,28,29,30,31,32,33,34,35,36,37,38,39,40,41,42,43,44,45]
1696878 [6,4,2,7,8,1,5,3]
1696878 [1,3,2,5,4]
812600 [5,1,2,3,4]
1470346 [5,3,1,4,2]
1470585 [8,1,3,6,7,4,2,5]
1090366 [4,7,3,6,1,5,2,8,9]
1090366 [10,9,12,3,4,2,7,6,8,1,5,13,11]
1090366 [8,6,4,1,7,5,2,3]
1090366 [4,1,5,2,6,3]
1090366 [6,3,4,13,12,15,7,2,1,9,10,14,5,11,8]
1090625 [6,2,1,3,5,4]
1218901 [1,12,4,17,11,3,13,15,7,8,10,2,9,16,6,14,5]
1218901 [10,5,1,6,7,2,3,8,9,4]
391312 [1,2,3,4,5]
391312 [1,2,3,4,5,6]
391312 [1,2,3,4,5,6,7]
391312 [1,2,3,4,5,6]
413278 [2,6,3,5,1,4,7]
413278 [21,13,6,23,24,11,7,22,18,20,14,2,10,3,1,15,17,19,8,9,12,16,5,4]
1706553 [2,3,4,5,1]
1706553 [5,4,1,6,2,3]
1712491 [5,2,4,6,3,1]
1158222 [1,5,2,3,4,7,6]
1158222 [6,5,3,4,1,2]
1210810 [1,2,3,4,5,6,7,8,9,10,11,12,13,14,15,16,17,18,19,20,21,22]
1879949 [8,6,4,1,3,7,5,2]
2044604 [8,6,2,9,3,4,1,5,7]
2143620 [6,3,2,4,1,5]
2498205 [1,3,6,5,4,2]
2498205 [16,20,1,18,8,17,19,10,9,6,14,5,15,12,11,4,3,13,2,7]
2498205 [5,1,4,7,3,6,2]
2505050 [2,4,5,1,3]
2511290 [1,2,3,4,5,6,7,8,9,10,11,12,13,14]
1739740 [16,19,1,25,11,12,21,6,13,10,26,9,15,27,23,5,3,14,22,8,2,18,17,7,24,20,4]
1888687 [1,2,3,4,5,6,7,8,9,10]
1888687 [1,2,3,4,5]
1888687 [1,2,3,4,5,6,7,8]
1888687 [1,2,3,4,5]
1956329 [8,1,5,7,9,10,4,2,6,3]
1956329 [13,2,8,5,10,4,12,6,9,1,7,3,11]
2101786 [7,5,4,1,6,3,2]
2101786 [3,4,2,1,6,5]
2102752 [5,1,3,2,6,4,7]
2102752 [7,3,6,8,5,2,4,9,1]
336795 [2,6,10,8,9,5,1,7,3,4]
336795 [13,10,3,9,16,15,11,7,4,6,14,12,8,2,5,1]
337540 [7,6,1,18,12,11,16,9,5,14,10,2,15,8,4,3,13,17]
2548347 [4,1,5,2,16,11,19,14,7,10,15,21,17,18,20,9,13,8,3,6,12]
2548347 [4,2,6,5,1,3]
1246374 [1,4,2,5,6,3]
2246162 [13,3,8,2,1,6,5,10,4,12,7,11,9]
2253077 [2,7,3,1,6,4,5]
2253077 [3,7,5,4,2,8,1,6]
2253077 [5,1,4,3,2]
2097149 [3,8,6,1,4,9,7,5,2]
2113901 [3,4,5,6,2,1]
2118743 [1,5,10,6,8,12,2,3,11,9,7,4]
2118743 [12,5,3,2,4,1,14,9,16,7,11,15,10,13,8,6]
2118743 [4,1,6,2,3,5]
2118743 [10,3,11,2,5,1,12,6,4,9,7,8]
2261768 [11,12,6,17,13,15,1,2,3,7,10,4,14,8,9,5,16]
978884 [21,6,31,1,26,7,14,16,11,17,9,15,10,24,8,22,27,25,19,29,2,4,23,5,20,12,28,18,13,30,3]
2301568 [3,7,5,2,4,6,1]
2301568 [5,2,4,1,3,7,6]
2301568 [8,1,4,5,7,6,2,3]
2326725 [1,8,6,5,2,4,3,7,9]
2326725 [3,8,7,5,2,1,6,4]
2326725 [6,3,2,7,1,8,5,10,4,9]
2326725 [1,4,3,2,6,5]
2326725 [3,5,4,2,1]
2326725 [1,10,9,11,13,12,6,7,8,4,2,5,3]
2326725 [1,3,12,4,8,6,9,5,11,7,10,2]
2326725 [6,5,9,3,4,2,10,8,1,7]
2540950 [6,2,1,4,3,5]
1412107 [15,12,10,16,1,2,14,11,8,5,9,17,3,7,4,13,6]
2240491 [1,5,3,8,9,7,6,4,2]
2240491 [3,5,1,2,4]
2240491 [2,9,6,11,1,12,4,3,5,7,10,14,13,8]
2240491 [3,1,4,5,7,6,2]
2259512 [18,19,23,21,25,11,32,22,35,8,13,14,28,24,17,2,10,29,36,30,1,3,20,26,5,16,34,27,4,31,9,37,12,6,7,33,15]
1104922 [2,1,4,5,3]
1439546 [2,1,4,6,9,3,5,7,8]
1706553 [2,4,1,3,5]
2385386 [1,2,3,4,5,6,7,8,9,10,11,12,13,14]
2385386 [1,2,3,4,5,6,7,8,9,10,11,12]
2385834 [4,2,3,5,6,1]
2385834 [4,11,12,9,10,7,5,1,2,8,3,6]
2385834 [6,5,3,1,7,4,2]
2385834 [22,20,15,21,17,1,10,5,16,4,3,14,9,8,2,6,18,13,7,12,19,11]
2405181 [1,2,3,4,5,6]
2440251 [1,2,3,4,5,6,7,8]
2440251 [1,2,3,4,5,6,7,8,9,10,11,12,13,14]
796186 [20,21,19,7,14,23,15,10,2,5,11,3,16,18,6,13,1,9,8,4,22,17,24,12]
802605 [4,5,1,3,2]
831978 [1,2,3,4,5,6,7,8,9,10,11,12,13]
831978 [1,2,3,4,5]
831978 [1,2,3,4,5]
875869 [3,4,6,1,7,2,5,8]
958682 [1,2,3,4,5,6,7]
958682 [1,2,3,4,5,6]
1047632 [3,5,1,4,2]
171559 [6,1,5,4,2,3]
171559 [2,7,5,4,1,6,3]
521637 [1,5,3,4,6,2]
531239 [1,9,7,12,6,11,2,13,10,4,5,14,3,8]
531239 [12,11,3,6,2,1,7,9,10,8,5,4]
548891 [10,12,4,3,11,9,7,8,1,5,14,2,6,13]
51752 [5,2,1,6,3,8,7,4]
51752 [4,1,5,6,3,2]
135488 [7,15,18,19,12,8,17,13,1,4,16,6,11,14,2,5,9,3,10]
1542756 [2,4,7,6,5,1,8,3]
1577231 [2,1,5,4,3]
1748436 [6,2,4,3,5,1]
1748436 [7,3,8,2,5,4,1,6]
1772866 [1,2,3,4,5]
1772866 [1,2,3,4,5]
1404181 [5,3,6,1,4,8,7,2]
1404181 [1,5,6,4,3,2]
1408513 [3,6,2,4,1,5]
1408513 [1,5,2,4,8,6,3,7]
40054 [20,12,3,14,17,10,29,26,6,28,15,24,11,2,9,16,25,4,13,21,5,22,1,8,23,19,27,7,18]
60877 [3,20,10,16,38,17,32,37,11,33,12,1,35,40,6,25,7,8,28,22,24,39,15,18,36,30,2,9,26,5,14,23,13,4,21,29,19,34,31,27]
60877 [4,5,3,2,1]
60877 [10,4,1,2,16,8,18,6,5,12,13,17,15,3,7,9,11,14]
137963 [2,1,4,3,5]
137963 [4,2,3,5,6,1,7]
141376 [4,2,9,15,5,8,11,14,6,7,3,13,10,12,1]
141376 [5,2,4,7,3,1,6]
141376 [6,5,1,3,7,4,2]
168638 [5,4,3,2,1]
209258 [6,7,12,16,3,8,9,11,5,2,1,17,4,10,14,13,15]
224819 [12,4,26,10,21,16,17,24,25,19,27,6,3,23,2,7,8,13,30,5,18,1,15,20,22,31,9,14,28,11,29]
591092 [9,8,6,3,11,2,5,1,10,4,7,14,13,12]
591092 [6,8,7,3,2,4,1,5]
591092 [2,6,5,3,4,1,7]
591092 [2,8,5,7,9,4,6,3,1]
638393 [18,19,21,20,1,5,7,14,9,6,10,17,12,15,4,13,3,11,8,16,22,2]
638393 [1,12,16,9,5,11,7,14,3,10,8,6,15,13,4,18,2,17]
638393 [5,4,3,1,2]
638393 [10,1,8,3,9,4,6,13,2,12,7,11,5,14]
638393 [9,1,4,8,7,2,5,6,3]
638393 [12,1,2,13,33,7,15,10,17,20,11,18,25,16,30,21,34,27,5,6,8,26,4,32,3,22,29,9,23,19,31,14,28,24]
711028 [6,1,7,4,2,5,8,3]
711028 [4,6,5,2,1,3]
711028 [6,8,5,1,7,2,4,3]
748075 [1,3,9,8,2,4,5,7,6]
2580963 [1,2,3,4,5]
621402 [6,1,4,3,5,2]
621402 [3,1,6,4,5,2]
642707 [5,2,4,1,3,6]
642707 [12,10,2,13,9,7,11,6,8,1,3,4,5]
642707 [6,2,5,4,3,1,7]
1331272 [3,5,6,9,2,8,7,1,4]
663707 [5,7,2,1,4,3,6]
667805 [26,12,14,25,16,23,6,5,20,24,29,4,3,13,10,7,2,11,15,19,17,18,22,27,8,28,1,30,21,9]
667805 [8,3,9,1,10,4,2,5,6,7]
667805 [5,8,10,1,9,2,12,7,6,11,3,4]
667805 [5,3,4,1,2]
667805 [6,4,3,1,5,2]
667805 [12,5,17,6,16,8,13,3,1,7,11,9,4,2,15,10,14]
667805 [7,6,3,2,10,11,5,9,1,4,8]
1683239 [5,1,4,2,3]
1744285 [1,2,3,6,4,5,8,7]
1806211 [2,3,1,5,4]
2129565 [1,5,4,3,2]
2129565 [2,5,3,1,4]
2137076 [7,2,5,8,6,4,1,3]
1157136 [1,5,3,4,2]
1157136 [11,1,7,12,13,10,8,4,6,15,9,3,2,14,5,16]
1762880 [2,6,4,3,5,9,7,8,1]
51752 [2,5,4,6,3,1]
51752 [9,6,11,12,8,3,4,7,5,2,1,10]
81492 [8,7,6,5,3,1,2,9,4]
447886 [3,2,1,4,5]
1467043 [3,9,6,2,8,7,4,5,1]
1961735 [3,5,1,2,4]
2143620 [13,2,12,14,5,4,7,1,3,9,10,11,6,8]
2540950 [6,1,4,5,2,3]
631807 [5,3,4,2,6,1]
1255547 [4,6,3,1,2,5]
1577231 [7,1,3,4,6,5,2]
1840567 [6,4,7,2,5,3,1]
1840567 [4,5,6,1,3,7,2,8]
1840567 [3,2,6,1,5,4]
1840567 [3,10,15,20,14,1,2,18,17,8,6,5,9,16,7,19,13,4,12,11]
206251 [7,5,9,2,4,8,3,6,10,1]
309336 [4,1,2,3,5]
26594 [6,2,1,7,4,3,5]
26594 [18,15,4,5,14,10,16,6,9,2,8,13,17,19,3,7,20,11,1,12]
26594 [1,11,3,9,12,7,10,2,6,4,5,8]
26594 [6,7,8,3,4,2,5,1]
43932 [3,1,5,4,2]
76658 [5,3,13,10,8,2,7,9,1,12,6,4,11]
76658 [5,16,12,20,9,7,18,6,17,11,14,8,4,10,13,19,21,2,3,1,15]
76658 [16,21,19,17,18,22,9,5,20,6,12,1,10,7,13,11,3,2,4,15,8,14]
2044604 [18,25,8,3,13,21,10,20,11,16,4,24,6,23,5,26,2,7,9,15,14,17,12,1,19,22]
2044604 [9,4,5,1,6,7,3,2,8]
2143620 [1,4,3,5,2]
2143620 [3,2,8,9,4,6,1,5,7]
136584 [1,2,3,4,5,6]
136584 [1,2,3,4,5,6,7,8,9,10]
136584 [1,2,3,4,5,6,7,8,9,10,11,12,13,14]
150224 [9,24,5,16,20,21,22,6,4,17,1,15,19,23,2,18,3,7,8,25,12,14,11,13,10]
150224 [6,4,1,2,3,5]
168638 [4,1,5,3,2,6]
1047632 [5,3,1,4,2]
1803121 [10,3,8,14,6,2,4,5,11,7,9,12,15,1,13]
1810529 [1,6,5,2,4,3]
1841877 [4,2,6,1,3,5]
1879949 [2,5,3,1,4]
1900492 [2,6,4,7,5,1,3]
1954004 [19,10,18,17,11,5,14,2,8,13,9,12,7,3,15,4,20,6,1,16]
1954004 [5,4,8,6,2,7,3,1]
1954004 [8,13,4,18,16,3,10,1,9,19,14,2,12,6,11,15,17,5,7]
191877 [1,2,3,4,5,6,7,8,9]
191877 [1,2,3,4,5,6,7,8,9,10,11,12,13,14,15,16,17,18,19,20,21,22,23,24,25,26,27]
206251 [3,1,4,2,5]
1881717 [21,24,9,7,14,12,10,11,2,15,6,3,25,5,8,18,23,13,1,4,20,16,19,22,17]
1881817 [1,2,3,4,5,6,7,8,9,10,11,12,13,14,15,16,17,18,19,20,21,22,23]
2485057 [5,3,2,1,4]
2485057 [3,2,4,1,5]
642707 [4,2,6,1,5,7,8,3]
642707 [6,3,7,1,4,2,5]
642707 [5,3,4,1,2]
647653 [7,6,1,5,2,4,3]
647653 [1,4,3,2,5]
647653 [4,1,8,2,6,7,5,3]
647653 [4,3,2,5,1]
665079 [20,14,4,13,12,8,15,11,9,10,1,17,19,18,16,21,7,3,2,5,6]
665079 [3,5,7,10,2,9,4,8,6,1]
665079 [1,5,7,2,8,6,4,3]
665079 [3,1,4,7,6,2,5]
814889 [4,14,12,11,1,17,7,18,5,16,2,6,15,13,8,9,10,3]
420668 [3,6,5,7,4,1,8,2]
420668 [1,6,3,5,4,2]
420668 [2,4,1,5,7,3,8,6]
420668 [7,3,6,5,2,1,4]
420668 [3,5,1,6,7,2,4]
477103 [5,6,1,8,4,7,3,2]
477103 [8,4,12,3,14,10,15,7,1,5,9,11,16,13,2,17,6]
477103 [4,2,7,1,5,3,6]
477103 [7,1,5,3,2,6,4]
477103 [9,4,2,3,8,10,6,7,5,1]
581272 [1,2,3,4,5,6,7]
611563 [3,4,2,1,5]
611563 [1,3,5,2,4]
619568 [2,4,3,1,5]
636116 [6,3,2,4,5,1]
636116 [1,6,2,5,4,3]
636116 [3,6,1,4,2,5,7]
636116 [15,11,14,10,9,12,8,6,2,16,7,4,5,18,1,17,3,19,13]
636116 [2,4,5,3,1,6]
636116 [2,1,3,5,4]
636116 [3,1,5,4,2]
1992684 [20,14,5,22,24,42,12,32,19,39,41,29,7,6,45,1,2,17,21,10,35,9,33,8,16,15,11,25,23,43,27,4,34,18,40,3,30,44,28,13,38,37,36,31,26]
60877 [6,1,7,8,4,3,5,2]
60877 [33,12,19,21,9,22,17,23,1,30,13,31,28,4,27,16,3,15,14,8,10,11,24,18,20,32,7,5,29,2,26,6,25]
60877 [12,10,4,1,11,9,6,14,3,7,2,5,13,8]
60877 [4,5,9,8,2,7,3,6,1]
124790 [1,2,3,4,5,6,7,8,9,10,11,12,13,14,15,16,17]
206251 [3,2,4,5,1]
206251 [2,4,1,5,3]
240435 [1,15,13,11,16,5,9,2,10,19,7,14,6,17,4,3,18,12,8]
240435 [4,1,2,6,5,8,7,3]
1907146 [17,3,1,6,22,24,26,9,11,20,12,21,7,23,13,5,27,28,8,19,16,15,2,25,18,10,14,4]
1907146 [9,10,7,8,11,1,2,3,4,5,6]
1907146 [7,3,8,4,1,5,2,6]
1907146 [3,5,6,1,4,8,9,7,2]
1907146 [3,4,13,1,5,11,9,8,10,15,6,7,12,14,2]
2379844 [8,4,1,5,6,2,3,7]
1640761 [6,1,2,5,8,3,7,4]
1640761 [17,2,14,9,3,8,6,7,10,13,5,15,16,4,11,12,1]
1912304 [2,8,3,10,6,9,4,12,5,11,1,13,7]
1912304 [6,1,4,5,3,2]
1912304 [4,6,1,2,3,5]
1955113 [9,5,10,4,6,7,8,3,2,1]
1955113 [25,1,19,21,6,22,28,29,7,5,18,23,15,3,30,4,24,20,8,13,17,16,27,2,11,12,26,14,9,31,10]
1744285 [46,14,32,34,21,44,28,16,48,22,8,38,35,49,20,2,6,17,1,43,10,29,27,52,11,51,13,39,25,50,15,33,26,31,18,53,47,12,5,24,4,36,23,37,45,30,7,3,41,54,9,42,19,40]
1744285 [8,1,3,2,9,7,10,5,4,6]
1779138 [6,14,17,8,11,3,5,9,16,1,18,12,2,7,13,15,4,10]
1779138 [3,1,4,5,2]
2118743 [2,9,5,11,8,10,6,13,3,7,4,1,12]
2128271 [1,2,3,4,5,6]
2128271 [1,2,3,4,5,6,7,8,9,10,11,12,13,14,15,16,17]
2128271 [1,2,3,4,5]
2129565 [1,17,19,16,21,9,3,11,22,7,8,15,20,6,5,2,10,4,18,12,13,14]
2129565 [2,7,1,4,6,5,3]
711028 [5,1,4,2,3]
716137 [1,2,3,4,5]
716137 [1,2,3,4,5,6,7]
716137 [1,2,3,4,5]
732486 [3,1,4,2,5]
732486 [4,5,3,2,6,1]
2060487 [2,1,4,5,3,6]
933067 [1,2,3,4,5,6,7,8]
958682 [1,2,3,4,5,6]
988299 [2,3,6,5,7,8,10,1,9,4]
1020684 [1,2,3,4,5,6]
1111675 [1,2,3,4,5]
1111675 [1,2,3,4,5]
1216284 [9,5,6,1,4,2,3,8,7]
1216284 [3,1,6,4,2,7,5]
1230526 [3,4,2,5,1]
1230526 [5,3,2,4,1]
2471516 [5,1,2,6,3,4]
1408513 [1,8,5,4,2,6,3,9,7]
1418574 [2,4,7,5,10,12,6,13,8,1,9,3,11]
1418574 [8,15,14,9,7,3,1,13,10,4,6,2,12,11,5]
1432021 [2,1,3,4,5]
1432021 [1,2,3,4,5,6,7,8]
1432021 [10,2,1,3,4,5,6,7,8,9]
1634357 [1,2,3,4,5,6]
1664974 [4,3,6,7,1,8,5,2]
779800 [7,8,5,6,3,2,4,1]
779800 [1,2,5,4,3]
779800 [10,8,7,9,2,6,1,3,4,5]
815272 [3,13,22,5,9,24,27,8,20,15,7,16,26,12,1,11,23,14,19,25,28,21,18,17,2,29,10,6,4]
826937 [1,2,3,4,5,6]
835931 [28,18,15,17,25,26,20,8,34,24,31,10,7,27,4,32,21,3,6,9,16,22,11,1,5,33,30,13,12,2,23,35,29,19,14]
715376 [8,7,16,10,15,11,5,17,4,3,2,6,12,13,9,14,1]
715376 [4,3,6,1,5,7,8,2]
1360769 [8,3,10,6,2,11,1,9,4,7,5]
1360769 [2,8,5,9,6,3,10,4,7,1]
1360769 [7,11,15,3,16,4,10,13,17,8,2,5,12,14,1,6,9]
1360769 [5,4,1,2,3]
2110976 [1,2,3,4,5,6,7,8,9,10,11,12,13,14,15,16,17,18,19,20,21,22]
2169267 [2,6,1,3,5,4]
2169267 [2,1,4,3,5]
2269158 [5,6,4,1,3,2,7]
2272218 [1,2,3,4,5,6,7]
2273352 [2,3,1,4,6,5]
2289794 [28,9,17,32,23,25,20,10,3,14,12,16,5,15,26,7,22,31,27,13,19,2,6,24,21,11,8,1,30,29,18,4,33]
2289794 [2,7,3,5,4,1,6]
25809 [2,5,4,1,3,7,6]
25809 [4,11,1,12,8,5,10,6,2,7,9,3]
25809 [10,2,9,8,1,5,3,7,6,4]
119480 [7,3,10,11,6,1,2,9,12,8,5,4]
136584 [1,2,3,4,5,6,7,8,9,10,11,12,13,14,15,16,17,18,19,20]
136584 [1,2,3,4,5,6,7]
168638 [1,2,5,4,3]
168638 [2,9,7,4,5,3,8,6,1]
168638 [5,6,2,11,4,10,7,1,3,9,8]
168638 [7,4,1,2,5,6,3]
168638 [5,4,6,3,1,2]
168638 [4,6,7,3,2,5,1]
171777 [24,28,12,37,27,2,38,29,34,6,16,11,26,17,20,30,19,14,36,10,15,32,22,9,25,21,23,31,4,7,18,3,1,8,35,13,5,33]
548891 [3,15,6,12,8,17,5,1,16,10,9,7,11,2,4,13,14]
1152160 [31,9,10,14,23,8,19,13,6,15,5,28,4,20,1,29,21,32,25,33,12,16,27,22,17,3,26,11,18,7,24,2,30]
1606903 [12,40,37,44,50,64,18,35,63,15,1,8,55,46,27,45,30,29,25,22,14,10,11,39,52,7,5,24,20,53,6,13,48,16,60,17,28,58,4,54,49,3,31,43,23,57,32,19,62,59,41,26,56,51,34,61,33,9,65,47,21,2,42,36,38]
2507809 [22,12,9,1,15,26,21,18,5,4,25,17,24,6,8,14,2,16,13,11,3,23,20,7,10,19]
1245874 [7,15,4,14,9,8,10,13,6,12,1,11,2,5,3]
1245874 [2,4,6,1,5,3,7]
1245874 [3,1,5,2,4]
1263949 [6,13,4,14,2,7,11,15,1,9,10,5,8,3,12]
1298261 [1,2,3,4,5]
1323002 [1,5,2,6,3,4]
1323002 [6,5,4,2,1,3]
1336589 [4,3,2,5,6,1]
1336589 [3,13,11,12,1,6,14,4,15,7,2,9,8,10,5]
1359753 [4,6,5,7,1,2,3]
1401252 [1,2,3,4,5,6,7,8,9,10,11,12,13,14,15,16,17,18]
1401252 [1,2,3,4,5,6,7]
1401252 [1,2,3,4,5,6,7,8,9,10,11,12,13,14,15,16,17,18,19,20,21,22,23,24,25]
1401252 [1,2,3,4,5,6,7,8,9]
1432021 [1,2,3,4,5]
1439546 [11,10,4,3,8,7,2,5,6,12,1,9]
1470346 [6,3,14,10,9,12,11,13,1,15,8,7,5,4,2]
1470346 [8,9,1,5,4,3,6,2,7]
365556 [1,2,3,4,5,6,7,8,9]
378743 [7,9,11,5,15,2,12,6,1,3,8,4,10,13,14,16]
392101 [4,6,12,13,20,15,18,14,9,2,5,17,21,3,8,1,22,10,16,7,11,19]
392101 [4,5,1,3,2]
413278 [6,3,7,5,1,8,4,2]
413278 [7,9,5,1,3,2,10,4,8,6]
413278 [1,3,4,2,5]
425689 [24,6,3,21,16,20,9,25,7,22,5,2,14,11,4,19,17,1,18,23,12,10,13,15,8]
425689 [13,7,15,16,5,1,2,8,6,9,10,12,14,3,11,4]
425689 [1,5,3,6,7,4,2]
425689 [4,2,5,9,7,1,6,8,3]
432292 [1,3,5,4,2]
432292 [9,6,5,4,7,2,1,8,3]
435315 [1,2,3,4,5]
435315 [1,2,3,4,5,6,7,8,9]
456623 [5,3,2,1,6,4]
467813 [4,5,3,2,1]
467813 [6,1,3,5,2,4]
477103 [14,2,13,11,15,5,16,7,6,10,8,1,3,4,9,12]
1845202 [5,3,2,4,1,6]
1845202 [10,5,2,12,14,16,13,11,8,6,4,1,15,3,9,7]
1961735 [6,7,4,3,5,1,2]
1961735 [6,7,5,3,1,8,4,2]
1965353 [6,9,12,11,8,4,5,7,10,13,1,3,2,14]
1965353 [7,4,8,6,5,3,1,2]
1924396 [1,2,3,4,5]
1924396 [1,2,3,4,5,6,7,8,9,10,11,12,13,14,15,16,17,18,19,20,21,22,23,24,25,26]
352658 [8,7,3,2,4,1,5,6]
352658 [7,21,10,12,15,22,13,16,19,5,18,20,4,3,9,2,11,23,8,14,6,1,17]
383378 [3,5,1,2,4]
394345 [4,1,5,2,3]
394345 [5,4,6,1,2,3]
394345 [5,11,9,2,13,6,10,1,20,18,4,12,19,17,14,3,8,15,7,16]
411326 [4,10,3,7,2,5,1,11,6,8,9]
411326 [3,5,2,1,4]
411326 [4,2,13,10,5,9,11,3,1,7,6,12,8]
411326 [5,2,4,1,8,7,9,6,3,10]
417192 [2,4,3,1,5]
417192 [1,3,2,5,4]
2098487 [24,19,32,8,20,25,27,16,23,7,12,28,15,5,14,30,9,17,4,33,2,6,21,13,11,1,10,18,26,22,34,3,29,31]
2098487 [4,2,9,7,6,1,8,5,3]
2098487 [6,1,4,5,3,7,2]
2110976 [1,2,3,4,5,6,7,8,9,10,11,12,13,14,15,16]
2110976 [1,2,3,4,5,6,7]
2110976 [1,2,3,4,5,6,7,8,9,10,11,12,13,14,15,16,17,18,19,20,21,22]
2110976 [1,2,3,4,5,6,7,8,9,10,11]
2027502 [29,34,9,24,28,44,45,57,41,17,27,49,36,14,1,22,56,10,48,40,32,30,46,39,42,3,20,12,4,2,5,6,55,15,31,53,51,33,54,25,26,21,13,16,47,52,58,18,19,38,8,7,50,23,11,35,43,37]
2027502 [4,8,3,6,9,1,7,5,10,2]
2046464 [5,4,3,1,2]
2071560 [1,3,5,6,4,2]
2071560 [11,1,7,2,10,3,8,5,4,6,9]
1129282 [7,4,5,13,6,12,9,3,11,10,8,1,2]
1129282 [3,1,5,4,2]
1129282 [9,1,6,8,2,10,5,4,11,7,3]
1129282 [6,4,8,7,2,3,5,1]
1129282 [15,9,7,5,14,3,1,13,6,8,12,4,16,10,11,2]
1129282 [2,5,1,6,7,3,9,4,8]
1129282 [3,2,5,8,1,6,4,7]
2236439 [1,4,6,5,3,2]
2273352 [5,1,2,4,3]
2273352 [6,7,10,9,2,5,3,1,4,8]
2273352 [7,12,10,8,5,11,2,3,4,6,9,1]
2281424 [13,26,4,5,14,1,19,22,2,11,15,24,18,3,7,9,12,21,6,8,17,16,25,10,20,23]
2281424 [8,4,5,7,2,3,6,1,9]
2281424 [6,2,8,1,3,7,14,5,11,4,16,13,9,10,12,15]
2281424 [8,6,3,2,7,5,1,9,4]
2281424 [2,4,13,9,1,5,8,10,6,11,7,3,12]
2281424 [5,2,9,3,10,6,4,1,8,7,11]
1873066 [2,3,6,5,1,8,4,7]
1873066 [32,15,16,10,6,3,1,11,22,26,35,7,33,27,31,4,12,36,29,13,34,5,21,2,14,20,19,30,9,28,18,17,25,23,8,24]
1881817 [1,2,3,4,5,6,7,8,9,10,11,12,13,14,15,16,17,18,19,20,21,22,23,24,25,26]
1881817 [1,2,3,4,5,6,7,8,9]
1885147 [5,8,3,7,1,2,6,4]
1886804 [3,5,4,2,1]
1886804 [9,10,6,5,3,2,8,7,4,1]
1887306 [1,11,14,13,5,2,6,10,7,16,8,3,4,15,9,12]
1887306 [2,3,1,4,5]
1901938 [2,13,14,5,15,6,3,7,1,8,11,10,4,12,9]
1908097 [8,3,4,5,2,1,7,6]
1972165 [5,2,9,10,3,11,6,13,12,7,8,4,1,14]
1989619 [6,3,4,5,1,2]
1989619 [7,12,19,16,20,2,11,14,6,13,5,1,3,15,8,9,17,4,10,18]
1989619 [2,4,1,3,5]
1989619 [6,1,5,3,2,4]
1991269 [4,3,1,5,7,6,2]
1991269 [5,2,3,1,4]
1991269 [3,6,1,5,4,2]
1991269 [3,4,2,6,5,1]
978501 [1,2,3,4,5,6,7,8,9]
1047632 [4,5,1,3,2]
1047632 [2,11,6,10,12,5,4,3,7,9,8,1]
1092441 [5,3,11,6,7,9,15,13,17,4,8,1,16,12,2,14,10]
2101786 [3,1,2,5,4]
2101786 [3,5,11,6,8,7,2,1,9,10,4]
2101786 [1,5,2,4,3]
458124 [4,1,6,5,2,7,3,8]
458124 [7,6,2,1,8,5,3,4]
458124 [6,3,4,2,1,5,7]
458124 [1,3,4,2,6,5]
458124 [1,3,4,6,2,5]
458124 [6,3,4,2,1,5]
458124 [5,7,1,4,2,6,3]
462509 [8,5,16,15,4,2,1,3,17,12,13,14,9,11,6,7,10]
468133 [1,2,5,4,6,3]
469460 [7,22,19,11,21,10,17,6,20,18,26,25,8,5,2,13,23,9,14,16,4,12,15,3,24,1]
480559 [1,7,10,9,11,12,13,4,2,3,5,6,8]
480559 [4,8,3,2,6,7,1,5]
2144690 [1,2,3,4,5,6]
1218901 [9,2,5,6,8,1,3,4,10,7]
1218901 [1,10,13,18,14,6,2,15,16,7,8,17,5,4,3,12,9,11]
1336589 [5,7,6,1,8,4,3,2]
1336589 [2,4,6,5,1,3]
2413234 [20,23,9,11,3,6,8,13,14,5,22,18,12,7,17,16,19,2,1,4,10,24,21,15]
2413234 [8,10,3,6,11,7,2,5,9,4,1]
2413234 [5,1,15,3,9,6,12,11,8,4,7,14,2,13,10,16]
2413234 [2,5,3,7,1,6,4,8]
2415367 [12,9,26,17,16,19,3,14,21,10,22,2,13,24,8,18,20,5,15,1,11,4,27,7,23,6,28,25]
2430015 [5,2,4,1,3]
441426 [13,19,7,5,14,9,1,4,17,12,8,15,3,10,16,11,2,18,6]
456623 [4,1,5,6,3,2]
456749 [5,4,3,2,1]
456749 [9,3,4,8,5,7,6,2,1]
457469 [1,12,7,13,6,8,3,5,14,10,9,2,11,4]
459098 [1,5,2,6,4,3]
1331854 [4,2,3,6,9,1,8,5,7]
1331854 [12,2,13,10,5,15,14,1,9,16,8,7,11,6,3,4]
1363310 [1,2,3,4,5,6]
1363310 [1,2,3,4,5]
1363310 [1,2,3,4,5,6,7,8,9,10]
1363310 [1,2,3,4,5,6,7,8,9,10,11]
1381203 [1,2,3,4,5]
949107 [6,1,2,4,3,5]
1090625 [5,8,7,12,3,2,10,6,11,4,9,1]
1514088 [4,3,5,1,6,2]
1542952 [6,3,2,4,5,1]
2143620 [1,2,6,3,5,4]
2420256 [8,7,6,9,13,4,3,5,2,1,15,14,12,10,11]
2540950 [2,3,4,6,5,1]
22895 [3,2,1,5,4,6]
22895 [5,1,2,3,7,4,6]
22895 [1,4,3,2,6,5]
22895 [2,1,4,6,3,5]
36131 [7,9,4,16,1,3,6,15,8,13,11,2,5,14,12,10]
50692 [1,2,3,4,5,6,7,8,9,10,11,12,13,14,15,16,17,18]
62577 [1,2,3,4,5,6,7,8,9,10,11,12,13,14,15,16,17,18]
62577 [1,2,3,4,5,6,7,8,9,10,11,12,13,14,15]
62577 [1,2,3,4,5,6,7,8,9,10,11,12,13,14,15,16,17,18,19,20]
110458 [4,2,1,5,6,7,3]
125136 [5,3,1,4,2]
125136 [6,3,5,1,4,2]
135460 [1,2,3,4,5,6,7,8,9,10,11,12,13,14,15]
2306736 [1,9,4,3,7,5,8,6,10,2]
1269670 [9,1,7,5,8,3,6,2,4]
240435 [11,12,6,2,9,14,16,17,3,7,8,1,5,13,4,15,10]
240435 [8,13,1,11,20,17,2,15,5,3,14,16,9,19,6,18,4,21,10,12,7]
240435 [5,7,8,4,1,2,9,3,6]
264359 [11,10,2,1,12,4,13,8,5,9,3,7,6]
264359 [2,1,4,6,3,5]
264359 [6,2,4,5,3,1]
264359 [2,4,5,3,6,1]
285619 [2,3,6,5,4,1]
303960 [5,6,11,15,14,12,13,3,1,9,7,8,4,2,10]
321436 [1,2,3,4,5,6,7,8,9,10,11]
335397 [2,4,5,3,1]
365556 [1,2,3,4,5,6,7]
365556 [1,2,3,4,5,6,7,8]
370441 [2,7,6,5,4,3,8,9,1]
412247 [3,4,5,2,1]
416664 [23,64,45,7,21,12,34,14,56,62,15,43,27,37,24,38,53,49,6,42,41,28,59,47,51,19,26,2,46,39,36,54,48,61,57,25,22,17,32,58,10,31,11,50,13,16,60,52,1,4,33,35,3,44,40,20,18,55,30,9,8,5,63,29]
416664 [21,4,7,9,12,17,22,11,13,15,8,14,6,10,5,20,18,3,16,2,19,1]
416664 [4,1,2,5,6,3]
431705 [7,4,2,9,5,1,10,8,11,6,3]
441426 [1,2,5,6,3,7,9,8,4]
441426 [1,6,5,4,3,8,2,7]
1213548 [2,5,3,1,4]
1213548 [6,8,17,1,13,11,12,7,9,16,3,14,5,2,10,15,4]
1213548 [2,9,15,10,4,11,5,17,6,3,12,7,16,13,14,1,8,18]
289709 [2,6,8,5,9,3,1,4,7]
76658 [10,4,9,13,8,2,5,1,3,11,6,7,12]
76658 [8,35,14,6,9,29,13,10,16,3,19,2,15,23,21,17,33,4,34,25,20,28,24,1,32,31,22,5,18,11,7,30,26,27,12]
76658 [5,9,1,2,10,4,8,7,11,3,6]
795659 [7,5,6,2,3,4,1]
795659 [5,1,4,6,2,3]
802605 [4,3,5,2,1]
2098487 [5,4,3,1,6,2]
2098487 [5,2,6,7,4,3,1]
2098487 [20,15,2,8,24,5,7,11,13,14,27,1,10,29,21,3,18,25,17,16,26,23,22,19,4,9,6,28,12]
2098487 [8,6,1,5,3,7,2,4]
329462 [5,6,7,3,4,2,1]
2068006 [12,20,17,18,3,5,6,21,9,8,19,4,24,25,11,23,15,10,14,1,22,2,16,7,13]
2068006 [4,6,1,7,8,3,5,2]
2091506 [13,7,3,14,5,10,8,9,1,12,11,17,2,15,4,6,16]
2185613 [2,5,3,1,4]
2318116 [4,6,3,7,1,9,2,5,8]
2318116 [5,1,2,4,3]
356634 [1,2,3,4,5,6]
411733 [7,2,4,1,3,5,6]
412478 [3,5,1,10,9,7,2,12,8,11,4,6]
412478 [1,6,3,8,5,4,2,7]
411733 [9,1,2,4,5,6,7,3,8]
411733 [4,5,7,1,6,2,3]
411733 [4,3,2,1,5]
1068993 [5,4,2,3,1]
1068993 [5,6,4,8,1,2,9,3,7]
1068993 [1,5,4,2,3]
338752 [2,3,4,1,5]
19181 [1,2,7,4,3,5,6]
22895 [4,1,8,3,5,6,10,7,9,2]
81492 [15,20,7,16,23,24,18,2,9,5,11,19,4,3,6,13,1,21,22,8,10,14,17,12]
2272218 [1,2,3,4,5]
2281424 [3,1,12,11,10,4,13,8,2,16,14,5,9,15,6,7]
2281424 [2,5,4,1,6,3]
2281424 [5,2,6,1,4,3]
2282798 [2,5,1,3,4]
2282798 [7,2,8,4,1,6,9,3,5]
2284135 [1,2,3,4,5,6,7,8,9]
2284135 [1,2,3,4,5,6,7,8,9]
2284135 [1,2,3,4,5]
2284135 [1,2,3,4,5,6,7,8,9,10,11,12,13,14,15,16,17,18,19,20]
2284135 [1,2,3,4,5]
2309232 [15,4,12,11,16,3,9,8,1,6,2,5,13,18,10,7,14,17]
2395985 [2,5,6,3,4,1,7]
2413234 [6,4,5,1,2,3]
2413234 [12,8,3,15,10,11,5,2,16,4,14,1,13,7,6,9]
2413234 [7,3,5,1,4,6,2]
2413234 [5,23,19,9,20,24,6,22,2,14,15,10,13,11,7,25,12,8,18,21,1,16,4,3,17]
29681 [2,1,5,3,6,4]
29681 [4,2,3,1,5,6]
29681 [2,5,1,3,6,4]
141376 [8,6,5,10,4,2,7,1,9,3]
141376 [6,7,1,4,10,13,12,11,9,8,3,5,2]
141376 [20,6,1,5,4,8,15,17,18,13,22,14,16,10,11,25,21,19,2,3,23,9,7,12,24]
154310 [1,4,5,3,7,8,6,2,9]
168638 [4,3,1,7,6,8,5,2]
26594 [16,1,22,14,31,13,24,25,4,17,18,15,8,28,26,2,30,20,11,9,7,29,5,27,19,6,3,33,21,10,32,12,23]
39364 [7,4,1,2,5,6,3]
158641 [5,3,4,6,2,1]
22779 [2,1,4,5,3]
322811 [1,2,3,4,5,6,7,8,9,10,11,12,13,14,15,16,17,18,19,20,21,22,23,24,25,26,27,28]
349690 [1,2,3,4,5,6,7,8,9,10,11,12,13,14,15,16]
352658 [5,6,3,1,2,4]
352658 [2,3,1,4,5]
352658 [2,3,1,4,5]
352658 [4,6,8,1,7,5,2,3]
352658 [1,7,6,2,3,4,5,9,8]
352658 [4,1,3,5,2]
352658 [1,5,3,2,4]
352658 [2,11,4,6,1,3,8,10,9,7,5]
352658 [6,4,7,3,5,2,1]
25809 [1,9,2,10,3,8,5,11,7,6,4]
240435 [8,1,9,4,7,12,10,6,5,2,11,3]
1090366 [1,11,14,15,12,4,3,8,10,5,2,9,13,6,7]
1721133 [1,4,3,2,5]
1721133 [2,9,5,3,13,6,10,15,12,1,4,8,14,11,7]
621402 [5,4,3,6,1,2]
621402 [3,5,7,6,4,1,8,2]
621402 [4,5,7,1,6,3,2]
621402 [3,1,5,4,2,6,7]
626652 [1,5,3,8,2,6,4,9,7]
206251 [8,11,10,4,1,5,2,7,6,9,3]
206251 [6,5,3,2,1,4]
1753136 [3,6,2,4,5,1]
425689 [2,6,3,4,1,5]
425689 [4,3,1,6,7,2,5]
438300 [5,6,3,1,2,9,7,4,8]
438300 [1,4,3,2,5,6]
443990 [2,4,3,6,1,5]
443990 [2,3,4,1,5]
510680 [1,7,3,5,4,2,6]
510680 [1,5,2,4,3]
510680 [8,7,14,3,6,13,4,12,9,10,11,5,1,2]
204031 [2,8,4,6,7,5,3,1]
204031 [5,3,1,7,6,9,2,4,10,12,11,8]
206251 [5,22,26,10,13,18,23,3,19,6,27,15,16,24,4,1,20,17,2,25,8,14,12,11,7,21,9]
206251 [6,2,7,1,4,9,3,8,5]
918965 [10,1,8,11,7,5,3,12,2,4,6,9]
918965 [8,1,2,5,6,4,3,7,9]
918965 [9,2,3,12,5,6,8,11,1,10,13,14,4,7]
918965 [14,1,6,12,13,7,11,8,2,3,10,9,4,5]
918965 [19,3,7,1,9,18,12,14,4,11,17,10,20,6,2,8,13,15,16,5]
918965 [4,3,10,6,1,8,7,9,2,5]
918965 [2,1,3,5,4,6,8,9,12,11,10,7]
918965 [7,26,22,14,29,20,12,10,24,21,6,3,5,1,19,28,8,13,27,11,23,9,2,16,25,17,18,4,15]
470094 [7,3,2,5,8,9,6,4,1]
470094 [5,4,2,3,1]
548891 [6,10,1,4,9,5,12,3,7,11,8,2]
548891 [33,5,17,15,29,23,28,14,3,13,6,12,22,10,11,31,1,9,26,16,8,25,20,34,30,36,7,35,2,4,19,32,18,27,24,21,37]
548891 [16,36,32,11,22,31,29,26,13,17,6,30,34,5,15,10,20,24,27,38,7,3,37,18,35,12,28,25,2,33,23,9,4,21,14,1,8,19]
548891 [8,4,2,5,1,9,6,7,3]
548891 [18,24,28,34,26,3,2,36,5,15,11,9,32,25,16,27,17,10,20,29,14,1,30,21,23,7,8,13,6,4,12,19,35,22,31,33]
551337 [2,4,5,1,3]
551337 [3,1,4,5,2]
591798 [2,7,3,4,1,8,5,6]
591798 [14,5,6,2,8,9,3,13,11,15,12,10,4,1,7]
591798 [1,3,7,6,8,5,4,2]
663707 [3,4,1,5,6,2]
663707 [6,1,3,5,2,4]
665079 [3,4,12,7,14,16,9,10,15,13,8,6,1,11,2,5]
675751 [34,47,40,31,13,7,14,20,19,4,41,46,10,9,29,49,6,27,15,30,32,1,48,11,16,37,5,2,45,36,35,38,39,22,50,3,43,21,25,23,17,42,24,28,18,44,12,8,33,26]
780905 [2,4,5,3,1,6]
793625 [1,2,3,4,5]
793625 [1,2,3,4,5,6,7]
839229 [1,2,3,4,5]
839229 [1,2,3,4,5,6]
299355 [12,4,7,11,1,10,5,2,6,8,3,9]
311979 [1,2,3,4,5,6,7,8]
805321 [2,5,3,4,1]
805321 [10,5,12,2,11,1,13,3,7,9,6,8,14,4]
805321 [1,3,7,8,4,6,2,5,9]
805321 [17,15,18,12,11,6,4,9,16,13,3,2,14,8,5,10,1,7]
805321 [8,9,2,7,4,1,5,6,3]
805321 [6,7,2,1,3,5,4]
805321 [4,1,3,2,5]
805321 [5,6,2,3,1,4,7]
805321 [5,4,6,1,2,3]
806521 [8,26,30,7,6,19,14,1,24,22,13,32,11,27,10,2,15,3,4,29,34,35,17,23,20,9,21,12,25,28,16,5,18,31,33]
806521 [4,6,3,7,1,5,2]
806521 [3,2,4,6,7,1,5]
806521 [15,14,20,18,22,13,3,21,17,1,6,10,16,7,4,2,9,11,12,5,8,19,23]
835931 [5,11,10,7,6,13,14,4,1,8,2,3,12,9]
321436 [1,2,3,4,5,6,7,8,9,10,11,12,13,14,15,16]
354032 [5,6,2,7,1,8,4,3]
393986 [1,2,3,4,5,6,7,8,9,10,11,12,13,14,15,16,17,18,19,20,21,22,23,24]
440978 [1,2,3,4,5,6,7,8,9,10,11,12,13,14,15,16,17,18,19,20,21,22,23,24,25,26,27,28,29,30,31,32,33,34,35]
440978 [1,2,3,4,5,6,7,8]
440978 [1,2,3,4,5,6,7]
440978 [1,2,3,4,5,6,7,8,9,10,11,12,13,14,15,16,17]
440978 [1,2,3,4,5,6,7,8,9,10,11,12,13,14,15]
440978 [1,2,3,4,5,6,7,8,9,10,11,12,13,14,15,16,17,18,19,20,21,22]
441426 [6,1,4,3,11,9,10,5,12,13,2,8,7,14]
447886 [2,4,7,5,3,1,6]
447886 [4,2,7,3,6,8,9,5,1,10]
456749 [1,5,3,2,4]
477103 [3,1,2,5,4]
477103 [3,4,8,10,6,12,5,7,9,2,11,1]
494679 [1,5,4,2,3]
1041212 [1,2,3,4,5]
1045257 [1,2,3,4,5,6,7]
1045257 [1,2,3,4,5,6,7,8]
1045257 [1,2,3,4,5,6,7,8,9,10,11,12,13,14]
1048048 [1,2,3,4,5,6,7,8,9]
1048048 [1,2,3,4,5,6,7,8,9,10,11,12,13,14,15,16,17,18,19,20,21,22,23,24,25,26]
1048048 [1,2,3,4,5,6,7,8,9,10,11,12,13,14,15,16,17,18,19,20,21,22]
1048048 [1,2,3,4,5,6,7,8]
1512064 [18,25,33,12,14,23,19,28,3,15,7,17,26,5,1,11,24,31,16,2,13,8,4,20,27,29,30,9,32,21,6,22,10,34]
938507 [25,50,54,42,36,31,41,29,44,19,49,4,17,38,37,51,18,60,24,32,47,1,30,22,43,5,21,9,12,20,14,53,6,8,59,56,58,10,23,7,15,40,13,45,35,2,28,11,3,16,48,27,26,39,57,52,33,55,46,34]
508254 [1,3,7,8,2,9,6,5,4]
1799180 [4,5,11,9,7,10,8,3,6,1,2]
1799180 [16,14,18,11,1,8,17,15,13,20,3,21,2,7,9,4,10,6,19,5,12]
1799180 [7,6,2,11,10,9,17,4,3,5,16,14,13,1,12,15,8]
1799180 [4,13,6,3,11,1,15,7,8,10,12,5,14,2,9,16]
1901215 [1,2,3,4,5,6,7,8,9,10,11,12,13,14,15,16]
1918553 [1,2,3,4,5]
1918553 [1,2,3,4,5,6]
1218901 [1,2,3,5,6,8,4,7]
1221502 [3,1,8,5,2,6,4,7]
1227910 [11,9,7,2,3,5,8,1,10,4,6]
1227910 [5,6,4,1,8,3,7,2]
1227910 [15,19,12,11,4,22,6,17,13,21,2,16,23,14,10,20,18,1,9,5,7,8,3]
1218458 [4,6,3,5,1,8,7,2]
1218458 [7,2,6,3,5,4,1]
1221502 [6,3,4,5,2,1]
1221502 [10,1,3,9,8,6,2,5,4,7]
1231230 [1,2,3,4,5,6,7,8,9,10,11,12,13,14,15,16,17,18,19,20,21,22,23,24,25,26,27,28,29,30,31,32,33,34,35,36,37,38,39,40,41,42,43,44,45,46,47,48,49,50]
1231230 [1,2,3,4,5]
1231230 [1,2,3,4,5,6,7,8,9,10,11,12,13]
1231230 [1,2,3,4,5,6,7,8,9,10,11,12,13,14,15,16,17,18,19,20,21,22,23,24,25,26,27,28,29,30,31,32,33,34,35,36,37,38,39,40,41,42,43,44,45,46,47,48]
1231230 [1,2,3,4,5,6,7,8,9,10,11,12,13,14]
1118426 [5,3,2,1,4]
1118426 [1,10,8,5,7,4,2,3,6,9]
777795 [9,8,6,4,2,3,5,7,1]
1277469 [1,2,3,4,5,6,7,8,9,10,11,12,13,14,15]
1377811 [8,10,3,6,12,4,7,2,11,1,5,9]
1377811 [8,4,7,3,1,2,6,5]
1377811 [5,2,3,6,4,1]
1358150 [6,2,4,5,3,1]
1358150 [3,1,6,8,5,9,4,2,7]
1358150 [5,2,3,4,7,6,1]
1358150 [5,3,11,6,9,2,14,1,12,4,8,10,15,7,13]
1439546 [8,10,2,1,11,7,3,9,5,4,14,6,12,13]
1193431 [7,6,3,2,5,4,1,8,9]
1193431 [1,4,7,5,8,6,2,9,3]
564256 [1,5,2,3,4]
1697436 [1,2,4,3,5]
1473460 [1,6,3,7,5,2,4]
1652890 [10,4,5,11,9,3,2,6,7,8,1]
1652890 [2,5,4,1,3]
1279115 [5,14,20,2,9,4,7,10,1,12,3,6,8,19,13,17,18,15,21,23,11,16,22]
1279115 [2,8,4,1,6,7,9,5,3]
1279115 [2,16,14,24,15,22,12,13,5,17,23,11,1,19,10,3,8,20,6,4,25,21,7,9,18]
1279115 [5,2,8,3,7,6,4,1]
1614920 [17,12,13,5,2,21,18,6,9,14,16,10,15,3,20,7,8,11,1,19,22,4]
1622906 [4,1,9,7,10,5,2,8,3,6]
1622906 [4,7,5,3,6,2,1]
510680 [5,11,3,10,4,12,13,9,2,7,8,6,1]
510680 [5,2,3,1,4]
510680 [13,26,11,21,16,3,10,14,18,5,4,20,6,31,35,30,9,32,7,17,8,28,36,33,22,24,19,1,15,34,29,2,12,23,27,25]
510680 [10,13,15,11,3,6,12,4,7,5,9,14,2,1,8]
1783728 [7,6,12,5,11,9,4,8,2,1,13,3,10]
1783728 [14,2,7,9,13,20,17,1,21,28,11,19,3,4,15,8,25,23,26,18,24,16,22,10,29,27,6,5,12]
1811637 [11,2,10,13,24,18,14,3,20,21,5,25,7,12,19,23,8,4,22,17,15,6,9,1,16]
1791251 [5,9,8,6,1,2,3,4,7]
1791251 [10,3,8,2,7,1,4,5,9,12,11,6]
1804806 [4,2,5,6,1,3]
1804806 [2,6,1,5,4,3]
2014482 [8,7,1,2,6,5,3,4]
2014482 [30,6,10,5,27,16,2,12,22,19,28,33,17,26,31,15,4,3,14,9,29,11,7,1,20,24,25,8,18,13,32,23,21]
2014482 [2,8,1,7,5,3,4,6]
2014482 [5,1,6,2,3,4]
2014482 [6,16,15,2,7,8,5,11,9,4,13,10,12,1,14,3]
2014482 [4,3,1,7,8,2,6,9,5]
2014482 [13,15,9,16,5,1,4,18,8,12,19,11,20,2,3,10,14,7,17,6]
1015082 [2,9,3,11,10,7,5,4,6,8,1,12]
1015082 [15,16,3,7,1,10,9,8,5,18,14,6,13,12,11,2,17,4]
1015082 [3,2,11,1,5,13,8,9,12,10,4,6,7,14]
1015082 [8,9,11,4,3,2,5,10,7,1,6]
1015082 [4,2,3,5,1]
1015082 [5,7,6,9,1,8,2,4,3]
1015082 [13,12,15,11,16,18,2,9,5,8,4,1,6,3,7,17,10,14]
1015082 [11,8,6,16,9,4,17,1,13,5,15,7,14,12,3,2,10]
1015082 [7,1,4,5,3,2,6]
1015082 [9,4,5,3,2,8,7,6,1]
1015082 [4,9,8,7,2,1,5,6,3]
1015082 [2,1,3,4,7,5,6]
1015082 [17,14,5,13,3,10,11,4,6,9,7,1,2,16,8,19,20,18,15,12]
1255547 [3,5,4,1,2]
1255547 [4,2,5,1,3,6]
1498918 [13,5,2,12,9,14,4,10,11,3,7,8,1,6]
1879949 [3,5,2,1,4]
1902894 [11,8,3,12,10,9,5,1,15,7,13,6,4,14,2]
1251390 [2,3,4,1,6,7,5]
1253390 [9,5,14,3,12,11,13,15,6,7,4,8,16,10,1,2]
1253390 [5,11,12,13,4,8,10,9,2,6,14,15,3,7,1]
1544764 [1,2,3,4,5,6,7,8]
1880421 [1,3,7,10,9,8,6,2,4,5]
1880421 [38,15,17,30,23,2,37,11,9,26,35,27,19,10,5,24,34,14,1,8,22,16,13,31,39,7,33,36,28,32,18,21,3,4,29,12,6,25,20]
1880421 [4,5,3,6,2,1]
1901483 [7,3,2,5,6,1,8,4]
2326725 [5,2,1,7,4,9,3,8,6]
2326725 [3,5,10,7,2,9,6,8,4,1,11]
2326725 [9,5,2,4,1,8,6,10,3,7]
2326725 [2,1,5,4,3]
2326725 [4,6,11,17,8,14,7,5,13,22,9,20,12,1,21,10,3,23,2,18,15,16,19]
2378157 [12,1,3,9,4,7,2,5,11,10,8,6]
2378157 [2,1,3,5,4]
2378157 [21,15,4,2,23,10,9,6,16,18,11,17,8,1,19,20,7,22,24,3,13,25,12,5,14,26]
611563 [9,12,8,3,10,6,11,13,1,4,5,7,2]
611563 [4,5,11,10,2,6,3,12,8,7,9,1]
611563 [12,1,6,7,8,11,10,4,3,9,2,5]
867679 [6,8,7,4,3,1,2,5]
2169895 [2,1,5,4,3]
2169895 [4,9,1,3,5,6,8,7,2]
2289794 [6,4,8,2,7,3,1,5]
2440251 [1,2,3,4,5,6,7]
933067 [1,2,3,4,5,6,7,8,9,10,11,12,13,14,15,16,17,18,19,20,21,22]
949107 [2,3,5,6,7,4,1]
951227 [1,5,9,3,8,6,4,7,2,10]
951227 [3,5,12,10,6,11,7,8,9,1,4,2]
956982 [2,4,1,5,3,6]
335397 [5,2,4,3,1]
1231230 [1,2,3,4,5,6]
1231230 [1,2,3,4,5]
1231230 [1,2,3,4,5,6,7]
1232620 [5,13,6,3,10,8,15,11,2,7,12,14,4,1,9]
1237389 [3,4,2,6,1,5]
1237389 [2,1,5,3,4,6]
1237389 [9,13,2,12,3,6,8,5,1,10,11,4,7]
1237389 [7,6,10,2,3,9,1,5,8,4]
1237389 [4,1,2,5,6,3]
1237389 [11,15,19,8,14,1,18,7,17,2,5,4,16,3,9,12,10,6,13]
1237389 [4,2,1,6,7,8,5,3]
1237389 [4,2,5,1,3]
1237389 [4,3,1,5,2]
1739856 [1,2,3,4,5,6,7,8]
1753136 [2,7,1,6,5,4,3]
1753136 [2,5,1,6,4,3,9,13,10,7,12,11,8]
852601 [2,18,8,20,21,7,10,16,13,1,15,6,12,9,5,17,19,3,4,14,11]
856181 [3,10,17,11,5,15,19,9,16,22,14,12,20,4,18,1,7,2,21,8,6,13]
856181 [13,5,4,6,1,17,15,16,10,7,8,12,9,14,11,2,3]
856181 [2,3,20,1,10,9,7,15,17,18,19,16,8,12,14,13,11,6,5,4]
856181 [17,3,9,16,2,8,14,5,22,21,20,13,12,11,19,15,4,7,1,10,18,6]
856181 [4,12,3,7,2,14,13,16,15,19,11,17,6,18,8,5,1,20,10,21,9]
856181 [4,2,5,1,3]
856181 [3,12,7,1,10,14,8,2,4,13,9,6,11,5]
856181 [17,3,19,4,12,6,14,1,11,8,7,18,13,10,9,16,2,5,15]
856181 [10,6,17,27,16,25,15,22,19,23,3,30,12,2,31,7,8,21,18,5,1,13,32,29,11,9,14,28,4,24,20,26]
839118 [1,6,7,5,4,2,3,8]
839118 [9,5,7,12,11,6,10,8,1,3,2,4]
839118 [6,7,4,2,1,5,8,3,9]
840342 [9,1,11,8,2,16,7,13,6,12,14,5,3,15,10,4,17]
840342 [9,6,13,11,1,8,16,17,15,4,3,10,5,14,12,2,7]
840342 [21,33,31,14,20,22,37,27,23,24,25,36,13,7,17,12,1,38,29,18,10,19,3,2,28,26,5,16,9,35,4,39,11,30,6,8,32,15,34]
458124 [6,5,3,4,1,2]
458124 [1,9,5,2,7,3,6,8,10,4]
458124 [9,6,3,8,5,4,2,7,1]
2292094 [1,2,3,4,5,6,7,8,9,10,11,12,13,14,15,16]
2309232 [4,2,3,1,5]
2091506 [1,9,6,7,8,4,3,2,5]
2091506 [4,7,2,6,3,1,5]
2091506 [32,5,28,26,21,4,8,23,18,6,30,31,20,25,15,22,3,29,2,16,27,7,13,19,9,12,11,17,14,10,24,1]
1754583 [3,4,5,6,1,2]
1754583 [3,2,4,5,8,7,1,6,9]
1762623 [4,2,1,3,6,5]
525805 [2,1,3,5,4]
525805 [5,9,8,6,7,4,12,2,1,14,11,3,13,10,15]
525805 [9,3,4,2,10,7,8,6,1,11,5]
557277 [1,2,3,4,5,6,7,8,9,10,11,12,13,14,15,16,17,18,19,20,21,22,23,24,25,26,27,28,29,30,31,32,33,34,35,36,37,38,39,40,41,42]
636116 [7,5,1,2,3,6,4]
636116 [1,2,3,4,5,6,7]
651118 [10,6,2,1,8,7,3,9,11,4,5]
700730 [6,3,5,1,2,4]
710166 [1,2,3,4,5,6,7,8,9,10,11,12]
710166 [1,2,3,4,5,6,7,8,9,10,11,12,13,14,15,16,17,18,19,20,21,22,23,24,25,26,27,28,29,30,31,32,33,34,35,36,37,38,39,40,41,42]
710166 [1,2,3,4,5,6,7,8,9,10,11,12,13,14,15,16,17,18]
710166 [1,2,3,4,5,6,7,8,9,10,11,12,13,14,15,16,17]
715376 [9,3,7,1,8,4,11,5,6,10,2]
715376 [7,5,4,3,2,6,1]
751626 [12,10,7,13,5,2,9,8,1,3,11,4,6]
751626 [4,1,2,5,3]
751626 [6,3,1,7,2,5,4]
777553 [4,1,6,2,5,3]
1664967 [2,6,3,5,7,4,1]
1664967 [5,4,7,1,8,2,9,3,6]
1664967 [15,11,18,4,5,19,8,12,13,21,7,3,20,14,2,6,1,10,9,17,16]
425689 [3,1,5,4,2]
1196692 [12,5,10,19,21,11,8,20,18,4,22,2,23,7,17,24,1,14,15,6,13,16,9,3]
249788 [2,1,8,7,5,4,3,6]
249788 [13,10,8,29,3,28,18,2,23,9,20,26,5,12,22,7,25,16,14,6,24,21,30,17,27,1,19,15,4,11]
764848 [3,1,9,2,13,14,10,6,4,5,8,11,12,7]
764848 [4,5,6,3,8,1,7,2]
839118 [8,5,1,7,4,3,6,2]
839118 [9,7,3,6,2,4,1,5,8]
839118 [4,8,5,2,6,1,3,7]
29497 [6,1,3,8,12,5,9,10,11,2,7,4,13]
359361 [7,4,17,6,12,11,10,20,14,5,3,2,9,19,13,16,8,15,21,18,1]
359361 [12,2,14,16,5,19,11,9,1,10,13,15,4,7,8,18,21,3,17,20,6]
463733 [36,2,27,16,25,26,12,30,35,11,7,17,33,8,24,23,32,6,34,19,20,13,15,14,1,31,21,5,9,3,22,10,29,28,4,18]
463733 [17,8,19,11,25,4,10,16,6,15,12,7,20,13,14,9,1,23,3,24,18,21,22,2,5]
463733 [11,12,5,1,14,9,8,10,13,3,4,6,7,2,15]
1381203 [1,2,3,4,5,6,7]
1381203 [1,2,3,4,5,6,7,8,9,10,11,12,13]
1383987 [1,6,5,7,4,2,3,8]
1399073 [1,2,3,4,5,6,7,8,9]
1401252 [1,2,3,4,5,6,7,8,9]
1401252 [1,2,3,4,5,6,7,8,9,10,11,12,13,14,15]
1907146 [13,19,11,1,3,20,14,4,6,17,2,5,8,15,18,16,9,10,7,12]
1907146 [3,7,6,4,1,2,8,5]
1336589 [4,3,1,2,5]
1783728 [24,5,16,11,18,21,1,25,9,10,22,14,6,15,13,3,19,20,8,12,23,2,7,17,4]
1783728 [7,8,11,9,4,12,17,22,21,15,3,5,19,18,1,2,13,25,23,6,14,24,10,20,16]
1783728 [15,9,28,3,25,6,10,14,1,21,26,11,16,18,5,7,4,8,24,22,29,20,23,13,19,27,12,2,17]
1783728 [4,69,35,60,20,24,50,65,63,15,33,40,9,34,12,58,73,5,21,11,51,41,28,59,3,71,52,29,43,53,32,38,39,74,70,44,1,31,36,75,26,16,18,54,45,62,47,7,6,48,19,66,8,64,22,14,42,10,13,37,49,23,46,56,61,67,72,2,17,57,30,68,27,25,55]
1783728 [4,9,6,13,8,7,21,10,1,23,15,11,16,19,12,22,14,5,20,2,18,24,25,17,3]
1783728 [5,4,1,3,2]
1783728 [5,4,6,9,7,1,3,2,10,8,11]
1785149 [2,5,9,13,10,6,8,12,4,3,11,7,1]
1785149 [19,17,15,18,6,7,16,23,3,9,4,1,13,5,10,2,20,8,21,14,11,22,12]
1785149 [6,4,3,1,7,5,8,2]
1785149 [1,6,7,3,8,2,4,5]
1785149 [6,32,8,12,29,3,26,4,10,18,9,5,19,15,24,28,7,14,17,31,16,23,25,13,30,11,20,27,22,2,1,21]
1785149 [15,5,14,6,2,8,7,10,9,4,13,12,11,3,1]
1785149 [6,14,13,22,4,10,1,3,12,8,2,16,11,5,20,7,21,15,17,9,19,18]
1804806 [3,4,7,2,5,9,1,6,8]
2378157 [1,9,3,4,8,11,14,15,2,12,10,7,6,13,5]
2378157 [19,14,16,25,7,10,5,11,31,24,18,13,6,15,26,28,20,30,17,32,23,1,12,21,27,29,3,8,34,9,4,2,22,33]
2378157 [30,34,2,18,1,24,15,12,20,27,43,31,10,26,21,14,42,11,38,44,13,37,9,33,41,29,36,3,35,25,17,32,22,7,23,28,5,39,16,6,40,19,8,4]
2378157 [4,5,3,2,1]
22895 [14,12,7,5,8,11,4,9,10,13,3,2,6,1]
25809 [5,8,7,2,3,4,6,1]
25809 [8,5,3,9,7,4,2,1,6]
81492 [1,4,2,8,5,9,3,10,6,7]
81492 [1,44,14,19,11,41,15,30,3,43,38,36,32,24,4,13,31,23,5,16,39,25,37,34,20,28,7,27,33,40,29,12,22,9,35,18,8,2,10,42,17,6,26,21]
81492 [9,3,2,6,12,4,7,1,5,11,8,13,14,10]
784053 [2,9,10,8,1,7,4,5,3,6]
2044604 [4,2,5,1,3]
2044604 [3,5,1,2,4]
2237131 [14,11,5,6,13,15,10,16,12,7,8,9,1,2,4,3]
2261018 [3,4,1,6,2,5,7]
2261018 [1,4,3,2,5]
2261018 [5,10,6,9,4,3,1,7,2,8]
2261018 [3,1,7,5,6,2,4]
2261018 [8,4,1,11,2,9,6,5,10,12,3,7]
2261768 [4,7,13,26,23,19,16,18,5,24,29,20,10,28,17,27,6,8,2,15,1,11,9,14,3,21,22,25,12]
647450 [6,4,12,7,15,16,11,14,5,8,10,9,3,2,1,13,17]
647450 [34,31,40,22,4,6,3,37,24,29,28,12,14,15,7,18,2,1,32,23,11,8,9,5,30,26,19,21,20,25,10,16,38,27,35,13,33,39,17,36]
726123 [28,5,38,41,32,19,31,8,16,21,13,4,25,2,44,27,1,43,11,24,33,34,29,7,14,45,10,37,23,22,36,9,39,30,3,40,15,26,12,42,20,18,17,35,6]
726123 [57,51,3,41,38,17,4,20,15,14,12,37,35,50,49,30,33,26,59,8,45,34,58,36,16,48,43,19,13,7,21,25,53,11,24,10,1,18,9,56,6,60,55,39,46,23,32,28,27,22,54,40,44,47,2,29,52,42,31,5]
759182 [1,2,3,4,5,6,7,8,9,10]
768249 [10,24,8,12,17,5,20,21,16,13,6,4,3,28,23,18,19,11,2,26,25,9,27,15,29,7,1,22,14]
768249 [4,12,1,13,10,8,5,7,6,3,15,11,9,14,2]
768249 [18,11,15,12,9,13,6,3,1,16,17,14,8,5,10,4,7,2,19]
768249 [7,8,1,3,5,6,2,4]
768249 [3,1,5,4,6,2]
793625 [1,2,3,4,5]
835931 [4,9,5,10,3,13,6,7,14,12,2,15,8,1,11]
849040 [4,5,3,2,8,6,1,7]
849040 [4,42,25,13,29,43,24,5,44,39,23,31,21,41,3,34,16,9,8,22,27,32,18,35,38,12,6,20,7,14,28,37,11,1,15,40,2,17,26,19,10,33,36,30]
849040 [19,4,14,17,16,5,8,7,1,6,10,18,12,2,15,21,9,3,22,13,20,11]
1363310 [1,2,3,4,5,6,7,8,9,10,11,12,13,14,15,16,17,18]
1473460 [1,5,4,3,6,2,7]
1562408 [15,36,24,39,23,41,17,3,31,9,21,38,27,44,37,25,13,10,28,1,11,8,5,14,33,20,2,16,30,7,32,18,29,34,22,43,19,42,4,40,35,26,6,12]
1562408 [3,1,5,4,2]
1562408 [5,3,4,2,6,1]
1562408 [6,9,4,3,7,10,5,1,8,2]
43932 [5,1,4,3,6,9,2,7,8]
50692 [1,2,3,4,5,6,7,8,9,10,11,12,13,14,15,16,17,18,19,20,21,22,23,24,25,26,27,28,29,30]
1205381 [5,7,4,2,8,1,3,9,6,11,10]
2259512 [9,3,6,1,7,2,8,5,4,10]
852601 [4,3,2,5,1]
852601 [1,4,6,8,2,9,3,7,5]
1562408 [2,7,4,3,1,5,6,8]
1562408 [1,5,6,4,2,8,9,7,10,3]
1562408 [2,6,4,1,5,3]
1562408 [3,17,14,1,20,10,8,9,6,16,4,15,18,19,5,21,11,12,7,13,2]
1562408 [4,14,6,12,1,7,8,5,9,3,11,13,10,2,15]
1562408 [2,4,10,9,7,13,11,3,12,5,1,8,6]
1562408 [7,8,4,9,11,10,1,2,5,3,6]
1562408 [5,12,1,3,8,6,7,10,4,2,9,11]
1562408 [8,7,4,2,1,6,3,5]
1568487 [1,2,3,4,5,6,7,8,9,10,11,12]
1568487 [1,2,3,4,5,6,7]
1583352 [8,4,12,5,7,3,2,9,1,14,13,15,6,10,11]
1593535 [2,5,1,8,7,6,3,4]
1606593 [6,5,4,7,3,1,2]
1660953 [1,2,3,4,5,6,7,8,9]
1697436 [2,8,3,4,6,5,1,7]
1703263 [5,2,4,1,6,3]
1703263 [3,6,4,2,5,7,1]
1703304 [8,9,3,2,4,1,6,7,5]
1703304 [10,9,3,4,1,6,8,7,11,5,2]
1703304 [2,5,3,1,4]
1711183 [4,3,5,1,2]
1778414 [5,2,4,1,3]
1778414 [4,10,12,5,11,9,3,2,13,8,1,6,7]
1778414 [18,25,5,20,7,2,24,13,22,10,1,16,27,32,3,11,8,9,23,21,14,26,28,30,17,4,15,19,31,6,29,12]
1778414 [5,2,1,3,6,4]
1778414 [42,38,27,23,41,20,34,40,5,26,47,30,22,35,3,46,24,50,17,37,7,48,13,28,15,2,18,44,33,45,49,21,4,1,6,8,29,43,11,36,32,39,9,19,10,14,25,31,12,16]
2345810 [1,2,3,4,5]
2381383 [1,2,3,4,5,6,7,8,9,10,11,12,13,14,15,16,17,18,19,20,21,22,23,24,25,26,27,28,29,30,31]
2436049 [1,2,6,3,4,5]
1686860 [7,1,3,4,2,6,5]
1686860 [25,7,5,53,36,13,44,26,54,51,6,42,15,12,49,57,30,31,47,18,38,45,29,23,1,21,40,19,52,3,11,46,43,56,33,35,9,34,28,24,41,16,10,4,8,55,48,39,2,20,17,50,22,37,27,32,14]
1686860 [7,15,17,2,6,16,11,12,14,20,31,4,10,22,29,27,13,26,19,3,23,21,18,8,1,25,30,5,28,24,32,9]
1686860 [31,39,29,36,9,42,4,8,17,35,41,19,18,15,5,28,6,22,2,30,37,10,40,20,32,43,14,44,13,3,21,26,25,33,34,16,7,24,12,1,11,27,23,38]
1686860 [35,18,22,28,37,25,27,4,3,23,24,14,9,2,41,5,7,31,13,47,17,33,34,16,6,29,40,45,32,30,43,42,44,21,11,15,26,8,10,38,36,1,19,46,20,39,12]
1686860 [13,16,19,8,2,17,10,12,4,15,11,9,20,18,7,23,21,5,6,1,3,22,14]
1687310 [15,10,1,14,9,11,8,7,13,2,3,12,5,6,4]
1012145 [1,2,3,4,5,6,7,8,9,10]
600206 [2,3,5,4,6,1]
1074381 [1,2,3,4,5,6,7]
1078413 [7,5,13,10,8,3,12,2,14,18,11,9,15,19,16,1,6,17,4]
1078413 [6,2,4,8,7,1,5,3]
1090366 [27,21,26,5,14,32,15,18,12,11,29,3,16,13,24,9,19,17,8,20,10,22,4,6,28,25,2,30,33,31,23,1,7]
1090366 [11,6,10,2,12,4,3,1,8,9,7,13,5]
1090366 [16,28,10,18,17,6,9,21,8,7,4,14,15,1,2,24,26,27,19,11,3,5,23,13,25,12,20,22]
1092441 [5,1,4,2,3]
1094259 [4,23,21,19,16,1,3,8,10,6,20,12,18,5,24,2,11,7,15,9,22,14,17,13]
1094259 [1,6,2,3,5,4]
1105810 [10,7,12,4,11,8,9,6,5,2,1,13,3]
1171223 [16,8,18,28,17,2,10,4,14,21,6,22,20,7,9,3,5,26,27,31,23,24,29,15,11,19,13,12,30,1,25]
1171223 [3,1,2,5,6,4]
1171223 [5,4,1,3,6,2]
695088 [2,4,1,5,3]
695088 [7,2,6,5,1,4,3]
699762 [5,10,12,6,2,7,9,4,13,3,8,1,11]
699762 [7,4,2,1,6,5,3,9,8]
699762 [4,7,3,5,6,1,2]
699762 [1,9,6,8,7,3,14,13,2,4,11,5,10,12]
711028 [11,2,12,14,15,5,8,3,4,1,7,6,9,10,13]
715376 [1,3,2,4,7,5,6]
750497 [6,2,4,1,5,3,7,8]
1622906 [1,9,4,6,8,2,7,5,10,3]
1622906 [6,1,4,3,5,2]
1622906 [3,5,4,2,1,6]
1645664 [2,4,7,1,6,5,3]
1658839 [4,1,5,6,2,3,7]
1658839 [3,4,5,1,6,7,2]
1171223 [1,3,4,5,2]
1171223 [13,8,12,9,10,1,6,2,14,5,11,3,4,7]
1171223 [2,1,4,5,9,10,8,3,6,7]
1190935 [5,7,1,10,2,6,9,11,4,8,3]
1190935 [5,7,6,2,1,4,8,3]
1218901 [1,6,5,8,3,2,7,4]
1218901 [11,3,5,9,7,6,12,2,10,1,4,8]
1788365 [3,6,7,4,5,2,1]
1788365 [18,19,47,21,53,34,56,2,48,3,11,42,45,63,22,5,31,16,32,54,7,28,13,35,24,37,46,27,43,57,17,20,4,51,58,33,26,44,39,60,64,9,38,55,12,36,1,52,6,61,25,50,14,30,49,29,8,41,40,62,23,10,15,59]
1791251 [1,5,6,4,10,9,8,2,7,3]
1799180 [3,1,5,15,8,19,10,17,18,9,6,4,7,13,16,2,14,11,12]
1799180 [8,3,2,7,4,9,10,6,1,11,5]
1799180 [18,23,7,31,19,24,38,29,21,5,16,17,20,35,30,22,6,26,2,25,27,13,3,36,37,1,14,9,28,4,10,11,8,12,15,32,33,34]
1799180 [3,1,4,5,2]
1799180 [18,66,19,15,42,6,63,51,39,24,28,67,16,64,41,5,68,22,13,47,29,30,48,36,33,17,60,54,3,23,34,52,46,2,14,12,49,32,8,53,20,1,65,61,10,25,31,62,50,69,44,40,55,35,56,37,9,45,7,11,43,26,27,57,59,38,58,4,21]
1851127 [1,2,3,4,5]
1851127 [1,2,3,4,5,6]
1851127 [1,2,3,4,5,6,7,8]
1851127 [1,2,3,4,5,6,7,8,9,10]
1851127 [1,2,3,4,5,6,7,8,9]
1880421 [22,2,12,15,21,18,10,16,9,3,17,13,6,14,1,19,4,8,11,7,20,5]
1880421 [17,35,28,6,12,32,26,15,27,16,33,8,20,24,3,11,14,1,2,23,31,25,5,29,30,7,22,13,21,36,4,34,10,9,18,37,19]
1880421 [3,6,4,7,5,2,1]
1880421 [12,4,6,7,2,5,11,1,10,3,9,8]
1887306 [2,5,1,3,4]
1923897 [1,5,4,2,3]
2080681 [1,7,2,4,5,6,3]
182074 [42,5,61,51,11,19,35,34,16,79,56,85,81,6,47,44,71,70,30,13,78,57,15,45,52,33,14,72,3,29,40,38,31,59,82,74,1,63,49,17,9,10,67,12,84,66,75,53,4,8,18,43,28,37,46,55,20,23,58,7,21,73,62,32,65,64,24,26,22,41,36,39,54,50,25,60,27,68,76,77,83,69,2,48,80]
1930942 [4,8,1,5,2,3,9,7,6]
1955113 [4,2,1,3,6,5]
1961735 [2,1,3,5,4]
1961735 [20,17,5,16,14,3,10,8,24,19,13,15,4,6,25,11,21,1,22,23,7,9,2,12,18]
1965353 [3,4,5,6,1,2]
2140356 [4,7,1,3,2,6,8,5]
2140356 [10,9,4,3,1,6,7,8,2,5]
2140778 [4,1,2,5,3]
2143620 [7,23,17,9,1,24,27,31,10,13,19,28,12,6,16,18,25,4,29,3,5,30,8,15,22,2,21,26,14,11,20]
2143620 [17,13,7,4,23,12,20,19,8,22,11,10,21,18,3,16,14,5,6,9,15,1,24,2]
2143620 [1,5,4,3,2]
2143620 [13,5,20,11,19,18,14,17,25,9,4,31,21,27,3,10,15,24,7,2,22,1,16,6,23,29,30,28,8,26,12]
2143620 [5,9,7,4,6,1,3,10,2,8]
2143620 [3,5,2,4,1,6]
317862 [1,2,4,9,5,10,7,3,8,6]
317862 [1,5,4,6,3,2]
317862 [6,4,7,5,1,2,3]
317862 [10,11,5,6,8,1,3,9,7,2,4]
402756 [1,6,3,8,5,4,9,2,7]
407553 [3,4,9,1,7,6,8,5,2]
407553 [6,14,10,12,3,8,15,7,1,16,2,13,5,4,9,11]
407553 [3,6,4,2,1,7,5]
407553 [15,7,5,3,18,4,9,14,11,10,13,8,1,6,16,17,12,2]
407553 [1,5,4,6,3,2]
407553 [4,11,3,12,9,8,6,13,1,10,2,5,7]
2326725 [19,13,15,1,17,5,8,10,3,14,9,11,6,16,4,7,12,18,2,21,20]
2326725 [6,4,3,10,2,7,8,5,1,9]
2326725 [40,35,3,33,28,5,42,9,39,37,16,21,31,25,36,11,17,1,29,22,30,18,38,8,4,26,10,34,12,14,15,27,19,13,32,24,2,23,6,7,20,41]
2326725 [4,9,7,3,8,5,2,6,10,1]
2326725 [6,1,5,3,2,4]
636116 [5,1,7,6,10,9,3,8,4,2]
685921 [10,6,3,14,5,11,9,4,7,2,1,12,8,13]
715376 [8,3,7,2,1,4,9,6,5]
812600 [6,2,1,7,5,3,4]
812600 [3,2,5,4,1,6]
812600 [8,4,11,3,2,5,7,6,10,1,9]
812600 [21,16,23,22,11,13,18,1,6,20,25,5,8,17,15,10,14,12,4,2,3,9,7,19,24]
818399 [5,3,1,6,4,2,7]
844776 [2,1,3,5,4]
844776 [5,3,7,2,11,9,12,4,6,8,1,10]
844776 [14,15,4,31,10,28,22,1,34,29,11,6,3,23,33,2,13,27,12,20,19,25,9,18,16,7,30,21,32,8,24,17,5,26]
844776 [6,8,4,7,3,2,5,1]
844776 [4,2,1,6,3,5,9,8,7,11,10]
844776 [2,11,7,10,3,9,6,8,4,1,5]
844776 [5,8,6,2,7,9,3,4,1]
844776 [2,8,1,3,4,5,7,6]
844776 [9,7,10,2,19,23,15,22,13,1,12,5,17,14,18,16,3,4,8,6,21,11,20]
900378 [3,1,5,6,2,4]
900378 [4,2,3,5,8,7,1,6]
1331272 [6,7,3,1,5,2,4]
1331272 [6,7,2,17,21,11,1,14,10,5,12,19,18,15,4,16,8,20,13,9,3]
1331272 [10,2,9,6,4,1,5,3,8,7]
2432239 [8,9,6,1,10,4,5,7,3,2]
2433810 [5,2,22,6,20,21,3,9,15,13,11,17,18,10,8,1,4,19,16,7,14,12]
416399 [3,5,1,2,4]
416399 [3,1,6,7,2,5,4]
416399 [6,2,1,3,5,4]
420668 [2,5,4,1,3,7,6]
420668 [7,8,10,13,1,2,5,12,11,4,9,3,6]
420668 [5,4,7,8,6,3,1,2]
438300 [6,10,16,4,9,3,13,1,7,12,11,5,2,8,14,15]
456624 [4,9,2,8,6,1,7,5,11,3,10,12]
470094 [3,6,2,5,1,4,7]
1779138 [15,2,3,6,13,18,16,8,14,4,20,1,17,9,11,7,12,5,19,10]
1907146 [8,7,6,4,3,1,2,5]
1984028 [2,3,5,7,6,4,1]
1984028 [13,9,11,3,10,16,1,7,5,12,2,8,15,6,4,14]
2023960 [4,1,6,2,3,5]
2044604 [25,19,3,22,23,8,12,13,15,17,14,18,1,16,20,21,6,5,7,10,9,11,2,4,24]
2044604 [6,3,8,10,4,2,9,1,5,7]
2088936 [4,3,1,2,5,6]
2420256 [3,6,1,2,7,4,5]
2420256 [5,6,9,1,3,4,11,2,10,7,12,8]
2540950 [6,5,3,1,2,4]
2540950 [18,4,12,8,10,15,14,5,13,9,2,17,7,6,1,16,11,3]
2540950 [3,5,1,6,4,2]
2566955 [4,5,2,3,1]
509450 [5,10,7,13,2,8,3,1,4,6,12,11,9]
509450 [3,5,6,2,1,4]
564256 [6,4,2,5,1,3]
636918 [12,8,3,11,4,2,10,9,5,6,7,1]
636918 [9,5,1,8,2,6,3,7,4]
636918 [4,7,6,5,3,1,2]
636918 [2,4,5,6,3,1,7,9,8]
661583 [1,2,7,5,4,6,3,9,8]
711028 [14,4,3,5,12,17,7,16,1,10,8,6,19,11,18,20,2,9,13,15]
1587926 [1,2,3,4,5,6]
1587926 [1,2,3,4,5,6]
2490102 [3,2,1,4,5]
2490102 [1,9,10,2,7,4,6,5,3,8]
2490102 [5,3,1,2,4]
2511290 [1,2,3,4,5,6,7,8,9,10]
2575952 [2,1,5,4,6,3]
2575952 [2,5,4,3,1]
2575952 [5,1,4,2,3]
2575952 [2,6,3,5,4,1]
2575952 [1,8,5,6,7,2,3,4]
1152160 [6,5,3,7,2,4,8,1]
1158222 [3,1,10,14,13,7,5,2,6,8,15,4,11,9,12]
1169267 [7,1,6,5,3,4,2]
1174064 [6,3,4,5,2,1]
1174064 [6,5,4,1,3,2]
1218901 [3,4,2,7,8,6,5,9,1]
1218901 [15,12,8,24,11,10,17,30,21,2,3,23,18,26,27,7,28,25,6,22,5,20,29,1,14,13,9,19,16,4]
1218901 [2,4,8,14,7,10,13,6,9,5,12,1,3,11]
1218901 [4,3,5,6,1,2]
1218901 [5,9,11,2,4,6,10,7,8,1,3,12]
1221502 [3,7,6,1,2,4,5]
1542768 [14,2,16,17,8,20,4,10,9,12,19,7,3,13,15,11,5,6,18,1]
1542768 [10,6,2,7,5,15,16,11,8,3,12,14,4,1,13,9]
1542768 [3,4,6,5,2,7,1]
1553852 [4,9,3,2,7,8,1,5,6]
1562408 [2,9,10,7,12,4,14,11,6,5,13,1,8,3]
1562408 [9,7,12,18,8,4,16,15,2,14,5,11,13,10,1,17,3,6]
1562408 [13,8,5,14,3,11,2,12,10,9,1,7,4,6]
1562408 [44,32,13,33,19,5,42,12,27,29,37,4,3,20,39,43,14,25,1,34,6,17,26,31,28,9,11,23,7,30,10,15,22,2,36,40,16,35,38,18,21,8,41,24]
1562408 [11,5,8,3,1,13,6,10,4,7,2,9,12]
456749 [2,4,3,5,1]
456749 [5,4,3,1,6,2]
456749 [1,3,6,5,2,4]
507022 [5,3,1,4,2,6]
631807 [2,5,4,1,3]
559866 [11,4,8,12,9,7,3,10,6,13,1,5,2]
591798 [4,1,7,2,3,5,6]
591798 [13,16,40,19,29,12,20,32,46,5,10,33,37,35,18,14,28,7,15,9,36,4,38,6,27,44,31,26,2,25,34,8,24,22,45,47,39,21,3,43,42,30,11,17,1,23,41]
611563 [1,2,6,3,4,5]
611563 [1,5,4,3,2]
2328286 [1,2,3,4,5,6,7,8,9]
2328286 [1,2,3,4,5,6,7,8,9,10,11]
2452178 [1,2,3,4,5,6,7,8,9,10,11,12,13,14,15,16,17,18,19,20,21]
134588 [1,2,3,4,5,6]
150224 [5,2,6,3,7,4,1]
150224 [2,5,4,3,6,1,7]
152880 [6,2,4,1,7,3,5]
152880 [7,5,6,2,1,4,3]
152880 [7,6,5,4,3,2,1]
152880 [7,3,16,18,17,15,6,1,4,8,13,14,10,5,2,11,9,12]
411733 [3,7,5,10,9,11,8,4,6,1,2]
411733 [5,8,4,9,7,6,1,3,2]
1863380 [1,2,3,4,5,6,7,8,9,10,11,12,13,14,15,16,17,18,19,20,21,22,23,24,25,26,27,28,29]
1863380 [1,2,3,4,5,6,7,8,9,10]
1863380 [1,2,3,4,5,6,7,8,9,10,11,12,13,14,15,16,17]
197756 [10,9,4,3,2,1,8,5,7,6]
239513 [7,8,3,4,1,2,6,5]
279396 [4,1,5,3,6,2]
279396 [14,7,5,9,2,3,1,11,12,13,8,10,6,4]
279396 [2,1,3,4,5]
283388 [3,13,4,11,12,8,1,15,7,5,14,2,9,10,6]
283388 [5,1,4,6,9,8,3,7,2]
309336 [1,2,3,5,6,4]
938507 [36,1,37,35,9,51,22,48,28,44,32,43,13,20,8,5,7,24,3,17,27,12,10,46,45,11,50,52,25,42,18,34,26,33,15,29,16,47,38,2,19,49,14,40,41,39,21,23,30,31,6,4]
938507 [10,34,49,6,15,28,52,59,25,7,12,40,22,31,60,23,21,37,29,44,39,5,58,57,14,35,32,55,30,27,33,11,9,42,51,47,13,45,43,36,20,2,3,1,24,38,48,8,56,18,53,41,46,26,17,19,16,4,54,50]
938507 [10,22,1,6,11,21,3,14,9,5,12,7,15,8,23,27,18,2,19,24,20,26,25,28,29,4,13,17,16]
938507 [55,23,6,38,39,9,50,1,7,57,15,44,3,63,25,24,2,35,46,19,53,21,20,27,17,26,56,37,14,18,5,28,30,47,49,48,41,22,62,40,45,66,11,67,60,10,52,12,4,32,29,13,54,43,16,42,65,33,58,36,51,64,31,59,61,34,8]
941029 [1,5,4,2,3]
944122 [5,1,4,3,6,2]
965694 [1,2,3,4,5,6,7,8]
971442 [25,17,29,40,50,18,28,37,8,13,20,21,1,12,60,47,57,55,58,32,48,14,63,59,4,64,23,49,39,16,62,33,54,30,22,46,5,9,56,38,36,3,19,27,31,7,2,53,61,35,15,42,52,45,6,26,11,34,10,44,24,51,43,41]
1006353 [1,2,3,4,5,6]
1047632 [5,6,13,9,15,7,11,10,14,3,12,4,2,16,1,8]
1047632 [6,3,8,4,2,7,1,5]
1091343 [3,2,5,6,4,11,10,9,7,1,8]
1091343 [4,1,8,3,5,2,7,6]
1104922 [7,5,6,12,13,4,15,9,3,10,11,1,14,8,2]
2040636 [1,2,3,4,5,6,7,8,9,10,11,12,13,14]
2040636 [1,2,3,4,5,6,7,8]
2040636 [1,2,3,4,5]
2053307 [3,1,4,2,5]
2053307 [10,11,4,6,1,7,8,9,5,2,13,3,12]
2053307 [6,4,5,1,7,3,2,8]
317862 [3,1,4,8,5,6,7,2,9]
317862 [4,3,7,11,13,15,14,9,12,6,5,1,2,10,8]
407553 [5,3,16,2,13,6,15,9,8,14,17,11,1,4,10,12,7]
407553 [20,7,2,13,17,4,16,9,1,12,14,3,11,19,6,18,10,5,8,15]
2575952 [3,4,1,2,7,5,6]
2575952 [7,11,3,1,2,5,4,9,10,6,8]
2575952 [7,1,4,8,5,2,6,3]
2575952 [1,2,3,5,4]
2575952 [3,1,6,5,7,4,2]
2575952 [10,1,2,4,8,7,3,11,5,9,6]
2575952 [2,8,5,1,3,7,4,6]
2575952 [4,7,3,2,5,1,8,6]
2575952 [5,6,8,7,3,1,4,2,9]
2575952 [5,4,9,3,2,6,8,7,1]
2575952 [5,4,1,3,2]
210846 [3,7,10,6,8,2,11,4,1,5,9]
469309 [3,2,5,4,1]
469309 [1,6,5,4,2,3]
2580963 [1,2,3,4,5,6,7,8,9,10,11,12,13,14,15,16,17,18,19,20,21,22,23,24,25,26,27,28,29,30,31]
2580963 [1,2,3,4,5]
2580963 [1,2,3,4,5,6,7,8,9,10,11,12,13,14,15,16,17,18,19,20,21]
2580963 [1,2,3,4,5,6,7,8,9,10,11,12,13,14,15,16,17,18,19,20,21]
1190935 [3,2,6,5,1,4,7]
1190935 [3,4,5,2,1]
1216284 [11,7,8,12,1,9,6,2,4,3,5,13,10]
1331513 [4,1,2,6,5,3]
1275613 [1,5,2,3,4]
1308113 [2,1,5,3,4]
1309075 [6,4,1,2,3,5]
1309075 [8,5,6,7,3,2,1,4]
2404803 [1,2,3,4,5,6]
2406851 [5,3,7,2,8,1,4,6]
2414221 [4,3,1,5,2]
2430015 [4,6,1,2,7,3,5]
2430015 [4,5,1,2,3]
2439350 [4,6,2,1,3,5]
2439350 [11,24,15,7,9,26,8,29,4,25,20,27,28,2,21,18,3,17,1,12,23,10,22,16,14,19,13,5,6]
2439350 [2,3,7,8,9,1,6,5,10,4]
1952887 [3,5,4,2,1]
1977706 [1,2,3,4,5,6,7,8,9,10,11,12,13,14,15,16,17,18,19,20,21,22,23]
2015664 [7,5,6,4,3,1,2]
2015664 [1,4,5,2,3,6]
2015664 [6,2,4,1,3,5]
2015664 [13,5,17,11,7,6,8,14,16,10,9,15,1,2,12,3,4]
2015664 [3,2,1,4,5]
2015664 [2,6,4,1,3,5]
2015664 [5,6,2,3,4,8,1,9,7]
2015664 [7,4,9,5,2,6,8,1,3]
2015664 [1,2,5,3,4]
2049698 [4,2,5,6,3,7,1]
2149580 [4,3,2,13,9,14,8,10,5,12,7,6,11,1]
2185613 [1,6,7,12,19,9,10,15,5,14,20,13,17,18,8,2,4,16,3,11]
2185613 [4,2,1,3,5]
2185613 [6,4,2,7,5,8,3,1]
2281424 [6,8,5,7,2,1,9,4,3]
2281424 [3,1,9,4,8,5,2,7,6]
2281424 [7,1,2,4,10,15,5,11,16,9,3,13,14,12,8,6]
2281424 [6,2,5,9,18,30,28,3,8,31,29,26,22,13,20,19,25,15,4,16,23,7,27,12,17,24,14,10,21,1,11]
2052088 [1,5,3,4,2]
2052088 [7,8,6,1,4,10,2,11,3,5,9]
2098487 [5,6,2,4,1,8,9,7,3]
2098487 [6,5,1,7,4,8,2,3]
2098487 [10,12,4,15,14,2,7,6,5,9,13,1,3,11,8]
2113901 [4,17,11,13,21,5,6,16,14,1,12,15,18,19,2,3,9,20,7,10,8]
2113901 [23,3,24,27,19,1,14,5,11,2,9,16,12,8,10,13,20,22,18,7,26,21,4,17,25,15,6]
2113901 [6,14,3,9,12,13,8,7,2,10,4,1,11,5]
2142563 [1,2,3,4,5,6,7,8,9]
2142563 [1,2,3,4,5,6,7,8,9]
2142563 [1,2,3,4,5]
2142563 [1,2,3,4,5,6,7,8,9,10,11,12,13,14,15]
2311056 [2,4,1,6,5,3]
2311056 [12,9,5,2,3,8,7,4,11,1,10,6,13]
2390691 [32,27,48,36,22,40,41,6,1,51,2,31,52,7,13,12,15,47,3,54,18,43,30,20,42,56,53,44,61,8,9,35,33,60,34,5,16,28,17,25,23,55,29,58,26,4,59,14,57,10,39,11,21,46,50,19,49,24,45,37,38]
2390691 [2,3,1,5,6,4]
2414221 [9,8,7,4,2,6,3,1,5]
2414221 [5,2,7,4,3,9,1,6,8]
2414972 [2,4,3,5,1]
2414972 [6,1,2,3,7,4,5]
2415367 [3,2,6,5,4,1]
2415367 [1,4,5,2,3]
2415367 [1,3,2,4,5]
2415367 [4,5,10,14,18,9,2,13,3,17,1,15,12,6,7,11,16,8]
2149580 [3,8,9,4,2,10,1,5,6,7,11,12]
2149580 [7,6,4,3,1,2,5]
2149580 [5,6,7,1,4,2,3]
2219576 [3,5,4,2,1]
37232 [5,3,6,4,2,1]
41618 [1,2,3,4,5,6,7]
44487 [3,8,5,11,7,9,4,2,10,6,1]
182355 [36,32,3,33,19,7,20,37,15,31,13,30,16,38,1,25,10,18,28,6,5,12,4,11,21,40,17,29,26,24,14,39,8,9,22,23,2,27,34,35]
1594652 [1,6,4,5,2,3]
1594652 [3,2,4,5,1]
1930942 [1,5,14,4,6,8,13,2,3,11,10,12,15,7,9]
1930942 [10,3,19,8,18,14,9,15,2,4,17,5,12,13,1,6,11,16,7]
1930942 [33,3,23,13,16,26,34,6,9,7,2,24,17,22,14,32,27,15,30,29,11,31,5,4,10,20,28,8,1,25,19,18,21,12]
2140356 [3,4,1,5,2]
2143620 [14,25,1,19,24,7,26,20,9,12,21,18,13,15,2,17,8,22,4,23,5,6,11,16,3,10]
2143620 [2,1,5,3,6,4]
2143620 [5,2,6,3,1,4,8,7]
2143620 [20,12,14,1,10,2,16,19,9,11,23,18,21,22,15,8,25,24,5,7,17,3,6,4,13]
2143620 [4,9,1,2,7,5,13,12,6,10,11,3,8]
2212062 [2,4,15,7,1,12,8,6,10,11,13,14,9,5,3]
311979 [1,2,3,4,5,6,7]
321436 [1,2,3,4,5,6]
321436 [1,2,3,4,5,6]
325307 [3,6,5,2,7,1,4]
325307 [7,1,11,5,15,14,8,16,6,13,4,10,9,12,2,3]
337540 [9,15,23,22,2,29,25,4,11,12,21,16,13,8,10,17,7,5,19,24,26,30,32,20,31,28,14,18,1,3,6,27]
337540 [18,4,14,22,16,17,7,21,8,12,6,19,13,5,9,10,23,11,15,1,3,20,2]
367419 [5,1,8,3,4,6,7,2]
367419 [3,5,4,1,2]
367419 [3,1,6,2,4,5]
367419 [1,9,7,4,3,5,8,2,10,6]
378743 [5,7,4,6,9,3,8,2,1]
378743 [3,2,5,16,12,11,4,6,8,15,14,7,9,1,10,13]
378743 [7,3,1,2,9,5,4,8,6]
383378 [5,6,1,4,2,3]
383378 [8,7,4,6,1,11,13,12,10,5,2,9,3]
392101 [11,10,6,12,9,3,15,13,8,1,2,7,14,4,5]
416399 [6,3,4,11,5,1,8,2,9,10,12,7]
429848 [12,4,3,6,9,1,8,2,7,13,10,11,5]
429848 [4,3,5,1,2]
429848 [3,5,2,1,4]
456623 [5,4,6,3,1,2]
469460 [16,15,17,22,14,10,27,1,18,24,9,30,36,35,31,41,26,20,40,28,5,29,21,25,4,8,38,37,42,13,2,39,33,23,3,19,7,12,6,32,34,11]
469460 [5,4,2,1,3]
476688 [6,5,1,2,3,4]
477103 [4,2,3,6,5,1]
1542756 [6,4,7,2,5,1,8,3]
1542756 [5,4,3,2,1,6]
1594652 [3,6,1,5,9,8,4,2,7]
1594652 [3,4,1,2,5]
1594652 [5,4,7,1,9,3,2,6,8,10]
210846 [8,3,4,2,7,1,5,6]
463733 [6,3,5,2,4,1]
663707 [5,9,4,6,8,1,3,7,2]
663707 [3,1,5,6,2,4]
699762 [2,9,1,3,4,10,7,6,5,8]
715376 [20,8,11,5,19,26,10,18,4,22,6,15,7,9,21,24,3,16,27,1,25,17,23,28,12,13,2,14]
715376 [7,2,1,4,6,5,9,3,8]
122958 [2,6,5,1,11,8,9,7,4,10,12,3,13]
122958 [10,3,11,2,7,16,13,5,15,9,12,14,6,1,4,8]
122958 [1,10,18,23,7,9,24,8,16,11,4,2,22,14,21,17,3,15,19,6,5,13,20,12]
122958 [27,4,22,8,13,3,20,21,7,19,30,11,29,10,1,14,15,24,25,2,26,17,5,6,16,23,9,18,12,28]
122958 [1,4,2,5,3]
751365 [10,1,9,5,4,6,8,2,7,3]
661966 [3,5,4,2,1,6]
661966 [2,11,8,3,10,1,9,4,6,7,12,5]
661966 [6,2,4,1,7,5,8,3]
661966 [6,11,2,3,4,10,9,5,1,8,7]
661966 [5,11,13,8,9,2,1,10,6,3,4,14,12,7]
1251390 [4,3,1,5,2]
1841877 [4,7,1,5,2,3,6]
1851127 [1,2,3,4,5,6,7,8]
1991269 [1,4,2,5,3,6]
1991269 [4,1,2,5,3]
1991269 [4,2,5,1,3]
1991269 [10,9,2,4,7,5,3,8,6,1,11]
2015664 [5,2,6,9,3,4,7,8,1]
755981 [8,14,9,15,3,18,19,11,17,5,7,4,16,13,20,2,1,6,10,12]
797317 [1,4,3,5,2]
1680426 [10,2,1,3,6,5,9,11,4,7,8]
1680426 [7,9,8,10,2,1,11,6,4,3,12,5]
1680426 [18,2,16,6,19,23,3,4,5,24,10,22,17,7,9,25,1,26,12,14,8,11,13,20,15,21]
1680426 [2,3,4,7,1,8,9,6,10,5,11,12]
1680426 [4,9,6,7,8,3,2,1,5,10,11,12]
705554 [5,6,3,1,2,4,7]
845850 [4,2,1,5,6,3]
845850 [3,4,5,1,2,6]
197756 [5,3,2,4,6,1]
244367 [4,2,7,1,5,6,3]
1071493 [1,2,3,4,5]
60557 [1,2,3,4,5,6,7,8,9,10,11,12,13,14,15,16]
60557 [1,2,3,4,5,6,7,8,9,10,11,12,13,14,15,16,17,18,19,20,21,22,23,24,25,26,27,28,29,30,31,32,33,34,35,36,37,38,39,40,41]
60557 [1,2,3,4,5,6,7,8,9,10,11,12,13,14,15,16,17,18]
60557 [1,2,3,4,5,6,7,8,9,10,11,12,13,14,15,16,17]
127405 [1,2,3,4,5,6]
171777 [5,3,2,4,1]
171777 [1,5,6,3,2,4,7]
171777 [1,7,11,4,6,9,10,5,2,8,3]
289998 [4,3,7,2,5,8,1,6]
289998 [5,4,3,1,2]
290832 [18,27,16,10,23,21,8,19,4,20,32,3,7,12,37,17,1,14,25,5,15,33,30,36,6,29,2,9,35,34,13,26,31,11,28,22,24]
290832 [2,4,5,1,3]
189524 [5,1,3,8,7,4,6,2]
44610 [2,1,7,8,3,4,9,6,5]
50306 [5,8,7,6,3,9,4,2,1]
65485 [1,3,2,5,7,6,4]
81492 [14,3,58,23,26,43,12,41,9,11,1,55,47,8,13,54,16,52,42,32,48,34,37,36,15,30,50,45,46,49,56,29,44,28,51,5,21,10,24,38,22,18,7,2,17,20,39,25,19,57,27,59,31,53,33,40,6,4,35]
81492 [2,1,3,7,5,6,9,4,8]
81492 [4,7,6,1,5,3,2]
81492 [5,3,2,1,4]
81492 [11,2,5,17,13,18,9,15,4,12,7,14,22,10,20,23,21,8,19,16,3,6,1]
81492 [6,3,2,7,1,8,11,9,4,5,10]
412247 [2,4,1,3,5]
675751 [4,1,3,2,6,5]
675751 [6,8,7,2,4,1,3,5]
264359 [3,1,6,9,10,2,4,8,7,5]
322811 [1,2,3,4,5,6,7,8,9,10,11,12,13,14,15,16,17,18,19,20,21,22,23]
479390 [1,4,5,2,6,7,3]
479390 [9,5,11,6,1,10,4,13,7,8,2,14,3,12]
479390 [1,6,10,2,11,9,13,4,8,3,7,12,14,5]
1012145 [1,2,3,4,5,6,7,8,9]
1012145 [1,2,3,4,5,6,7,8,9,10,11,12,13,14,15,16,17,18,19,20]
1012145 [1,2,3,4,5,6,7,8,9,10,11]
1066016 [5,1,8,7,4,3,2,9,6]
167867 [3,4,1,2,5]
429848 [1,2,5,4,3]
429848 [5,3,4,1,2]
902024 [20,16,23,12,27,1,24,2,26,19,8,22,7,13,21,14,28,9,4,10,3,18,5,15,11,6,29,17,25]
2069966 [2,3,4,6,5,1]
2221814 [6,2,1,9,5,10,3,8,7,11,4]
2221814 [2,3,5,6,1,4]
2242701 [3,2,1,6,7,4,5]
2242701 [10,9,2,6,1,11,5,4,3,7,8]
2318116 [2,1,4,3,5]
299355 [3,4,6,8,2,1,5,7,9]
299355 [22,26,42,32,33,43,4,9,37,11,14,27,28,36,3,19,17,10,24,12,2,16,21,23,1,39,7,38,31,30,8,29,13,25,34,18,15,5,41,6,35,40,20]
411326 [4,2,9,12,3,7,8,13,5,10,11,6,1]
411326 [4,7,13,14,12,3,5,6,8,19,18,10,9,11,17,1,15,16,2]
411326 [7,3,6,5,2,1,4]
411326 [12,14,9,15,10,11,6,4,1,3,7,5,2,13,8]
411326 [26,33,13,32,9,27,5,6,12,29,2,23,31,3,18,8,15,30,1,20,4,22,25,16,17,24,14,28,7,19,21,11,10]
411326 [2,5,9,6,3,8,7,1,4,10]
411326 [4,12,13,5,3,18,11,21,1,8,6,22,19,17,9,16,15,23,2,10,20,7,14]
411326 [6,4,5,2,11,10,3,7,1,8,9]
411326 [3,7,6,5,8,1,2,4]
411326 [7,2,5,1,6,3,4]
411326 [7,5,9,2,8,6,1,3,4]
411326 [11,22,24,17,3,26,9,6,25,15,14,7,19,2,10,13,5,28,16,8,20,4,18,23,27,12,1,21]
425689 [16,14,10,11,5,22,27,3,12,20,28,19,24,17,30,8,13,6,23,4,9,29,7,25,2,21,31,15,26,18,1]
425689 [6,13,7,3,14,23,2,24,10,5,22,1,9,8,15,19,21,17,12,20,11,4,16,25,18]
425689 [2,4,6,5,3,1,7]
425689 [4,9,12,10,1,5,7,15,14,11,6,3,16,17,13,2,8]
661583 [2,6,8,9,7,3,10,5,4,1]
387363 [4,6,8,7,2,3,5,1]
393986 [1,2,3,4,5,6,7,8,9,10,11,12,13,14,15,16,17,18]
394345 [4,6,13,9,1,11,10,14,12,18,15,8,2,5,17,3,7,16]
394345 [1,3,4,5,2]
393986 [1,2,3,4,5,6,7,8,9,10,11,12,13,14,15,16,17,18,19]
416399 [21,20,13,6,7,1,5,19,16,15,10,3,9,14,18,11,17,4,8,12,2]
416399 [10,1,7,9,11,14,12,8,6,5,15,2,18,3,4,16,17,13]
416399 [1,6,4,10,3,2,5,9,7,8]
591798 [32,16,20,36,19,39,10,34,21,24,22,40,28,7,18,42,3,30,5,8,14,12,1,31,23,26,4,9,11,15,27,6,37,38,2,29,25,35,43,13,41,33,17]
636116 [1,12,8,2,9,7,15,10,11,14,13,6,5,4,3]
636116 [2,4,3,1,5,6]
636116 [4,1,2,5,3,6]
636116 [6,4,9,2,1,3,8,5,7]
642707 [6,4,3,2,1,5]
642707 [5,8,6,2,3,1,4,7]
642707 [1,4,5,3,2,6]
642707 [4,3,2,1,5]
642707 [6,2,5,1,3,4]
642707 [3,2,5,7,4,1,6]
1664974 [7,16,4,3,14,9,22,12,18,2,1,6,8,11,20,5,15,10,17,19,13,21]
1664974 [4,6,3,1,5,9,7,2,8]
1703304 [5,1,4,3,2]
1703304 [4,2,1,5,3]
1703304 [17,12,13,21,3,4,11,19,6,16,2,20,5,14,7,18,9,10,15,8,1]
1706553 [5,4,3,2,1]
1901938 [2,3,1,7,5,4,6]
2078799 [19,28,5,25,18,13,4,8,9,1,16,12,6,17,21,27,3,10,24,26,22,15,2,7,29,11,14,23,20]
2078799 [6,4,8,13,2,5,1,7,3,11,12,9,10]
2078799 [2,4,3,7,1,6,5]
564152 [1,2,5,4,3]
619568 [5,1,2,3,4,6]
448134 [5,3,4,1,2]
448134 [15,11,5,2,3,14,7,6,4,8,12,9,10,1,13]
453717 [4,5,1,7,6,2,3]
453717 [5,10,3,9,7,14,6,1,11,2,8,12,4,13]
453717 [2,5,7,6,9,4,1,10,8,3,11]
456623 [5,4,3,2,8,10,6,1,9,7]
457469 [5,1,3,4,2]
457469 [1,4,2,3,5]
1320533 [12,4,10,5,7,3,11,8,9,6,2,1]
1954004 [7,8,2,1,5,4,6,3,9]
1954004 [21,19,13,2,10,12,3,14,16,20,5,17,11,1,6,22,8,7,9,18,15,4]
2540950 [5,1,2,4,3]
2540950 [5,3,8,9,7,6,4,2,1]
1141178 [2,4,1,3,5]
2370657 [1,13,17,8,10,4,5,11,12,16,2,18,6,7,9,15,14,3]
2377698 [5,6,1,10,8,4,2,3,9,7,11]
764848 [1,3,8,6,4,7,2,5]
764848 [5,3,4,2,1]
764848 [6,3,2,4,10,7,9,8,5,11,1]
764848 [1,2,13,6,8,3,5,10,16,14,11,7,12,9,15,4]
764848 [2,4,1,5,6,7,3]
765724 [5,4,2,3,1,6]
780905 [7,4,8,5,2,1,6,3]
1047632 [8,2,5,6,3,7,1,4]
893182 [3,4,1,2,5]
893182 [3,5,2,4,1]
893182 [4,1,5,3,2]
504649 [6,7,5,3,8,4,2,9,1]
411733 [5,3,2,4,1]
411733 [6,8,1,7,5,2,4,3]
1014041 [1,2,3,4,5,6,7]
1020886 [2,1,4,7,8,5,3,6]
1336589 [3,1,4,6,5,2]
1355082 [2,3,4,6,5,1]
1355082 [1,2,4,3,6,5]
1544764 [1,2,3,4,5,6,7,8,9,10,11,12,13,14,15,16,17,18]
1561074 [4,2,1,3,5]
1595250 [10,9,19,13,1,12,16,18,11,15,8,17,14,3,2,4,7,5,6]
554785 [26,21,23,2,9,31,35,30,3,11,5,22,10,29,15,7,25,4,27,19,28,24,18,13,20,6,12,33,16,32,34,8,1,14,17,36]
554785 [7,1,10,4,5,2,11,15,3,14,13,16,8,19,6,12,9,18,17,20]
563537 [6,1,8,2,3,7,5,4]
1339103 [6,3,7,4,2,8,5,1]
1086656 [4,1,5,6,3,7,2]
1086656 [7,1,2,4,6,5,3]
1090573 [8,4,3,6,2,1,5,7]
1090625 [1,8,3,4,2,7,5,6,9]
1090625 [1,2,4,6,3,7,5]
438300 [5,10,3,9,8,4,1,2,7,6]
438300 [5,3,6,4,7,2,8,9,1,10]
438300 [13,14,11,4,3,10,12,8,16,9,7,15,2,20,1,5,6,17,18,19]
438300 [6,5,1,2,3,4]
438300 [6,7,5,1,8,3,4,2]
1282386 [18,19,10,24,9,13,16,1,12,17,15,7,22,8,23,3,11,20,6,5,2,21,4,14]
1158222 [19,10,21,4,17,11,15,6,18,22,1,3,14,12,13,5,7,8,9,2,20,16]
1182135 [2,5,1,4,3]
1182135 [6,8,4,10,7,16,1,14,5,15,12,11,3,13,9,2,17]
994227 [1,2,3,4,5,6]
994227 [1,2,3,4,5,6,7,8,9,10,11,12,13,14,15,16,17,18,19,20,21,22,23,24,25]
994227 [1,2,3,4,5,6,7,8,9,10,11,12,13]
1006353 [1,2,3,4,5,6]
1006353 [1,2,3,4,5,6,7,8,9,10,11,12,13]
837782 [13,7,16,10,2,4,1,12,15,14,11,8,6,5,9,3]
839118 [5,9,1,2,4,8,3,7,6]
839118 [4,6,5,1,3,2,9,8,10,7]
839118 [6,4,3,1,5,2]
839118 [4,3,2,5,1]
839118 [10,3,6,9,2,8,7,4,5,1]
839118 [8,7,2,11,1,9,3,12,5,6,10,4]
476688 [5,4,2,1,3]
456624 [11,12,2,14,9,15,18,7,16,6,1,4,10,13,5,17,8,3]
456624 [1,4,2,3,6,5]
456624 [16,25,38,17,31,30,13,8,10,23,11,19,4,21,32,1,26,36,9,7,27,40,15,35,5,12,2,34,29,6,33,3,28,14,24,18,20,22,39,37]
456749 [2,5,1,4,3]
481652 [6,1,4,2,7,3,5]
508254 [4,6,5,8,7,3,1,2]
521637 [11,13,5,8,7,3,2,9,1,4,12,10,6]
476688 [1,5,3,4,6,2]
476688 [7,5,3,12,2,15,13,6,16,11,8,4,10,1,9,14]
476688 [1,5,4,2,3]
636116 [7,5,4,2,1,8,6,3]
636116 [1,6,3,2,4,5]
636116 [1,3,4,5,2]
642707 [5,1,7,6,3,2,4,8]
650984 [1,2,3,4,5,6,7,8]
650984 [1,2,3,4,5,6,7,8,9,10,11,12,13,14,15,16,17,18,19,20,21,22,23,24,25,26,27,28,29]
2150451 [9,6,8,4,5,3,10,7,2,1]
2152672 [14,5,8,7,4,11,16,15,2,12,9,10,3,13,6,1]
890209 [2,3,5,4,1]
891255 [1,5,9,4,6,2,7,3,10,8]
891255 [13,11,6,9,5,15,2,7,8,4,12,3,10,1,14]
980498 [6,1,3,5,2,4]
982939 [1,2,3,4,5,6,7,8,9,10,11,12,13,14,15,16,17,18,19]
982939 [1,2,3,4,5,6,7,8,9]
982939 [1,2,3,4,5,6,7]
982939 [1,2,3,4,5,6,7,8,9,10,11,12]
982939 [1,2,3,4,5,6,7]
982939 [1,2,3,4,5,6,7,8]
1035411 [3,4,2,6,1,5,7]
1190072 [8,2,6,3,11,12,4,5,10,9,13,7,1]
1514088 [3,1,5,4,8,6,7,2]
317862 [2,1,4,5,6,3]
317862 [6,9,4,5,8,1,7,3,11,10,13,2,12]
2169267 [4,5,2,1,3]
852758 [2,5,3,6,4,1]
468133 [7,3,1,5,8,9,10,2,4,6]
477137 [1,2,3,4,5]
477137 [1,2,3,4,5,6,7,8,9,10]
477137 [1,2,3,4,5,6,7]
521637 [5,4,1,2,7,3,6]
553940 [5,2,1,6,3,7,4]
581272 [1,2,3,4,5,6,7,8,9]
636116 [6,5,1,3,4,7,10,9,2,8]
636116 [7,2,11,10,3,9,5,8,6,1,4]
661583 [1,4,7,3,5,9,2,8,6]
1505173 [39,33,40,34,1,10,5,14,45,26,32,16,38,44,35,43,36,9,41,31,37,2,27,24,13,3,30,25,17,22,20,6,21,28,12,4,11,42,7,29,15,19,8,18,23]
1505173 [12,8,4,1,6,2,10,5,9,11,3,13,7]
1514042 [12,10,6,1,16,8,5,15,9,7,3,13,4,2,11,14]
1514042 [19,15,11,3,16,10,7,6,8,4,12,14,1,9,17,18,13,2,5]
1799180 [8,5,10,1,7,6,2,4,3,9]
1799180 [1,6,4,5,2,7,3]
1807325 [1,2,3,4,5,6,7,8]
1807325 [1,2,3,4,5]
1807325 [1,2,3,4,5,6,7,8,9,10,11,12,13,14,15,16,17,18]
1807325 [1,2,3,4,5,6,7,8,9,10,11,12,13]
1514088 [9,10,3,11,1,8,4,2,5,7,6]
1514088 [2,4,5,3,1]
1834502 [11,1,10,9,13,3,2,7,15,16,5,4,6,14,8,12]
1834502 [2,5,1,4,3]
1834502 [3,2,19,20,18,10,14,12,4,17,8,15,7,9,5,1,13,11,6,16]
1924396 [1,2,3,4,5,6,7,8,9,10,11,12,13]
1924396 [1,2,3,4,5,6,7,8,9,10,11,12,13]
1924396 [1,2,3,4,5,6,7,8,9,10,11,12]
1924396 [1,2,3,4,5,6,7,8]
1924396 [1,2,3,4,5,6]
1924396 [1,2,3,4,5,6,7,8,9,10,11,12,13,14,15,16,17,18,19,20,21,22,23]
1924396 [1,2,3,4,5,6,7]
1924396 [1,2,3,4,5]
1924396 [1,2,3,4,5,6]
1924396 [1,2,3,4,5,6,7,8,9,10,11,12,13,14]
1924396 [1,2,3,4,5,6,7,8]
1924396 [1,2,3,4,5,6,7,8,9,10,11,12,13]
1924396 [1,2,3,4,5,6,7,8,9]
1924396 [1,2,3,4,5,6,7,8,9,10]
1924396 [1,2,3,4,5,6,7]
1924396 [1,2,3,4,5,6]
1924396 [1,2,3,4,5,6]
1924396 [1,2,3,4,5,6,7,8,9,10,11,12,13,14,15]
1881817 [1,2,3,4,5]
1881817 [1,2,3,4,5,6,7,8,9,10,11,12,13,14]
1881817 [1,2,3,4,5,6,7,8,9,10]
1887306 [5,6,3,7,4,2,1]
1900492 [5,7,4,6,3,1,2]
1900492 [5,1,7,10,9,2,11,8,6,4,3]
1901424 [1,2,3,4,5,6]
1901424 [1,2,3,4,5,6,7,8]
1901938 [9,6,3,5,1,8,4,2,7]
972329 [3,5,2,4,1]
1542753 [19,3,5,17,10,12,8,15,18,7,9,23,22,2,11,1,21,14,20,6,16,4,13]
2160183 [11,14,9,15,16,1,3,10,7,8,17,12,5,6,13,4,2]
2160183 [7,8,2,3,1,4,6,5]
801943 [3,5,4,2,1]
801943 [3,5,2,4,1,8,7,6]
801943 [3,5,6,1,2,4]
801943 [10,8,9,1,5,3,6,7,2,4]
815173 [12,17,20,7,4,8,14,3,13,18,5,19,21,11,1,6,15,22,9,10,16,2]
815173 [4,5,1,3,2,6,7]
815173 [8,18,13,17,16,6,5,12,4,2,10,15,7,9,3,11,1,14]
815173 [2,6,7,5,8,4,1,3,9]
815173 [1,3,2,5,4]
611563 [4,12,13,7,2,3,5,20,11,14,1,8,10,19,15,17,16,9,18,6]
852601 [9,8,10,3,21,22,1,18,16,11,7,4,14,17,12,5,15,19,20,2,6,13]
1542756 [6,13,1,2,4,3,7,10,12,9,15,16,17,5,11,8,19,14,18]
2003901 [2,6,3,4,1,5]
2239451 [1,2,3,4,5,6,7,8,9,10,11,12,13,14]
2239451 [1,2,3,4,5,6,7,8,9,10]
2239451 [1,2,3,4,5,6,7,8,9]
2239451 [1,2,3,4,5,6,7,8,9,10,11,12,13,14,15,16]
2261768 [15,9,8,11,18,5,4,17,6,2,3,16,7,1,10,13,12,14]
2288494 [5,2,3,7,6,4,1]
2288494 [2,10,12,9,11,15,6,4,14,7,8,1,5,3,13]
2288494 [33,14,3,11,32,23,9,31,7,1,22,18,12,6,5,17,2,13,34,27,4,19,10,28,30,25,15,26,29,16,8,24,21,20]
2288494 [14,5,16,18,12,3,9,8,6,4,7,15,11,17,2,13,10,1]
2289794 [5,11,10,8,7,2,4,6,1,3,13,9,12]
2289794 [4,2,3,5,1,7,6]
2322092 [4,6,1,2,5,7,3]
2524240 [3,1,5,7,2,6,4]
600206 [1,13,24,6,3,4,21,5,7,23,22,20,18,19,2,9,15,16,11,14,12,17,10,8]
600206 [4,2,3,5,1]
1007544 [4,1,5,7,9,6,2,8,3,10]
1007544 [5,4,7,3,8,10,2,1,6,9]
1331272 [1,5,3,2,4]
1331513 [3,2,1,4,7,9,6,8,5]
1331513 [1,5,2,3,4,6,7]
1744285 [13,16,10,22,38,29,18,41,17,30,15,12,21,11,14,39,19,33,42,34,35,31,25,40,20,4,36,3,1,8,24,28,5,7,37,2,6,9,27,26,23,32]
1744285 [3,2,1,4,5]
1886898 [1,6,5,4,3,2]
1886972 [15,1,4,6,2,8,14,10,3,7,9,5,13,11,12]
2199061 [1,2,4,3,5]
986406 [1,3,4,2,5,6]
2145633 [5,7,4,2,6,1,3]
2185613 [2,3,1,4,5]
2185613 [6,4,5,1,2,3]
2186994 [4,6,5,1,3,2]
631807 [2,4,6,3,1,5,8,7]
2326725 [23,12,68,60,22,44,43,55,31,63,18,33,57,37,48,4,5,52,29,41,39,34,27,2,38,56,58,11,64,65,20,49,40,62,53,24,51,47,28,21,32,35,67,54,30,25,3,17,15,9,26,36,42,7,59,50,10,13,45,6,46,66,1,16,14,19,8,61]
2326725 [6,4,3,5,2,1]
2326725 [7,3,4,2,8,1,5,9,6]
2498205 [5,3,2,1,4]
2498205 [4,1,3,5,14,2,6,13,9,12,10,8,7,11]
2498205 [4,1,7,5,6,3,2]
2498205 [5,4,6,3,2,1]
2498205 [2,9,8,18,16,10,1,11,6,7,12,4,5,17,15,3,14,13]
2498205 [5,4,6,2,3,10,7,8,9,1]
2498205 [21,1,46,13,24,6,55,40,42,25,12,15,33,27,51,22,35,50,26,44,41,7,39,29,47,34,11,20,43,9,53,38,31,19,8,54,5,28,14,37,49,36,17,2,30,4,23,10,32,18,3,52,45,16,48]
2498205 [5,10,4,13,15,7,8,6,1,11,3,12,9,14,2]
2504639 [1,3,6,7,5,2,4]
2504639 [5,4,1,3,2]
2504639 [7,2,1,4,5,3,6]
2504639 [1,5,2,6,9,3,8,4,7]
2504639 [7,8,2,11,9,5,10,14,1,3,15,13,12,16,6,17,4]
2504639 [9,12,10,5,11,7,3,1,6,2,8,4]
2504639 [5,3,4,6,9,1,10,8,11,7,2]
2511290 [1,2,3,4,5,6,7,8]
2511290 [1,2,3,4,5,6,7,8,9,10,11,12]
2511290 [1,2,3,4,5,6,7,8]
2511290 [1,2,3,4,5,6,7,8,9,10,11,12,13,14,15,16,17,18,19,20,21]
2511290 [1,2,3,4,5,6]
2511290 [1,2,3,4,5,6,7,8,9]
2511290 [1,2,3,4,5,6,7,8,9,10,11]
2370275 [9,5,22,27,18,10,21,3,23,11,8,7,12,30,15,2,17,6,16,32,13,26,20,24,31,19,25,4,28,29,1,14]
2370275 [5,1,3,4,2,6]
2370275 [16,12,4,11,1,7,15,9,5,14,10,3,2,8,6,13]
2370275 [16,32,13,36,3,25,27,5,38,15,28,29,22,26,7,18,30,39,33,8,1,10,40,23,11,6,42,4,24,12,20,14,19,34,21,17,2,37,31,41,9,35]
2385834 [6,2,7,5,1,3,8,4,9]
1358150 [9,3,2,5,4,8,12,15,1,10,11,13,6,14,7]
1545122 [4,2,1,5,6,3]
2193614 [1,2,3,4,5]
2215648 [2,3,1,4,5]
2215648 [8,5,3,4,6,1,2,7]
2524240 [2,3,5,4,1]
2583477 [6,13,5,4,12,2,3,9,1,8,10,7,11]
1830123 [13,2,5,4,10,8,14,3,7,1,11,9,6,12,15]
1830123 [5,3,7,2,6,4,1,8]
2215648 [4,1,3,5,2]
2215648 [5,11,9,12,6,8,3,2,4,1,10,7]
2215648 [7,5,3,6,4,1,2]
559866 [17,4,15,11,20,14,5,31,21,26,32,22,12,19,18,8,28,2,27,13,1,29,33,9,24,3,10,7,23,25,6,30,16]
563436 [18,10,7,1,14,4,12,19,2,9,5,20,3,8,13,15,6,11,17,16]
563436 [2,4,5,1,3]
563436 [4,1,6,7,5,3,2]
2052088 [10,8,2,4,12,1,9,11,6,5,3,7]
2052088 [2,5,3,4,1]
2053307 [10,3,4,12,8,7,14,15,5,1,9,13,6,11,2]
2053307 [5,2,3,1,4]
2060487 [5,3,1,8,12,7,9,6,11,10,4,2]
802605 [12,1,14,6,8,3,9,11,2,4,5,13,7,10]
890209 [8,12,7,4,1,11,5,9,2,14,10,3,13,6]
933067 [1,2,3,4,5,6,7]
949107 [9,11,4,2,8,6,1,3,10,5,7]
949107 [2,1,5,6,7,4,3]
830362 [1,2,3,4,5,6,7,8,9,10]
1298261 [1,2,3,4,5,6,7,8,9,10,11,12,13,14,15,16,17,18,19,20,21,22,23,24,25,26,27,28,29,30,31,32,33,34,35,36,37,38,39,40,41,42,43,44]
1308113 [2,13,5,12,15,10,11,1,6,4,8,9,3,7,14]
1308113 [4,9,5,1,10,12,6,2,11,3,8,7]
2064670 [9,11,3,1,7,2,6,4,5,8,10]
2078799 [21,16,2,1,25,22,9,27,5,26,31,20,19,18,29,24,28,12,14,3,32,10,11,30,13,15,23,6,8,17,7,4]
39364 [19,2,4,18,15,1,13,12,21,20,22,7,17,5,16,9,8,3,10,11,6,14]
43932 [7,9,2,11,1,10,8,4,6,5,3]
59820 [2,6,1,3,5,4]
59820 [4,2,3,1,5]
59820 [7,2,3,1,6,5,4]
59820 [13,8,19,4,1,11,10,5,12,16,15,2,17,3,18,7,14,9,6]
60557 [1,2,3,4,5,6,7,8,9,10,11,12,13,14,15,16,17,18,19,20,21,22,23,24,25,26,27,28,29,30]
452518 [1,2,3,4,5,6,7,8,9,10,11,12]
456623 [3,4,6,1,7,2,5]
456749 [5,7,2,8,6,4,3,1,9]
462509 [1,6,7,4,5,2,3]
462509 [4,3,9,5,2,8,1,7,6,10]
462509 [10,15,13,1,9,14,11,3,12,2,5,7,8,6,16,4]
462509 [6,3,4,5,2,1]
477103 [2,4,5,1,3,6]
481652 [4,3,8,7,11,14,5,9,1,13,2,6,12,10]
481652 [14,17,30,29,3,16,23,8,22,31,19,4,7,15,27,28,1,10,11,18,13,21,9,2,26,20,5,32,12,6,24,25]
591092 [7,2,5,3,4,8,1,6]
591092 [5,8,2,4,7,3,1,6]
591092 [2,3,5,4,6,1]
591798 [3,4,5,6,2,1,7,8]
591798 [5,7,3,1,6,9,2,4,11,8,10]
615543 [10,8,2,7,5,4,22,3,17,1,23,11,16,18,14,9,6,15,19,21,13,12,20]
615543 [9,2,23,7,8,12,25,10,22,1,24,19,5,15,4,18,14,3,17,21,13,11,16,6,20]
615543 [2,4,3,5,6,1,7]
615543 [3,5,8,4,7,1,2,9,10,6]
638393 [3,11,5,12,14,10,8,2,17,18,20,15,6,13,9,1,16,7,19,4,22,21]
638393 [3,23,24,16,20,6,17,2,9,4,7,12,19,14,11,21,26,25,18,13,15,1,22,10,8,5]
638393 [7,6,9,4,5,13,10,1,12,11,3,8,2]
638393 [13,9,1,15,3,11,12,7,6,14,2,8,5,4,10]
638393 [36,47,39,28,37,48,1,6,15,27,53,26,3,7,4,19,49,23,33,21,18,51,10,2,12,29,13,17,9,40,45,32,24,52,38,42,44,11,30,8,22,25,31,34,54,50,46,14,41,5,16,35,20,43]
638393 [1,5,7,2,6,4,3]
645703 [3,1,5,2,4]
675467 [1,2,3,4,5,6,7,8]
677342 [3,5,6,4,1,7,2]
812371 [1,2,3,4,5,6,7,8,9,10,11,12,13,14,15,16]
812371 [1,2,3,4,5]
812600 [4,5,1,3,2]
812600 [4,18,9,16,14,10,7,2,11,6,17,1,12,19,3,15,8,13,20,5]
812600 [4,2,3,7,6,5,1]
812600 [5,7,13,2,4,10,11,3,6,12,1,9,8]
812600 [5,4,3,2,1]
812600 [4,3,1,2,6,5]
812600 [9,11,8,1,12,2,10,3,4,5,7,6]
812600 [3,4,8,7,1,6,9,5,2]
867679 [4,3,2,6,1,5]
1377811 [2,15,13,9,7,16,14,6,3,12,8,10,5,17,4,1,11]
1377811 [1,6,8,4,3,5,2,7]
1640761 [2,3,5,4,1]
1924396 [1,2,3,4,5,6,7,8,9,10,11,12]
1834502 [8,5,3,1,9,4,2,6,7]
1886804 [5,3,8,7,2,4,6,1]
2190812 [5,3,4,1,6,2]
2190812 [1,2,3,5,4,6]
1659981 [4,6,1,2,3,5]
2452178 [1,2,3,4,5,6,7,8,9,10,11,12,13,14,15,16,17,18,19,20,21]
2452178 [1,2,3,4,5,6,7,8,9,10,11,12,13]
2504639 [5,3,4,6,7,2,1]
2504639 [2,5,1,9,7,6,3,4,8]
2504639 [2,6,3,4,5,1,7]
2504639 [1,4,6,3,2,5]
2504639 [1,7,2,8,4,5,3,10,6,9]
2504639 [5,18,12,17,7,15,13,6,1,10,4,16,3,11,14,8,9,2]
2504639 [2,5,6,1,11,12,4,3,14,7,8,9,10,13]
51752 [8,2,12,6,4,10,1,7,9,11,3,5]
135488 [1,2,4,3,6,5]
135488 [6,4,5,2,1,7,3]
135488 [5,2,12,10,1,9,7,6,11,8,3,4]
187651 [1,2,5,4,7,6,3]
2561387 [2,3,5,1,4]
2562959 [4,6,5,1,3,2]
2578206 [4,8,3,2,1,6,9,5,7]
412478 [8,5,1,6,3,4,2,7]
412478 [15,8,9,16,12,2,17,13,6,5,14,18,4,11,1,3,7,10]
412478 [2,5,1,4,3]
425689 [14,13,12,8,2,4,3,5,6,11,7,1,9,10]
425689 [2,1,3,5,4]
425689 [11,9,24,25,23,1,6,18,16,31,5,7,2,14,3,4,27,10,22,12,19,21,17,28,29,30,13,20,15,26,8]
425689 [11,34,2,50,38,54,42,4,7,1,10,25,49,41,43,32,35,51,40,17,8,21,28,18,15,37,19,26,44,20,29,39,52,45,36,27,16,33,5,48,53,13,23,22,47,46,3,24,30,14,6,12,31,9]
425689 [9,2,4,1,5,6,8,7,3]
429848 [1,3,4,5,2,6]
1153721 [1,2,3,4,5]
1153721 [1,2,3,4,5,6,7]
1157827 [6,12,10,8,7,3,1,5,4,14,13,11,9,2]
566385 [1,2,3,4,5,6,7,8,9,10,11]
566385 [1,2,3,4,5]
566385 [1,2,3,4,5,6,7,8,9,10,11,12,13,14,15,16,17,18,19,20,21,22,23,24,25,26,27,28,29,30,31,32,33,34,35,36,37,38,39,40,41,42,43,44,45,46,47,48,49,50,51,52,53,54,55,56,57,58,59,60,61,62,63,64]
566385 [1,2,3,4,5]
566385 [1,2,3,4,5,6,7]
847729 [5,1,3,2,7,4,8,9,6]
847729 [1,2,5,3,4]
847729 [5,4,3,6,1,2]
852601 [5,4,1,3,2]
852601 [13,6,11,3,4,8,15,1,7,12,10,14,5,2,9]
2390691 [13,24,35,21,33,25,16,9,6,19,1,15,10,26,8,4,2,5,29,22,28,18,17,30,34,32,14,31,11,7,20,27,23,12,3]
2390691 [2,4,3,1,5]
2390691 [10,7,4,6,2,5,9,8,3,1]
2414972 [2,1,3,9,6,5,8,7,4]
2107360 [4,2,3,8,5,7,9,1,6]
2107360 [7,9,6,3,2,10,1,4,8,5]
2107360 [6,3,5,4,1,2,7]
2108687 [2,1,6,3,4,5]
2108687 [5,4,9,2,6,8,7,3,1]
2108687 [4,3,1,5,2]
2108687 [12,23,18,17,20,26,6,13,8,15,2,29,7,28,11,30,24,3,1,4,25,16,5,10,27,9,14,21,31,32,19,22]
2108687 [10,1,3,2,11,7,4,8,9,5,6]
2118743 [5,4,2,1,6,3]
2118743 [1,7,6,2,4,5,3]
2179452 [2,4,3,5,1]
2179452 [2,1,6,5,3,4]
2179452 [7,6,2,4,1,5,3]
2190812 [13,11,8,5,6,10,3,7,12,4,2,1,14,9]
2190812 [15,20,33,1,4,25,30,3,27,24,28,16,23,34,32,12,7,22,13,26,19,5,31,2,6,29,17,9,10,14,8,11,18,21]
2190812 [8,5,4,11,14,2,7,10,6,13,3,9,1,12]
2245724 [5,8,1,4,2,9,3,7,6]
1879949 [5,3,2,4,1]
1918553 [1,2,3,4,5,6,7,8,9]
1942669 [1,2,3,4,5]
2094831 [1,2,3,4,5,6,7,8,9,10,11,12,13,14]
815173 [3,1,4,2,5]
815173 [4,7,5,3,2,6,1,8]
815173 [4,3,2,6,5,1]
815173 [6,10,5,9,11,7,3,13,8,4,2,12,1]
815272 [6,3,8,16,4,7,5,1,2,14,9,15,10,11,13,12]
815272 [15,13,1,2,7,4,10,11,9,6,5,12,8,14,16,3]
481652 [8,3,5,4,7,10,1,6,11,2,9]
481652 [10,9,5,3,8,2,4,11,7,1,6]
481652 [10,5,4,7,3,9,6,2,8,1]
481652 [8,9,2,5,3,7,4,1,6]
481652 [1,3,5,4,2]
481652 [8,1,2,5,3,7,9,6,12,16,14,10,4,11,15,13]
481652 [6,10,9,1,7,8,5,4,3,2]
481652 [6,1,2,5,4,3]
1245874 [5,3,4,1,6,2]
1246374 [6,1,3,2,5,4]
1246374 [2,3,5,4,1,6,7]
1246374 [5,14,12,20,1,9,21,3,18,19,17,11,10,2,22,8,4,6,16,13,15,7]
1246374 [5,2,6,8,4,1,7,3]
1246374 [3,4,2,5,1]
1246374 [2,1,4,3,5]
1246374 [2,19,20,21,12,18,16,4,7,13,27,24,10,14,8,6,23,22,17,26,5,3,9,15,25,11,1]
935922 [6,4,1,7,8,9,2,3,5]
935922 [3,2,6,5,4,1]
2242311 [21,22,11,4,5,7,13,2,15,9,23,6,20,17,8,12,18,1,3,14,10,16,19]
2261018 [5,2,1,3,4]
2003901 [20,22,5,3,14,16,1,17,21,7,10,4,8,19,6,2,13,11,12,15,18,23,9]
2003901 [7,9,2,4,3,8,1,5,10,6]
2003901 [6,2,1,5,4,3]
2003901 [14,3,12,16,5,19,6,10,15,8,18,9,17,1,4,13,2,11,7]
2003901 [20,25,12,4,16,2,11,14,7,6,9,19,18,10,26,21,23,29,27,8,22,30,5,3,24,28,17,13,1,15]
2023211 [4,10,3,1,8,6,2,9,5,7]
1514042 [1,20,12,4,8,13,16,10,19,3,5,14,21,15,7,11,2,17,18,6,9]
1561074 [17,8,12,1,6,10,3,4,11,13,7,14,15,16,2,9,5]
1562772 [7,1,4,2,6,3,5]
1562772 [5,1,10,11,9,14,7,13,3,4,6,15,2,8,12]
1583352 [2,17,26,15,6,4,20,11,5,21,7,8,18,10,16,13,24,1,12,25,3,19,14,9,22,23]
1583352 [1,7,2,8,9,5,6,3,4]
1647768 [4,1,2,5,6,3]
1703304 [6,5,1,3,2,4]
723369 [4,9,5,8,3,1,6,2,7]
777348 [5,6,1,4,2,3]
812600 [3,4,5,2,1,7,8,6]
850590 [9,2,7,3,8,1,5,4,6]
850590 [9,2,10,8,5,7,12,6,1,3,11,4]
850590 [8,13,10,7,16,3,4,14,6,17,11,9,12,5,2,15,1]
850590 [5,2,1,4,6,3]
850590 [8,7,6,1,5,9,4,2,3]
852601 [11,10,1,4,3,5,8,9,6,2,7]
856213 [1,6,3,5,2,4]
856313 [8,2,4,7,1,3,9,6,5]
1542939 [2,5,4,3,1,6]
1583352 [5,6,8,10,2,3,7,9,1,4]
1583352 [1,7,5,8,6,10,4,9,3,2]
1583352 [13,4,12,2,10,5,7,9,6,1,11,3,8]
1583352 [4,1,5,2,7,3,6]
1604401 [6,2,10,9,7,1,8,3,4,5]
1622906 [7,5,3,2,4,1,6]
1622906 [3,4,1,5,2]
1622906 [3,2,1,5,7,4,6]
1622906 [1,6,2,4,3,5]
1622906 [4,7,2,3,6,1,5]
1648259 [12,2,1,6,3,10,13,11,7,14,9,15,8,4,5]
1686860 [5,8,3,9,7,6,12,10,16,14,15,4,13,1,2,11]
1686860 [11,35,37,38,19,17,43,10,3,27,2,13,5,46,48,30,8,23,1,6,33,15,28,9,12,24,22,39,45,18,29,7,16,14,40,42,20,41,4,47,36,34,32,26,31,25,21,44]
1688620 [11,3,2,12,15,13,4,6,9,8,14,7,1,5,10]
1688620 [2,1,5,4,3,6,7]
1699521 [3,6,1,5,2,4]
1701108 [16,10,11,3,12,15,8,4,9,2,7,14,1,5,6,13]
1701108 [21,18,19,11,20,3,17,15,16,22,24,6,9,1,5,23,2,4,13,10,8,7,12,14]
1701108 [5,1,3,4,2]
1701108 [9,1,8,15,4,7,14,5,2,6,10,13,3,11,12]
1703304 [3,4,2,5,1]
1703304 [1,4,2,6,3,5]
1718838 [4,3,1,5,2]
1718838 [1,4,2,3,5]
1718838 [2,1,5,3,4]
1728794 [8,9,4,2,7,1,3,5,6]
1734750 [7,5,2,6,1,3,4]
1006353 [1,2,3,4,5]
1006353 [1,2,3,4,5,6]
1060427 [1,2,3,4,5,6,7,8,9,10,11,12,13,14,15,16,17]
1094259 [5,6,2,1,7,3,4]
1094259 [1,4,2,5,3]
1659981 [4,1,2,6,3,5]
1701108 [8,7,3,11,9,4,6,5,2,10,1]
2326725 [6,1,2,5,3,9,4,8,7]
2524240 [2,5,6,1,7,4,3]
2559323 [5,1,3,2,4]
335397 [12,1,6,3,2,4,9,5,13,7,8,19,15,11,10,17,16,18,14]
352658 [6,1,4,7,5,3,2]
352658 [4,1,2,7,6,3,5,8,9]
352658 [1,11,4,6,8,5,12,10,13,2,3,7,9]
261181 [2,1,4,3,5]
268600 [8,9,3,2,6,7,1,10,4,5]
274463 [5,4,6,7,1,3,2]
274463 [36,25,30,10,7,5,38,2,31,8,32,18,33,42,19,29,3,6,34,13,9,15,24,21,28,20,1,39,11,17,22,14,27,12,41,40,23,35,4,26,16,37]
303960 [9,10,12,1,4,3,7,13,11,6,5,14,2,8]
303960 [4,3,2,6,1,5]
321436 [1,2,3,4,5,6,7,8,9,10]
338752 [4,3,5,1,2]
338752 [15,8,4,13,1,7,9,16,14,2,11,17,5,10,3,6,12]
383378 [3,4,2,1,5,6]
406058 [4,10,6,5,9,2,8,11,1,13,12,7,3]
406058 [9,11,16,17,1,15,27,6,3,30,25,29,5,35,14,21,20,19,7,10,18,34,28,4,26,23,37,31,12,24,36,32,8,22,13,33,2]
411733 [9,2,3,4,1,10,8,6,12,7,5,11,13]
411733 [5,4,6,3,2,1]
365556 [1,2,3,4,5,6,7]
366407 [25,21,42,36,40,8,48,28,16,1,38,24,19,14,17,33,34,47,50,10,12,54,31,32,20,9,4,35,18,30,23,49,6,44,37,51,22,53,3,15,29,5,11,43,46,7,26,41,2,13,52,45,39,27]
366407 [1,5,7,3,6,2,4]
393986 [1,2,3,4,5]
431705 [18,17,1,21,6,26,7,24,3,12,14,5,15,22,16,23,20,19,8,4,25,11,13,2,10,9]
456623 [9,16,6,7,2,13,11,1,17,10,12,8,5,3,14,15,4]
458124 [2,4,1,5,3]
458124 [3,4,2,1,5,9,6,10,11,7,8]
458124 [7,5,6,3,2,1,4]
458124 [10,12,7,3,5,1,11,4,8,6,9,2]
470337 [4,2,1,3,5]
470337 [5,12,1,10,20,3,22,11,16,2,7,18,8,6,19,14,13,9,15,4,17,21]
2345810 [1,2,3,4,5]
2403487 [24,29,19,12,4,14,1,27,9,23,26,21,16,17,3,15,25,18,6,11,7,13,8,5,28,22,20,10,2]
2403487 [4,6,5,1,3,2]
2414221 [3,4,5,1,2,6]
2414221 [1,3,5,4,6,2]
2414221 [3,4,1,2,6,5]
2435758 [3,11,5,6,4,12,8,7,9,10,1,2]
135488 [2,15,3,14,9,17,5,12,18,1,13,6,16,11,4,8,7,10]
248790 [9,14,7,15,10,1,2,5,3,11,12,13,4,6,8]
463733 [7,18,20,15,9,21,22,1,5,4,12,13,19,8,14,16,17,11,10,6,2,3]
463733 [4,5,1,3,2]
463733 [5,3,1,6,4,2]
463733 [2,4,7,5,8,3,6,1]
463733 [1,2,5,6,3,4]
507022 [5,4,15,3,1,16,7,2,11,14,8,12,13,9,6,10]
1190935 [3,1,2,5,6,4,7]
1718838 [17,5,13,10,16,1,15,19,6,20,12,9,3,8,2,11,7,18,14,4]
2559323 [15,14,11,16,13,6,2,10,4,8,12,7,3,9,1,5]
2559323 [9,2,3,7,5,8,4,6,1]
2566955 [2,3,8,7,1,5,4,6]
2566955 [8,3,1,2,7,5,6,4]
631807 [3,4,6,1,2,5]
631807 [11,10,9,2,3,1,8,5,7,6,4]
631807 [13,8,5,11,3,6,12,1,7,4,10,2,9]
1029687 [3,4,5,1,2]
1167944 [5,8,6,1,9,2,7,3,4]
1167944 [40,28,2,4,7,22,11,41,32,14,21,42,6,5,27,23,36,48,39,8,24,25,20,45,10,26,30,19,12,43,18,44,3,50,1,31,34,9,35,49,15,17,33,13,16,46,38,29,47,37]
1167944 [2,21,38,25,22,15,39,7,26,3,10,34,32,33,37,24,6,46,16,1,36,20,17,4,9,27,18,41,30,40,44,29,31,14,19,43,5,13,42,45,35,28,23,8,12,11]
1167944 [7,21,11,4,15,5,19,20,22,18,2,25,26,1,24,12,23,13,3,6,8,14,10,16,9,17]
1167944 [21,18,11,16,20,15,29,1,24,8,10,17,25,26,19,23,3,12,22,6,13,4,7,5,14,28,27,2,9]
1167944 [2,10,6,1,3,4,9,5,8,7]
1167944 [25,2,7,14,26,23,31,20,11,1,27,18,6,29,30,5,19,28,4,24,3,12,22,17,32,15,16,8,10,33,9,13,21]
899728 [7,8,6,1,9,5,3,2,4]
930903 [1,5,3,2,4,6]
930903 [5,2,1,3,7,4,6]
935922 [10,5,1,8,4,3,7,6,9,2]
941029 [3,4,5,1,2]
958682 [1,2,3,4,5,6]
958682 [1,2,3,4,5,6]
958682 [1,2,3,4,5,6]
980498 [6,5,1,2,4,3]
1041212 [1,2,3,4,5,6,7,8,9,10,11,12,13,14,15,16,17,18,19,20,21,22,23,24,25,26,27,28,29,30,31,32,33,34,35,36,37,38,39,40,41,42,43,44,45,46,47,48,49,50,51,52,53,54,55,56,57,58,59,60,61,62]
1047632 [2,9,10,11,4,8,5,6,3,1,7]
1047632 [3,6,16,4,8,15,5,14,13,9,2,10,12,7,1,11]
1052476 [1,7,3,4,2,6,5]
1078228 [13,5,3,12,7,2,4,1,11,6,9,8,10]
1092441 [4,6,1,3,5,2]
802369 [5,1,2,4,3]
802369 [2,6,5,3,7,4,1]
815173 [7,4,9,6,2,3,1,8,5]
815173 [10,8,1,13,14,5,6,4,3,2,12,9,15,11,7]
815173 [8,1,3,2,7,6,5,4,9]
815173 [2,8,3,11,14,13,1,16,4,23,12,25,17,18,6,9,26,24,20,22,15,10,5,19,21,7]
818399 [3,4,7,5,6,9,8,1,2]
591092 [1,4,5,3,2]
1791251 [12,11,15,9,16,3,17,5,7,6,18,2,13,10,1,8,14,4]
2564495 [27,31,13,19,34,6,14,23,3,29,5,21,30,2,28,33,36,26,37,22,20,38,12,32,24,18,9,17,11,7,8,1,15,35,10,39,16,25,4]
853946 [2,4,5,6,3,1]
875869 [1,3,4,2,5]
875869 [5,4,1,2,3]
1279115 [3,6,5,4,2,1]
1279115 [4,2,1,5,3]
1302220 [6,5,4,2,1,7,3]
1302220 [4,1,6,5,2,3]
1393060 [1,2,3,4,5,6,7,8,9,10,11,12,13,14,15,16,17,18,19,20,21,22,23,24]
1393060 [1,2,3,4,5,6,7]
1393060 [1,2,3,4,5]
1393060 [1,2,3,4,5,6,7]
1887792 [8,4,6,2,3,1,9,5,7]
1923897 [6,5,3,4,7,8,1,2]
1923897 [49,33,40,9,37,31,20,12,48,30,29,3,25,6,24,41,16,18,19,10,35,22,21,32,8,2,46,28,27,17,39,15,34,36,4,13,47,7,38,44,42,43,1,11,5,26,14,23,45]
1952887 [3,1,4,5,7,2,6]
1952887 [3,6,13,8,10,11,20,17,5,15,2,7,12,19,4,14,18,16,9,1]
1974260 [10,7,1,5,9,3,8,6,4,2]
1974260 [6,4,7,3,5,1,2]
1974260 [7,13,2,15,14,16,5,1,3,17,6,11,9,12,4,8,10]
1974260 [7,1,4,2,5,6,3]
1992684 [8,2,11,3,4,12,6,1,9,5,7,10]
2003901 [1,6,5,2,4,3]
2003901 [2,7,5,3,1,6,8,4]
2003901 [2,1,3,5,4,6]
2003901 [18,22,16,11,12,19,8,17,20,7,2,23,5,14,10,6,3,13,15,21,4,1,9]
2003901 [6,1,7,4,2,3,5]
2003901 [1,2,4,7,6,8,10,5,3,9]
2021126 [5,4,2,3,1]
2027502 [5,16,4,14,20,3,6,21,12,17,11,8,15,1,10,13,7,19,9,18,2]
2027502 [13,2,12,6,11,5,9,10,7,4,8,3,1]
2027502 [1,4,3,2,6,5,7]
2027502 [7,10,2,1,11,6,4,12,5,3,9,8]
2028052 [2,10,6,9,7,4,5,1,8,3]
2028052 [11,29,27,1,2,18,14,8,21,22,28,26,4,6,24,13,16,12,23,25,20,19,5,3,10,31,9,30,17,7,15]
2071560 [5,3,2,1,4]
2097149 [2,5,9,12,6,7,3,1,8,11,4,13,10]
2097149 [8,3,1,5,2,6,9,7,4]
2097149 [14,19,8,7,17,10,1,16,18,12,4,6,5,3,15,13,11,9,2]
2097831 [3,6,7,5,8,4,2,1]
2097831 [2,6,3,5,1,4]
2097831 [1,7,6,4,5,2,3,8]
2097831 [19,13,8,14,6,9,2,16,3,12,10,7,1,15,11,5,17,4,18]
2098487 [6,8,9,10,3,7,4,1,2,5]
2098487 [2,6,10,9,5,11,1,7,12,8,4,3]
2098487 [4,2,7,8,6,1,3,9,11,10,5]
1169267 [1,13,16,8,14,12,4,2,11,6,15,9,3,7,5,10]
1331854 [52,42,45,48,6,19,50,24,15,28,3,1,17,22,37,49,35,27,12,18,29,4,8,53,36,21,32,47,51,11,10,7,34,43,5,25,30,14,44,26,38,16,40,23,39,41,31,46,2,9,33,13,20]
1642737 [4,8,3,5,6,2,7,1]
1697436 [2,1,4,5,3,6]
1697436 [1,2,4,3,5]
1697436 [8,6,3,5,1,4,2,7]
1778414 [10,4,6,9,11,5,1,2,8,3,7]
1778414 [5,3,6,4,2,1]
1778414 [6,9,12,4,10,1,11,2,7,5,8,3]
2288494 [11,24,14,1,26,22,21,17,12,3,19,28,27,23,6,2,13,5,10,15,7,16,4,8,20,9,18,25]
2361405 [2,3,1,5,4]
2370657 [2,5,3,1,4,6]
2370657 [3,11,7,8,6,10,4,2,9,1,5,12]
2370657 [2,1,3,5,4]
2370657 [5,4,1,3,2]
2370657 [10,9,7,8,4,5,6,2,1,3]
2370657 [5,8,9,3,4,1,11,10,7,6,2]
2370657 [3,4,2,1,5]
2436049 [3,5,4,2,1]
2436049 [12,10,9,13,8,1,2,3,4,7,6,14,11,5]
2442769 [2,4,5,3,1]
2448666 [7,9,4,13,15,8,1,3,11,16,14,2,10,5,12,6]
2448666 [1,3,5,4,6,2]
2452178 [1,2,3,4,5,6]
2452178 [1,2,3,4,5,6,7,8]
2452178 [1,2,3,4,5]
2456550 [1,5,4,12,15,20,2,8,3,6,11,17,19,22,7,18,10,13,14,21,9,16]
349690 [1,2,3,4,5,6,7,8,9,10,11,12,13,14,15,16,17,18,19,20,21,22]
349690 [1,2,3,4,5,6]
352658 [4,6,1,2,3,5]
364113 [3,5,9,13,19,17,6,4,1,11,12,16,15,2,18,10,7,14,8,20]
365556 [1,2,3,4,5]
441426 [3,4,2,5,1]
457469 [11,3,1,19,20,16,9,12,5,13,4,2,7,10,17,14,6,8,18,15]
548891 [2,32,34,1,33,12,27,15,21,11,14,30,31,13,9,26,19,17,28,24,5,4,3,6,18,7,29,10,23,20,8,35,25,16,22]
548891 [8,29,17,24,14,9,12,27,4,2,36,34,11,3,16,19,15,6,7,10,13,35,18,33,28,23,32,1,20,30,22,31,5,21,26,25]
548891 [4,12,2,6,7,8,1,3,9,10,5,11]
559866 [2,1,7,12,6,11,4,9,10,8,13,5,3]
559866 [4,1,5,3,2,6]
559866 [1,2,5,4,3,7,8,9,6]
581272 [1,2,3,4,5,6,7,8]
2169895 [5,3,10,2,7,6,1,4,8,9]
2169895 [7,10,6,3,8,9,1,5,2,4]
2169895 [5,1,4,2,6,3]
2169895 [4,3,5,2,1,6]
2179532 [3,4,6,1,2,5]
2179532 [8,5,2,11,13,9,12,4,1,7,3,6,10]
1255547 [1,5,4,3,2]
1255547 [6,10,1,4,2,9,8,7,5,11,3]
1255547 [1,7,2,4,6,5,3,8]
301528 [2,5,7,1,4,3,6]
303302 [1,2,3,4,5,6,7,8,9,10,11,12,13,14]
303302 [1,2,3,4,5,6,7]
303302 [1,2,3,4,5,6,7]
303302 [1,2,3,4,5]
303302 [1,2,3,4,5,6,7,8,9]
303302 [1,2,3,4,5]
303302 [1,2,3,4,5,6,7,8,9]
432292 [9,5,8,1,3,2,4,7,6]
432292 [5,3,1,4,2,6]
1901938 [29,4,39,31,30,9,17,35,19,8,13,22,18,25,21,2,10,37,23,38,12,27,16,28,32,15,1,11,26,3,33,5,14,24,36,6,34,7,20]
2504639 [9,2,1,5,13,12,4,14,6,7,3,11,10,8]
2553878 [2,4,3,6,9,7,12,1,5,8,11,10]
2553878 [4,1,2,5,6,3]
2559323 [10,12,6,13,1,2,8,5,3,7,9,11,14,4]
948803 [1,2,3,4,5,6,7,8]
948803 [1,2,3,4,5,6,7]
948803 [1,2,3,4,5]
1887306 [1,4,2,3,5]
1926205 [1,2,3,4,5]
335429 [1,2,4,6,5,9,8,3,10,7]
383378 [1,6,5,3,4,2]
420583 [1,5,2,3,4,6]
420583 [3,5,2,4,1]
420583 [1,6,3,4,5,7,2,8]
2496538 [1,2,3,4,5,6,7,8]
2496538 [1,2,3,4,5,6,7,8]
2526874 [1,2,3,4,5,6]
2526874 [1,2,3,4,5,6,7,8,9]
2526874 [1,2,3,4,5,6,7,8,9,10,11,12]
2526874 [1,2,3,4,5,6,7,8,9,10,11,12]
352658 [6,11,10,3,12,9,7,13,8,2,4,1,5]
352658 [4,9,1,3,2,7,10,6,8,5]
521637 [2,1,3,5,4]
521637 [4,6,2,1,3,5]
521637 [12,4,6,14,10,5,2,1,7,3,9,13,8,11]
621402 [4,1,5,2,6,3]
675467 [1,2,3,4,5,6,7]
675467 [1,2,3,4,5,6,7,8,9]
60557 [1,2,3,4,5,6,7,8,9,10,11,12,13,14,15,16,17,18,19,20,21,22,23,24,25,26,27,28,29,30,31,32,33,34,35,36,37,38,39,40,41,42,43,44,45]
616502 [4,3,2,5,7,6,1]
625422 [1,2,3,4,5,6]
663707 [7,5,2,4,6,3,8,1]
109970 [1,2,3,4,5,6,7,8,9,10,11,12,13,14,15,16,17,18,19,20,21,22,23,24]
125136 [4,5,2,6,3,1]
127405 [1,2,3,4,5,6,7,8,9,10,11,12,13,14,15,16,17,18,19]
411326 [4,1,7,3,6,2,5]
411326 [10,4,12,2,1,3,9,18,22,14,21,11,20,13,6,19,16,17,5,8,7,15]
411326 [3,8,9,5,2,6,1,7,4]
411326 [13,15,7,17,4,6,10,3,5,12,8,11,2,16,14,9,1]
412478 [12,7,1,5,6,11,4,8,3,2,9,10]
412478 [12,7,6,2,1,15,9,14,10,4,11,3,8,13,5]
439487 [3,1,4,2,5]
439487 [4,1,2,3,5]
439487 [5,3,4,2,1,6]
439487 [5,3,4,9,6,7,1,2,8]
439487 [3,1,5,6,7,8,4,2]
2267404 [6,4,13,2,12,10,5,1,7,8,11,3,9]
25809 [14,10,3,1,8,2,4,12,13,6,9,15,7,5,11]
168638 [2,8,7,6,10,4,1,9,3,5]
182355 [2,6,5,3,4,7,1]
189524 [9,2,7,1,6,5,4,3,8]
1761749 [3,5,1,4,6,2]
264359 [7,2,3,5,1,4,6]
289709 [3,2,4,5,1]
406058 [6,3,4,2,1,5]
160892 [10,4,7,6,11,9,2,1,3,12,8,5]
162118 [7,10,6,12,2,15,3,11,14,16,5,13,1,8,4,9]
171559 [15,6,13,12,3,2,5,9,10,1,14,4,7,11,8]
531239 [11,9,5,7,1,3,2,6,4,8,10]
143799 [1,2,3,4,5]
135460 [1,2,3,4,5,6]
337540 [1,5,8,9,2,7,3,4,10,6]
337540 [8,5,23,25,7,4,30,17,29,21,6,9,22,2,1,26,15,3,20,16,18,24,10,13,27,28,12,14,11,19]
337540 [9,2,3,8,5,4,1,6,7]
337540 [8,7,10,5,9,2,6,1,3,4,11]
1762623 [6,4,5,9,8,2,3,1,10,7]
1769976 [3,5,4,1,2]
1769976 [4,2,6,1,3,5]
1769976 [2,6,9,4,7,11,1,3,8,10,5]
1769976 [4,2,5,3,1]
1769976 [6,9,12,13,10,5,3,8,14,11,4,7,1,2]
171777 [6,15,22,7,5,27,17,12,19,16,24,2,13,21,4,9,3,20,10,25,11,8,26,18,1,14,23]
171777 [1,3,2,6,5,4]
171777 [4,5,2,3,1]
171777 [3,2,7,4,6,5,1]
334673 [13,9,18,1,7,2,4,3,10,17,14,12,16,6,8,19,5,15,11,20]
334673 [3,4,7,6,9,2,10,8,5,1]
334673 [10,1,8,7,6,2,9,4,3,5]
334673 [1,3,7,8,9,6,5,2,4]
334673 [2,10,8,4,3,1,5,6,9,7]
334673 [8,1,6,5,2,7,3,4]
334673 [12,1,5,2,8,6,7,10,3,11,9,4,13]
479390 [7,1,3,4,5,2,6]
373971 [10,8,3,7,9,14,13,15,11,1,2,6,4,12,5]
149917 [1,2,3,4,5,6]
321436 [1,2,3,4,5,6,7,8]
321436 [1,2,3,4,5]
334673 [8,4,3,1,5,9,2,12,6,7,10,11]
334673 [1,9,6,3,2,5,4,7,8,10]
334673 [5,2,4,6,3,1]
334673 [12,10,20,15,16,17,1,6,14,9,7,5,11,18,19,4,13,8,3,2]
334673 [1,2,4,5,3]
334673 [3,9,4,5,7,2,10,6,11,1,8]
334673 [5,3,11,10,4,2,8,7,6,9,1]
346921 [15,8,17,2,7,9,11,4,13,5,6,3,14,16,1,10,12]
346921 [8,7,18,9,13,10,15,3,2,1,16,11,17,14,12,6,4,5]
346921 [3,5,1,2,6,4]
1956329 [5,12,15,1,6,9,8,3,13,14,7,11,16,2,4,10]
332521 [4,3,2,1,5]
332521 [13,4,12,8,2,5,6,1,11,9,14,10,7,3]
1216284 [2,4,8,1,3,7,9,11,10,5,6]
1216284 [1,3,5,2,4]
1216284 [10,4,6,7,11,2,12,9,5,1,3,8]
1224564 [5,2,3,1,6,4]
1932946 [10,11,7,4,9,5,8,6,3,2,1]
1932946 [5,2,1,3,4]
413654 [5,2,3,4,1]
420668 [5,4,2,3,1]
480559 [3,8,6,7,2,4,5,1]
480559 [2,4,1,3,5]
2020878 [2,4,1,3,5]
2024936 [4,1,8,2,5,3,7,6]
2024936 [2,4,7,1,6,5,3,9,8,10]
2094831 [1,2,3,4,5,6,7,8]
2094831 [1,2,3,4,5,6,7,8]
2096611 [6,1,5,10,4,9,3,11,2,7,8,12]
2096611 [11,6,4,1,3,7,8,2,9,10,5]
2096611 [8,9,2,6,4,1,5,7,3]
2096611 [1,17,13,15,10,6,2,4,16,14,5,7,3,9,11,12,8]
2096611 [1,9,8,3,2,7,6,5,4]
2096611 [5,4,3,8,14,11,15,10,9,2,6,1,16,13,12,7]
2096611 [6,7,5,10,1,2,8,4,9,3]
2096611 [6,9,5,10,3,7,8,4,2,1]
2096611 [6,3,10,4,1,8,2,9,7,5]
2096611 [7,8,6,4,2,1,3,5]
2098487 [5,7,8,6,1,2,4,3]
2098487 [2,7,5,14,19,3,4,23,17,6,12,18,9,22,13,16,15,10,1,21,25,8,20,24,11]
2098487 [2,1,4,3,7,6,8,5]
2098487 [13,12,8,16,5,14,6,11,10,2,7,20,3,4,9,1,19,18,15,17]
2098487 [4,5,2,6,7,3,1]
2098487 [15,10,14,16,13,1,5,11,3,12,4,8,9,2,6,7]
2118743 [2,5,1,3,4]
2128271 [1,2,3,4,5,6,7]
2128271 [1,2,3,4,5,6,7,8,9,10]
2128271 [1,2,3,4,5,6,7,8,9]
661583 [5,2,1,4,3,7,6]
672521 [9,10,1,5,4,6,8,3,2,7,11]
852601 [2,8,1,5,4,6,3,7,9]
1412107 [1,4,7,3,6,2,5]
1412107 [1,3,6,5,2,4]
1412107 [6,2,7,5,3,4,1]
1412107 [1,2,7,8,10,12,14,13,15,5,4,9,3,6,11]
1412107 [3,2,1,4,5]
336595 [28,4,3,20,13,1,8,23,17,19,18,21,14,24,16,27,5,30,9,15,22,11,25,29,26,6,12,2,10,7]
352658 [5,4,1,2,3,7,6]
352658 [5,7,6,1,8,3,2,4,9,10]
1447473 [14,4,19,18,2,10,9,17,5,8,15,13,1,20,6,21,3,12,11,16,7,22]
1012145 [1,2,3,4,5,6,7,8,9,10,11]
1014041 [1,2,3,4,5,6,7,8,9,10]
884684 [1,2,3,4,5,6,7,8,9,10,11,12,13,14,15,16,17,18,19,20,21,22,23,24]
884684 [1,2,3,4,5,6,7,8,9,10,11,12,13,14,15,16,17,18,19,20]
1138925 [7,4,6,3,8,1,2,5]
1308113 [6,3,8,7,1,2,4,5]
187651 [2,1,5,3,4,6]
317862 [5,6,1,4,2,3]
317862 [4,3,1,6,2,5]
317862 [6,7,3,1,5,4,2]
409937 [6,7,4,2,1,5,3]
409937 [7,4,10,2,9,5,6,1,3,8]
409937 [8,9,1,5,6,4,3,2,7]
835931 [6,1,2,5,3,4]
850590 [5,2,3,4,1]
850590 [12,6,11,3,15,13,7,8,10,5,2,1,9,14,4]
850590 [1,2,6,4,3,5]
1052476 [9,10,6,3,8,1,5,2,7,4,11]
1074381 [1,2,3,4,5,6,7,8,9]
1360769 [5,4,1,2,6,3]
2414972 [12,17,10,7,3,14,13,4,11,1,2,16,8,6,15,9,5]
2415367 [2,3,7,1,6,4,5]
1674815 [1,2,3,4,5]
1683484 [2,7,4,8,9,1,10,6,5,11,3]
1683484 [3,15,19,5,14,8,7,6,11,1,18,13,4,2,20,16,9,10,12,21,17]
1683484 [2,11,1,9,4,3,10,8,5,12,7,6]
1683484 [8,7,4,3,9,2,1,5,6]
1683484 [2,6,1,5,3,4]
1691388 [6,1,2,5,4,7,3]
1074381 [1,2,3,4,5,6,7,8,9]
933067 [1,2,3,4,5,6,7,8,9,10]
933067 [1,2,3,4,5,6,7,8]
1275613 [5,3,7,2,4,6,1]
1275613 [7,30,15,9,5,32,20,6,34,10,14,11,37,23,35,13,22,18,17,33,1,24,12,25,19,8,36,27,40,28,16,2,3,4,21,26,38,39,29,31]
1275613 [2,6,1,8,4,5,3,7,9]
1275613 [1,2,3,4,5]
1582437 [2,4,1,5,3,6]
1634357 [1,2,3,4,5]
1657590 [2,6,5,1,4,3]
1680426 [5,4,1,2,3]
1680426 [4,2,5,3,1]
1680426 [6,1,3,2,5,4]
1680426 [1,5,7,6,3,4,2]
1680426 [3,5,4,1,2,6]
1686565 [9,2,3,4,6,10,12,13,8,1,14,11,5,7]
1686996 [12,6,3,13,7,11,10,5,14,9,2,8,1,4]
1686996 [3,5,10,17,16,14,4,2,6,15,11,19,13,20,1,18,9,21,12,7,8]
1735089 [5,6,1,4,2,3]
1735326 [1,2,3,4,5,6,7,8,9,10,11]
1735326 [1,2,3,4,5,6,7,8,9,10,11,12,13,14,15]
1735326 [1,2,3,4,5,6,7,8,9,10,11,12,13,14,15,16,17,18,19]
1604401 [1,3,8,2,10,12,7,13,9,4,6,5,11]
947524 [4,5,3,2,6,1]
949107 [1,8,9,6,15,4,3,7,11,5,16,2,14,10,13,12]
949107 [7,12,2,6,8,5,11,1,9,4,3,10]
949107 [6,4,3,2,5,1]
1014041 [1,2,3,4,5,6]
1023832 [2,3,5,8,4,6,9,1,7,10]
1735089 [7,5,1,2,3,6,4]
1035411 [1,8,2,4,5,7,6,3]
1035411 [3,5,2,4,1]
1683484 [10,9,2,16,1,13,8,6,15,17,3,11,4,7,5,14,12]
1683484 [8,1,5,4,2,7,3,6]
1683484 [6,2,5,4,7,9,1,3,8,11,10,12]
1683484 [9,3,4,13,6,10,7,8,12,14,1,2,11,5]
1683484 [1,4,6,5,11,8,10,3,7,2,9]
1687310 [3,5,6,4,2,7,1]
1687310 [10,7,4,18,14,2,6,15,21,19,20,12,5,22,13,16,17,3,1,9,11,8]
1687310 [26,22,1,23,31,10,18,5,29,30,32,15,2,13,19,16,17,7,3,28,9,20,24,6,12,4,11,21,25,27,8,33,14]
1687310 [2,1,6,3,4,5,7]
1738862 [1,2,3,4,5,6]
1738862 [1,2,3,4,5,6,7]
1738862 [1,2,3,4,5,6,7]
1739856 [1,2,3,4,5,6]
948803 [1,2,3,4,5,6,7,8,9]
1153721 [1,2,3,4,5]
1308113 [5,1,3,7,4,6,2]
1308113 [6,10,7,5,4,8,9,1,2,3]
1308113 [5,3,2,6,4,7,1]
1308113 [3,2,5,1,4]
1647768 [3,2,8,5,6,4,9,7,1]
1654428 [1,3,2,6,4,5]
2390691 [2,6,4,3,1,5]
2390691 [11,2,7,10,12,5,1,4,13,8,6,3,9]
2390691 [3,7,4,2,8,5,9,6,10,1]
2390691 [8,3,10,6,2,1,5,7,9,4,11]
1680426 [6,2,4,1,3,5]
1680426 [5,18,3,21,19,6,12,2,27,7,13,15,1,4,23,17,20,16,9,11,26,14,8,10,22,24,25]
1688620 [4,3,18,11,15,8,6,10,7,9,5,1,12,14,17,16,2,13]
1621087 [3,7,8,4,5,1,6,2]
1621087 [5,3,2,1,4,7,9,6,8]
1621087 [6,11,4,17,16,1,5,18,14,12,9,2,10,3,7,8,15,13]
1621087 [13,5,3,1,11,14,12,10,4,8,2,6,16,17,9,15,7]
1965353 [9,7,8,3,6,1,5,2,11,10,4]
1974260 [4,1,5,2,8,3,6,7]
1974260 [2,23,22,16,14,12,11,18,15,13,1,3,25,24,5,17,21,7,8,10,6,19,4,9,20,26]
1974470 [7,5,1,6,3,4,2]
1974470 [2,5,4,6,3,1]
1974470 [8,5,4,2,10,3,6,9,11,1,7]
1974470 [2,4,3,1,5]
1991269 [1,4,5,3,2,6]
1888687 [1,2,3,4,5,6,7,8,9]
1888687 [1,2,3,4,5,6,7,8]
1542753 [5,7,3,6,1,2,8,4]
1697436 [9,2,12,8,16,17,15,14,11,7,4,1,5,3,10,13,6]
1697436 [4,5,2,1,3,6]
1701108 [10,6,9,4,5,16,7,13,15,12,8,1,2,3,11,14]
1965353 [1,15,17,5,16,14,11,4,12,9,8,7,3,10,6,13,2]
1972165 [1,2,5,3,6,4]
2204341 [5,1,4,7,3,2,6]
2282798 [35,24,15,19,13,31,3,30,8,37,25,23,1,7,9,14,18,38,17,34,11,22,4,27,28,10,20,36,40,21,16,32,29,33,41,12,39,6,2,5,26]
2282798 [6,5,3,1,2,4]
2282798 [19,17,7,16,14,6,11,2,10,15,21,18,20,3,5,12,9,1,13,8,4]
2282798 [9,1,8,3,5,4,6,2,12,7,14,13,15,10,11]
2292659 [4,7,5,2,1,3,8,6]
2370275 [4,3,1,2,5]
2370275 [8,7,5,13,9,3,1,2,10,11,14,12,6,4]
1461007 [1,2,3,4,5,6,7]
1461007 [1,2,3,4,5,6,7,8]
1470906 [1,2,3,4,5,6,7,8,9,10,11,12,13,14,15,16,17,18,19,20,21,22,23,24,25,26]
1481473 [12,1,17,7,10,16,18,2,3,11,6,15,4,13,20,14,9,8,19,5]
1486349 [3,4,2,6,5,1]
1138925 [5,7,10,9,1,8,11,3,12,4,6,2]
1138925 [6,3,4,5,1,2]
1138925 [1,4,2,3,5]
1139265 [4,10,7,2,9,1,6,8,5,3]
1148586 [8,6,3,2,9,5,7,4,1]
1148586 [3,1,6,5,2,4]
1148586 [3,1,7,5,4,6,2]
1467043 [1,7,2,8,6,4,3,5]
1473460 [21,6,8,4,7,5,26,18,9,25,2,16,14,12,1,11,19,13,23,3,17,15,22,20,10,24]
1473460 [16,9,3,18,12,17,20,15,6,5,4,13,8,14,1,2,21,7,11,10,19]
1480380 [3,5,4,2,1]
2093437 [3,5,2,6,4,1]
2093437 [4,3,1,2,5,6]
2169267 [3,2,5,4,1]
2169267 [3,8,10,5,2,1,4,9,6,7]
463733 [5,1,4,2,7,3,6]
463733 [3,14,22,9,8,6,5,4,19,12,13,10,21,15,1,20,18,16,11,2,7,17]
463733 [6,9,2,8,3,7,5,4,1]
463733 [14,5,8,15,12,4,11,13,7,1,3,10,2,6,9]
463733 [6,5,4,1,3,7,2]
507022 [5,1,8,16,10,12,4,14,3,6,11,13,9,7,2,15]
2490461 [1,2,3,4,5,6]
2490461 [1,2,3,4,5]
1246374 [4,7,6,3,1,5,2]
1248913 [7,2,4,9,10,5,8,1,6,3]
1251390 [7,6,2,1,9,8,5,4,3]
1727622 [6,2,4,8,7,1,9,5,3]
1728794 [5,1,4,2,3]
1541887 [6,2,1,7,3,5,4]
1541887 [37,46,29,14,51,16,20,26,22,18,49,48,53,43,5,10,6,21,4,9,11,3,8,28,15,17,7,50,1,40,33,24,30,44,42,32,23,35,19,39,52,47,36,12,2,41,27,38,45,34,13,25,31]
1848398 [1,2,3,4,5,6,7,8,9,10]
2370275 [10,7,2,5,6,8,3,9,4,1]
2370275 [1,5,3,2,4]
2370275 [15,3,21,5,23,1,20,17,10,6,18,22,16,12,8,11,14,13,19,4,9,2,24,7]
2370275 [14,12,13,2,16,4,10,11,1,7,6,8,5,9,15,3]
2370275 [58,36,19,54,21,59,2,25,34,15,14,6,18,45,44,48,50,40,57,24,4,29,27,31,17,5,10,3,23,1,12,33,7,42,52,49,11,51,46,55,26,22,56,16,60,28,30,41,32,38,13,20,43,47,8,37,9,53,35,39]
1568487 [1,2,3,4,5]
1595250 [1,2,4,3,6,5]
1645664 [6,1,4,7,5,2,3]
1652890 [4,7,6,3,2,1,5,8]
1664967 [16,5,4,13,23,24,12,14,25,20,3,2,18,8,7,1,19,6,21,17,22,10,15,9,11]
1674815 [1,2,3,4,5,6,7,8,9,10,11,12,13,14,15,16,17]
1686561 [3,5,2,1,6,4,7]
1744285 [22,4,16,14,15,28,19,20,5,23,1,21,9,7,11,32,6,13,8,3,26,29,30,24,2,18,27,12,31,25,10,17,33]
1744285 [1,12,3,9,8,11,2,13,14,7,10,5,4,6]
636116 [3,10,12,6,11,1,2,4,7,8,9,5]
636116 [6,4,5,7,3,2,1,8]
647450 [3,8,5,7,9,6,2,1,4]
647450 [1,6,5,9,2,8,7,3,4]
647450 [3,2,7,4,1,5,6]
647450 [5,8,7,2,4,10,3,6,1,9]
647450 [5,1,2,7,4,6,3]
647450 [2,1,3,6,7,4,5]
647450 [5,1,6,3,8,9,7,4,2]
663707 [3,2,5,6,7,4,1]
663707 [7,5,3,2,1,4,8,6]
663707 [2,1,4,10,11,12,8,5,3,9,6,7]
705554 [14,1,4,5,17,9,12,15,18,6,8,10,3,2,20,19,11,7,13,16]
2199061 [6,8,3,14,11,7,5,12,4,13,2,15,1,10,9]
2242311 [11,14,10,9,2,12,4,5,7,13,1,6,3,8]
2242311 [7,6,5,10,4,3,2,1,8,9]
2242311 [1,3,2,4,8,5,7,6]
2246162 [5,3,2,4,1]
2309232 [3,5,11,10,8,12,2,4,1,7,6,9]
2234846 [20,10,14,1,12,7,5,16,6,21,9,19,13,17,15,8,22,2,11,18,4,3]
2296992 [13,18,26,5,12,14,2,6,17,4,3,1,16,15,7,23,21,8,28,11,27,19,22,25,9,20,10,24]
2296992 [1,5,7,4,3,6,2]
2296992 [1,3,2,4,6,5]
2433810 [4,1,5,3,2,6]
2524240 [7,1,6,2,3,4,9,5,8]
1660953 [1,2,3,4,5,6,7,8]
1664967 [12,8,9,3,1,10,2,11,5,4,6,7]
1664967 [3,4,5,1,2,6]
1664967 [17,13,11,15,7,4,18,2,1,3,9,12,8,19,14,16,20,5,6,10]
1664967 [10,4,13,11,8,14,17,16,15,12,5,3,7,1,6,9,2]
1664967 [5,1,8,3,4,9,7,2,6,10]
685921 [4,1,5,3,2,6,7]
685921 [7,4,6,5,1,8,2,3]
692411 [1,6,9,4,8,10,11,3,2,5,7]
692411 [3,1,2,6,5,4]
802369 [6,8,5,7,3,1,9,4,2]
899728 [4,2,3,5,6,1]
934064 [4,2,7,6,5,3,1,8]
934064 [34,13,27,26,14,22,21,9,7,25,8,18,32,3,17,30,12,20,6,24,16,5,10,37,2,36,35,33,1,15,11,28,31,19,4,29,23]
934064 [12,9,8,7,4,10,11,3,5,2,6,1]
958682 [1,2,3,4,5,6,7,8,9,10,11,12,13,14,15,16,17,18,19,20,21,22,23,24]
958682 [1,2,3,4,5,6]
958682 [1,2,3,4,5,6,7,8,9]
238217 [4,7,5,8,3,2,1,6]
2255260 [1,2,3,4,5,6,7,8,9,10,11,12,13,14,15,16,17,18,19,20]
2259512 [1,8,6,3,9,7,2,4,5]
2259512 [2,5,4,3,7,6,1]
210846 [8,11,6,9,2,3,4,15,14,16,7,5,1,13,10,12]
2169895 [9,17,1,5,7,13,12,10,4,15,2,16,14,6,8,11,3]
521637 [1,3,2,4,5]
521637 [3,1,4,6,8,7,5,2]
2020878 [5,4,3,8,2,7,1,6]
1470585 [9,13,5,1,12,14,2,6,15,10,3,7,4,8,11]
1691942 [1,2,3,4,5]
1697436 [6,5,4,3,1,2]
1697436 [13,12,21,15,11,7,8,20,16,19,1,10,6,5,22,17,14,18,4,3,9,2]
1123412 [2,3,7,9,1,4,8,6,5]
1123412 [19,1,29,3,45,42,8,7,9,46,38,28,33,14,54,43,11,44,26,25,16,49,20,6,27,24,31,5,34,52,39,2,48,32,21,50,17,41,53,22,18,37,51,4,12,15,47,30,40,13,36,10,35,23]
1131819 [2,4,5,1,3]
1131819 [5,4,13,8,2,12,9,3,11,1,6,10,7]
1131819 [14,9,5,1,2,11,16,13,10,17,12,4,15,6,3,7,8]
1131819 [5,2,1,3,4]
1544674 [23,7,18,11,2,15,4,17,5,26,20,9,29,27,16,19,14,28,10,24,22,25,12,21,8,31,13,6,30,3,1]
1544674 [4,10,15,3,5,14,9,6,11,13,20,16,18,8,12,2,7,1,19,17]
1548114 [6,8,9,14,10,12,13,11,4,3,5,1,2,7]
1604401 [1,2,4,3,8,9,7,5,6]
1604401 [5,1,2,4,3]
1622906 [2,1,6,5,3,4]
1622906 [6,2,1,4,5,3]
1622906 [5,3,2,4,1]
1659981 [4,5,2,3,1,6]
1659981 [7,10,5,14,13,11,4,8,9,6,3,15,12,2,16,1]
1659981 [2,4,5,1,3]
1659981 [4,2,1,5,3]
1659981 [6,3,2,1,4,5]
1659981 [1,3,2,4,5]
1683484 [4,1,6,5,2,3]
875869 [2,3,5,1,4]
902024 [6,23,9,22,11,26,27,24,2,21,14,15,17,1,13,7,20,4,18,10,8,16,19,12,5,3,25]
182074 [10,12,5,7,6,11,1,2,13,4,8,9,3]
317862 [2,9,19,5,6,4,16,12,17,11,18,15,8,1,13,14,10,7,3,20]
317862 [3,28,7,24,6,29,25,15,17,8,19,34,9,12,22,11,14,13,31,27,16,20,33,5,26,1,2,18,21,4,32,35,23,30,10]
317862 [8,12,5,1,2,20,10,7,21,17,15,18,11,16,6,13,3,4,19,14,9]
317862 [5,3,4,1,6,7,2]
1515900 [3,4,6,7,5,1,8,2]
1542939 [3,5,6,1,7,4,2]
1583352 [5,6,3,2,7,8,9,4,1]
1585102 [2,3,5,1,4]
1593535 [6,8,1,11,12,4,3,2,10,5,9,7,13]
1604401 [1,2,7,4,6,5,3]
405547 [14,13,5,9,4,12,8,11,1,2,6,15,3,10,7]
405547 [6,9,5,4,8,7,3,10,2,1]
2414972 [3,4,2,5,1]
2436485 [9,4,2,7,1,8,3,5,6]
2451375 [1,2,3,4,5,6,7,8,9,10,11]
187651 [1,7,6,4,3,10,2,9,8,11,5]
187651 [5,2,4,1,8,10,13,9,3,14,11,12,7,6]
407553 [5,2,3,6,4,1]
2468575 [2,4,3,5,1,6]
2468575 [1,19,16,6,14,11,21,12,4,20,22,15,2,3,5,13,18,10,17,7,9,8,23]
2498205 [7,11,16,3,1,8,10,15,13,4,12,6,9,5,2,14]
2498205 [5,6,1,7,10,2,3,11,4,8,9]
2578206 [2,4,8,3,1,7,9,6,5]
2580963 [1,2,3,4,5,6,7]
1200688 [7,20,14,16,6,24,22,10,13,12,23,15,3,21,18,1,11,17,5,8,9,4,2,19]
884684 [1,2,3,4,5,6,7,8,9,10,11,12,13,14]
884684 [1,2,3,4,5,6,7,8,9,10,11,12,13,14,15,16,17,18,19,20,21,22,23,24,25,26,27,28,29,30,31,32,33,34]
884684 [1,2,3,4,5]
884684 [1,2,3,4,5,6,7,8,9,10,11,12,13,14,15,16,17]
194623 [2,6,4,3,5,1,7]
374239 [2,12,5,3,8,6,11,15,13,14,4,1,9,7,10]
374239 [2,4,5,1,8,6,7,3]
374239 [4,7,10,12,5,9,6,11,1,3,8,2]
374239 [6,8,5,3,2,1,4,7]
374239 [7,6,9,1,8,5,3,2,4]
374239 [4,1,2,3,5,6]
1515900 [12,4,9,2,11,13,1,6,16,7,3,14,8,15,17,5,10]
1094259 [1,4,3,5,2]
1094259 [4,1,6,2,3,5]
1094259 [4,12,2,9,6,5,3,13,14,1,15,8,7,10,11]
1094259 [5,14,18,1,11,17,13,3,2,12,7,4,10,9,6,8,15,16]
1104922 [4,2,5,6,3,1]
1118426 [10,3,7,1,9,6,5,12,2,11,8,4]
1118426 [3,2,1,9,7,8,5,4,10,6]
1131819 [5,1,3,2,4]
1255547 [3,1,6,4,2,5]
808364 [1,2,4,5,3]
978714 [1,2,3,4,5,6,7,8,9,10,11,12,13,14,15]
978714 [1,2,3,4,5,6,7,8,9,10,11,12,13,14,15,16,17,18,19,20,21]
2311358 [4,2,5,3,1]
50692 [1,2,3,4,5,6,7,8,9]
50692 [1,2,3,4,5,6,7,8,9,10]
81492 [4,8,6,11,5,1,3,9,10,7,2]
1591833 [6,31,36,21,16,37,14,13,11,39,25,22,18,26,3,34,8,1,27,20,15,29,33,35,17,30,4,23,24,9,10,38,19,2,40,12,5,28,32,7]
2472443 [1,3,4,2,8,6,5,7]
2540950 [4,1,2,5,3]
162118 [4,5,1,3,2]
240435 [3,5,1,2,4]
240435 [4,5,8,2,1,7,3,6,9]
441426 [4,3,2,5,6,1]
470337 [22,13,7,23,2,9,6,4,8,26,21,25,14,16,19,11,15,24,27,3,20,5,1,18,10,17,12]
647450 [3,7,5,12,17,15,4,6,8,14,11,9,1,16,10,2,13]
647450 [7,4,5,3,1,6,2]
647450 [2,7,6,3,1,4,5]
647450 [3,6,1,4,5,2]
647450 [12,10,3,5,8,1,11,2,6,7,9,4,13]
707195 [1,2,3,4,5,6,7,8,9,10,11,12,13,14,15,16,17]
707195 [1,2,3,4,5,6]
900378 [1,4,7,2,6,3,5]
900378 [2,3,6,5,4,1]
1901938 [19,28,7,11,16,5,17,1,26,24,27,23,18,10,13,8,4,12,21,29,15,25,6,14,2,9,3,20,22]
2498205 [2,1,5,4,3,6]
2498205 [3,2,8,6,1,7,4,5]
2498205 [4,3,6,1,2,5,7,9,8]
2498205 [8,5,7,6,2,3,9,1,4]
2498205 [1,3,5,2,4]
2498205 [6,1,3,2,5,4]
2498205 [18,13,20,3,10,12,9,8,4,5,7,16,17,19,1,15,14,2,11,6]
2498205 [1,4,5,2,3]
2535626 [2,1,3,5,6,4]
24184 [5,3,2,4,1]
2069966 [14,9,12,8,4,6,2,13,10,3,7,11,5,1]
28327 [8,5,7,3,9,4,1,2,6]
28327 [5,7,1,4,2,3,6]
85849 [20,10,29,23,6,8,28,27,17,19,9,15,16,1,4,31,13,26,12,24,32,2,30,21,14,25,7,5,22,33,18,3,11,34]
85849 [5,2,4,1,3]
137963 [6,9,8,4,2,1,7,3,5]
137963 [10,1,9,6,7,5,8,4,2,3]
137963 [13,9,17,3,10,11,8,7,12,15,6,2,14,16,4,1,5]
143799 [1,2,3,4,5,6,7,8,9,10]
1253390 [2,4,7,1,6,3,5]
1253390 [2,3,5,1,4]
1275613 [6,2,7,1,4,3,5]
935922 [7,8,12,1,9,5,4,11,10,2,6,3]
935922 [4,1,6,2,5,3]
935922 [2,1,4,5,3]
1331272 [3,5,4,6,2,1]
1331272 [5,4,2,1,3]
1331272 [7,5,3,1,2,6,4]
1661858 [13,11,18,4,21,15,17,7,12,10,5,14,9,2,20,6,3,16,19,8,1]
1661858 [15,3,4,6,7,14,12,10,11,8,5,16,2,9,13,1]
122958 [9,36,37,22,38,5,34,11,10,15,13,16,23,17,30,8,40,1,25,32,41,26,6,28,18,39,27,29,35,19,20,7,3,24,12,4,33,31,14,21,2]
122958 [9,11,8,3,6,7,12,2,10,4,1,5]
122958 [1,5,2,3,4]
122958 [14,2,8,5,7,23,3,21,18,19,22,4,12,13,25,9,24,16,6,10,20,11,15,1,17]
122958 [1,4,5,3,2]
125136 [6,3,2,1,4,5]
125136 [5,10,8,7,2,1,3,9,4,6,11]
127405 [1,2,3,4,5,6]
127405 [1,2,3,4,5]
127405 [1,2,3,4,5,6,7]
164882 [6,8,12,9,1,11,10,3,2,7,4,5]
244367 [10,16,14,7,13,12,2,1,11,8,9,5,15,6,18,4,17,3]
244367 [5,6,3,4,1,2]
244367 [18,6,13,17,4,5,7,9,2,3,8,15,10,16,11,12,1,14]
245835 [13,7,8,4,1,3,15,11,14,12,6,5,9,10,2]
245835 [6,1,2,10,3,5,11,8,9,7,4]
245835 [1,12,7,11,9,4,6,2,8,5,3,10]
249788 [5,2,3,4,1]
264359 [1,9,5,8,4,2,6,7,3]
264359 [1,2,4,5,3,6]
264359 [16,21,6,15,18,20,4,14,10,13,12,19,3,5,7,9,11,17,1,8,2]
264359 [5,4,3,2,7,6,8,1]
299355 [1,3,10,5,6,7,2,8,4,9]
303960 [1,5,3,2,4]
373971 [3,4,2,1,5]
413278 [2,3,9,8,6,1,7,4,5]
413278 [7,2,1,5,4,3,6,8]
413278 [2,7,3,8,9,1,4,5,6]
1123412 [7,1,13,4,12,3,5,16,23,10,21,20,8,9,14,18,15,17,2,11,6,22,19]
1143249 [1,2,3,4,5,6,7,8,9,10,11,12,13]
1143918 [3,7,2,12,9,8,11,1,5,6,10,4]
1143918 [8,13,3,14,6,9,1,7,5,12,2,11,10,4]
1143918 [4,5,3,2,1]
1143918 [3,5,6,7,2,4,1]
1143918 [7,5,3,6,1,4,2]
1143918 [6,15,9,17,12,5,18,10,13,1,3,16,2,4,7,14,11,19,8]
1143918 [3,4,5,2,6,1]
1147335 [1,2,3,4,5,6,7,8,9,10,11,12,13]
1148586 [2,4,5,3,1]
1148586 [3,6,5,4,1,2]
1148586 [6,8,5,2,9,3,7,1,4]
1148586 [6,7,13,15,1,14,11,9,3,2,4,10,12,5,8]
1148586 [1,2,4,5,3]
1148586 [23,8,4,26,46,24,3,41,16,9,17,25,45,40,28,43,36,19,49,47,12,34,20,15,42,30,27,10,11,5,33,7,22,31,38,14,50,6,2,48,32,29,21,1,18,44,39,37,13,35]
1148586 [7,10,5,2,6,3,8,1,9,4]
1148586 [9,3,4,8,5,1,7,6,2]
1381203 [1,2,3,4,5,6,7,8,9,10,11,12,13,14,15,16,17,18]
1381203 [1,2,3,4,5,6,7,8,9,10,11,12,13,14,15,16,17,18,19,20,21,22,23,24,25,26]
1383987 [3,1,5,2,4,6]
1405440 [1,2,3,4,5,6,7,8,9,10,11,12,13,14,15,16,17]
1405440 [1,2,3,4,5,6,7,8,9,10,11,12,13,14,15,16,17,18,19,20,21]
1405440 [1,2,3,4,5,6,7,8,9,10,11,12,13,14,15,16,17,18]
1405440 [1,2,3,4,5,6,7,8,9,10,11,12,13,14,15,16,17,18,19,20,21,22,23,24,25,26,27,28,29,30,31,32,33,34,35,36,37]
2113901 [3,1,4,5,2]
2129565 [2,5,4,6,3,1]
2129565 [40,13,44,50,14,34,31,29,16,41,37,51,39,56,5,7,24,12,33,19,9,42,32,6,11,45,46,2,10,54,52,8,47,53,15,35,43,4,49,27,57,17,22,30,26,25,38,1,21,3,28,18,36,23,20,48,55]
2161139 [6,5,2,4,7,1,3]
2161139 [6,2,3,4,1,5,7]
2169267 [4,5,1,6,3,2]
51752 [7,1,2,6,8,3,4,5]
51752 [2,6,5,3,7,1,4]
317862 [17,19,3,7,18,6,4,11,22,9,15,16,20,8,10,13,2,1,21,5,14,12]
409937 [11,13,14,8,2,3,1,16,20,6,10,9,5,15,7,12,17,21,18,19,4]
409937 [12,19,8,11,23,7,9,21,22,13,24,4,5,15,3,2,10,6,17,18,16,1,20,14]
2564495 [4,2,1,5,3]
2564495 [6,7,12,3,11,19,28,13,23,9,24,21,18,4,25,8,5,26,15,22,2,27,1,20,16,17,10,14]
463733 [5,2,6,11,8,4,1,9,12,7,13,10,3]
463733 [23,7,27,18,30,5,22,26,24,13,11,21,17,15,10,2,3,8,1,29,14,20,4,28,12,19,25,9,16,31,6]
463733 [5,8,12,13,10,2,6,4,1,9,11,7,14,3]
463733 [11,13,15,1,8,12,6,10,4,7,3,19,2,5,18,17,16,14,9]
463733 [1,6,2,5,3,4]
463733 [14,5,9,15,1,3,11,2,12,8,13,7,10,4,6]
755981 [17,7,11,8,5,4,1,10,16,18,15,20,3,14,2,19,9,12,13,6]
755981 [6,7,10,1,9,3,5,11,2,4,8]
808364 [4,6,1,3,5,9,8,7,2]
808364 [5,2,1,3,4]
1976045 [3,5,4,1,2,6]
2015664 [14,11,3,7,2,15,4,13,8,12,9,1,5,6,10]
2023211 [2,3,4,5,1]
2096611 [1,3,6,4,2,5]
2096611 [2,5,3,1,6,4]
2096611 [25,2,17,1,19,6,29,10,23,3,12,20,5,27,21,7,13,22,18,9,8,16,15,4,11,14,28,26,24]
2096611 [8,6,26,22,4,16,12,9,7,10,18,21,17,2,3,11,13,20,15,1,14,5,24,25,23,19]
2144690 [1,2,3,4,5,6,7]
2149580 [7,3,2,5,12,4,8,1,11,10,9,6]
2149580 [5,1,4,2,3]
2149580 [5,2,3,1,4]
2149580 [4,2,5,6,3,1]
2149580 [3,11,18,12,20,8,16,13,4,6,1,21,17,10,5,22,15,14,7,19,9,2]
2149580 [7,8,1,5,6,3,2,4]
2149580 [1,6,4,3,2,5]
2149580 [1,3,2,5,4]
2186994 [2,3,5,1,6,4]
699762 [4,1,3,5,2,6]
1562408 [5,3,6,9,7,4,10,1,8,2]
1562408 [8,3,6,5,2,7,1,4,9]
1562408 [8,3,5,6,2,9,1,7,4,11,10]
1562408 [6,1,5,3,4,2]
1562408 [2,4,15,25,22,17,3,18,21,13,9,6,19,5,11,20,1,24,8,16,23,10,12,7,14]
1562408 [4,11,8,10,7,12,1,5,6,3,2,9,13]
1562408 [5,3,7,6,2,4,1,8]
1562408 [1,5,4,7,2,6,3]
1562408 [5,10,14,12,4,1,9,3,13,11,7,8,2,6]
1562408 [5,15,22,9,21,23,14,27,13,12,24,26,6,16,7,17,10,19,20,25,8,18,3,1,4,11,2]
1223652 [5,6,2,3,16,10,7,15,11,13,4,14,1,12,9,8]
1223652 [22,3,24,7,4,20,29,16,5,23,9,17,30,26,21,2,25,6,19,13,8,18,12,28,1,14,15,10,27,11]
1223652 [11,1,6,16,8,12,19,10,15,14,17,2,7,9,3,13,5,4,18]
1223652 [22,18,32,13,30,9,3,27,33,43,38,28,31,11,14,37,29,47,26,12,10,7,46,39,16,24,23,25,6,21,35,42,15,20,8,36,1,5,17,34,4,40,48,44,45,2,19,41]
1223652 [4,1,3,5,2]
1223652 [4,3,1,2,5]
51752 [8,4,2,7,6,9,3,1,5]
51752 [3,6,4,1,7,2,8,5]
51752 [4,7,6,3,1,5,10,8,9,2]
1762623 [5,6,3,12,11,1,7,9,8,4,2,13,10]
1762623 [1,5,2,3,4]
1762623 [2,1,3,9,4,6,5,7,8]
1788365 [17,3,22,23,15,7,5,16,4,12,9,18,14,19,13,10,11,20,8,6,21,2,1]
1788365 [34,20,11,31,43,9,1,16,7,39,2,37,40,17,38,24,30,26,6,21,14,23,13,44,8,12,41,22,33,15,27,18,10,42,45,35,36,5,4,3,19,46,32,25,47,29,28]
1788365 [9,10,22,24,2,12,28,15,26,11,27,21,19,18,8,23,16,5,25,14,13,3,6,7,4,1,20,17]
1851127 [1,2,3,4,5,6,7,8,9]
1851127 [1,2,3,4,5,6,7,8,9,10,11,12,13]
1851127 [1,2,3,4,5]
1902894 [5,2,1,3,4]
2574644 [17,19,4,13,12,16,2,10,7,15,6,14,3,18,5,8,9,11,1]
2574644 [5,2,4,3,1]
2574644 [5,8,3,9,10,1,7,2,11,6,4]
2574644 [13,3,15,16,4,7,1,12,8,6,2,5,10,14,11,18,19,9,17]
2574644 [8,4,2,7,9,5,10,1,3,6]
2574644 [4,3,2,6,5,7,1]
2574644 [4,1,2,6,3,5]
1500590 [8,5,9,1,3,2,6,4,7]
1500590 [3,5,2,1,4]
1500590 [4,7,5,9,1,2,6,3,8]
1500590 [1,4,3,2,9,10,7,6,8,5]
1500590 [2,3,4,1,5]
2520299 [3,4,2,7,5,1,6]
2520299 [10,15,12,14,2,6,9,7,3,13,1,4,11,8,5]
2520299 [23,19,25,10,5,11,6,21,22,15,13,9,16,8,3,26,14,18,7,20,17,4,12,24,2,1]
2532069 [1,2,3,4,5,6,7,8,9,10,11,12,13,14,15,16]
2532069 [1,2,3,4,5,6,7,8,9,10]
2532069 [1,2,3,4,5,6,7]
2566470 [6,1,5,3,4,7,2]
2282798 [25,26,27,13,28,12,11,6,18,30,14,21,8,32,23,15,20,7,10,3,17,9,34,2,31,29,33,19,1,16,22,5,4,24]
2282798 [2,1,4,5,3]
2282798 [15,10,24,23,11,18,6,22,16,9,8,2,13,14,20,17,5,19,1,12,3,4,7,21]
1309075 [4,1,5,3,2]
2357837 [8,1,6,4,5,7,3,2]
2368665 [2,1,3,4,5]
2318116 [2,10,4,3,6,5,8,9,1,7]
2364120 [1,2,3,4,5,6]
2406851 [1,4,5,3,9,7,6,8,2]
2414221 [2,6,1,5,4,3]
2414221 [2,1,4,5,3,7,6]
2414221 [3,6,4,2,1,5]
2432239 [19,5,9,15,4,18,16,17,20,3,1,10,14,12,11,2,13,8,7,6]
2432239 [5,3,4,7,1,8,11,10,2,9,6]
2440251 [1,2,3,4,5]
2440251 [1,2,3,4,5,6,7,8,9,10,11,12,13,14,15,16,17,18,19,20,21,22,23,24,25,26,27,28,29]
51752 [7,6,5,4,2,3,8,1]
510680 [9,6,13,17,8,11,1,10,2,14,5,12,4,7,16,15,3]
510680 [6,1,5,8,4,3,7,2]
510680 [6,2,3,7,1,8,5,4]
510680 [4,7,3,9,6,8,2,5,11,1,10]
2430015 [8,2,21,15,6,3,13,16,5,17,12,14,18,7,9,11,10,1,19,20,4]
2433810 [3,6,1,2,4,5]
2526874 [1,2,3,4,5,6,7,8,9,10,11,12,13,14,15,16]
2526874 [1,2,3,4,5,6,7,8,9,10,11,12,13]
2526874 [1,2,3,4,5,6,7,8,9,10]
2526874 [1,2,3,4,5,6,7,8,9,10,11,12,13,14,15,16,17]
2564495 [2,4,6,1,5,3]
814889 [4,6,1,2,3,5]
852601 [6,5,3,4,7,2,1,9,8]
894084 [3,18,19,2,15,7,4,21,6,10,1,20,11,14,8,9,5,17,16,13,12]
894084 [1,10,13,12,14,16,6,4,7,2,8,11,5,17,18,3,9,15]
894084 [21,8,13,9,23,22,4,11,5,2,20,16,17,10,19,3,14,18,12,7,1,15,6]
894084 [5,18,20,2,13,15,3,6,9,19,4,17,8,12,11,7,10,16,14,1]
899670 [7,10,14,4,8,12,1,11,6,5,3,13,2,9]
935922 [5,3,2,1,4]
935922 [5,7,2,6,1,4,8,3]
941029 [5,4,3,2,1]
941029 [6,9,7,1,2,8,3,4,5,10]
941029 [3,2,6,1,4,5]
971442 [4,14,16,5,12,2,1,8,11,9,13,10,17,7,3,15,6]
972633 [6,7,4,3,1,2,5]
972633 [1,3,4,2,6,7,5]
972633 [2,5,1,4,3]
972633 [4,5,2,3,1]
972633 [3,1,4,2,5]
972633 [6,4,5,7,2,3,1]
972633 [7,5,4,8,3,2,6,1]
972633 [2,5,3,6,1,4]
972633 [7,5,9,11,10,13,6,8,2,1,3,4,12]
978501 [1,2,3,4,5,6]
978501 [1,2,3,4,5]
985452 [11,7,8,3,13,1,2,9,12,10,6,5,4]
2282798 [4,8,10,7,6,1,3,2,5,9]
2282798 [16,6,2,13,7,14,15,5,3,11,12,1,9,4,8,10]
2282798 [5,25,8,11,14,15,1,21,27,3,12,24,23,9,6,2,16,7,4,26,22,10,19,20,13,17,18]
2292094 [1,2,3,4,5,6,7,8,9,10,11,12,13,14,15,16]
134633 [5,1,3,2,6,4]
134633 [2,1,5,4,3]
134633 [8,11,1,4,7,6,5,10,3,2,9]
134633 [4,7,11,5,1,8,10,6,3,2,9]
134633 [3,6,8,5,9,7,2,1,4]
134633 [3,7,16,15,21,25,26,10,17,24,23,11,22,20,19,13,8,6,18,14,4,5,27,1,28,9,2,12]
134633 [2,1,3,4,5]
134633 [2,13,5,15,16,10,1,11,6,12,8,14,7,9,3,4]
134633 [7,3,6,8,1,9,4,5,2]
139350 [8,4,7,2,5,3,10,9,6,1]
182355 [5,2,1,3,4,6]
182355 [6,1,4,2,3,8,9,7,5]
182355 [6,8,4,2,3,7,1,5]
201433 [3,1,4,5,2]
202953 [14,6,20,15,1,2,9,4,16,7,18,13,12,10,3,19,8,17,5,11]
202953 [5,3,4,7,6,1,2]
202953 [5,4,3,1,2,6]
244367 [7,4,5,3,1,6,2]
244367 [18,5,3,11,1,7,2,14,13,9,12,4,15,10,19,8,17,16,6]
244367 [5,2,1,4,3]
244367 [3,8,9,7,2,1,4,5,6]
244367 [6,5,4,1,7,2,3]
244367 [1,5,6,2,3,4,7]
244367 [9,10,11,13,7,2,12,1,3,8,4,5,6]
244367 [1,6,4,5,2,3]
244367 [7,3,4,6,5,2,1]
244367 [2,5,4,7,3,8,9,6,1,10]
245835 [3,4,1,5,2]
245835 [11,12,9,7,13,1,2,8,4,6,3,5,10]
174464 [1,28,40,55,46,11,4,37,56,34,44,30,45,29,32,24,19,57,25,13,41,50,38,15,10,36,23,59,58,22,14,35,31,17,49,47,53,18,3,5,27,54,8,16,26,9,60,42,39,51,6,2,12,20,52,43,33,21,7,48]
212914 [1,2,3,4,5]
212914 [1,2,3,4,5,6]
277291 [7,6,2,5,3,1,4,8]
321436 [1,2,3,4,5,6,7]
321436 [1,2,3,4,5,6,7,8,9,10,11,12,13,14,15,16,17,18]
337540 [6,18,3,28,32,1,4,23,16,9,14,17,5,30,22,26,11,29,12,31,2,19,20,13,21,8,15,25,7,27,10,24]
349690 [1,2,3,4,5,6,7,8,9,10,11,12,13,14,15,16,17,18,19,20,21,22,23,24,25,26,27,28,29,30,31,32,33,34,35,36,37,38]
349690 [1,2,3,4,5,6]
349690 [1,2,3,4,5,6,7,8,9,10,11,12,13,14,15,16,17,18,19,20,21,22,23]
349690 [1,2,3,4,5,6,7,8,9]
349690 [1,2,3,4,5,6,7,8,9,10,11,12,13,14,15,16,17,18,19,20,21,22]
374121 [5,6,2,7,3,1,8,9,4]
374121 [8,1,2,6,9,7,4,3,5,10,11]
374121 [10,6,8,4,11,9,12,3,5,1,7,13,2]
374121 [8,2,4,7,5,9,1,6,3]
374121 [8,3,1,9,2,10,5,6,11,7,4]
374121 [8,7,2,4,9,10,17,12,6,1,11,15,3,13,14,5,16]
411326 [3,10,8,2,11,1,15,12,5,6,9,4,7,14,13]
2435758 [4,1,2,5,3]
2439350 [5,6,3,1,2,4]
2451375 [1,2,3,4,5,6,7]
2451375 [1,2,3,4,5]
2498205 [3,2,5,7,4,6,1]
135488 [4,1,6,5,2,3]
317862 [14,8,1,12,10,15,11,13,3,7,16,9,5,4,6,2]
317862 [3,7,10,1,6,5,9,4,2,8]
317862 [3,10,4,8,2,1,6,5,7,9]
568369 [4,3,10,18,1,19,20,2,17,6,13,12,14,11,15,16,21,8,9,5,7]
568369 [2,5,3,6,13,9,12,7,1,11,4,10,8]
2504639 [3,1,5,2,4]
2535403 [1,2,3,4,5]
2564089 [1,2,3,4,5,6,7]
2564089 [1,2,3,4,5,6]
2564089 [1,2,3,4,5,6,7,8,9,10,11,12,13,14,15,16,17,18]
2390691 [15,32,20,31,28,4,3,6,10,21,27,35,7,34,11,16,1,25,12,2,22,26,5,19,33,39,13,14,9,36,18,23,30,24,38,17,37,8,29]
1389997 [2,4,5,1,3]
1395265 [6,7,1,2,13,11,12,5,10,8,3,4,9,15,14]
1399717 [4,1,7,6,5,3,2,8]
1412107 [1,4,5,6,7,2,3]
1412107 [5,2,8,1,3,4,7,6]
1412107 [7,1,4,6,2,3,5]
1412107 [18,33,51,47,27,19,16,30,2,1,29,20,41,4,5,48,45,12,10,34,13,17,46,36,49,50,3,22,43,44,32,42,38,25,31,21,37,28,26,8,6,11,9,40,39,24,23,14,15,7,35]
1412107 [8,15,7,13,17,16,6,2,10,20,14,19,11,9,12,1,4,5,18,3]
1772866 [1,2,3,4,5,6,7,8,9,10,11,12,13]
1778414 [4,9,10,1,8,2,3,5,6,7]
407553 [5,6,4,3,1,2]
1371941 [4,7,3,1,5,2,6]
2456550 [19,14,9,18,10,5,7,2,11,20,6,4,1,12,17,15,3,13,21,8,16]
2498205 [3,5,2,1,4]
2233002 [19,21,15,11,9,22,5,3,4,13,1,6,17,2,16,20,8,7,12,10,14,18]
2233002 [10,28,24,8,20,13,14,2,7,15,11,22,16,25,23,27,5,29,21,18,4,12,9,26,19,17,1,6,3]
2233002 [2,5,1,3,12,10,8,4,13,7,11,6,9]
2233002 [6,16,8,19,1,7,15,2,17,22,9,21,4,14,18,5,3,10,13,20,11,12]
2233002 [9,4,10,7,2,6,5,3,8,1]
2233002 [5,9,13,11,12,1,7,14,15,8,16,18,6,3,4,19,10,17,2]
2233002 [6,2,4,5,8,3,9,1,7]
2233002 [19,8,15,10,21,5,1,4,3,16,11,9,18,2,17,23,6,12,20,14,13,22,7]
2233002 [13,16,6,14,8,10,3,12,7,5,15,1,2,11,9,4,17]
2233002 [7,10,4,9,2,6,5,3,8,1]
2233002 [12,3,1,10,11,8,9,2,13,6,4,7,5]
2233002 [13,8,12,3,10,2,4,7,6,11,9,1,5]
2233002 [7,15,4,13,14,8,6,1,3,9,12,5,11,10,2]
2233002 [4,9,7,3,2,6,8,5,1]
2233002 [6,9,4,10,11,1,2,3,7,8,5]
2259512 [16,6,5,1,2,22,9,8,10,4,19,15,20,14,12,17,13,21,3,11,18,7]
2259512 [8,5,7,2,14,10,3,15,11,1,6,4,13,9,12]
2289040 [7,9,8,6,13,5,10,2,15,1,3,11,4,14,12]
2291343 [6,10,21,7,9,17,5,8,4,16,2,22,13,1,12,14,19,18,15,20,11,3]
2340535 [2,15,3,18,13,11,5,9,6,19,22,21,4,1,17,20,8,7,14,10,16,12]
2340535 [2,9,3,7,1,5,4,6,8]
2340535 [9,10,2,7,8,6,4,1,5,3]
2340535 [10,2,4,12,14,11,7,16,13,8,3,5,6,9,15,1]
2340535 [1,9,8,12,11,27,17,14,3,30,25,31,13,22,23,18,2,16,28,26,7,21,29,20,4,5,6,24,10,19,15]
2340535 [18,8,2,34,25,12,29,31,9,6,16,14,3,30,11,21,37,36,15,1,7,13,10,33,22,32,27,24,23,20,4,28,17,35,26,5,19]
2370657 [7,6,2,5,1,3,4]
2415367 [24,7,17,12,8,21,5,19,22,1,25,13,6,23,16,11,15,4,20,2,14,3,10,18,9]
2415367 [1,2,4,3,5]
2415367 [1,21,9,2,19,22,3,5,14,6,12,16,18,8,11,20,17,7,15,4,13,23,10]
486549 [3,1,5,4,2]
563436 [6,10,4,7,11,1,3,5,2,8,9,13,12]
563436 [5,2,7,3,4,6,1]
563436 [9,21,6,4,14,17,3,10,8,12,15,2,20,11,5,19,7,18,1,13,16]
636116 [1,3,8,7,4,9,6,2,5]
645703 [8,1,6,5,3,4,7,2]
661583 [13,4,15,7,1,6,3,2,11,9,10,12,8,5,16,14]
667805 [9,8,7,2,5,3,1,6,10,4,11,12]
667805 [5,7,3,4,2,6,1]
667805 [5,3,1,4,2]
667805 [6,4,16,12,3,1,11,10,13,8,2,5,14,15,7,9]
667805 [3,9,5,11,2,10,4,1,8,6,7]
667805 [6,2,7,1,5,4,3]
667805 [13,1,10,11,8,15,4,2,5,6,14,12,16,9,3,7]
667805 [14,7,11,19,6,3,20,18,2,5,8,9,17,1,16,13,15,10,12,21,4]
667805 [7,6,16,8,12,4,17,3,5,9,1,2,15,10,14,11,18,13]
667805 [4,3,2,5,9,1,8,6,7]
667805 [3,1,2,4,5]
667805 [4,8,12,9,2,7,1,15,6,10,14,16,11,3,13,5]
667805 [8,1,2,10,3,4,9,6,5,7]
667805 [2,1,5,6,4,3]
667805 [3,6,4,11,1,2,8,18,15,12,16,14,7,13,10,17,9,5]
667805 [7,6,10,8,12,2,1,5,14,4,3,11,9,13]
667805 [7,26,24,25,2,14,6,16,5,22,15,4,21,10,23,9,20,1,8,27,13,17,11,12,19,3,18]
1389997 [8,5,7,2,10,4,9,6,3,1]
1389997 [3,5,4,1,2]
1395265 [3,1,4,5,2]
1090625 [5,2,15,13,8,9,11,7,12,1,14,6,4,10,3]
1090625 [2,1,4,3,5,6]
1111675 [1,2,3,4,5,6,7,8]
1111675 [1,2,3,4,5,6,7,8,9,10,11,12,13,14,15,16]
1752803 [1,2,3,4,5,6,7,8,9,10,11,12,13,14,15]
1785149 [4,6,3,5,1,2]
1785149 [1,8,2,5,6,7,3,4]
1785149 [20,21,1,7,19,9,17,2,13,16,8,4,14,11,6,15,12,10,5,3,18]
1785149 [12,10,6,11,1,4,2,3,5,8,9,7]
1954004 [4,2,3,5,1]
1954004 [30,2,22,5,21,16,33,11,19,36,4,26,34,7,28,6,12,20,13,23,14,10,29,35,17,15,37,32,8,24,9,25,1,18,27,3,31]
1961735 [7,3,2,4,5,1,6]
1965353 [13,12,1,8,15,2,11,7,4,5,3,9,10,6,14]
2583035 [2,3,6,4,1,5,7]
867679 [10,19,14,13,17,6,5,20,11,3,16,7,8,4,1,18,2,9,15,12]
867679 [3,2,4,1,5]
867679 [4,5,1,3,2]
875869 [2,7,3,6,1,5,4]
875869 [8,9,3,5,1,10,7,2,4,12,6,11]
899670 [2,1,4,6,3,5]
899670 [15,12,30,11,20,3,22,28,27,10,9,24,29,1,16,2,7,19,17,5,31,13,6,26,25,18,8,21,14,4,23]
930903 [3,1,2,5,4]
930903 [3,1,4,6,2,5]
930903 [5,10,12,8,11,3,7,1,9,4,6,2]
653974 [3,4,1,5,2,6]
60557 [1,2,3,4,5,6,7,8,9,10,11,12,13,14,15,16,17]
167867 [2,1,3,5,4]
167867 [4,9,3,10,5,2,7,6,8,1]
174464 [9,2,3,8,1,4,6,7,5]
188389 [2,4,5,9,1,10,7,3,6,8]
188389 [1,5,3,6,4,2]
43932 [5,6,13,1,4,8,11,12,9,3,7,2,10]
43932 [9,8,2,11,5,6,7,3,4,10,1,12]
50692 [1,2,3,4,5,6,7,8,9,10,11,12,13,14,15,16,17,18,19,20,21,22,23,24,25,26,27,28,29,30,31,32,33,34,35,36,37,38,39,40,41,42,43,44,45,46,47,48,49,50,51,52,53,54,55,56,57,58,59,60,61,62,63]
61977 [5,4,3,1,2]
81492 [18,17,29,23,2,15,21,28,20,6,3,5,26,11,16,4,8,27,22,19,1,13,14,24,25,10,12,32,31,7,9,30]
81492 [9,10,6,11,8,13,4,5,7,1,3,2,12]
95507 [3,5,6,7,1,4,2]
261530 [1,6,2,3,5,4]
1157136 [2,1,4,5,9,3,8,10,6,7]
1157136 [3,1,6,4,5,7,2]
1157136 [13,2,22,25,19,12,4,18,23,16,7,15,10,11,24,3,8,17,1,6,5,14,9,20,21]
1157136 [5,2,1,4,3]
43932 [4,10,2,7,6,3,1,5,8,11,9]
43932 [3,1,4,2,5]
43932 [10,1,5,16,13,11,8,6,12,9,7,17,4,2,15,14,3]
44487 [22,16,9,4,13,15,12,6,14,19,1,18,5,2,3,7,20,8,21,11,17,23,10]
124790 [1,2,3,4,5,6,7,8,9,10,11,12,13,14,15,16,17,18,19,20,21,22,23,24,25]
124790 [1,2,3,4,5,6,7,8,9,10,11,12,13,14,15,16,17,18,19,20,21,22,23,24,25,26,27,28,29,30,31,32,33,34,35,36,37,38,39]
366407 [4,1,5,2,3,6]
373598 [5,7,17,3,26,14,8,10,15,1,21,24,6,16,22,11,18,27,4,2,25,12,9,19,20,23,13]
373598 [2,3,9,7,6,1,5,8,4]
373598 [1,3,6,5,2,4]
383378 [12,9,1,13,8,4,6,5,10,14,11,3,2,15,7]
1377811 [8,3,7,1,2,4,5,6]
1377811 [3,11,4,15,17,6,12,1,18,8,5,2,9,10,16,13,7,14]
1377811 [7,8,19,18,5,9,2,10,15,3,1,13,14,12,17,11,16,6,4]
2282798 [10,12,6,8,2,4,5,7,1,3,11,17,14,15,16,9,13]
2282798 [6,19,16,2,21,22,26,20,13,8,27,12,4,23,7,29,15,18,25,31,17,30,5,11,28,1,24,9,3,14,10]
636116 [10,9,7,6,1,11,5,2,3,8,4]
143799 [1,2,3,4,5,6,7,8,9,10,11,12,13,14]
663707 [5,12,9,10,15,2,4,16,7,8,14,11,13,1,6,3]
2267404 [2,7,1,6,5,4,9,8,3]
139350 [3,2,5,7,16,17,4,9,10,15,14,6,12,1,8,11,13,18]
296759 [2,6,3,4,8,7,1,5]
296759 [4,3,1,5,6,2]
309336 [6,8,4,7,1,2,5,3]
309336 [2,5,3,4,1,7,6]
309336 [2,4,5,3,1]
1961735 [6,1,5,4,2,3]
1961735 [11,7,10,12,4,2,5,14,8,9,13,3,1,6]
1961735 [5,6,2,4,1,3]
1961735 [5,7,1,8,2,6,3,4]
2107360 [22,2,9,19,26,18,6,17,14,16,4,23,3,24,11,13,20,15,25,8,1,7,21,10,5,12]
2107360 [5,8,3,9,2,1,7,12,10,4,14,16,6,13,15,17,11]
2107360 [11,4,1,5,10,8,7,2,6,3,9]
390502 [1,2,3,4,5,6,7,8,9,10,11]
392101 [2,3,4,1,5]
335397 [5,2,6,7,11,13,3,16,9,1,10,17,14,8,12,4,15]
335397 [5,6,3,4,9,1,10,11,7,8,2]
335397 [7,8,10,6,1,5,11,3,4,2,12,9]
335397 [5,4,2,3,1]
337540 [19,23,24,1,2,12,22,11,16,6,18,14,13,17,4,7,25,26,3,9,10,5,21,15,20,8]
338752 [4,6,2,3,1,5]
615468 [27,2,23,5,19,11,16,15,10,18,12,9,14,20,24,22,26,7,4,17,28,13,21,25,8,3,1,6]
797194 [2,4,8,12,7,1,10,11,6,9,5,13,3]
797194 [10,9,2,12,6,11,3,4,5,1,7,8,13]
797194 [5,3,4,1,2]
815173 [8,2,4,5,9,3,6,7,1]
815173 [5,6,3,4,7,1,2]
677342 [1,5,3,4,2]
677342 [8,4,6,9,3,2,5,7,1]
677342 [5,14,17,8,11,6,1,10,3,18,13,20,15,19,9,12,16,2,7,4,21]
949107 [6,5,1,3,4,2]
965694 [1,2,3,4,5,6,7,8,9,10,11,12,13,14,15,16,17,18,19,20,21,22,23]
965694 [1,2,3,4,5,6,7,8,9,10,11,12,13,14,15,16,17,18,19,20,21,22,23,24,25,26,27,28,29,30,31,32,33,34,35,36,37,38,39,40,41,42,43,44,45,46,47,48,49,50,51,52,53,54,55,56,57,58,59,60,61,62,63,64,65]
978714 [1,2,3,4,5,6]
2204341 [4,2,6,1,5,3]
458124 [5,7,2,4,6,1,3]
458124 [3,8,1,4,9,6,7,2,5,10]
458124 [5,7,6,3,2,1,4,8,9]
458124 [3,1,2,5,6,4]
458124 [5,3,7,6,10,9,4,2,8,12,1,11]
867679 [2,5,1,3,4]
867679 [4,2,5,3,1]
867679 [22,17,4,25,28,6,16,31,18,11,3,14,26,23,5,1,29,13,20,33,9,7,15,32,8,2,19,21,12,10,30,27,24]
1231230 [1,2,3,4,5,6,7,8,9,10,11,12]
1231230 [1,2,3,4,5,6,7,8,9,10,11,12,13,14,15,16,17,18,19,20,21,22,23,24,25,26,27,28,29,30,31,32,33,34,35,36,37,38,39,40,41,42,43,44,45]
1231230 [1,2,3,4,5,6,7,8,9,10,11]
1231230 [1,2,3,4,5]
1323002 [1,10,13,12,2,6,19,23,8,17,29,16,18,24,21,25,7,14,15,22,4,28,11,20,5,27,26,3,9]
1615937 [4,7,6,10,8,1,3,9,5,2]
1615937 [4,7,2,1,3,5,9,8,6]
1992684 [1,7,3,6,2,4,5,8]
845850 [5,6,2,1,3,4]
845850 [4,5,2,3,1]
845850 [2,12,6,8,7,14,10,13,3,9,4,1,5,11]
845850 [12,1,7,11,9,4,5,3,2,10,6,8]
845850 [1,6,5,9,7,2,11,8,10,3,4]
845850 [1,4,5,2,3]
2261078 [3,5,7,1,6,8,2,4]
2261078 [4,3,5,2,6,1]
1047632 [4,3,8,12,9,10,1,6,2,7,11,5]
1047632 [1,7,3,8,5,4,17,9,6,2,14,11,16,15,12,13,10,18]
1047632 [3,4,6,5,2,1]
1047632 [3,9,1,5,7,4,6,8,2,11,10]
853076 [3,2,5,1,4]
1071529 [8,5,4,6,1,2,7,3]
1081077 [5,1,4,2,6,3]
1081077 [10,3,1,9,4,2,6,7,5,8]
1081077 [15,6,7,2,8,1,14,10,11,4,9,12,13,5,3,16]
944122 [3,5,1,6,4,2]
948803 [1,2,3,4,5,6,7]
1593535 [2,4,3,5,1]
1595250 [4,2,5,3,1]
1122915 [5,1,2,3,4]
839118 [1,16,9,18,5,3,15,11,22,19,20,21,2,14,6,4,13,10,8,17,7,12]
717625 [3,5,4,2,1]
717625 [6,11,7,10,8,1,9,5,3,12,15,16,17,2,4,14,13]
717625 [1,4,6,3,7,2,5]
690924 [8,12,13,15,14,7,4,1,9,5,11,2,3,10,6]
690924 [7,2,3,6,5,1,8,4,9]
690924 [4,7,2,5,6,1,3]
690924 [5,1,9,8,3,4,12,10,6,7,11,2]
715376 [2,3,5,1,4]
705554 [8,15,13,19,23,24,21,10,28,6,38,18,39,20,29,16,30,11,7,1,17,26,36,37,33,32,12,34,25,9,31,2,3,4,14,35,27,22,5]
705554 [5,4,3,6,8,2,1,7]
705554 [2,3,6,5,4,1]
705554 [5,3,13,1,16,15,17,2,18,12,6,14,9,11,7,10,8,4]
705554 [5,7,2,6,3,9,8,4,1]
710166 [1,2,3,4,5,6,7,8]
710166 [1,2,3,4,5,6,7,8,9]
710166 [1,2,3,4,5,6,7,8,9,10,11,12,13,14,15,16,17,18,19,20]
1588015 [1,2,3,4,5,6,7,8]
1588015 [1,2,3,4,5,6]
1360769 [6,1,2,5,3,4]
1369252 [2,6,5,1,4,3]
1377811 [2,3,1,5,4]
1377811 [2,3,1,5,4]
1604401 [5,7,6,3,1,2,4]
1604401 [4,3,1,2,5]
1604401 [2,6,5,8,3,11,4,9,1,10,7]
1604401 [7,3,6,2,5,4,1]
1280135 [2,14,18,19,17,16,15,5,7,12,20,24,4,8,10,21,23,13,6,11,22,1,3,9]
1280135 [5,7,1,3,4,8,2,6]
2289794 [2,1,4,5,3]
2289794 [3,4,2,1,5]
2291343 [2,8,4,1,3,9,6,5,7]
2291343 [6,2,1,3,5,4]
2291343 [4,1,8,3,9,5,7,6,2]
930903 [4,6,8,1,3,7,2,9,5]
935922 [5,7,2,1,8,3,4,6]
935922 [7,4,6,5,3,2,1,8]
935922 [4,5,1,7,2,6,3]
935922 [1,2,3,5,4]
935922 [5,3,6,4,2,1]
935922 [1,4,3,6,5,2]
935922 [4,6,2,5,1,7,3]
978501 [1,2,3,4,5,6,7,8]
978714 [1,2,3,4,5,6,7,8,9,10,11,12,13,14,15,16,17,18,19]
980094 [5,6,2,4,8,3,7,1]
2049698 [3,11,7,10,6,5,8,1,2,4,9]
1505173 [5,6,1,4,3,2,7]
1505173 [2,3,6,1,4,7,5]
1505173 [18,3,14,2,4,13,16,10,1,23,17,6,7,8,21,15,5,19,12,20,11,9,22]
1505173 [5,6,8,2,1,10,4,7,11,9,3]
1505173 [14,19,3,6,10,18,1,9,5,16,2,7,4,13,15,17,11,12,8]
1762880 [12,7,18,5,13,21,32,8,31,10,15,1,25,6,16,19,27,2,30,29,28,14,20,17,3,33,23,24,11,4,22,9,26]
1762880 [3,1,2,4,5,6]
1762880 [11,8,3,13,15,5,4,14,2,6,10,9,16,12,1,7]
1762880 [2,1,9,7,5,4,8,3,6]
1762880 [9,7,4,1,11,12,5,2,10,6,8,3]
1873066 [22,2,1,6,20,18,25,23,4,12,9,5,14,24,21,3,8,19,13,15,7,17,16,11,10]
1873066 [1,7,12,15,16,9,6,3,13,10,2,5,8,4,14,11]
1873066 [8,10,5,6,1,7,2,11,3,4,9]
1687310 [2,8,12,7,3,9,6,11,4,1,10,5]
1687310 [1,2,9,7,11,4,8,10,6,5,12,3]
1769232 [1,2,6,9,4,8,3,7,5]
1783728 [12,42,22,40,25,39,45,34,5,43,20,6,15,47,23,38,3,41,10,48,26,1,36,21,27,44,14,18,16,13,33,17,29,35,9,2,46,24,8,30,37,11,19,28,32,7,4,31]
1561074 [3,2,6,5,4,1]
1561074 [1,5,3,6,4,2]
1692398 [2,4,5,1,6,3]
1701108 [15,4,27,14,17,11,12,21,6,3,5,25,7,19,9,24,2,20,23,18,8,22,26,16,13,28,1,10]
1701108 [17,9,16,11,10,13,18,8,7,4,2,21,20,3,1,19,14,12,15,5,6]
1701108 [1,5,2,4,3]
1701108 [3,5,15,19,2,23,7,4,22,12,11,20,8,10,9,24,16,6,14,13,18,21,1,17]
1703304 [6,3,5,1,4,2]
1373695 [5,3,6,2,8,9,4,1,7]
1373695 [1,16,14,2,18,6,5,8,9,4,13,11,15,10,12,3,7,17]
1373695 [7,9,8,5,4,10,2,1,11,3,6]
1373695 [5,7,4,6,1,2,3]
1373695 [2,1,5,4,6,3,7]
1732429 [12,26,18,4,16,23,14,17,19,11,9,15,10,20,7,24,22,1,3,21,6,2,5,25,13,8]
994227 [1,2,3,4,5]
1035262 [2,15,1,12,11,17,13,8,4,7,19,9,5,10,14,6,16,3,18]
1035262 [20,2,13,17,11,15,18,9,7,16,6,12,4,14,10,19,8,21,3,5,1]
1047632 [10,12,6,14,3,5,13,8,1,2,16,4,9,15,7,11]
1047632 [17,6,16,2,15,12,7,1,11,3,9,10,14,13,4,8,5]
1072326 [8,6,13,10,12,14,15,9,16,3,2,1,5,4,7,11]
1078413 [5,10,9,4,3,12,8,2,6,11,7,1]
1078413 [2,3,1,6,4,5]
1078413 [1,16,17,2,22,20,18,8,13,6,10,19,3,5,21,14,12,4,15,9,7,11]
1081077 [15,18,7,8,10,27,19,33,14,11,31,21,32,36,20,37,17,5,35,34,9,6,28,16,3,29,39,24,38,22,13,23,4,30,25,1,26,2,12]
1090366 [11,14,10,5,15,7,1,4,12,13,8,2,16,9,3,6]
1090366 [4,1,6,8,7,2,9,3,5,10]
1094259 [15,9,6,12,1,10,13,3,7,5,16,2,14,17,8,11,4]
1105810 [7,13,3,6,2,4,9,5,11,1,12,8,10]
1118206 [2,5,6,4,7,1,3]
1143918 [2,5,3,1,7,4,6]
1143918 [3,4,5,1,2]
1157136 [2,4,3,5,1]
1157136 [12,8,11,7,3,13,4,10,14,6,5,1,2,9]
1157136 [14,13,4,3,2,6,12,9,5,7,10,1,16,11,8,15]
1297999 [6,11,9,13,12,7,5,14,2,8,10,1,4,3]
1351092 [1,2,3,4,5,6,7,8,9,10,11,12,13,14,15,16,17,18,19,20,21,22,23,24,25,26,27,28]
1351092 [1,2,3,4,5,6,7,8]
1924396 [1,2,3,4,5,6]
1924396 [1,2,3,4,5,6]
1924396 [1,2,3,4,5,6,7,8,9,10,11,12,13,14,15,16,17]
1924396 [1,2,3,4,5,6,7]
1924396 [1,2,3,4,5,6,7,8]
1924396 [1,2,3,4,5]
1924396 [1,2,3,4,5,6,7,8,9]
2102752 [7,5,8,9,4,2,10,3,1,6]
2108687 [13,21,10,8,3,11,6,16,2,15,20,18,1,7,14,12,9,5,4,19,17]
2110993 [6,1,3,2,8,7,5,4,9]
2110993 [12,2,6,7,1,10,5,8,3,4,9,11,13]
509450 [5,2,1,3,4]
509450 [10,7,11,4,5,6,2,1,8,9,3]
2413234 [3,2,1,4,5]
2413234 [3,5,1,4,2]
2413234 [11,6,15,26,1,25,19,32,23,10,28,33,9,5,18,4,8,27,12,24,2,22,3,20,17,13,30,16,7,31,14,29,21]
2432239 [6,4,5,7,3,1,2]
1664967 [2,7,5,11,6,12,4,8,9,1,10,3]
1665409 [1,2,3,4,6,5]
1665409 [6,1,2,3,5,7,4]
1881817 [1,2,3,4,5,6,7,8,9,10,11,12,13,14]
2345810 [1,2,3,4,5]
2345810 [1,2,3,4,5,6]
767280 [1,2,3,4,5]
1182135 [8,3,4,6,1,2,5,7]
24184 [4,1,5,3,2]
24184 [3,10,1,8,2,5,9,4,6,7]
32222 [6,2,1,4,7,5,3]
32222 [8,2,7,1,10,9,4,3,5,6]
32222 [7,6,2,5,3,9,8,4,1]
32222 [2,1,5,4,3]
32222 [10,3,1,7,5,9,6,2,8,4]
32222 [5,3,4,2,1]
32222 [1,9,11,8,6,7,4,10,2,5,3]
32222 [1,3,5,6,7,4,2]
32222 [16,4,28,26,13,22,18,25,23,9,8,7,2,31,3,11,12,1,29,10,14,30,15,5,17,6,21,24,27,19,32,20]
32222 [1,3,4,5,2,11,8,9,7,6,10]
32222 [5,2,6,4,3,1]
41618 [1,2,3,4,5,6,7,8,9]
41618 [1,2,3,4,5,6,7,8,9,10,11,12,13,14,15,16,17,18,19,20]
50692 [1,2,3,4,5,6,7,8,9]
50692 [1,2,3,4,5,6,7]
60557 [1,2,3,4,5,6,7,8,9,10,11,12,13,14,15,16,17,18,19,20]
118159 [1,2,3,4,5]
118159 [1,2,3,4,5,6,7,8]
118159 [1,2,3,4,5,6]
119480 [1,3,5,6,4,7,2]
137963 [3,6,5,1,2,4]
137963 [5,2,7,1,6,3,4]
137963 [5,2,6,1,4,7,3]
174464 [12,5,2,6,7,10,15,11,16,3,1,4,9,14,13,8]
174464 [6,4,7,2,1,5,3]
194623 [6,5,2,1,3,4]
206251 [9,6,1,10,7,11,8,3,5,4,2]
564256 [20,21,8,19,7,14,10,17,22,2,5,9,11,12,18,23,1,15,4,6,3,13,16]
564256 [12,13,5,9,8,4,10,11,3,2,7,6,1]
581272 [1,2,3,4,5,6,7,8,9,10,11,12,13,14]
620068 [2,5,1,4,3]
2236439 [4,6,2,7,3,5,1]
2236439 [3,5,4,7,2,10,8,9,1,6]
2236439 [10,8,16,5,2,3,6,15,4,12,18,19,17,1,11,14,13,7,9]
2242311 [9,4,5,3,2,6,7,1,8]
2242311 [4,2,5,3,9,1,6,7,8]
2242311 [10,3,1,8,7,11,9,4,5,2,6]
2242311 [17,12,10,1,4,9,7,18,6,14,8,2,15,13,3,11,5,16]
2242311 [2,3,4,1,6,5]
2242311 [8,11,12,2,1,10,6,5,4,3,9,7]
2242311 [5,1,7,4,2,3,10,9,12,8,11,6]
2422795 [4,6,2,7,5,1,3]
2422795 [2,7,3,5,4,1,9,6,8]
2430015 [19,20,11,13,21,5,7,9,4,14,17,3,1,16,8,12,22,18,10,15,6,2]
2439350 [23,27,15,12,25,28,16,4,6,9,8,17,2,24,7,22,14,11,21,26,5,1,10,19,18,20,3,13]
2498205 [14,16,6,10,15,13,11,3,4,7,18,17,9,5,1,2,8,12]
2498205 [4,5,1,2,3]
2498205 [3,5,4,1,2]
2498205 [10,19,14,28,3,7,27,6,11,17,21,18,20,4,8,15,24,13,23,16,2,9,5,22,26,12,25,1]
2107360 [3,5,1,6,2,4]
2107360 [17,22,1,7,12,20,3,21,15,9,13,4,16,2,5,18,6,8,23,14,19,10,11]
2107360 [14,5,8,3,6,10,9,11,12,2,7,1,13,4]
2107360 [2,10,4,8,9,7,5,1,6,3]
2094831 [1,2,3,4,5,6,7,8,9,10,11,12,13]
2101786 [6,4,5,2,3,1,7]
2101786 [7,5,3,10,8,1,4,6,2,9]
2101786 [3,5,1,2,4]
2101786 [8,14,11,12,2,3,10,4,13,16,9,7,6,15,5,1]
2105927 [5,2,1,4,3]
2105927 [5,3,7,4,2,1,8,6]
2105927 [7,2,4,6,8,3,9,5,1]
2105927 [6,11,13,1,15,9,2,16,12,8,7,10,4,5,3,14]
2105927 [10,25,15,8,24,7,14,16,17,9,21,4,20,12,19,2,22,23,1,13,6,18,3,5,11]
2105927 [6,3,5,2,4,1]
859415 [6,11,3,14,9,5,17,7,8,10,4,15,16,1,2,13,12]
1206044 [6,3,2,4,7,5,1]
1206044 [7,2,3,8,4,5,1,6]
1206044 [3,5,2,6,9,1,8,4,7]
2553426 [2,5,4,3,1]
2553426 [1,3,4,5,2]
2553426 [2,6,1,4,5,3]
2553426 [4,1,3,5,2]
2579603 [5,7,4,2,6,1,3]
2583035 [1,7,6,2,4,5,3]
2583035 [1,3,2,5,4,6]
2583035 [2,3,1,5,4]
1810529 [1,6,2,4,5,3]
1810529 [5,2,4,3,1,8,9,10,6,7]
1810529 [5,2,1,4,6,3]
2581162 [5,2,4,1,3]
2581162 [16,7,4,5,11,10,14,15,2,8,1,9,3,6,13,12]
1924396 [1,2,3,4,5,6]
1924396 [1,2,3,4,5,6,7,8]
1924396 [1,2,3,4,5,6,7,8,9,10,11,12,13,14,15,16,17,18,19,20,21]
1924396 [1,2,3,4,5,6,7,8,9,10,11]
1924396 [1,2,3,4,5,6,7]
1924396 [1,2,3,4,5,6,7,8,9,10,11,12,13,14,15]
2451375 [1,2,3,4,5,6,7,8,9]
1090366 [5,15,8,7,14,2,3,1,10,9,13,4,6,12,11]
1473460 [4,5,6,2,1,3]
2027502 [2,3,4,1,5,6]
2027502 [7,1,2,6,4,15,12,13,3,11,10,14,5,8,9]
2027502 [6,3,2,1,4,5,7]
978714 [1,2,3,4,5,6,7,8,9,10,11,12,13,14,15,16,17,18,19]
978714 [1,2,3,4,5,6,7,8,9,10,11,12,13]
978714 [1,2,3,4,5,6,7,8,9,10,11,12,13,14,15,16,17]
978714 [1,2,3,4,5,6,7]
980498 [5,1,6,3,7,4,8,2]
980498 [4,2,3,6,8,5,1,9,7]
1033225 [5,4,2,7,3,6,8,1]
1033225 [11,13,9,8,2,6,10,3,4,12,7,1,5]
1086656 [2,3,4,5,1]
1090366 [7,9,5,3,8,2,1,4,6,11,10]
1090366 [11,1,4,9,6,12,3,14,2,7,8,10,13,5]
1104073 [2,11,26,5,13,8,1,3,12,21,20,27,7,4,10,15,24,22,17,18,19,25,6,16,14,9,23]
1104073 [3,2,1,4,6,5]
1104073 [1,5,7,2,6,4,3]
1104073 [2,7,13,9,16,15,10,1,12,6,4,3,8,17,14,11,5]
1139265 [4,3,5,2,1,6]
1153721 [1,2,3,4,5,6,7,8,9]
1153721 [1,2,3,4,5,6,7,8]
1153721 [1,2,3,4,5,6,7,8,9,10,11,12]
1153721 [1,2,3,4,5,6]
1167004 [7,3,6,2,9,5,4,8,1]
1167004 [4,7,3,2,6,5,1]
812299 [5,3,2,1,4]
812299 [7,10,5,4,3,1,8,9,6,2,11]
812299 [9,5,3,1,4,2,7,6,8]
812299 [7,8,3,4,6,1,2,5]
815272 [1,2,8,10,5,3,4,6,9,7]
1734750 [6,7,2,1,5,4,3]
1734750 [7,2,9,3,10,8,6,4,1,5]
1734750 [1,3,2,4,5]
1785149 [6,3,4,7,1,5,2]
1785149 [13,5,7,10,2,3,9,4,12,14,8,1,11,6]
1785149 [5,13,10,14,11,18,12,9,3,2,16,6,7,1,17,15,8,4]
1785149 [7,9,2,5,6,3,10,4,8,1]
1785149 [4,1,11,3,9,6,13,14,7,10,15,2,5,8,12]
1785149 [2,28,20,12,4,15,24,9,27,6,10,3,8,13,17,1,23,5,7,18,14,26,25,21,19,22,16,11]
1799180 [5,4,7,9,1,8,3,2,6]
1799180 [6,5,4,1,3,2]
1806363 [2,1,3,5,4]
1811637 [16,14,20,17,19,15,26,13,8,9,3,28,1,23,2,6,12,27,18,24,11,10,4,5,25,22,7,21]
1744285 [4,10,5,1,7,9,2,6,11,8,3,12]
1886898 [5,7,10,11,6,1,4,8,13,12,9,14,2,3]
1886898 [3,8,11,9,5,1,6,4,7,10,2]
2490102 [2,1,5,3,6,4]
2490102 [4,2,7,3,1,6,5]
350265 [4,2,3,1,5]
350265 [15,10,9,5,12,14,16,17,3,8,2,6,4,13,1,7,11]
350265 [6,2,1,5,7,4,3]
350265 [8,3,4,6,5,7,1,2]
350265 [3,1,2,5,4]
350265 [4,5,6,3,2,1]
350265 [4,6,5,2,1,3]
350265 [7,15,14,4,13,11,1,9,12,5,6,3,2,10,8]
354032 [7,10,1,3,4,11,5,8,12,2,9,6,13]
354032 [2,4,3,5,1]
373598 [2,3,1,4,5]
394345 [2,6,11,9,12,5,7,10,1,3,13,4,8]
416399 [5,1,2,6,3,4]
416399 [6,5,1,2,8,9,7,4,3]
420668 [3,2,6,5,4,1]
420668 [4,8,7,3,1,2,5,6]
425689 [3,9,24,14,23,18,13,12,2,6,5,22,17,4,15,16,7,19,8,10,1,21,20,11]
425689 [5,4,3,2,1]
425689 [2,23,20,12,9,15,16,17,25,11,6,24,18,8,19,26,7,14,21,22,5,10,13,4,1,27,3]
425689 [41,7,14,3,19,26,15,44,39,47,32,8,36,12,34,2,43,5,23,40,33,16,27,22,46,37,18,45,29,6,28,31,25,1,20,9,35,17,11,13,42,49,21,38,10,30,48,24,4]
425689 [27,33,26,17,31,15,32,22,11,25,3,23,1,29,12,5,24,18,9,13,10,4,19,30,34,20,28,35,14,21,16,7,2,8,6]
425689 [2,1,4,6,3,5]
425689 [10,1,6,5,4,2,11,7,3,8,9]
425689 [8,9,6,3,2,10,5,1,7,4]
425689 [7,2,3,6,1,4,5]
425689 [8,2,22,28,13,5,32,21,7,9,14,10,4,27,12,29,6,18,3,17,11,31,19,24,25,15,20,1,26,30,23,16]
448134 [2,3,5,1,4]
448134 [7,46,33,42,3,23,28,15,37,27,36,19,30,10,21,47,34,35,16,2,40,31,38,8,48,12,17,49,41,1,29,44,4,45,18,50,32,13,24,25,26,43,14,39,22,5,6,9,20,11]
448134 [9,8,2,7,5,4,6,1,3]
469460 [14,6,12,11,4,8,7,3,1,10,5,9,13,2]
751626 [18,13,6,5,3,2,8,17,14,21,4,9,10,11,20,7,12,16,15,19,1]
751626 [9,2,3,1,8,4,5,7,6]
757408 [2,1,3,4,5,6]
793625 [1,2,3,4,5]
818399 [1,13,3,14,6,18,11,7,10,12,4,8,2,16,15,5,17,9]
839118 [3,6,5,4,2,1]
856313 [10,5,12,9,13,2,15,7,4,8,3,6,1,11,14]
856313 [2,4,8,10,5,6,1,9,3,11,7]
856313 [8,1,10,3,7,2,17,4,16,6,5,11,9,15,14,13,12]
856313 [13,4,3,6,11,7,1,12,10,9,2,5,8]
2242311 [3,1,4,12,10,2,6,9,5,14,13,8,7,11]
2242311 [16,2,3,14,17,9,18,19,4,12,5,10,11,13,6,8,15,7,1,20]
2291746 [1,2,3,4,5,6,7]
2291746 [1,2,3,4,5,6,7,8,9,10,11,12,13,14,15,16,17,18]
2291746 [1,2,3,4,5,6,7,8,9,10,11,12,13,14,15,16]
2291746 [1,2,3,4,5,6,7]
2291746 [1,2,3,4,5,6,7,8,9,10]
2291746 [1,2,3,4,5]
2291746 [1,2,3,4,5,6,7,8,9,10,11,12,13,14,15,16,17,18,19,20]
2326529 [3,4,5,6,1,2]
2326529 [5,1,4,3,2]
2342077 [8,16,12,15,27,34,1,14,31,18,5,21,3,19,2,23,20,17,11,32,35,9,13,7,22,36,28,29,30,25,24,33,6,26,10,4]
2370275 [21,9,7,6,10,11,20,15,18,22,3,4,14,19,17,16,12,2,13,1,8,5]
2370275 [3,2,7,1,11,8,10,6,9,4,5]
2414221 [6,5,2,4,1,3]
2414221 [9,7,2,5,3,4,1,8,6]
2386307 [6,9,5,1,2,4,3,8,7]
2403084 [1,2,3,4,5,6,7,8]
1439546 [5,1,4,2,3]
1486349 [3,2,7,9,6,1,5,4,10,8]
1498918 [18,19,17,2,16,1,10,11,14,4,3,5,9,7,6,13,20,15,12,8]
1498918 [1,2,3,4,5]
1534975 [1,2,3,4,5,6]
1563464 [1,5,4,2,3,6]
1563464 [6,3,9,7,4,1,2,8,10,5]
1563751 [9,15,3,7,1,13,17,2,4,16,10,8,14,12,18,5,19,6,11]
1563751 [4,2,3,1,6,5]
1563751 [12,10,37,27,36,3,32,22,25,19,9,29,15,8,17,7,30,39,6,5,28,21,31,1,35,16,20,40,14,13,33,26,24,11,2,38,23,34,18,4]
1552171 [10,7,11,15,22,1,24,9,6,12,2,21,13,20,19,17,25,14,4,8,3,16,18,23,5]
1604401 [5,12,6,11,4,7,9,3,1,10,2,8]
1604401 [5,3,1,2,4]
335429 [3,4,5,1,2]
335429 [27,14,16,15,22,23,5,25,13,18,10,2,9,21,7,19,11,8,20,17,12,3,24,6,1,4,26]
335429 [8,4,5,7,2,1,9,3,6]
335429 [10,15,18,3,13,20,14,16,19,5,6,8,12,1,7,4,11,9,2,17]
338752 [3,1,4,6,5,2]
338752 [5,2,6,1,3,4]
1552171 [7,1,2,4,5,3,6]
1558309 [1,4,2,7,6,5,3]
1558309 [11,9,2,1,5,7,8,4,6,12,3,10,15,14,13,16]
1558309 [2,6,4,5,3,8,1,7]
1567444 [2,4,3,5,1]
1572176 [1,2,3,4,5,6,7,8,9,10,11,12,13,14,15,16,17,18,19,20,21,22,23,24,25,26]
1572176 [1,2,3,4,5,6,7,8]
1579040 [4,5,2,3,1]
1595250 [13,7,9,6,16,8,1,2,5,10,12,17,15,4,14,3,11]
1686996 [20,9,19,8,16,18,7,1,10,13,14,12,4,6,3,15,17,2,5,11]
1692398 [4,3,5,6,2,1,7]
1654428 [10,1,4,5,8,11,3,12,6,13,2,9,7]
1657590 [10,3,1,17,19,5,11,13,15,21,2,12,16,9,18,6,4,7,20,8,14]
1657590 [2,5,3,1,4]
1657590 [2,5,1,4,3]
81492 [16,20,18,38,10,28,7,21,37,31,9,33,43,30,44,15,36,34,11,26,19,2,8,23,17,12,29,22,42,4,25,5,3,13,6,24,1,14,35,32,39,27,41,40]
81492 [2,1,4,5,3]
81492 [3,11,12,9,4,6,2,1,13,10,7,8,5]
81492 [4,2,3,1,6,7,5]
81492 [19,30,8,16,31,11,9,13,23,18,17,22,7,21,14,32,12,1,2,26,25,3,20,29,4,15,10,6,27,5,28,24]
340170 [3,2,5,1,4]
425689 [3,5,2,1,6,4]
425689 [10,11,8,7,1,6,3,5,9,13,2,4,12]
425689 [1,4,3,2,5]
750497 [13,9,12,7,4,11,14,2,6,10,1,3,8,5]
935922 [10,13,8,15,4,1,21,24,17,23,19,6,7,14,5,20,25,11,3,26,2,16,18,9,22,12]
935922 [2,16,10,23,6,19,3,11,13,22,12,18,21,24,14,9,4,7,1,15,20,5,8,17]
1143249 [1,2,3,4,5,6,7,8,9]
1143249 [1,2,3,4,5,6,7,8,9]
1143249 [1,2,3,4,5]
1143249 [1,2,3,4,5,6,7,8]
1143249 [1,2,3,4,5,6,7,8,9,10,11,12,13,14,15,16]
1143249 [1,2,3,4,5,6,7,8]
1143249 [1,2,3,4,5,6,7,8,9,10]
1143249 [1,2,3,4,5,6,7,8,9,10]
1762623 [4,1,11,6,2,7,12,8,3,10,9,5]
1762623 [5,2,1,6,3,4]
1762623 [7,19,17,1,8,13,14,5,10,18,4,3,11,6,2,12,9,15,16]
1956329 [6,1,11,8,2,4,9,5,3,10,7]
2053307 [7,8,12,2,6,4,9,10,11,1,5,3]
1520051 [1,2,3,4,5,6,7]
2291746 [1,2,3,4,5,6,7,8,9,10,11,12,13,14,15,16,17,18,19,20,21,22,23,24,25,26,27,28,29,30,31,32,33,34,35,36,37,38,39,40,41,42,43,44,45,46]
2291746 [1,2,3,4,5,6,7,8,9,10,11,12,13]
2318116 [1,2,5,3,6,4]
2318116 [3,5,1,4,2]
2318116 [9,5,3,8,7,4,2,6,1]
1309075 [37,1,33,17,11,20,31,19,15,32,13,30,4,16,34,29,28,2,14,3,25,10,27,21,24,6,22,35,5,12,7,38,9,39,23,18,8,36,26]
1318614 [9,3,6,4,5,7,11,13,2,12,8,1,10]
1318614 [1,7,3,14,11,15,2,5,8,6,13,12,9,4,10]
1318614 [3,5,1,2,8,7,6,4]
1318614 [3,1,5,8,9,2,4,6,7]
1318614 [1,2,3,10,5,9,4,7,11,8,6,12]
1318614 [9,6,10,5,8,12,1,11,4,2,7,3]
1318614 [2,6,4,3,1,5,7]
1318614 [13,2,7,4,16,3,6,9,8,1,14,15,10,12,11,5]
1318614 [3,7,6,4,2,8,1,9,5]
1318614 [10,2,4,5,7,9,6,1,8,3]
1318614 [5,6,3,4,1,2,7]
1318614 [1,4,3,10,7,2,6,8,5,9]
1318614 [6,2,7,5,9,3,1,8,4]
1542939 [12,5,1,6,8,2,3,9,10,7,4,11]
182074 [10,18,9,3,2,21,17,7,20,11,8,19,4,12,6,14,1,13,5,15,16]
210846 [1,4,2,3,6,5]
839118 [4,3,5,1,2]
645703 [21,2,16,8,14,20,5,9,1,23,24,19,15,6,7,29,25,26,3,22,13,18,27,11,4,10,17,12,28]
1438316 [17,1,8,4,6,14,3,7,18,16,10,9,13,2,11,19,5,12,15]
1438316 [1,2,4,3,6,5]
1438316 [3,1,4,6,5,2]
2221814 [4,2,3,1,6,5]
2221814 [5,9,6,7,4,3,8,2,10,1]
2221814 [2,4,1,5,3]
2221814 [2,3,6,5,4,1,7]
2236439 [36,5,6,4,19,12,26,13,23,1,38,28,34,15,29,7,18,30,8,27,37,32,20,2,11,25,24,21,35,10,16,3,33,22,9,14,31,17]
2236439 [3,5,7,1,6,2,4]
2238657 [1,6,5,3,2,4]
2238657 [3,7,4,6,1,2,5]
2238657 [1,10,15,5,14,13,16,19,18,4,17,6,12,2,3,20,8,9,7,11]
2242311 [7,9,2,8,5,6,3,1,4]
2246162 [3,9,7,4,2,8,11,5,1,10,6]
2259512 [7,8,2,6,9,1,5,4,11,10,3]
2259512 [1,2,6,10,4,11,5,3,7,9,8]
2272218 [1,2,3,4,5,6,7,8]
2272218 [1,2,3,4,5,6,7]
2364120 [1,2,3,4,5,6,7,8,9,10,11,12,13,14,15,16,17,18]
2364120 [1,2,3,4,5,6,7,8,9,10,11,12,13,14,15,16,17,18,19,20,21,22,23,24,25,26,27,28,29,30,31,32,33,34,35,36,37,38,39,40,41,42,43,44,45,46,47,48]
2405882 [3,15,26,48,39,54,12,47,36,35,7,45,1,40,53,2,22,42,46,51,25,20,16,24,43,18,27,44,29,49,9,41,23,5,33,30,10,17,21,31,13,6,19,11,8,14,4,28,32,34,50,37,52,38]
2405882 [2,11,9,17,3,19,20,18,10,8,16,13,6,21,5,14,7,15,1,4,12]
19181 [1,5,2,3,4]
43932 [6,2,5,4,1,3]
43932 [4,9,5,3,13,1,10,2,6,12,7,8,14,11]
43932 [5,6,4,9,1,2,7,8,3]
43932 [22,15,19,20,14,3,5,17,6,26,1,29,2,31,27,28,32,10,24,33,12,13,16,18,25,23,21,9,11,4,30,7,8]
67434 [7,4,2,5,1,3,6]
25809 [1,2,5,3,4]
25809 [4,2,1,5,6,3,7]
25809 [1,4,3,5,2]
25809 [7,8,16,2,5,17,1,10,12,9,13,3,4,14,11,15,6,18]
25809 [2,4,1,5,3]
25809 [7,3,1,2,5,8,9,4,6]
25809 [1,3,4,2,5]
95507 [16,17,13,3,9,10,14,15,12,11,5,1,6,7,8,2,4]
122958 [7,8,1,4,2,5,14,12,3,11,10,6,9,13]
122958 [3,5,10,16,13,11,15,9,4,2,8,17,6,7,14,12,1]
122958 [2,5,4,3,6,1]
122958 [7,3,8,4,5,6,2,1,9]
122958 [7,6,8,9,5,3,4,1,2]
127405 [1,2,3,4,5,6,7]
127405 [1,2,3,4,5]
127405 [1,2,3,4,5,6]
127405 [1,2,3,4,5,6]
168638 [6,2,3,1,7,4,5]
402756 [5,4,3,1,2]
402756 [1,3,5,2,4]
631807 [6,5,3,1,4,2]
1439546 [8,5,7,2,3,6,1,4,9,10]
1439546 [6,3,8,7,5,1,9,2,4]
1449688 [4,10,8,2,7,11,3,5,6,1,9]
1449688 [5,4,1,2,3,7,6,9,8]
1467043 [2,5,1,4,3,6]
1512064 [15,16,3,9,4,8,1,2,10,14,6,13,7,12,5,11]
1512064 [16,13,7,6,4,14,2,11,1,8,15,3,9,10,12,5]
1514088 [5,4,6,3,1,7,2]
1514088 [4,5,1,3,2]
2415367 [6,8,7,5,3,2,1,4]
2553426 [7,3,1,2,6,4,5]
2553426 [1,3,6,2,4,5]
2553426 [1,4,8,2,3,5,6,7]
1353550 [21,5,14,9,8,20,19,15,11,3,18,12,1,10,7,6,4,16,13,17,2]
1375689 [2,7,3,6,1,5,4]
1375689 [18,12,4,11,16,6,5,13,10,2,7,8,14,17,1,9,3,19,15,20]
850590 [12,11,1,24,18,15,8,2,20,33,14,29,10,16,23,34,28,22,9,31,30,7,32,21,25,3,19,26,17,13,27,35,6,5,4]
850590 [7,5,6,9,8,10,11,1,12,4,3,2]
850590 [1,4,3,2,5]
1041212 [1,2,3,4,5,6]
1041212 [1,2,3,4,5]
1073931 [5,1,3,6,4,2]
1074381 [1,2,3,4,5,6,7,8,9]
1074895 [1,4,5,3,2]
1074895 [18,10,14,24,6,31,9,22,21,25,11,4,29,26,13,15,3,23,32,2,1,20,16,30,7,12,17,5,8,27,33,28,19]
1078413 [51,18,41,12,32,10,23,13,39,44,4,50,11,9,14,45,31,1,19,28,16,25,37,5,36,48,7,27,2,30,42,24,6,15,33,49,35,17,29,22,46,3,8,34,38,20,21,47,40,43,26]
1078413 [4,6,1,8,9,3,5,7,2]
1090317 [2,8,4,5,3,1,6,7]
1090317 [2,9,3,8,5,7,4,6,1]
1108879 [10,14,5,3,1,7,11,2,4,12,8,13,6,9]
1108879 [3,4,1,2,5,6]
1108879 [11,2,7,13,16,1,4,10,8,15,14,18,3,6,17,5,9,12]
1108879 [3,9,6,1,11,4,13,8,10,7,12,2,5]
1108879 [3,4,2,6,5,7,1]
1108879 [16,13,21,18,20,15,4,5,22,12,14,2,10,19,9,3,1,8,6,11,7,17]
1108879 [3,4,5,2,1]
1108879 [16,3,5,6,11,10,14,15,1,8,12,9,4,13,2,7]
1108879 [6,3,9,2,5,11,12,8,7,10,1,4]
1108879 [5,2,1,3,8,9,4,6,7]
1108879 [2,9,10,1,5,7,8,3,4,6]
1108879 [6,5,3,4,1,2,8,10,9,7,11]
1118206 [3,4,5,1,2]
1118206 [3,5,4,1,2]
2267404 [13,7,9,3,1,2,14,6,11,5,12,10,8,4,15]
2284135 [1,2,3,4,5,6]
1269670 [4,2,5,1,3]
1269670 [1,4,3,6,2,5]
1259188 [6,2,9,1,4,8,3,5,10,7]
1383987 [3,2,5,1,4]
1486349 [1,2,3,5,4]
2415367 [6,7,3,5,4,1,2]
2415367 [8,6,3,5,2,7,4,1]
2415367 [8,6,13,11,10,4,3,7,5,2,9,1,12]
2415367 [4,6,1,2,5,3]
51752 [11,2,9,1,4,8,3,7,14,12,5,6,10,13]
51752 [10,8,7,2,14,3,1,6,9,13,5,4,11,12]
51752 [7,4,18,17,5,2,15,8,14,1,9,12,19,10,11,3,16,6,13]
210846 [6,1,4,3,5,2]
450577 [5,2,3,7,1,4,6]
463733 [4,6,9,2,10,5,3,8,11,7,1,12]
463733 [4,12,11,6,13,14,5,7,15,2,1,8,9,3,10]
808364 [14,26,7,12,29,25,27,17,9,1,10,21,2,19,15,4,22,16,6,24,3,18,13,11,8,20,5,28,23]
900378 [8,5,1,2,3,6,7,4]
1206044 [4,1,5,6,2,3]
1206044 [6,2,8,7,9,4,5,1,3]
1368005 [9,13,3,10,5,6,2,1,12,7,8,11,4]
2020878 [9,6,7,4,5,1,3,8,2]
2020878 [4,8,5,10,7,3,1,6,9,2]
2021126 [5,9,4,10,2,6,1,3,7,8]
2031993 [4,5,6,1,7,10,11,3,8,9,2]
2031993 [9,16,11,5,6,3,1,14,10,17,15,7,2,8,18,13,12,4]
2031993 [15,10,5,6,14,4,12,8,3,9,7,2,13,11,1]
2069966 [6,8,1,4,3,2,5,7,9]
2069966 [5,9,3,4,13,12,11,7,8,1,6,10,2]
2099271 [2,17,3,9,5,10,6,11,14,7,8,12,16,15,1,13,4]
2099271 [4,2,1,3,5]
2099271 [2,5,3,1,4]
2099271 [3,5,4,1,2]
2099271 [2,3,1,4,5]
2099271 [6,3,5,1,4,2]
777348 [3,2,5,4,1]
777348 [7,3,6,1,5,2,4]
777348 [5,3,2,4,1,6]
815173 [23,9,20,12,8,13,18,11,3,15,1,4,21,2,17,22,19,6,5,10,14,16,7]
837782 [10,1,12,11,3,14,5,2,8,7,9,13,15,6,4]
837782 [5,4,13,14,2,1,7,12,10,6,3,11,9,8]
837782 [2,4,3,1,5]
2126801 [1,2,3,4,5]
2129565 [24,23,12,28,10,15,21,4,2,9,22,1,17,29,18,13,7,8,14,5,25,20,6,19,16,26,11,3,27]
2129565 [6,4,9,2,15,12,13,16,17,1,10,19,7,14,5,3,20,18,8,11]
2177426 [5,1,3,2,4]
2177426 [5,8,3,9,2,1,7,4,6,10]
842691 [6,7,4,3,5,8,1,2]
893182 [3,4,5,2,1]
922256 [3,2,5,4,1,6]
922256 [12,10,2,9,5,8,6,7,3,11,1,4]
922256 [11,23,4,20,10,1,7,22,13,3,18,19,5,2,8,14,17,27,21,12,9,26,25,24,16,15,28,29,6]
922256 [7,6,13,1,14,15,9,5,3,8,4,12,11,2,10]
930903 [5,3,1,9,8,6,2,7,4]
2471516 [4,6,2,7,1,5,8,3]
2471516 [8,6,1,9,3,4,5,7,10,2,11]
2490461 [1,2,3,4,5,6]
2466068 [1,2,3,4,5,6,7,8,9,10,11,12,13,14,15,16,17,18,19,20,21,22,23,24,25]
2466068 [1,2,3,4,5,6,7,8,9]
2505050 [8,12,1,5,11,13,9,14,2,4,7,3,16,15,6,10]
2528780 [1,2,4,5,3,6,7]
839118 [8,7,1,4,2,9,5,6,3]
839118 [9,2,4,6,10,5,7,1,8,3,11]
839118 [3,4,1,2,5]
839118 [1,3,5,2,4,6]
1308113 [2,1,5,3,4]
1308113 [8,7,9,4,1,5,6,3,2]
1377811 [3,2,6,1,4,7,5]
1377811 [9,11,15,8,5,12,18,10,4,16,14,17,7,3,13,6,2,1]
1377811 [9,18,15,8,16,13,5,2,4,6,1,11,14,12,10,17,3,7]
1377811 [10,13,8,11,21,14,9,15,19,3,12,16,7,6,1,2,20,18,17,5,4]
1377811 [9,10,7,2,11,4,3,8,1,5,6,13,12]
1377811 [3,1,9,7,6,5,8,4,2]
1377811 [5,6,2,4,1,3]
1579040 [2,5,1,4,3]
1579040 [7,1,8,9,5,3,6,2,4]
1664974 [9,5,10,8,7,3,6,4,2,1]
1810529 [11,8,12,5,3,10,4,7,2,13,6,9,1]
1810529 [9,14,3,11,12,6,5,2,10,4,8,13,1,7]
1810529 [1,5,4,3,6,2]
1810529 [5,2,7,6,3,4,1]
2053307 [4,3,2,5,1]
2053307 [8,4,10,1,2,9,6,5,11,3,7]
2053307 [3,1,8,2,15,13,9,14,6,11,12,7,10,5,4]
2053307 [10,2,14,11,13,12,9,4,5,8,3,6,7,1]
2053307 [14,6,13,3,4,9,12,8,7,1,10,11,2,5]
755981 [6,7,11,2,13,5,8,1,10,9,12,3,4]
755981 [6,3,1,2,4,5]
808364 [4,6,1,5,3,2]
808364 [3,6,10,11,2,7,1,9,5,8,4]
1331272 [1,3,2,5,7,6,4]
1594652 [3,10,8,9,7,2,5,1,6,4]
1594652 [2,6,8,10,4,3,7,9,5,11,1]
1594652 [2,1,6,10,15,12,13,5,18,9,11,8,7,17,19,20,4,14,3,16]
1594652 [12,5,1,9,7,10,15,14,11,4,2,8,13,3,6]
1594652 [9,1,11,20,5,6,18,13,17,4,2,15,3,10,12,19,8,7,14,21,16]
1594652 [8,1,6,4,5,3,7,2]
1594652 [18,12,7,25,10,4,21,23,22,28,20,27,8,6,3,15,13,5,19,11,1,17,24,9,16,14,26,2]
1744238 [13,14,4,11,10,9,2,3,8,6,15,12,7,1,5]
1744238 [1,4,2,6,5,3]
1744285 [6,5,1,3,4,2,8,7]
1754583 [3,8,4,10,9,6,5,7,1,2]
2326725 [55,22,1,10,7,30,14,32,48,6,31,11,36,18,46,19,50,34,38,5,43,42,9,45,3,37,15,23,28,41,56,2,35,27,24,51,4,17,54,8,47,49,53,25,13,26,44,20,52,29,40,16,33,39,21,12]
2420256 [5,3,2,1,4]
1245658 [1,2,3,4,5,6,7]
1245658 [1,2,3,4,5]
1245658 [1,2,3,4,5]
1245658 [1,2,3,4,5,6,7]
1245658 [1,2,3,4,5,6]
1245658 [1,2,3,4,5,6,7,8,9,10,11,12,13,14,15,16,17]
1300554 [5,3,1,8,4,7,6,2]
2345810 [1,2,3,4,5,6,7,8,9]
2347213 [10,5,15,19,8,4,7,14,20,18,17,9,11,3,12,13,6,1,16,2]
2455851 [5,1,3,2,4]
2455851 [16,13,4,2,3,5,18,11,1,15,14,19,20,12,6,9,10,17,8,7,21]
2489496 [9,4,2,1,7,3,5,6,8]
2489496 [4,27,34,16,19,26,20,32,12,30,24,22,9,8,23,25,14,18,28,3,5,33,21,1,6,11,29,31,10,13,17,2,7,15]
2489496 [1,2,3,4,5]
1368005 [3,6,1,2,5,4]
1744238 [1,5,3,2,4]
1744238 [2,15,11,5,14,7,4,6,12,13,3,8,9,16,10,1]
1744238 [18,12,3,21,11,7,14,16,10,13,15,6,5,19,4,1,2,17,20,8,9]
1744285 [2,6,5,4,1,7,3]
1856951 [3,5,1,4,2,6]
1856951 [20,13,12,18,5,4,1,8,2,3,17,6,24,23,11,22,15,19,21,7,16,9,14,10]
1856951 [4,7,1,5,3,2,6]
1856951 [4,9,7,14,1,5,8,6,13,11,12,10,3,2]
1856951 [2,4,3,6,5,1]
1856951 [3,1,5,2,4,7,6,8]
1907146 [14,7,1,6,5,12,9,8,3,13,10,2,4,11]
1907146 [1,8,11,14,12,4,6,9,13,2,3,7,10,5]
1481473 [3,7,5,8,4,6,1,2,9]
1542939 [5,1,2,6,3,4]
1572740 [8,3,11,6,2,12,10,20,9,18,7,21,5,19,1,13,16,4,23,14,22,17,15]
1647768 [15,7,13,4,10,16,3,1,11,12,2,5,8,6,14,9]
1654428 [24,20,5,26,15,7,2,13,8,18,35,14,31,17,34,12,16,23,9,19,21,6,10,29,1,33,27,30,25,28,3,32,11,4,22]
1688620 [5,1,4,2,3]
1862788 [26,3,9,13,12,15,30,21,16,1,31,40,4,32,44,28,27,23,11,24,43,19,29,6,22,2,17,8,18,38,20,10,7,35,42,34,33,36,25,39,37,5,14,41]
1863380 [1,2,3,4,5,6,7,8,9,10,11,12,13,14,15,16,17,18,19,20,21,22,23,24,25,26,27,28,29,30,31,32,33,34,35,36,37,38,39]
1863380 [1,2,3,4,5,6]
1863380 [1,2,3,4,5]
1863380 [1,2,3,4,5,6]
1863380 [1,2,3,4,5,6,7]
1887306 [12,8,13,2,3,7,10,4,14,5,9,1,6,11]
1887306 [2,4,6,7,9,3,5,8,1]
1887306 [3,10,6,11,12,5,13,15,14,1,2,4,7,8,9]
1887306 [7,4,12,9,2,3,13,5,8,1,6,11,10]
1887306 [3,1,4,2,5]
1901483 [1,4,7,6,5,2,3]
1902894 [1,3,6,5,7,4,2]
1908097 [5,9,10,7,6,3,11,8,2,1,4]
1941520 [4,3,5,1,6,2]
1952887 [5,2,1,6,3,4]
1956329 [13,10,14,8,12,7,5,2,9,4,1,6,11,3]
1956329 [1,9,8,4,6,3,2,5,7]
1974003 [5,1,4,3,6,2]
1974003 [3,19,12,5,1,16,18,13,17,7,20,4,2,14,10,9,15,8,11,6]
1974003 [8,11,3,4,5,6,10,1,9,7,2,12]
1974170 [3,7,4,8,5,1,6,2]
2020878 [4,3,1,5,6,2]
2020878 [4,5,3,2,1,6]
2511290 [1,2,3,4,5]
2511290 [1,2,3,4,5]
2511290 [1,2,3,4,5,6]
2516014 [7,4,27,29,3,15,2,21,1,24,10,13,14,23,20,11,8,17,18,9,12,25,6,16,28,19,26,22,5]
2516014 [3,15,10,5,9,6,13,8,11,14,2,16,7,1,4,12,18,17]
2516014 [8,15,17,2,1,9,10,16,11,13,14,3,7,4,12,5,6]
2534804 [1,2,3,4,5]
2566470 [15,5,9,10,1,16,13,17,6,2,12,4,7,8,19,11,18,14,3]
2566470 [1,2,5,3,4]
2574644 [3,4,1,2,6,5]
2574644 [3,20,22,21,17,23,12,7,6,27,4,2,15,9,24,18,11,25,19,16,14,5,10,26,13,1,8]
2574644 [8,9,1,12,5,10,13,11,7,4,3,6,15,14,2]
2574644 [5,3,2,4,1]
2574644 [21,10,20,8,5,29,19,2,28,24,1,14,15,18,22,13,27,26,6,11,7,25,17,12,16,23,4,9,3]
2583035 [6,1,8,9,7,3,5,4,2]
2583035 [1,3,6,4,5,2]
2583035 [6,2,4,7,3,5,1,8]
2583035 [6,3,2,1,4,5]
2583035 [9,7,6,3,2,4,8,1,5]
135488 [5,4,3,6,1,2]
19181 [3,6,1,5,2,4]
19181 [2,6,10,9,11,5,3,8,7,4,1]
19181 [3,14,9,8,30,10,28,15,5,25,31,26,33,19,11,12,32,20,4,27,16,34,6,17,18,2,7,13,21,29,22,24,23,1]
19181 [7,5,9,8,1,3,6,2,4,10]
210846 [7,2,3,6,9,5,4,8,1]
510680 [3,6,5,1,2,4,7]
510680 [10,3,7,6,2,1,5,4,8,9]
510680 [7,3,2,1,9,8,6,4,5]
510680 [3,2,4,5,1]
510680 [8,6,2,5,7,4,3,1]
510680 [8,10,3,7,11,6,1,2,5,9,4,12]
510680 [8,10,1,7,5,3,6,4,11,12,9,2]
407553 [5,2,7,1,3,4,6]
407553 [5,4,2,1,3]
407553 [4,5,3,2,1]
407553 [6,2,9,10,7,11,4,1,5,8,3]
407553 [3,1,2,4,5]
407553 [7,1,5,4,6,3,2]
407553 [4,5,1,2,8,6,3,7,9]
407553 [6,17,10,18,15,3,8,4,11,14,19,13,9,20,16,7,5,2,12,1]
631807 [4,5,1,2,6,3]
631807 [5,3,7,6,4,1,8,2]
745148 [8,9,1,3,5,7,6,11,4,2,10]
1129282 [13,11,20,9,7,6,24,8,16,12,17,3,23,21,22,18,15,1,2,19,4,5,10,14]
1331272 [2,4,5,7,1,6,9,3,8]
1331272 [2,4,3,5,6,1]
1331272 [5,10,11,3,8,4,9,6,1,2,7]
2579603 [2,5,1,3,4]
2579603 [8,6,7,5,2,3,1,4]
1091343 [5,3,4,6,2,1]
1091343 [3,2,4,5,1]
1091343 [5,8,4,1,6,11,10,7,3,2,9]
1091343 [4,7,3,1,8,5,6,2]
1105810 [7,3,4,1,5,2,6]
1152160 [3,1,5,6,2,4]
1171223 [8,25,11,5,4,12,13,23,2,16,15,9,21,24,18,14,17,10,6,22,20,19,7,1,3]
1171223 [9,4,8,2,6,5,7,3,1]
1171223 [7,17,19,10,4,11,14,13,15,8,9,21,3,12,16,18,20,2,5,1,6]
1171223 [2,3,5,1,6,4]
1171223 [9,4,1,7,5,8,2,6,3]
1248913 [7,5,2,1,3,8,6,4]
1249770 [4,5,2,9,3,7,8,1,6]
1249770 [3,8,6,2,1,4,7,9,5]
1249770 [1,4,3,5,6,2]
1249770 [2,4,9,16,1,13,15,10,3,7,5,12,8,11,6,14]
1249770 [3,5,1,7,4,6,2]
1249770 [17,12,22,29,35,33,25,3,13,11,24,32,26,40,9,37,10,30,34,21,23,19,5,28,27,18,1,20,7,39,15,4,38,14,2,6,31,36,8,16]
1286303 [2,8,9,1,5,10,14,4,7,12,11,13,6,3]
2101786 [14,1,18,8,13,5,20,7,4,11,19,16,9,15,6,3,12,10,2,17]
826937 [1,2,3,4,5,6,7,8,9,10,11,12,13]
847416 [6,11,10,3,1,5,12,4,7,9,2,8]
847416 [7,6,2,3,4,5,1]
847416 [3,10,11,4,14,1,13,9,8,2,15,7,6,5,16,12]
1073931 [5,3,4,2,6,1,7]
1122370 [5,6,4,1,7,2,3]
1122370 [4,3,5,1,2]
1122370 [4,7,1,6,8,3,2,9,5]
1138925 [13,17,11,5,21,8,12,15,4,20,9,19,16,7,6,14,2,10,1,18,3,22]
1636133 [13,24,22,12,27,14,11,26,16,3,2,23,25,9,10,19,20,6,15,17,18,5,8,7,4,1,21]
2420256 [6,1,2,4,3,5]
2532069 [1,2,3,4,5,6,7,8,9,10,11,12,13,14,15]
2532069 [1,2,3,4,5,6,7]
2532069 [1,2,3,4,5,6,7,8,9,10,11,12,13,14,15,16,17,18,19]
2532069 [1,2,3,4,5,6,7,8,9,10,11,12,13,14,15,16,17,18]
2540950 [9,3,11,1,7,12,6,10,4,8,5,2]
2540950 [4,10,1,5,6,8,12,7,9,2,11,3]
2540950 [6,3,2,1,8,5,4,7]
393986 [1,2,3,4,5,6,7,8,9,10,11,12,13,14,15,16,17,18,19,20,21,22,23,24,25,26,27,28,29,30,31,32,33,34,35,36,37,38,39,40,41]
393986 [1,2,3,4,5,6,7,8,9,10,11,12,13,14,15]
406058 [5,1,3,2,4]
949107 [8,1,3,9,7,2,5,6,4]
988404 [1,2,3,4,5,6,7,8,9,10,11,12]
988404 [1,2,3,4,5,6,7,8,9,10,11,12,13,14,15,16,17,18,19,20]
160892 [44,8,25,11,36,19,18,42,35,10,17,16,41,6,15,4,21,28,34,32,23,13,40,31,37,9,20,45,1,2,39,3,27,26,24,38,43,14,7,12,30,5,33,29,22]
160892 [3,2,6,5,1,4]
160892 [9,5,6,3,1,7,11,10,8,4,2]
106588 [1,10,19,13,2,7,9,5,12,6,18,11,20,3,15,4,16,8,14,17]
106588 [3,17,16,1,18,9,20,25,11,15,21,12,8,4,14,10,23,22,5,24,7,13,19,6,2]
106588 [1,2,3,5,4]
137963 [13,12,11,10,17,9,8,7,2,15,1,6,16,4,3,5,14]
25012 [13,2,11,7,1,6,5,4,3,14,10,9,12,8]
79701 [1,2,3,4,5,6,7]
79701 [1,2,3,4,5,6,7,8,9,10,11,12,13,14,15,16]
79701 [1,2,3,4,5,6,7,8]
85849 [12,15,6,7,1,11,14,16,5,10,9,4,8,13,3,2,17]
1377811 [9,4,6,7,5,3,2,8,1]
1377811 [4,6,1,3,7,5,2]
1377811 [3,2,5,4,1]
459098 [8,4,7,3,5,2,1,6]
477103 [4,1,3,2,7,9,6,11,5,10,8]
26594 [17,4,12,16,9,13,20,3,7,14,5,10,6,11,19,8,2,15,1,18]
356634 [1,2,3,4,5]
383378 [10,4,9,1,11,3,12,8,7,2,6,5]
394345 [11,4,5,1,7,6,2,10,3,8,9]
394345 [6,1,2,3,5,4]
521637 [2,7,6,4,8,3,5,1]
521637 [5,8,4,1,2,3,7,6]
311979 [1,2,3,4,5]
311979 [1,2,3,4,5,6,7,8,9,10,11,12,13,14,15,16,17,18,19]
1210810 [1,2,3,4,5,6,7,8,9,10,11,12,13,14,15,16]
2292659 [3,1,22,20,28,27,26,5,12,14,11,9,7,4,18,8,6,19,17,13,10,15,23,16,21,2,25,24]
2309927 [1,5,2,6,3,4,8,7]
2309927 [5,8,18,15,4,10,20,7,17,21,6,11,19,12,13,23,9,2,3,16,1,22,14]
2309927 [11,10,9,6,5,14,13,3,7,12,8,2,4,1]
2309927 [1,4,3,2,5]
191877 [1,2,3,4,5]
387363 [1,3,4,5,2]
391312 [1,2,3,4,5,6,7]
391312 [1,2,3,4,5]
391312 [1,2,3,4,5,6,7,8,9,10,11,12,13]
391312 [1,2,3,4,5,6,7,8,9]
391312 [1,2,3,4,5,6]
548891 [6,4,3,1,2,5,8,7]
1066016 [3,7,6,10,12,2,5,8,1,4,11,9]
394345 [8,5,4,3,10,2,6,9,7,1]
394345 [4,9,8,5,2,1,3,7,6]
394345 [2,3,5,1,4]
591798 [3,13,11,5,8,10,14,1,4,12,9,2,6,15,7]
233459 [34,26,27,19,23,18,3,9,40,8,1,30,5,22,31,36,13,29,20,7,38,10,35,37,16,15,21,12,14,11,2,39,24,25,4,6,28,33,32,17]
335429 [3,9,7,2,1,5,8,4,6]
2370657 [1,2,3,5,4]
2370657 [1,2,3,4,5]
2370657 [4,1,5,3,2]
2370657 [9,8,6,1,3,4,2,5,7]
2370657 [2,9,12,6,3,4,5,7,1,11,10,8]
2370657 [3,5,2,1,4]
2370657 [1,2,3,5,4]
2370657 [6,2,1,3,4,5]
425706 [4,23,16,11,24,5,25,3,21,17,12,19,8,20,14,7,15,18,27,6,1,22,10,9,26,13,2]
1481473 [2,4,5,1,3,6]
1481473 [5,3,6,1,7,2,4]
1481473 [12,11,20,1,5,14,7,18,9,6,13,4,3,2,15,8,19,10,16,17]
847416 [1,5,4,2,3]
852601 [2,3,5,6,4,8,7,1]
852601 [5,3,2,1,4]
1074381 [1,2,3,4,5,6,7,8]
710166 [1,2,3,4,5,6,7,8,9,10,11,12,13]
710166 [1,2,3,4,5]
710166 [1,2,3,4,5,6,7]
710166 [1,2,3,4,5,6,7,8,9,10,11,12,13,14,15,16,17,18,19,20,21,22]
710166 [1,2,3,4,5,6,7,8,9,10]
710166 [1,2,3,4,5,6,7,8,9,10]
711028 [8,1,6,2,7,5,3,4,9,10]
715376 [4,10,3,7,2,8,1,5,9,6]
715376 [3,4,6,5,1,2,7]
1143249 [1,2,3,4,5,6,7,8,9,10,11,12,13,14,15,16,17,18,19,20,21,22,23,24,25,26,27,28]
1143249 [1,2,3,4,5,6,7,8,9]
1143249 [1,2,3,4,5,6]
1143249 [1,2,3,4,5,6]
1143249 [1,2,3,4,5,6,7,8,9,10]
1143249 [1,2,3,4,5,6,7,8,9,10,11,12,13]
1143249 [1,2,3,4,5,6]
1143249 [1,2,3,4,5,6,7,8,9,10,11,12,13,14,15]
1143249 [1,2,3,4,5,6,7,8,9,10]
456624 [4,2,3,7,8,6,5,1]
456624 [4,5,2,1,3,6]
456624 [3,5,6,4,2,1]
457469 [4,10,5,3,14,11,6,8,2,9,1,7,13,12]
458124 [6,3,7,1,5,2,4]
458124 [2,3,1,5,4]
458124 [15,1,5,3,11,14,8,9,13,12,7,10,4,6,2]
458124 [3,4,7,2,5,1,6]
458124 [7,8,6,4,1,2,3,5]
458124 [2,3,1,4,5]
458124 [13,7,8,2,15,1,11,5,3,12,6,4,14,10,9]
458124 [2,5,3,4,1]
458124 [6,1,2,8,4,5,3,7,9]
458124 [8,4,1,2,5,6,7,3]
458124 [4,5,6,3,2,1,7,8]
458124 [4,2,3,1,5]
1572295 [1,2,3,4,5,6,7,8,9,10,11,12,13,14]
1647768 [7,6,3,4,5,8,1,2]
1647768 [6,4,5,7,2,3,1]
1089896 [3,2,5,4,1]
1089896 [4,3,2,1,5]
1089896 [6,1,5,3,10,7,4,2,9,8]
1089896 [3,4,7,5,6,2,1]
1205381 [5,4,7,6,1,3,2]
958682 [1,2,3,4,5]
962493 [18,33,31,50,21,14,27,13,51,56,7,16,39,3,35,22,48,40,42,57,38,41,17,9,5,23,37,36,10,25,12,49,20,34,52,2,11,46,30,44,4,45,29,19,15,43,54,53,1,28,58,32,8,47,55,6,24,26]
1047632 [3,9,4,13,11,10,15,12,1,5,6,7,14,2,8]
1047938 [1,2,3,4,5,6,7,8,9,10,11,12,13,14,15,16,17,18,19,20,21,22,23,24,25,26,27,28,29,30,31]
1047938 [1,2,3,4,5]
1047938 [1,2,3,4,5,6,7,8]
1439546 [8,7,4,1,5,3,6,2,9]
978501 [1,2,3,4,5,6,7]
978501 [1,2,3,4,5]
980498 [11,2,13,4,10,5,8,3,6,7,9,12,1]
1563464 [3,7,1,2,4,5,6]
1879949 [3,4,2,7,5,1,6]
1887306 [10,12,5,9,11,3,4,7,14,1,6,8,13,2,15]
1887792 [10,19,1,2,16,14,13,8,5,17,6,3,12,21,4,20,9,18,15,7,11]
476345 [35,14,24,36,31,38,30,16,21,25,26,8,7,32,10,15,37,18,28,1,2,11,17,13,6,22,9,29,20,5,34,3,4,19,23,33,27,12]
591092 [4,5,1,2,6,3]
591798 [2,5,1,4,3]
600206 [18,16,3,8,1,20,11,5,9,14,13,7,17,15,21,10,6,19,4,2,12]
557277 [1,2,3,4,5,6,7,8,9,10,11,12,13]
557277 [1,2,3,4,5,6,7,8]
557702 [1,2,3,4,5,6,7,8,9,10,11,12,13,14,15]
557702 [1,2,3,4,5,6,7,8,9,10]
25809 [8,18,7,41,4,38,42,37,17,27,34,2,39,15,1,25,28,14,16,20,23,36,31,33,24,30,26,5,22,6,10,19,40,12,11,35,32,3,13,21,9,29]
33736 [4,9,6,3,7,11,8,10,5,1,2]
60557 [1,2,3,4,5,6,7,8,9,10,11,12]
67434 [9,2,1,3,10,6,7,4,8,5]
67434 [6,2,3,5,4,1]
67434 [4,8,2,7,5,9,11,10,3,6,1]
84223 [2,3,7,4,1,6,5]
90036 [8,29,1,2,5,17,18,28,32,26,7,13,6,16,15,33,24,3,19,27,31,12,11,25,20,9,23,30,10,14,4,21,22]
90036 [9,11,16,7,17,12,2,3,1,10,4,15,5,14,13,6,8]
1744238 [27,34,19,46,41,10,37,2,36,30,3,50,44,38,4,12,1,22,31,47,5,13,51,15,29,35,48,52,32,25,40,39,21,23,43,16,7,26,49,42,11,6,53,33,14,45,8,17,24,18,9,28,20]
2023960 [5,7,8,6,4,9,1,2,3]
2023960 [5,7,13,3,2,12,14,1,9,6,10,11,8,4]
2023960 [9,1,8,7,6,3,5,11,4,10,2]
1106100 [3,8,7,6,4,12,11,10,5,2,9,1]
1106100 [1,2,3,4,5]
1106100 [3,5,4,1,2]
1106100 [4,6,7,2,1,5,9,3,8]
1106100 [7,3,1,6,5,2,4]
1106100 [4,13,14,5,16,9,8,3,12,7,15,6,10,1,11,2]
1106100 [4,2,1,3,5]
1196692 [1,6,3,5,2,9,4,7,8]
1542768 [3,5,7,13,6,4,12,2,11,14,10,1,8,9]
1542768 [3,12,9,8,4,1,11,13,5,6,7,10,2]
1542768 [5,2,4,6,3,1]
1542768 [8,5,1,4,3,10,9,2,6,7]
1546322 [2,6,3,4,5,1]
531239 [1,10,5,4,3,7,2,11,8,9,6]
531239 [10,2,7,11,6,9,3,8,1,4,12,5]
531239 [3,15,14,4,7,8,2,5,11,13,6,9,12,10,1]
531239 [10,5,6,4,7,1,2,3,12,9,11,8,13]
531239 [1,13,5,9,6,10,7,3,12,4,2,11,8,14,15]
531239 [7,5,1,6,4,3,2]
531239 [1,3,2,5,6,4]
531239 [5,3,2,1,4]
531239 [5,4,6,3,10,9,2,8,7,1]
531239 [11,5,1,9,8,10,2,6,4,7,3]
531239 [5,6,7,1,9,4,10,3,2,11,8]
531239 [22,6,21,24,16,17,9,14,25,4,3,13,19,18,12,2,26,11,10,20,1,15,5,7,8,23]
531239 [25,5,30,14,4,21,29,6,20,15,23,19,27,11,13,34,22,2,39,33,12,35,31,7,18,10,37,41,36,24,32,40,9,8,42,17,28,38,3,26,16,1]
667805 [3,5,2,1,4]
667805 [7,6,10,5,8,13,3,4,12,1,9,2,11]
667805 [5,3,1,2,4,6]
667805 [5,3,4,2,1]
667805 [8,9,13,15,5,10,11,6,1,2,12,4,14,7,3]
667805 [2,6,3,4,1,7,5]
667805 [10,5,4,16,14,18,15,9,2,1,12,7,3,11,8,13,19,17,6]
667805 [6,2,5,4,3,1]
667805 [1,6,3,13,15,14,7,8,2,4,10,5,16,11,12,9]
667805 [6,4,5,3,7,2,1]
667805 [9,8,6,7,1,2,3,4,5,10]
71413 [4,1,5,7,6,3,2]
71413 [2,6,5,3,4,1]
71413 [6,3,5,7,2,9,8,1,4]
110458 [11,12,8,16,7,6,1,4,9,2,10,14,13,15,5,3]
110458 [4,3,5,7,2,9,6,1,8]
110458 [1,2,3,6,4,5]
110458 [5,4,3,6,1,2]
110458 [2,3,4,5,1,6]
2143620 [2,7,11,3,9,12,4,10,5,1,13,8,6]
2143620 [15,2,17,16,11,18,14,13,7,3,19,21,8,4,22,1,5,20,23,9,6,10,12]
2143620 [19,7,3,22,12,18,20,16,31,6,27,25,2,5,13,9,33,32,28,10,30,1,29,21,23,11,26,4,8,17,24,15,14]
2143620 [5,3,1,2,4]
2143620 [7,5,8,1,11,2,6,10,9,3,4]
2044604 [4,1,5,2,3]
438300 [5,3,4,2,1]
438300 [1,4,5,3,2]
1595250 [11,34,41,36,18,54,37,39,50,48,46,45,5,26,28,40,51,29,53,22,49,27,47,35,1,4,2,52,12,16,33,21,20,43,15,3,30,17,13,32,42,8,14,31,10,56,7,55,9,23,24,19,38,6,25,44]
1595250 [1,7,2,9,5,8,6,3,4]
1595250 [9,2,1,5,4,7,8,6,3,10]
1033225 [1,5,6,7,4,3,2]
1033225 [5,2,6,3,1,4]
1111675 [1,2,3,4,5,6,7,8,9,10,11]
1111675 [1,2,3,4,5,6,7,8,9,10,11,12,13,14]
1111675 [1,2,3,4,5,6,7,8,9,10,11,12,13,14,15,16,17,18,19,20,21,22,23,24,25,26,27,28,29,30,31,32,33,34]
1738862 [1,2,3,4,5,6,7,8,9,10,11,12,13,14,15,16,17,18,19,20,21]
1738862 [1,2,3,4,5,6,7,8,9,10,11,12,13,14,15,16,17,18,19,20,21]
1738862 [1,2,3,4,5,6,7]
1738862 [1,2,3,4,5,6,7,8,9,10,11,12]
1738862 [1,2,3,4,5,6,7,8,9,10,11,12]
2261078 [6,2,14,3,12,5,8,11,10,1,7,9,4,13]
2261768 [5,3,4,2,1]
2272218 [1,2,3,4,5,6,7,8,9,10,11,12,13,14,15,16,17,18,19,20,21,22,23,24,25,26,27,28,29]
2273352 [7,12,9,10,1,4,11,3,5,6,14,2,13,8]
2273352 [5,4,1,2,3,6]
1006353 [1,2,3,4,5,6]
1006353 [1,2,3,4,5,6,7,8,9,10,11,12,13,14,15,16,17,18,19,20,21,22,23,24,25,26,27]
1006353 [1,2,3,4,5,6,7,8]
1020886 [5,6,1,3,2,7,8,4,9]
1021080 [2,5,4,6,1,3]
1923297 [3,5,4,1,2]
1583352 [5,1,3,6,2,7,4]
1747023 [3,5,1,9,2,6,7,4,8]
1747023 [2,5,3,1,4]
1747023 [2,3,5,6,4,1]
1747023 [1,4,9,10,2,7,5,6,8,3]
1747023 [1,3,4,6,5,2]
1762623 [1,7,5,2,8,6,3,4]
1809250 [2,1,3,4,5]
1811637 [6,12,5,8,11,4,9,2,3,10,1,7]
1811637 [6,7,1,4,10,9,3,5,2,8]
2212062 [3,1,8,2,6,4,5,7]
1213548 [3,2,6,5,1,4]
289998 [2,15,7,30,19,11,4,29,21,10,12,26,14,16,28,13,1,23,18,8,17,5,9,22,3,25,24,20,27,6]
1652890 [1,2,4,5,3]
1658839 [5,2,1,4,3]
1760189 [1,2,3,4,5,6,7,8,9]
730306 [5,6,3,7,1,8,2,11,10,9,4]
730306 [3,1,4,5,6,2]
1622906 [7,1,6,8,4,2,5,3]
1622906 [5,4,1,3,2,6]
1622906 [3,5,1,2,4]
1802703 [4,1,2,5,3,6]
2021126 [3,7,4,2,6,1,5]
2315641 [6,5,8,1,3,7,2,4]
1552171 [4,3,2,5,1]
1552171 [28,43,9,4,11,44,33,16,39,2,38,20,26,3,12,35,8,32,1,23,13,21,10,24,47,18,45,6,42,29,27,19,30,36,31,5,37,46,34,40,14,17,22,41,25,15,7]
1583352 [2,6,9,12,10,3,11,5,13,7,8,1,4]
1583352 [2,1,4,3,5]
1583352 [17,6,2,15,9,5,16,13,18,1,7,4,8,11,10,3,14,12]
1583352 [12,8,4,13,2,9,11,7,3,10,1,6,5,14]
2414972 [14,3,8,9,5,4,7,1,12,11,2,10,6,13]
329462 [7,5,4,8,2,1,3,6]
450577 [6,2,7,3,5,4,1]
510680 [37,20,29,10,4,12,3,14,39,30,7,27,38,26,21,28,9,17,31,34,33,8,5,22,19,36,13,16,32,2,6,23,11,18,35,24,25,15,1]
1744285 [1,10,2,14,11,7,6,3,9,12,4,8,13,5]
1886898 [6,4,2,3,1,5]
1886898 [8,7,3,4,1,10,5,9,2,6]
2259512 [66,50,41,68,29,44,47,53,18,59,37,30,34,40,42,63,13,61,70,32,60,38,24,26,28,62,51,64,6,33,55,20,1,22,4,65,7,5,57,35,31,21,54,69,58,56,15,27,48,2,67,11,10,8,43,23,36,45,49,17,9,19,3,46,12,39,71,16,52,25,14]
2259512 [3,13,6,15,10,8,18,17,1,12,16,11,14,2,9,5,4,7]
2259512 [2,1,4,8,12,9,7,11,6,5,10,3]
2261768 [2,4,3,1,6,5,7]
2281424 [2,1,4,3,6,5]
450577 [8,6,4,7,1,3,5,2]
2060487 [3,6,9,4,5,10,8,1,7,2]
2060487 [4,5,2,1,3]
2078799 [9,3,1,14,4,11,2,5,6,8,13,15,12,7,16,10]
2405882 [3,2,1,4,5]
2405882 [8,1,2,5,6,7,3,4]
2440251 [1,2,3,4,5,6,7,8,9,10,11,12,13,14,15,16,17,18,19,20,21,22,23,24,25,26,27,28,29,30,31,32,33,34,35,36,37,38,39,40,41,42,43,44,45,46,47,48,49,50,51,52,53,54,55]
2453314 [1,2,3,4,5,6,7]
2381383 [1,2,3,4,5,6,7,8,9,10,11,12,13,14,15,16,17,18,19,20,21]
2490102 [8,7,6,13,11,4,2,12,10,5,1,9,3]
2490461 [1,2,3,4,5,6]
2510364 [1,2,3,4,5,6,7,8]
2528780 [5,1,2,4,3]
2528780 [2,6,5,4,3,1,7]
2528780 [2,1,4,5,6,3]
2528780 [2,5,4,3,1]
2528780 [8,5,12,11,9,7,2,14,3,6,13,4,1,10]
2528780 [1,3,4,7,2,6,5]
2532069 [1,2,3,4,5,6,7]
2532069 [1,2,3,4,5,6,7,8,9,10,11,12,13,14,15,16,17]
2580963 [1,2,3,4,5,6,7]
303960 [2,3,4,5,1]
343985 [1,2,3,4,5,6,7,8,9,10]
465858 [2,4,1,3,5]
465858 [9,1,2,4,6,5,3,8,7]
1320872 [8,1,4,5,9,3,2,7,6]
51752 [1,13,10,7,2,9,8,4,15,16,17,6,3,11,5,12,14]
51752 [6,5,2,1,4,3]
317862 [1,8,5,9,3,4,2,6,7,10]
317862 [6,9,8,4,1,3,2,7,5]
317862 [14,11,1,9,4,3,8,6,13,10,7,15,2,5,12]
631807 [2,1,5,4,3,6]
631807 [5,4,3,2,1,6]
1206044 [5,7,4,6,3,2,1]
553940 [10,6,12,4,2,15,7,18,5,11,1,9,13,8,14,16,3,17]
553940 [13,37,30,31,8,46,41,4,5,19,33,14,20,44,11,29,16,35,32,3,18,1,43,22,25,21,15,17,23,28,42,45,27,12,2,36,7,10,26,38,34,24,39,9,6,40]
1104073 [5,6,7,2,3,1,4]
1104073 [1,4,5,2,3]
1104073 [1,3,4,11,10,2,8,7,9,5,6]
1104073 [2,3,9,8,7,11,10,4,6,1,5]
1360769 [5,3,6,1,4,2,7]
1363310 [1,2,3,4,5,6,7,8]
1383987 [1,5,4,6,2,8,3,7]
1383987 [4,2,5,3,1]
1383987 [2,4,1,3,6,5]
1686860 [3,4,12,7,10,9,1,2,8,11,5,13,6]
793625 [1,2,3,4,5,6,7,8,9]
1001055 [14,7,2,11,13,10,8,16,1,15,3,6,4,9,5,12]
1001055 [3,12,21,4,19,6,17,11,8,13,14,15,16,2,20,18,7,9,5,1,10]
1001055 [10,6,9,8,4,2,3,5,1,7]
1001055 [1,7,4,3,5,6,2]
1001055 [5,4,6,1,3,7,2]
1001055 [20,8,16,30,29,19,18,11,12,32,1,7,9,14,22,15,31,27,10,23,4,26,21,33,6,28,2,25,3,17,5,13,24]
1001055 [12,2,17,18,9,4,16,13,7,5,1,14,6,8,3,11,15,10]
321436 [1,2,3,4,5,6,7,8,9]
1015082 [5,3,1,4,2]
1015082 [3,1,7,5,6,2,8,4]
900378 [6,1,7,2,4,5,3]
900378 [4,6,5,3,1,2,7]
2415367 [9,11,7,2,1,8,6,12,4,10,5,3]
2415367 [2,7,16,5,12,3,10,17,13,8,6,15,11,14,4,9,1]
2415367 [6,9,7,8,1,2,3,5,10,11,4]
2415367 [1,2,5,6,4,3]
2421328 [9,3,1,5,8,4,7,11,6,2,10,12]
1211061 [2,6,5,3,1,4]
2433810 [9,2,12,13,11,10,5,8,4,1,6,14,3,7]
2433810 [2,6,9,4,7,11,10,8,1,5,3]
2433810 [7,9,1,2,5,4,6,3,8]
2433810 [6,8,9,1,11,12,2,4,7,10,5,3]
2451375 [1,2,3,4,5,6]
1246374 [3,6,7,5,4,1,2]
1246374 [26,13,6,3,25,16,4,7,20,1,2,10,22,5,9,12,19,24,15,8,21,23,14,17,18,11]
1246374 [4,1,2,5,3]
1246374 [11,2,6,1,13,7,14,8,3,9,12,4,5,10]
135488 [1,3,4,2,5]
135488 [6,7,1,9,4,5,8,11,2,10,13,3,12]
135488 [3,9,6,13,2,1,12,4,8,11,5,7,10]
1279122 [1,3,9,7,5,13,6,11,8,2,12,4,10]
1304060 [1,2,3,4,5,6,7,8,9,10,11,12,13,14,15,16,17]
1304060 [1,2,3,4,5,6,7,8,9,10,11,12,13,14,15,16,17,18,19,20,21,22,23,24,25,26,27,28,29,30,31,32,33]
1331854 [4,1,5,2,7,3,6]
1331854 [3,5,2,1,4,6]
1331854 [5,7,4,6,2,1,3]
1331854 [5,9,4,17,13,6,2,7,12,3,15,11,8,10,14,1,16]
1331854 [2,4,3,1,5]
1542756 [7,3,19,20,9,5,22,8,12,14,18,23,10,2,1,15,11,16,13,4,17,6,21]
1542756 [6,1,4,5,2,3]
364113 [5,7,6,1,8,4,2,3]
1799180 [12,11,6,4,5,2,7,10,1,8,3,9]
2044604 [5,3,4,2,1]
2143620 [1,15,12,17,2,5,9,10,7,8,6,3,4,11,18,16,13,14]
2143620 [9,4,6,30,24,11,18,22,38,20,3,14,42,17,33,27,25,15,1,13,8,23,39,37,28,26,10,41,40,31,7,36,12,21,16,2,5,32,35,19,29,34]
2143620 [5,8,9,1,2,10,11,7,6,3,4]
2296992 [6,4,3,1,5,2]
2296992 [4,2,5,3,6,1,7]
2301568 [6,1,3,5,4,7,8,2]
2301568 [8,9,1,2,5,4,3,7,6]
2420256 [6,2,5,4,3,1,7]
2466068 [1,2,3,4,5,6,7,8,9,10,11,12,13,14,15,16,17,18,19,20,21,22,23,24,25,26,27,28,29,30,31,32,33,34,35,36,37,38,39,40,41,42,43,44,45,46,47,48,49,50,51]
2524240 [1,2,4,5,3]
2540950 [3,4,1,2,5]
2583477 [4,10,5,1,11,3,12,9,7,8,2,6]
784053 [1,7,4,5,6,3,2,8]
784053 [3,2,1,4,5]
631807 [2,1,3,5,7,6,4]
2490102 [8,1,6,3,4,7,2,5]
2490461 [1,2,3,4,5,6,7,8,9,10]
158641 [1,3,2,6,5,4]
375609 [5,2,4,6,3,1]
433902 [3,7,2,4,9,5,1,6,8]
433902 [19,22,1,6,24,23,5,9,25,28,31,15,27,7,16,21,8,29,4,12,10,3,30,26,11,18,14,2,32,13,17,20]
433902 [6,9,2,12,21,13,14,22,8,28,3,5,16,23,25,15,20,7,19,18,11,24,27,1,10,26,17,4]
433902 [4,7,1,5,6,10,2,8,9,11,3]
433902 [14,12,9,11,16,1,2,4,13,5,7,8,3,6,10,15]
433902 [10,5,7,1,11,4,3,9,8,2,6]
1006353 [1,2,3,4,5,6,7,8,9,10,11,12,13,14]
1071040 [1,2,3,4,5,6,7,8]
1193431 [32,21,24,6,15,11,8,13,20,16,3,1,9,17,35,31,18,28,14,22,36,7,2,5,19,27,29,23,12,33,4,30,34,25,10,26]
1462963 [38,12,1,43,41,10,14,52,31,25,34,8,26,22,19,53,33,3,11,15,45,21,2,18,44,36,28,48,30,29,13,35,9,23,39,27,49,51,42,24,32,5,7,40,17,4,46,20,47,50,16,37,6]
1462963 [7,6,15,2,13,17,1,20,12,18,16,11,23,14,21,19,5,3,4,9,22,8,24,10]
1990738 [13,22,9,6,12,4,29,21,11,34,8,1,25,28,5,33,27,19,15,20,7,23,17,24,31,16,26,2,30,32,18,3,36,14,35,10]
2127351 [14,5,11,15,2,10,3,8,6,13,4,1,9,7,16,12]
2127351 [4,7,2,1,3,6,5]
2224151 [31,19,22,39,17,10,24,9,37,40,38,21,8,5,36,43,15,13,16,12,32,3,33,41,26,7,20,4,42,27,34,2,30,29,28,25,6,18,23,11,35,14,1]
2224151 [3,2,15,11,4,9,12,6,7,13,5,8,14,16,10,1]
2291343 [20,22,4,25,12,1,21,11,26,17,13,2,7,6,16,8,10,3,15,23,14,9,19,18,24,5]
2291343 [24,3,11,27,10,1,26,15,2,28,19,21,14,8,20,9,16,13,6,7,4,25,5,17,22,18,23,12]
2291343 [6,3,5,4,2,7,1]
930903 [1,6,7,4,2,3,5]
930903 [4,3,7,2,1,5,8,6]
2414972 [3,1,5,4,2]
1810529 [1,4,10,8,9,6,3,11,5,7,2]
201433 [5,16,12,11,4,8,10,17,7,14,3,1,2,15,9,6,13]
201433 [5,6,1,3,2,7,4]
201433 [4,12,14,2,13,3,11,10,16,8,5,1,9,7,6,15]
201433 [9,16,1,14,17,6,12,3,7,5,8,18,2,10,15,13,4,19,11]
201433 [3,5,6,2,1,8,7,4]
201433 [1,4,2,5,3]
201433 [15,4,2,9,3,19,13,10,23,26,5,18,28,24,27,6,17,20,22,11,1,12,8,14,21,7,16,25]
1727622 [6,1,2,9,8,10,5,3,7,4]
1727622 [5,2,4,7,3,1,6]
1747939 [31,23,14,15,8,7,9,16,3,26,19,18,33,21,6,28,29,27,24,1,17,22,4,2,11,10,32,30,12,20,5,34,13,25]
1439546 [10,7,5,9,2,4,1,8,3,6]
1439546 [5,3,8,1,6,7,2,4]
1470346 [6,1,2,4,7,5,3]
1748436 [7,2,1,8,4,5,3,6]
2204296 [6,1,7,3,4,2,5]
955847 [4,2,3,1,5]
978501 [1,2,3,4,5,6,7,8,9,10,11,12,13,14,15,16]
978501 [1,2,3,4,5,6,7,8,9,10,11,12,13,14,15,16]
980498 [2,6,1,3,4,8,9,7,5]
980498 [5,1,8,6,10,3,2,7,11,4,9]
1014041 [1,2,3,4,5,6,7]
1020886 [2,3,5,4,1]
1033225 [10,6,1,9,12,16,5,13,3,14,8,7,15,2,4,11]
1066016 [11,12,17,14,10,4,18,13,1,8,6,16,7,2,15,3,5,9]
1071040 [1,2,3,4,5,6]
1074381 [1,2,3,4,5,6,7,8]
1047632 [4,1,2,6,3,5,7]
1047632 [14,10,3,4,13,1,2,6,11,8,9,12,5,7]
48960 [6,2,3,4,1,5]
48960 [10,13,2,9,5,8,4,11,1,3,7,16,12,14,6,15]
48960 [3,4,8,6,5,2,1,7]
48960 [12,1,10,6,16,2,3,5,15,7,14,8,4,9,13,11]
48960 [12,11,14,23,24,9,2,1,17,22,6,13,15,10,21,3,7,8,16,19,25,18,20,4,5]
81492 [6,2,4,3,5,1,7]
81492 [1,3,17,16,11,10,7,14,4,5,6,12,9,15,8,2,13]
296759 [7,4,6,3,1,5,2]
1664974 [5,23,4,6,8,9,21,19,7,14,11,18,16,20,15,17,2,10,13,12,1,22,3]
1664974 [6,5,1,3,4,2]
554417 [5,3,6,1,7,2,4]
554417 [2,4,6,3,5,1]
554417 [4,1,5,3,2,6]
2528780 [4,5,8,7,9,3,2,6,10,1]
2528780 [7,1,2,9,4,5,6,3,10,8,11]
2528780 [6,4,3,2,1,5]
2528780 [3,1,7,6,8,5,9,2,4]
2528780 [3,4,1,2,5]
2532069 [1,2,3,4,5]
2532069 [1,2,3,4,5,6,7,8,9,10,11,12,13,14,15,16]
2532069 [1,2,3,4,5,6,7,8,9]
2574644 [10,1,2,4,7,6,5,14,17,9,13,19,20,11,16,3,18,12,15,8]
2574644 [21,24,4,20,7,19,22,11,9,17,23,15,16,18,6,5,2,14,13,10,25,12,3,8,1]
2414221 [1,6,3,4,8,5,2,7]
2414221 [3,4,5,8,1,6,2,7]
2414221 [21,11,18,7,15,5,1,4,19,17,12,10,8,3,13,9,2,20,6,16,14]
2415367 [7,11,3,8,13,9,1,2,12,4,5,10,6]
2430015 [21,16,25,3,12,15,20,14,23,17,19,4,8,27,18,30,9,7,10,11,29,5,22,26,2,1,6,13,28,24]
2078799 [12,9,1,6,7,13,10,14,8,5,3,2,11,4]
2078799 [5,2,6,1,7,4,3]
2094831 [1,2,3,4,5,6]
2094831 [1,2,3,4,5,6]
2118743 [2,1,4,5,3,6,7]
2118743 [1,3,2,5,4]
2186994 [1,6,2,3,5,4]
1735326 [1,2,3,4,5,6,7,8,9,10,11,12,13,14,15,16,17,18,19,20,21,22,23,24,25,26,27,28,29,30,31,32,33,34,35,36,37,38,39,40]
1735326 [1,2,3,4,5,6,7,8,9,10,11,12,13,14,15,16,17,18,19,20,21,22,23,24,25,26,27,28,29,30,31,32,33,34,35,36,37,38,39,40,41,42,43,44,45]
1747939 [4,3,2,1,5]
1748436 [4,1,3,5,6,2]
1753136 [6,2,10,8,5,1,4,7,9,3]
1783728 [4,5,3,6,7,8,1,2]
1783728 [18,5,13,3,4,7,6,10,9,16,14,11,1,17,2,12,19,15,8,20]
1823251 [18,7,3,8,21,20,9,10,12,22,19,11,16,17,14,5,6,13,2,4,1,24,23,15]
1823251 [3,1,2,5,4]
2242701 [5,3,1,2,4]
2242701 [14,13,4,5,9,3,2,1,12,8,7,10,6,11]
2242701 [5,10,4,11,7,6,12,8,13,14,1,9,2,3]
2242701 [1,8,13,3,6,9,4,7,12,2,5,10,11]
2284135 [1,2,3,4,5,6]
2284135 [1,2,3,4,5,6,7,8,9,10,11,12,13,14,15,16,17,18,19,20,21,22,23,24]
2314156 [1,2,3,4,5,6,7,8,9,10,11,12,13,14,15,16,17,18,19,20,21,22,23,24,25,26,27,28,29,30,31,32,33,34,35,36,37]
206251 [7,6,5,2,4,3,1]
1481473 [10,7,1,3,4,5,13,6,2,8,14,11,9,12]
1664967 [11,34,27,31,26,21,5,30,33,6,8,23,4,35,15,17,19,18,20,32,2,12,1,7,36,25,29,24,3,10,28,13,9,16,14,22]
1807325 [1,2,3,4,5,6,7,8,9]
1835614 [1,3,5,4,2]
1840209 [8,2,9,10,5,3,11,7,1,4,6]
1840209 [2,7,12,3,10,6,4,11,9,5,8,1,13]
1840209 [15,8,17,3,2,7,14,9,10,4,1,13,5,11,16,6,12]
1840209 [5,1,16,17,15,9,3,10,23,12,18,20,7,19,8,2,11,4,21,22,6,14,13]
1840209 [8,3,9,1,13,11,6,12,7,15,4,16,14,10,2,5]
1840209 [9,2,16,7,17,14,21,8,20,12,1,19,5,3,10,6,4,13,11,18,15]
1840209 [5,11,2,12,9,7,15,3,10,14,4,13,8,1,6]
1840209 [15,12,14,16,20,5,9,13,18,7,6,17,19,8,1,22,21,11,3,10,4,2]
1840209 [15,3,25,24,27,22,14,17,13,8,21,9,11,10,6,12,7,2,18,20,1,4,16,19,26,5,23]
1840209 [19,13,6,15,3,10,21,18,7,1,2,9,14,4,16,20,12,17,5,11,8]
1840209 [14,13,1,5,16,15,10,19,9,23,8,7,11,22,20,3,6,4,24,18,21,17,12,2]
1840209 [13,12,11,10,1,7,15,17,14,5,3,16,9,2,19,6,21,4,18,8,20]
1840209 [11,1,2,7,14,9,12,5,6,8,4,10,3,13]
1881817 [1,2,3,4,5,6,7,8,9,10,11,12,13,14,15,16,17,18,19]
1887792 [6,4,1,3,2,7,5]
1887792 [17,32,14,13,26,15,25,22,33,1,10,11,8,20,16,28,5,2,21,9,30,27,18,34,29,19,12,24,3,7,31,35,23,6,4]
1901483 [5,1,6,4,3,2]
1901483 [5,1,2,3,4,6]
1901483 [2,9,5,1,3,6,8,7,10,4]
2566955 [6,1,2,9,7,11,5,10,3,4,12,8]
1894941 [1,2,3,4,5,6]
1923297 [4,14,3,13,12,1,17,10,9,2,18,7,16,15,11,5,6,8]
1991269 [14,9,7,3,12,13,8,10,6,1,2,5,4,11]
1992684 [3,4,5,6,1,2]
2003901 [1,4,3,2,5]
2003901 [4,6,1,2,5,3]
2003901 [2,1,3,9,7,6,8,4,5]
2010640 [18,4,1,20,2,23,10,11,28,16,22,6,12,14,8,5,25,7,21,26,3,9,19,13,27,15,17,24]
2047475 [1,2,3,4,5,6]
2047475 [1,2,3,4,5,6,7,8,9,10,11,12,13,14,15,16,17,18,19,20]
966688 [3,6,4,5,1,2]
978501 [1,2,3,4,5,6,7,8,9]
985452 [5,4,3,6,1,2]
997715 [7,2,6,4,5,1,3]
1020886 [20,6,11,14,18,16,4,19,12,7,15,3,9,5,10,2,13,8,1,17]
1074381 [1,2,3,4,5,6,7,8,9,10,11,12,13,14,15,16]
1086656 [6,8,5,9,2,4,3,1,7]
1086656 [2,5,4,3,1]
1086656 [6,8,4,9,7,3,5,2,1]
1111675 [1,2,3,4,5]
1111675 [1,2,3,4,5]
1248913 [1,8,4,6,2,5,7,3]
1412107 [5,3,1,2,4]
1412107 [4,1,3,2,5]
1412107 [5,10,3,7,13,4,8,2,6,11,12,9,1]
1412107 [4,2,5,3,1,6]
1412107 [4,5,8,7,6,3,1,9,10,2]
2193614 [1,2,3,4,5]
2193614 [1,2,3,4,5,6]
2245724 [2,6,3,5,1,4]
2245724 [9,3,6,13,10,12,7,1,14,15,16,11,5,8,4,17,2]
2269158 [8,6,4,3,1,2,5,7]
2269158 [3,5,2,9,4,12,1,8,7,11,10,6]
1473460 [7,3,2,6,4,5,1]
1941520 [5,2,4,3,1,6]
2046464 [2,6,5,8,1,7,3,4]
2101786 [7,13,10,16,2,11,8,4,14,3,6,1,5,9,12,15]
2273352 [2,5,4,3,1]
2273352 [6,7,2,1,5,4,8,3]
2273352 [5,1,6,7,3,8,4,2]
2118743 [8,10,2,3,4,6,1,7,5,9]
2118743 [3,1,2,6,7,9,5,4,8]
2118743 [11,13,4,6,3,12,1,9,5,8,2,10,7]
2159658 [1,2,3,4,5]
2159658 [1,2,3,4,5,6,7,8,9,10,11,12,13,14,15,16,17,18]
2159658 [1,2,3,4,5,6,7,8,9,10,11,12,13]
2199061 [6,5,2,8,4,3,1,7,9]
1488979 [1,2,3,4,5,6,7,8]
1488979 [1,2,3,4,5,6,7,8,9,10,11]
1488979 [1,2,3,4,5,6,7,8,9,10,11,12,13,14]
1488979 [1,2,3,4,5,6,7,8,9,10,11,12,13,14,15,16,17,18,19,20,21,22,23,24,25,26]
1863380 [1,2,3,4,5,6]
1863380 [1,2,3,4,5,6,7,8,9,10,11,12,13,14,15]
1873148 [1,2,3,4,5,6,7,8,9,10,11,12,13,14]
1923897 [3,5,4,2,1]
1923897 [11,3,9,1,23,21,18,7,14,24,22,6,12,2,20,4,15,13,8,10,16,19,5,17]
1572295 [1,2,3,4,5]
1572295 [1,2,3,4,5,6,7,8,9,10,11]
1578249 [6,4,2,5,3,1]
1974170 [1,2,5,3,4]
1182135 [2,4,3,5,1]
2107360 [7,2,5,1,6,4,3]
2107360 [8,27,11,31,3,9,18,19,2,23,5,25,16,17,26,13,6,14,10,7,1,29,4,30,20,21,12,24,15,22,28]
2107360 [4,8,5,2,6,3,7,9,1,10,11]
2322092 [3,5,6,1,4,2]
2322092 [4,6,3,1,5,7,2]
2322092 [7,4,5,2,3,1,6]
2322092 [6,7,3,8,5,1,2,4]
2113901 [5,3,4,1,2]
2122044 [3,5,6,2,1,4]
956982 [6,4,2,13,12,7,1,5,11,8,3,9,10]
956982 [6,12,7,8,5,10,3,2,4,11,1,9]
956982 [8,5,7,6,9,3,1,4,2]
971837 [5,2,11,1,9,6,10,7,12,3,8,4]
971837 [5,4,1,3,2]
978501 [1,2,3,4,5]
1092441 [2,4,1,5,3]
1118206 [7,6,4,5,2,1,9,3,8]
1118206 [6,8,10,2,9,12,4,13,7,3,11,14,1,5]
2318116 [3,1,2,8,9,4,5,6,7]
19181 [15,11,5,6,13,2,12,1,9,3,7,14,10,8,4]
19181 [10,2,3,1,9,4,5,7,6,8]
22779 [32,5,7,29,3,22,10,31,35,6,34,15,9,16,17,2,4,24,1,25,18,21,30,14,19,23,11,33,27,13,20,12,28,8,26]
61977 [7,2,4,1,3,6,5]
793625 [1,2,3,4,5,6,7]
839118 [4,3,1,2,5]
864251 [1,6,3,2,7,5,4]
941029 [3,6,2,9,7,8,4,5,10,1]
941029 [11,12,13,9,10,3,17,14,2,4,7,6,1,5,16,8,15]
944186 [1,2,3,4,5,6,7]
965694 [1,2,3,4,5,6,7,8,9,10,11]
978714 [1,2,3,4,5,6,7,8]
978884 [11,7,9,5,19,8,25,1,36,34,28,22,32,12,31,35,21,20,3,29,24,4,33,37,26,30,13,14,2,15,23,17,27,18,6,16,10]
978884 [3,1,6,2,12,4,9,8,11,7,5,10]
1230927 [6,2,9,11,8,10,3,12,7,4,5,1]
1230927 [13,5,27,8,21,22,19,6,25,18,4,26,20,16,1,12,3,2,17,7,14,24,15,10,11,23,9]
1246374 [6,3,4,2,5,7,1]
1246374 [3,6,8,9,7,5,10,4,1,2]
1246374 [6,7,2,5,8,3,4,9,1]
1246374 [4,3,2,1,5,6]
1246374 [8,2,10,6,1,3,11,7,4,9,5]
1275613 [18,6,40,19,36,9,51,39,22,7,29,30,56,48,16,20,1,41,44,13,14,52,15,25,10,8,4,31,43,35,5,47,23,46,49,33,45,21,12,11,42,26,2,34,3,38,17,32,28,27,24,37,54,50,55,53]
1298261 [1,2,3,4,5,6]
1328488 [7,9,1,11,8,4,3,5,12,6,2,10]
1328488 [6,3,9,5,4,2,1,10,7,8]
1328488 [3,10,8,2,5,1,6,7,4,9,12,11]
1328488 [4,1,11,16,2,8,6,14,13,12,15,10,9,5,3,7]
1328488 [5,2,6,3,4,1]
1328488 [10,7,6,1,8,5,2,4,11,3,9]
1360769 [5,2,1,3,4,6]
1692398 [4,3,5,1,2]
1706553 [4,1,7,6,2,3,5]
1541887 [7,12,3,13,19,11,6,1,8,18,15,2,21,17,4,16,20,5,14,10,9]
1541887 [20,39,14,35,26,15,28,43,7,31,5,3,27,36,24,29,41,6,4,13,34,23,38,30,17,1,37,22,11,19,8,33,10,12,16,9,40,42,32,18,25,2,21]
1541887 [1,6,5,2,3,4]
1541887 [7,1,9,3,4,5,8,2,10,6]
1541887 [2,4,1,5,3]
1541887 [5,2,7,1,6,4,3]
1541887 [3,1,4,5,2]
1542768 [2,4,5,3,1]
1542768 [7,5,1,3,9,10,8,11,4,6,12,2]
1542768 [12,13,4,1,14,9,3,6,5,8,2,11,7,10]
1542768 [6,11,7,20,22,13,12,10,17,1,8,2,23,5,21,9,15,4,16,19,24,18,14,3]
1544674 [8,4,2,9,5,1,3,7,6]
1699521 [4,1,5,3,2]
1701108 [28,20,24,7,15,13,2,26,14,23,5,9,25,6,22,17,4,3,18,21,27,8,10,19,16,11,1,12]
1747023 [1,3,5,2,8,6,4,7,9]
1769232 [3,5,4,2,1]
1769232 [2,4,3,7,6,5,1]
1769232 [3,1,5,4,6,2]
1785149 [4,10,9,5,7,3,12,8,2,6,1,11]
413654 [5,7,10,12,8,9,11,1,4,6,2,3]
413654 [5,7,1,8,4,6,2,3,10,9]
413654 [5,4,2,3,1]
441426 [14,16,6,17,8,13,4,12,7,9,10,3,15,1,11,2,5,18]
441426 [67,32,15,38,48,66,14,34,63,2,49,10,42,31,23,45,12,43,24,26,57,9,51,5,68,44,47,27,53,64,70,55,1,6,25,18,36,50,60,4,54,19,40,3,28,72,8,7,65,20,33,22,16,41,35,30,52,61,17,11,29,58,13,46,59,71,56,69,37,21,39,62]
441426 [1,21,13,16,22,6,4,2,10,7,9,12,8,14,19,17,5,23,15,20,3,18,11]
459098 [3,6,4,2,1,5]
462509 [4,3,5,6,7,1,2]
516251 [12,2,15,9,14,1,5,4,13,18,11,16,6,8,10,7,17,3,19]
516251 [19,13,17,15,5,9,10,28,18,21,14,20,6,12,24,26,4,8,23,11,25,16,22,2,3,27,7,1]
548891 [1,6,3,5,2,7,4]
591798 [3,6,2,7,5,8,1,4]
591798 [9,8,7,11,4,14,1,18,16,17,3,5,13,12,15,6,10,2]
591798 [18,13,8,7,20,4,12,11,5,15,19,21,6,3,1,2,14,16,10,9,17]
621402 [3,6,2,9,5,4,10,1,11,12,8,7]
621402 [4,6,10,7,5,8,1,9,11,3,12,2]
642958 [4,1,2,6,5,3]
642958 [9,7,8,2,3,4,5,1,6]
653974 [11,8,7,1,3,9,16,15,18,2,19,17,5,6,22,4,21,13,12,20,10,23,14]
661966 [11,6,7,9,5,3,8,10,4,12,2,1]
661966 [1,6,4,2,5,3]
661966 [4,5,3,8,12,9,2,1,6,7,11,10]
667805 [1,3,4,5,2]
667805 [18,7,27,29,9,16,13,28,5,24,25,2,3,20,4,8,17,15,10,19,26,23,21,11,22,14,1,12,6]
667805 [13,3,7,10,6,9,11,1,4,12,2,14,8,5]
667805 [2,4,1,6,7,3,5]
667805 [5,4,3,1,2,7,6]
667805 [17,13,1,11,2,18,10,4,22,14,8,7,15,5,6,9,3,19,20,12,21,16]
667805 [5,2,3,16,17,10,9,20,22,21,1,12,14,4,13,7,18,8,19,11,15,23,6]
667805 [2,3,1,4,5]
25809 [5,2,3,4,1,8,6,7]
25809 [5,1,3,2,4]
43932 [3,2,5,6,4,1]
50692 [1,2,3,4,5,6,7,8,9,10,11,12,13,14,15]
2583035 [9,7,8,6,1,4,2,3,5]
2583035 [4,5,3,6,1,2]
2583035 [3,4,2,1,5]
2583035 [3,6,4,2,7,1,5,8]
2583035 [1,6,4,7,2,5,8,3]
383378 [10,12,4,7,11,2,1,9,5,8,6,3]
1772866 [1,2,3,4,5,6,7,8,9,10,11,12,13,14,15,16,17,18,19,20,21,22,23,24,25,26,27,28,29,30,31,32,33,34,35,36]
1845202 [1,9,7,6,2,14,18,12,20,4,13,17,3,11,10,19,5,16,8,15]
1881817 [1,2,3,4,5,6]
508254 [3,5,1,4,6,2]
1515900 [4,2,1,6,3,5]
1703304 [5,7,1,2,3,6,4]
2540950 [10,13,12,7,5,1,9,3,4,8,11,6,2]
2540950 [2,6,5,3,7,1,4]
510680 [2,1,7,6,3,5,4]
1331854 [11,12,2,7,6,13,16,10,4,17,3,1,5,14,18,15,9,8]
1331854 [10,4,2,9,5,8,1,3,7,6]
1331854 [8,7,1,4,6,3,2,5]
1331854 [5,6,10,2,12,4,8,9,11,3,1,7]
1331854 [4,3,1,2,6,5]
1331854 [2,1,6,5,3,4,8,7]
667805 [1,9,7,2,8,12,5,3,11,4,10,6]
667805 [1,5,3,2,4]
667805 [23,15,12,27,22,6,19,21,24,13,8,10,2,18,9,3,7,1,5,16,26,14,25,28,4,17,11,20]
667805 [16,5,18,7,4,19,1,17,8,21,10,15,11,20,2,14,3,13,9,12,6]
667805 [8,6,5,7,4,1,2,3]
667805 [37,33,27,1,26,25,5,2,40,36,13,11,28,14,38,9,16,23,20,41,44,4,21,39,19,8,17,15,12,42,32,7,43,31,29,24,3,34,18,47,45,35,6,46,30,22,10]
965694 [1,2,3,4,5,6,7,8,9,10,11,12,13,14,15,16,17,18,19,20,21,22,23,24,25,26,27,28,29,30]
1636133 [8,1,21,48,29,15,51,46,17,31,40,4,9,54,35,39,10,56,19,55,22,50,38,23,14,20,28,3,11,16,7,47,34,32,45,33,52,6,42,5,30,2,26,37,12,53,43,18,49,25,24,44,41,36,13,27]
1894941 [1,2,3,4,5,6,7,8,9,10,11,12]
699762 [1,4,8,6,9,5,7,2,3]
699762 [5,7,3,2,4,1,6]
717676 [1,2,3,4,5]
717676 [1,2,3,4,5,6]
726123 [9,12,18,6,16,5,13,11,21,10,7,3,15,19,1,20,17,4,2,8,14,22]
726123 [22,8,14,7,1,15,20,18,12,9,4,29,17,19,28,25,13,16,2,6,23,11,26,27,5,3,21,24,10]
726123 [3,51,39,61,54,60,37,62,36,21,10,46,66,40,27,29,7,44,56,50,33,31,11,34,35,12,38,15,1,55,52,2,41,30,25,49,8,14,59,26,18,57,47,42,20,32,9,13,53,48,19,24,17,63,22,43,5,58,64,45,6,4,23,28,65,16]
732486 [2,6,4,1,5,3]
757408 [4,8,5,3,6,7,1,2]
782168 [10,9,6,4,1,11,3,7,12,2,8,5]
837782 [33,49,24,2,40,28,3,50,53,27,32,43,6,31,12,44,36,56,38,59,21,4,46,47,30,17,16,10,52,42,1,9,25,11,45,20,58,13,22,35,54,34,15,14,7,51,39,8,55,41,29,57,48,5,23,26,18,60,19,37]
837782 [6,2,1,5,4,7,3]
755981 [8,6,12,7,2,11,5,4,9,13,3,10,1]
808364 [5,1,3,6,4,2,7]
900378 [1,2,3,6,4,7,5]
1015082 [2,10,15,13,19,3,17,9,6,8,7,5,4,1,18,14,12,16,20,11]
1015082 [1,8,18,5,14,16,19,12,10,11,17,3,9,20,6,15,4,2,7,13]
1015082 [2,1,4,5,3]
1015082 [5,7,6,4,1,2,8,3]
1015082 [1,10,2,5,8,9,3,7,11,4,6]
1015082 [6,8,1,5,2,4,3,7,9]
1015082 [2,5,3,7,6,8,4,1]
1015082 [6,4,5,7,2,1,8,3]
1515900 [7,5,4,3,1,9,2,11,8,10,6]
1515900 [4,3,1,2,6,5,7]
1515900 [4,2,1,5,3]
1515900 [3,1,5,2,7,4,6,10,8,9]
1515900 [7,2,6,4,8,5,3,1]
1515900 [5,9,12,10,7,8,4,3,11,1,6,2]
1544764 [1,2,3,4,5,6,7]
1129282 [2,3,14,7,13,12,16,15,4,8,1,6,11,9,5,10,17]
1129282 [2,5,4,3,1]
2044604 [3,1,4,2,5]
2068006 [11,7,13,12,2,1,4,3,5,8,9,10,6]
2068006 [3,8,1,4,7,2,6,5,9]
2068006 [3,4,5,2,1]
2143620 [4,23,27,1,16,2,3,10,18,5,15,17,6,26,9,24,13,8,22,20,14,11,21,25,12,19,7]
2143620 [2,4,3,5,6,1]
2378157 [9,3,13,10,15,11,17,14,1,16,4,7,12,8,6,5,2]
2472443 [6,9,3,5,12,14,11,2,8,13,4,15,1,10,16,7]
2472443 [1,3,2,4,5]
441426 [3,5,4,2,1]
477103 [3,1,4,8,7,5,2,6,9]
477103 [1,4,3,5,2]
494679 [6,2,5,1,4,3]
521637 [3,6,2,1,4,5]
717676 [1,2,3,4,5,6]
717676 [1,2,3,4,5,6,7,8]
717676 [1,2,3,4,5]
721420 [2,1,4,3,6,5]
721420 [3,9,6,12,17,1,20,2,19,18,8,21,11,10,13,7,16,4,15,14,5]
726805 [1,2,3,4,5,6,7]
702478 [19,2,13,5,29,30,23,4,10,14,25,28,20,21,7,17,11,6,27,12,18,15,1,22,26,16,24,3,9,8]
740307 [5,1,4,3,2]
740307 [48,22,3,47,26,45,17,37,20,36,25,6,31,40,43,12,33,4,18,46,30,9,15,38,2,52,39,1,27,16,42,41,34,5,13,32,10,24,51,19,14,44,49,11,50,8,29,35,28,21,23,7]
740307 [11,14,6,15,16,26,21,1,17,18,8,7,5,22,19,3,12,9,20,4,13,25,23,10,24,2]
740307 [3,1,2,4,7,8,6,5,9]
751365 [8,4,3,2,5,1,7,6]
751626 [4,7,2,1,5,3,6]
756258 [5,6,7,2,1,3,4]
756258 [3,2,6,1,5,10,9,7,4,8]
757408 [4,1,3,2,5]
757408 [4,1,6,7,5,2,3]
768249 [3,2,1,5,4]
768249 [5,4,6,1,2,3]
768249 [3,6,1,4,2,8,5,7]
780905 [1,2,3,4,5]
782168 [5,4,2,3,6,1]
793169 [7,4,10,12,8,11,6,3,1,2,9,5]
793169 [5,6,1,4,2,3,7,9,8,10]
793169 [5,33,34,2,18,10,14,4,20,1,27,30,36,9,13,3,31,24,11,22,16,32,17,29,19,35,23,12,6,28,25,8,7,37,15,26,21]
793169 [12,8,3,6,16,18,7,15,21,14,10,5,2,13,20,1,11,4,9,17,19]
793546 [5,4,7,8,6,3,1,2,10,9]
793546 [5,10,4,9,2,7,8,11,3,6,1]
793546 [5,10,4,8,6,7,1,9,2,3]
793546 [7,9,12,4,10,6,5,11,2,8,3,1]
793546 [5,2,4,3,1]
856313 [6,4,5,1,3,2]
856313 [3,13,6,2,7,1,12,9,15,8,14,10,11,5,4]
856313 [5,13,8,6,9,12,4,1,2,10,11,3,7]
856313 [3,5,6,9,8,10,1,4,11,7,2]
856313 [2,5,8,1,3,9,4,6,7]
450577 [3,5,4,1,2]
510680 [5,2,1,7,6,3,4]
2573441 [3,2,5,1,4]
2580963 [1,2,3,4,5,6,7]
2580963 [1,2,3,4,5,6,7,8,9,10,11,12]
1462963 [11,17,13,9,1,3,16,6,15,12,5,2,10,8,4,7,14]
1462963 [5,2,3,1,4]
2274641 [5,1,2,3,4]
734536 [4,8,9,1,3,6,5,7,2]
972143 [2,10,6,7,11,3,8,1,5,4,9]
972143 [9,10,6,2,1,8,7,3,11,4,5]
972143 [1,10,4,6,8,5,7,2,3,11,9]
972143 [3,7,8,10,5,1,6,9,4,2]
972143 [11,8,7,3,9,4,6,10,5,1,2]
972143 [4,7,5,8,9,6,3,2,1]
972143 [8,5,3,7,2,1,6,4]
160892 [11,14,1,17,3,7,2,13,4,6,15,5,16,12,9,10,8]
160892 [5,6,1,4,2,3]
160892 [3,9,8,1,2,6,4,7,5,10]
160892 [9,8,4,11,14,12,13,6,3,2,1,10,15,5,7]
168638 [6,8,5,4,3,7,9,2,1]
168638 [2,1,7,9,3,4,8,6,5]
704803 [2,4,6,3,1,5]
704803 [1,6,4,2,5,3]
704803 [4,20,2,1,7,19,14,5,6,17,22,15,13,3,9,8,16,21,18,11,10,12]
1647066 [1,2,3,4,5,6]
1709931 [16,1,30,7,3,29,10,5,21,26,6,23,14,13,4,2,22,18,25,32,28,20,9,27,8,15,24,12,33,17,31,11,19]
174921 [1,2,3,4,5,6,7,8,9]
182355 [8,1,4,6,7,5,10,3,9,11,2]
182355 [3,4,6,1,2,5,7]
194623 [2,5,6,4,3,1,8,7]
194623 [7,1,17,25,9,32,4,22,29,5,31,28,30,23,3,33,6,14,27,20,16,13,19,12,10,21,18,24,2,15,11,8,26]
202953 [3,2,5,4,1]
247037 [3,4,1,2,5]
591092 [2,3,5,1,4]
591092 [2,5,4,1,3,6]
296759 [6,5,2,4,1,3]
303960 [6,7,9,5,2,13,11,3,12,1,8,10,4]
321436 [1,2,3,4,5,6,7,8,9,10,11,12,13,14,15,16,17]
321436 [1,2,3,4,5,6,7,8,9,10,11,12,13,14,15,16,17,18]
321436 [1,2,3,4,5,6,7,8,9]
394345 [4,2,3,11,1,7,12,6,10,15,16,14,13,8,5,17,18,9]
394345 [3,4,2,1,5,7,6]
394936 [1,2,3,4,5,6,7]
2078799 [5,1,4,3,2,6]
2097831 [7,3,6,4,1,5,2]
2097831 [1,5,6,3,2,4]
2224151 [20,19,6,12,8,13,3,2,5,10,4,17,18,9,16,1,11,22,14,21,15,7]
2224151 [4,6,1,3,7,5,2]
2224151 [3,6,2,5,1,4]
335429 [3,1,4,5,2,6]
367419 [3,9,13,11,6,10,4,1,14,12,5,7,2,8]
367419 [6,1,3,4,7,5,2]
370441 [12,5,26,18,24,13,1,19,9,6,10,23,25,21,20,3,2,17,15,7,11,8,14,16,22,4]
378743 [7,8,12,4,2,5,14,9,3,1,11,10,13,6]
392101 [15,13,3,10,11,16,4,1,14,5,18,9,12,7,17,6,8,2]
251987 [4,3,1,2,5]
251987 [5,7,3,2,6,4,1,8]
251987 [3,2,4,1,5]
251987 [4,3,5,1,2]
251987 [3,5,2,4,1]
251987 [1,6,5,2,3,4]
264359 [15,5,20,22,2,12,10,7,6,21,11,18,14,13,3,9,1,17,8,16,4,19]
264359 [9,8,7,11,10,6,2,5,13,3,1,4,12]
268600 [6,7,3,4,1,2,5]
1068993 [4,10,2,3,9,15,17,8,7,16,18,5,1,11,12,13,14,6]
1072326 [3,5,4,2,1]
1073931 [1,2,3,7,4,5,6]
364113 [3,1,2,4,6,5]
364113 [5,1,4,2,3]
557277 [1,2,3,4,5,6,7,8]
557277 [1,2,3,4,5,6,7,8,9,10,11,12,13,14,15,16,17,18,19,20,21,22,23,24,25,26,27]
557277 [1,2,3,4,5,6,7,8,9,10,11,12,13,14,15,16,17,18,19]
557277 [1,2,3,4,5,6]
557277 [1,2,3,4,5,6,7,8,9,10,11]
563436 [32,13,1,22,26,15,20,25,5,27,17,2,10,19,30,3,9,24,29,18,28,23,11,16,12,4,14,8,21,31,33,7,6]
563436 [14,3,11,1,17,16,12,7,8,4,9,5,10,15,13,6,2]
563436 [2,7,1,5,3,6,4]
563436 [3,5,4,1,2,6]
563436 [6,3,7,13,15,12,5,18,10,17,11,9,14,2,4,16,8,1]
1336589 [7,8,10,5,11,3,6,2,4,1,9]
1336589 [4,3,1,5,2]
1336589 [8,5,7,6,11,1,3,4,9,2,10]
71413 [1,5,2,4,3,6]
71413 [13,15,30,22,16,14,12,10,28,27,32,20,7,18,11,3,6,25,26,9,31,1,23,17,2,5,21,24,8,19,29,4]
71413 [7,1,4,2,3,5,8,6]
81492 [1,5,8,9,3,2,4,7,6]
751365 [36,9,31,15,6,3,8,4,33,29,35,30,13,18,22,14,17,2,16,23,24,34,19,12,21,27,32,25,1,5,28,7,11,20,10,26]
751365 [7,14,11,4,13,10,12,16,5,1,17,15,8,6,18,2,3,9]
751365 [2,5,1,7,8,4,6,9,3]
751365 [24,23,9,22,19,14,3,7,16,20,12,4,5,1,21,18,15,6,17,10,2,11,13,8]
890209 [4,3,1,2,5]
551337 [1,3,4,6,2,5]
551337 [2,5,9,1,11,8,4,6,10,3,7]
574118 [1,2,3,4,5]
248790 [6,5,4,2,3,1]
248790 [10,8,12,11,4,7,1,3,2,9,5,6]
248790 [4,3,7,12,6,8,1,10,9,11,5,13,2]
264359 [2,1,16,12,10,13,4,14,5,3,15,17,6,7,9,11,8]
264359 [1,4,5,6,2,3]
583610 [3,6,4,2,1,5]
760446 [2,5,6,1,3,4]
760446 [7,11,2,3,5,4,1,6,8,9,10]
352658 [3,4,5,1,2]
352658 [4,1,2,5,6,3]
352658 [5,6,7,3,2,1,4]
352658 [6,5,7,10,8,3,1,4,2,9]
352658 [5,1,2,3,4]
352658 [4,1,3,2,5]
354032 [2,5,6,3,1,4]
364113 [4,5,1,2,3,6]
364113 [6,9,3,7,8,5,2,1,4]
364113 [8,3,1,17,13,30,27,18,16,19,14,25,24,28,7,20,10,26,12,4,29,23,2,31,21,9,5,6,22,15,11]
364113 [4,5,3,1,6,2]
364113 [3,4,5,1,2]
364113 [1,3,2,4,5]
365556 [1,2,3,4,5,6,7,8,9,10,11,12,13,14,15,16,17,18,19,20]
338752 [1,4,3,2,5]
1399717 [3,2,1,5,4]
1275613 [10,13,12,9,5,8,2,1,3,11,7,4,6]
1275613 [27,58,42,53,25,46,31,45,29,55,5,30,52,18,64,10,23,24,22,8,61,48,19,66,35,62,16,44,40,57,49,11,3,6,38,12,14,41,43,26,56,39,28,60,47,51,15,1,54,36,37,59,9,13,20,50,17,21,33,4,63,32,34,7,2,65]
1562772 [1,2,3,5,6,4]
1562772 [4,3,5,7,2,8,6,1]
1563464 [6,4,1,7,3,8,2,5]
1563464 [7,4,5,3,1,6,2]
1563464 [11,1,7,5,10,12,13,6,9,8,4,3,2]
1572176 [1,2,3,4,5,6,7,8,9,10,11,12,13,14]
777795 [1,3,4,2,5]
782168 [11,22,15,21,14,2,3,16,13,24,5,7,17,4,12,6,9,19,25,8,20,26,18,1,10,23]
831978 [1,2,3,4,5,6,7,8,9,10,11,12]
831978 [1,2,3,4,5,6,7,8,9,10,11,12,13,14,15,16,17,18,19,20]
831978 [1,2,3,4,5,6,7,8,9,10,11,12,13,14,15,16,17,18,19,20,21,22,23]
2292659 [6,5,2,3,4,1]
638393 [5,4,2,1,3]
638393 [3,2,7,8,1,6,5,4]
638393 [9,2,4,3,8,5,6,1,7]
638393 [5,3,6,1,4,8,2,7]
638393 [4,16,9,8,7,11,14,1,12,3,15,5,10,13,17,2,6]
638393 [9,10,2,1,5,12,14,6,8,4,7,11,13,3]
638393 [16,13,3,5,11,8,1,6,9,4,2,7,14,12,10,15]
1012145 [1,2,3,4,5,6,7,8,9,10,11,12,13]
1012145 [1,2,3,4,5,6,7,8,9,10,11,12,13,14,15,16,17,18,19]
1012145 [1,2,3,4,5]
1012145 [1,2,3,4,5,6,7,8,9,10,11,12,13,14,15,16,17,18,19,20,21,22,23,24,25]
1122370 [8,21,3,2,18,7,14,12,10,13,11,17,4,16,9,20,5,19,1,15,6]
1122370 [3,7,5,16,13,8,6,17,11,12,15,14,2,4,1,9,10]
690480 [8,6,1,5,7,4,2,3]
690924 [9,7,6,2,14,3,8,5,12,4,10,1,11,13]
690924 [5,2,7,1,6,3,4]
690924 [39,10,2,45,41,3,27,43,24,17,12,42,31,35,11,26,22,8,34,7,18,36,15,13,33,25,9,30,5,21,37,28,14,32,23,29,38,16,1,6,40,46,20,19,44,4]
1169267 [5,30,27,17,8,31,13,9,32,21,16,18,20,23,12,24,29,26,3,15,25,7,2,11,22,28,33,4,6,19,10,14,1]
1169267 [5,3,6,2,1,4,7]
1169267 [4,3,5,6,1,2,7]
1169267 [6,8,2,3,1,7,5,4]
1169267 [5,6,2,1,3,4]
1169267 [24,3,10,38,4,6,34,16,9,18,20,28,27,8,33,29,11,7,35,15,36,32,19,12,14,30,2,37,26,25,13,5,31,17,1,22,21,23]
1169267 [11,19,12,9,2,15,13,10,18,17,24,1,20,26,4,7,22,14,16,21,25,5,8,3,23,6]
956982 [9,1,4,12,13,10,11,14,7,6,5,3,2,8]
958682 [1,2,3,4,5,6,7,8,9]
958682 [1,2,3,4,5,6,7,8,9,10,11,12,13,14,15,16]
793625 [1,2,3,4,5]
801943 [5,2,1,3,4]
801943 [3,2,6,5,4,1]
801943 [7,2,1,6,3,4,5]
850590 [8,18,19,12,3,2,1,4,17,11,20,5,10,13,7,14,9,6,15,16,21]
393986 [1,2,3,4,5]
1778414 [8,7,1,3,2,4,5,6]
1788365 [6,4,3,5,1,2]
1788365 [9,8,10,3,6,1,7,11,4,2,5]
1788365 [6,29,1,33,18,34,24,32,3,13,27,21,26,14,16,10,20,11,9,8,19,28,25,36,2,35,7,12,17,4,5,31,22,30,23,15]
1788365 [8,20,2,9,6,15,13,4,18,17,7,14,10,5,1,19,22,11,23,3,12,21,16]
1788365 [8,2,3,6,14,12,7,16,10,5,11,13,4,9,15,1]
944122 [5,4,10,2,6,9,11,3,8,1,7]
949107 [23,12,14,7,18,20,5,13,15,4,3,22,17,11,24,16,21,9,10,8,6,1,2,19]
949107 [1,5,2,4,3]
1035318 [2,3,1,4,5]
972143 [6,3,7,4,8,10,2,9,5,1]
841294 [3,2,1,4,5,6,8,7]
841294 [8,7,3,1,4,6,5,10,9,2]
841294 [6,3,1,2,4,5]
1230927 [4,2,6,11,9,8,12,10,1,7,5,3]
808364 [5,1,3,4,2]
1858367 [2,1,3,4,5]
1579040 [7,2,13,4,6,12,8,3,5,1,11,10,9]
1785149 [3,4,6,15,13,12,1,10,5,14,2,7,9,16,11,8]
1803121 [9,6,1,8,4,7,5,2,3]
1806363 [7,2,3,4,9,8,11,12,5,1,10,6]
1877949 [2,8,5,6,4,3,1,7]
1894941 [1,2,3,4,5,6,7]
1371941 [12,9,6,8,4,10,1,7,14,3,11,13,5,2]
1389997 [7,2,6,3,9,12,11,8,4,10,5,13,1]
1531280 [16,5,13,17,15,10,2,18,11,9,3,14,1,12,4,8,7,6]
1531280 [7,1,5,4,12,11,8,3,10,2,13,14,6,9]
1542939 [2,3,6,5,4,1]
1279122 [3,9,6,4,8,10,1,2,7,5]
1405440 [1,2,3,4,5,6,7,8,9,10,11,12,13,14,15,16,17,18,19,20,21,22,23,24,25,26,27,28,29,30,31,32,33,34,35,36,37,38,39,40,41,42,43,44,45,46,47,48,49,50,51,52,53,54,55]
521637 [2,4,1,3,5,6]
948803 [1,2,3,4,5,6,7,8,9,10,11]
1567444 [8,10,11,13,2,14,7,6,9,4,12,15,5,3,1,16]
1581832 [5,2,8,1,3,10,4,9,6,7]
2284135 [1,2,3,4,5]
2284135 [1,2,3,4,5,6,7,8,9,10,11,12,13,14,15,16,17,18,19,20,21,22,23,24,25,26,27,28,29]
2284135 [1,2,3,4,5,6]
2289794 [1,5,3,2,4]
675751 [2,5,6,1,4,3]
675751 [8,2,7,1,9,4,3,6,5]
726123 [7,44,4,62,41,37,19,46,58,31,10,49,8,55,27,23,30,17,22,21,61,12,15,54,35,60,1,34,3,64,29,57,42,32,16,59,63,13,36,14,53,11,65,9,20,43,38,2,51,5,6,39,25,47,26,48,33,28,40,24,18,56,45,52,50]
2377698 [3,1,6,4,5,2]
2377698 [5,4,2,3,6,1]
2379844 [1,4,5,2,3]
2379844 [2,1,5,7,3,4,6]
1367204 [23,1,15,21,11,5,10,8,12,20,6,2,19,17,16,22,7,3,18,13,4,9,14]
1367204 [6,7,5,3,1,2,4]
1467043 [3,1,5,6,4,7,9,2,8]
1467043 [1,5,7,3,10,2,8,6,9,4]
1467758 [1,2,3,4,5,6,7,8,9,10,11,12,13,14,15,16,17,18,19]
1470585 [1,11,8,7,2,3,9,10,4,5,6]
1769232 [4,3,2,1,6,5]
1769232 [9,2,4,1,5,6,8,3,7]
1111675 [1,2,3,4,5,6]
1111675 [1,2,3,4,5,6,7,8]
1131819 [6,2,3,1,5,4]
1791251 [3,4,5,1,2,6]
1791251 [2,4,5,3,1,6]
1791251 [1,4,6,2,3,5]
1799180 [30,20,17,4,9,25,12,14,28,2,18,29,7,31,22,27,8,5,21,16,3,13,24,10,6,26,1,11,15,23,19]
1452931 [1,2,3,4,5]
1072326 [3,1,6,5,7,4,2]
1807325 [1,2,3,4,5]
1807325 [1,2,3,4,5,6,7]
1807325 [1,2,3,4,5,6]
1807325 [1,2,3,4,5,6]
1807325 [1,2,3,4,5,6,7,8,9,10,11,12,13,14,15,16,17,18,19,20,21]
1807325 [1,2,3,4,5,6,7,8,9,10,11]
1815262 [5,9,14,6,10,2,7,1,4,12,13,8,11,3]
2432239 [10,5,7,11,8,2,1,3,9,4,6]
2451375 [1,2,3,4,5,6]
2452178 [1,2,3,4,5,6,7,8,9,10]
1542756 [2,4,1,6,3,5]
1806363 [19,12,4,20,8,14,17,13,9,3,6,5,24,10,23,21,1,7,22,25,11,2,18,16,15]
1806363 [8,4,7,9,6,1,3,2,5]
1810529 [11,7,8,3,10,6,1,9,4,2,12,5]
1810529 [6,1,5,2,3,7,4]
1811637 [6,7,3,8,4,2,1,5,9]
1811637 [2,4,3,5,1]
1339103 [4,5,3,7,1,2,6]
1363310 [1,2,3,4,5,6,7,8,9]
2322092 [2,1,4,3,5]
1744285 [9,6,5,7,1,2,8,3,4]
2015664 [3,5,4,2,1,9,17,7,15,19,16,10,14,18,13,8,12,11,6]
2019967 [1,2,3,4,5]
2284135 [1,2,3,4,5,6,7]
2299999 [1,2,3,4,5,6]
2299999 [1,2,3,4,5,6,7,8,9,10,11]
1858367 [6,4,9,10,8,5,7,3,2,1]
2050305 [8,7,24,23,19,11,15,20,16,12,28,13,14,18,21,9,2,27,6,25,29,5,1,10,22,26,4,3,17,30]
2050305 [14,2,6,9,5,3,1,13,4,8,7,10,12,11]
2052088 [7,1,5,3,2,6,4]
2052394 [7,1,4,14,8,2,10,12,9,15,13,11,6,3,5]
2404803 [1,2,3,4,5,6,7,8,9,10,11,12,13,14,15,16,17,18,19,20,21,22,23,24,25,26]
2404803 [1,2,3,4,5,6,7,8,9,10,11,12,13,14,15,16,17,18,19,20,21,22,23,24,25,26,27,28,29,30,31,32,33,34,35,36]
2404803 [1,2,3,4,5,6,7,8,9,10,11,12,13,14,15,16,17,18,19,20,21,22]
2404803 [1,2,3,4,5,6,7,8,9,10,11,12,13,14,15]
2404803 [1,2,3,4,5,6,7,8]
2405181 [1,2,3,4,5]
2405181 [1,2,3,4,5,6]
2406851 [2,3,4,1,5]
1762623 [9,3,10,6,5,8,2,4,1,7]
1810529 [4,2,1,3,7,6,5]
1830123 [6,4,3,2,5,7,1]
1830123 [6,12,19,9,17,15,16,13,11,2,4,5,7,8,14,10,18,3,1]
636116 [3,4,13,1,11,8,14,6,12,5,15,2,7,16,10,9]
636116 [4,2,5,1,6,3]
636116 [5,7,11,4,10,3,6,8,2,1,9]
636116 [7,8,6,1,2,5,3,4]
636116 [20,29,25,3,4,14,28,10,1,21,17,12,27,13,9,23,2,26,6,15,16,19,11,24,7,22,18,5,8,30]
647450 [4,6,5,3,1,7,2]
672521 [6,3,4,2,1,5]
677342 [7,5,3,2,4,6,1]
1907146 [1,3,6,4,5,2]
2044604 [10,1,3,4,7,6,8,5,2,9]
2143620 [14,19,16,25,33,12,24,28,6,27,3,8,4,9,17,18,7,15,2,26,5,22,1,11,10,13,29,32,30,31,20,21,23]
467813 [5,4,2,3,1]
2406851 [3,6,5,4,2,1,7]
2406851 [6,5,1,3,4,8,7,2]
553940 [9,3,6,8,14,5,1,2,12,11,7,13,4,10]
553940 [5,7,4,3,2,6,1]
1298261 [1,2,3,4,5]
1090625 [22,6,26,3,11,14,18,2,20,15,12,17,9,10,8,23,16,19,1,7,4,21,5,13,25,24]
1090625 [3,2,1,5,6,4]
1090625 [4,5,2,3,1]
1090625 [1,8,4,2,5,6,3,7]
1090625 [2,4,5,1,3]
1047632 [14,19,4,2,15,23,17,5,16,20,21,8,7,1,12,9,13,10,6,3,18,11,22]
1047632 [5,4,6,8,7,3,1,2]
1803121 [4,17,3,10,6,2,7,19,11,8,1,9,16,15,12,18,14,13,5]
1803121 [4,10,1,7,8,5,12,3,6,11,9,2]
450577 [7,9,16,6,10,3,11,4,15,19,12,22,1,21,14,5,17,2,20,13,8,18]
463733 [7,8,6,11,10,17,13,9,3,1,15,2,4,12,14,16,5]
463733 [2,3,5,1,6,4]
844776 [4,5,1,2,3]
844776 [8,3,10,7,14,5,9,12,11,2,13,4,6,1]
900378 [3,11,1,6,10,2,9,7,4,8,5]
1015082 [2,3,11,5,10,4,9,6,1,7,8,12,13]
1015082 [3,4,14,10,1,5,16,9,13,11,2,15,8,6,7,12]
1015082 [10,17,11,7,16,2,8,6,1,3,14,5,4,13,9,15,12]
1015082 [17,4,16,8,13,2,7,11,12,6,14,1,10,15,3,9,5]
1015082 [7,10,17,22,14,15,20,18,11,19,12,3,16,5,21,9,4,1,2,13,6,8]
1015082 [16,12,26,14,5,19,24,1,17,21,20,6,8,23,9,11,15,22,2,3,28,7,25,4,10,13,27,18]
1015082 [6,14,5,1,3,11,12,4,9,10,13,2,7,8]
1015082 [1,13,8,6,17,7,5,10,11,16,14,4,2,9,15,3,18,12]
1015082 [15,1,14,5,9,2,3,6,13,10,7,17,4,12,11,16,18,8]
1015082 [11,2,4,1,13,6,7,12,8,5,9,10,3]
1015082 [5,1,14,3,8,17,4,10,7,9,2,11,13,15,12,6,16]
1015082 [8,2,15,17,4,5,18,14,6,7,16,3,13,12,1,19,10,11,9]
1514088 [3,2,1,8,5,7,4,6]
1514088 [1,4,10,8,2,6,7,5,9,3]
1106100 [11,18,19,3,9,13,17,16,12,5,20,6,2,10,4,14,7,1,15,8]
1106100 [6,1,9,15,2,10,4,12,3,7,11,5,13,14,16,8]
1106100 [5,2,3,1,4]
1106100 [7,1,6,5,3,4,2,10,8,9]
1090625 [7,6,5,9,19,4,14,10,8,2,12,11,13,16,15,3,17,18,20,1]
1090625 [6,5,4,2,3,1]
1206044 [1,6,3,7,5,4,2]
1594652 [8,7,5,3,1,6,4,2]
1779138 [5,6,3,2,1,4]
2044604 [1,5,3,4,2]
2091506 [2,7,6,3,1,4,8,5]
2143620 [4,3,5,1,2]
2143620 [3,4,5,1,2]
2143620 [35,10,25,14,16,17,7,36,24,37,2,20,34,38,15,31,22,23,9,6,12,27,30,26,13,28,19,8,3,5,18,33,4,21,1,32,29,11]
2143620 [4,5,6,1,2,3]
1886972 [19,9,13,17,16,14,4,5,10,12,15,8,2,20,1,6,11,3,18,7,21,22]
2284135 [1,2,3,4,5,6]
2291746 [1,2,3,4,5,6,7,8,9,10,11,12,13,14,15,16,17,18,19,20,21,22,23,24,25,26,27,28]
2291746 [1,2,3,4,5,6,7,8,9,10,11,12,13,14,15,16,17]
2291746 [1,2,3,4,5,6,7,8,9,10,11,12,13,14,15,16,17,18,19,20,21,22,23]
2528780 [7,6,13,20,17,8,3,24,23,19,10,9,22,12,2,18,5,4,16,1,15,14,11,21]
143799 [1,2,3,4,5]
1978399 [5,7,2,11,12,8,9,1,13,6,10,3,4]
1807325 [1,2,3,4,5,6,7,8]
1807325 [1,2,3,4,5,6,7,8,9,10,11,12,13,14,15,16,17,18,19,20]
1810529 [5,6,1,2,7,8,3,4]
1810529 [9,7,10,1,2,8,6,5,4,3]
1834502 [9,16,12,2,3,7,11,1,4,5,8,6,13,18,14,15,10,17]
1841877 [4,8,1,7,6,3,2,5]
1937208 [1,3,2,5,4]
1954004 [3,2,5,4,1]
1954004 [5,9,4,8,3,2,6,1,7]
1954004 [2,3,6,4,1,5,7]
1954004 [1,6,4,2,5,3]
2006912 [5,2,4,1,3]
642707 [7,11,6,18,2,4,3,16,8,5,17,15,9,1,10,12,13,14]
642958 [1,2,5,3,4]
642958 [3,2,7,1,4,6,5]
659784 [1,5,4,6,3,2]
22779 [5,2,1,6,8,4,7,3]
1182135 [5,6,1,3,4,7,2]
1275613 [7,6,5,2,9,4,8,1,10,3]
1275613 [6,4,5,1,3,7,2]
1297999 [6,8,7,3,4,2,5,9,1]
1297999 [14,8,6,3,4,2,10,11,12,16,13,5,9,15,7,1,17]
1297999 [8,9,2,3,4,1,7,5,6]
1297999 [12,3,10,4,1,13,11,7,14,6,5,9,8,2]
1297999 [15,14,3,5,19,17,4,2,1,18,10,20,6,7,8,11,9,12,22,16,13,21]
1298261 [1,2,3,4,5,6,7]
1308113 [5,4,1,6,2,3]
869625 [15,18,8,17,7,14,13,6,11,2,4,12,5,1,9,10,16,3]
1697501 [5,3,1,4,2]
1701108 [7,2,6,1,3,4,5]
1708665 [1,2,3,4,5,6,7,8,9,10,11,12]
1412107 [6,3,1,2,7,4,5]
1412107 [5,3,4,13,14,16,19,11,9,20,17,6,8,10,2,1,18,7,15,12]
1412107 [7,3,8,9,4,2,5,1,6]
1412107 [8,5,6,4,9,2,1,7,3]
1412107 [7,2,3,10,8,9,11,4,6,1,5]
1412107 [2,1,9,10,6,7,4,3,8,5]
1412107 [1,4,3,5,7,6,2]
1992684 [5,12,8,3,7,1,10,16,4,17,14,6,15,13,2,9,11]
2060487 [10,12,13,6,4,1,9,7,14,8,5,11,3,2,15]
2060487 [6,8,2,9,7,3,5,4,1]
2098487 [7,1,2,4,5,6,3]
2099271 [2,9,10,4,3,11,6,8,1,7,5,12]
2113901 [5,3,1,2,4,6]
2127351 [2,6,3,7,4,5,1]
2149580 [12,2,13,1,7,8,4,5,3,9,10,6,11]
2149580 [5,1,3,2,4]
2149580 [1,5,2,4,3]
2169267 [2,3,5,8,6,7,1,4]
2169267 [13,3,2,10,15,4,6,7,8,1,9,11,12,14,5]
2169267 [2,5,6,9,3,1,7,8,4]
289998 [11,2,3,5,7,10,1,4,6,8,9]
2091506 [14,13,17,3,6,15,12,11,4,5,2,7,16,10,9,1,8]
2574644 [3,5,1,4,2]
2574644 [1,5,2,4,3]
2574644 [7,1,8,5,2,9,3,6,4]
2575952 [5,6,4,2,7,3,1]
2575952 [2,5,8,6,4,3,1,7]
2585449 [4,3,2,5,1]
2585449 [11,13,2,4,15,5,6,8,12,7,16,10,14,9,1,3]
2585449 [12,7,15,9,5,6,18,10,17,8,2,19,14,4,3,16,13,1,11]
2128271 [1,2,3,4,5,6,7]
2128271 [1,2,3,4,5,6,7,8,9,10,11,12,13,14,15,16,17,18,19,20,21,22,23,24,25,26,27,28,29,30,31]
160892 [5,6,7,1,2,3,4]
161514 [6,1,2,3,4,5]
161514 [4,2,1,6,12,7,11,5,9,8,10,3]
161514 [6,2,1,3,4,7,5]
161514 [1,3,5,2,4]
161514 [3,10,4,9,8,1,2,5,7,6]
161514 [12,11,3,2,8,10,7,14,5,1,4,15,6,9,13]
161514 [5,2,3,4,7,6,1]
161514 [1,17,10,6,13,7,16,9,8,12,11,2,15,3,5,14,4]
161514 [10,1,8,3,9,12,7,4,6,2,11,5]
2377698 [13,7,8,12,5,2,4,6,1,3,10,11,9,14]
2392766 [1,3,5,2,6,4,7]
2392766 [19,26,21,3,13,17,23,15,22,24,7,20,14,11,1,10,16,6,25,4,2,5,8,9,12,18]
2430015 [4,8,19,1,9,10,3,17,15,6,2,13,11,7,5,12,18,16,14]
2514934 [1,2,3,4,5,6]
521637 [5,4,2,1,3]
1251390 [1,3,6,7,2,4,5]
1297999 [7,3,6,4,5,1,8,2]
1308113 [7,5,6,2,8,3,4,1]
1309075 [6,4,3,2,5,1]
1331854 [5,4,1,6,2,3]
1369252 [24,11,8,18,12,15,23,9,21,10,5,13,1,14,2,3,19,20,6,22,17,4,7,16]
1381203 [1,2,3,4,5,6,7,8,9,10,11,12,13,14,15,16,17,18,19,20,21,22,23,24,25,26]
1383987 [7,3,2,1,6,5,4]
1383987 [3,1,4,5,7,2,6]
1393060 [1,2,3,4,5]
1412107 [1,2,4,5,3]
1412107 [5,6,8,4,9,1,7,3,2]
1412107 [9,10,2,13,18,1,14,7,20,19,5,6,4,8,3,11,15,12,16,17]
1412107 [9,10,6,16,5,3,13,15,7,8,11,17,4,12,1,2,14]
1439546 [2,1,3,4,7,5,6]
1439546 [3,5,1,2,4]
1918553 [1,2,3,4,5]
1918553 [1,2,3,4,5]
1918553 [1,2,3,4,5,6,7,8,9,10,11,12,13,14]
21271 [4,2,6,1,3,5,7]
21271 [4,22,41,36,25,16,28,34,1,13,18,6,33,23,35,20,12,8,7,14,31,27,40,2,30,15,17,26,11,5,29,24,19,21,37,3,38,32,10,9,39]
21271 [2,1,4,3,5]
21774 [6,14,15,11,8,4,20,16,9,3,18,1,10,13,12,17,5,19,2,7]
43932 [9,4,2,1,7,8,3,6,5]
43932 [7,4,13,5,9,1,14,12,6,2,11,8,3,10]
2185613 [1,4,5,6,7,3,2]
2197793 [29,2,1,16,14,13,11,28,7,17,4,22,19,12,21,24,8,26,10,5,18,6,20,27,3,23,15,9,25]
2215648 [11,16,3,6,13,2,9,10,12,5,7,14,8,1,4,15]
2215648 [2,6,3,5,1,4]
2215648 [2,1,4,5,3]
2215648 [1,3,4,5,2]
2215648 [3,4,6,5,9,13,10,8,1,7,12,2,11]
2236439 [11,6,16,8,17,9,15,7,2,5,12,18,10,3,4,13,1,14]
2259512 [1,2,3,5,4,6]
2259512 [5,16,6,10,18,9,4,12,1,2,7,15,8,14,13,17,11,3]
2259512 [5,2,4,1,3]
2259512 [12,11,3,18,14,17,20,2,26,24,8,6,16,15,13,31,5,25,27,1,7,29,10,9,22,21,30,28,23,19,4]
2259512 [1,2,4,3,5]
2259512 [20,10,1,12,18,4,8,16,6,3,13,22,26,15,11,5,9,7,29,23,28,21,24,2,14,19,17,27,25]
2261018 [2,13,8,9,1,6,3,7,4,11,5,10,12]
2261018 [1,6,5,3,4,8,2,7]
2261018 [10,4,3,9,5,7,1,2,8,6]
2261018 [2,3,9,8,5,7,6,1,4,10]
2261768 [15,9,17,14,3,8,1,16,10,4,2,5,12,13,11,7,6]
2273352 [5,10,2,1,4,8,3,7,6,9,11]
2281424 [33,36,4,58,13,46,47,45,7,27,59,19,57,37,40,42,20,8,55,1,26,30,44,11,3,41,56,17,15,39,32,10,12,6,51,23,52,24,38,43,25,18,49,48,5,14,35,29,28,31,54,2,16,9,21,53,34,50,22]
2286284 [6,7,5,2,4,1,3]
2288494 [6,3,4,1,8,7,2,5]
2291343 [7,6,1,4,8,9,2,5,3]
2291343 [12,6,9,1,7,5,8,3,2,11,10,4]
2291343 [3,5,4,6,1,2]
332521 [5,2,1,4,6,3]
349690 [1,2,3,4,5]
751365 [24,18,3,14,20,21,26,2,1,22,7,25,12,13,10,8,19,17,9,15,6,4,11,23,5,16]
779800 [4,19,7,12,15,17,16,5,3,8,10,6,2,9,20,18,13,11,1,14]
779800 [3,7,4,6,2,5,1,8]
839118 [7,6,4,9,8,3,1,5,2]
839118 [6,1,7,3,4,2,5]
894084 [3,5,2,4,1]
894084 [2,8,10,3,9,4,13,14,6,12,5,7,17,11,16,1,15]
894084 [5,7,11,12,10,4,2,1,6,3,8,9]
894084 [3,7,1,6,4,2,5]
894084 [12,7,13,5,16,4,2,15,6,17,8,14,10,9,19,18,3,11,1,20]
894084 [21,8,23,16,18,19,20,12,4,5,24,15,7,10,9,22,6,14,25,11,2,13,17,3,1]
894084 [4,7,6,1,2,3,5]
933067 [1,2,3,4,5,6,7,8,9,10,11,12,13,14,15,16,17,18,19,20,21,22,23,24,25,26,27,28,29,30,31,32,33,34,35,36,37,38,39]
497248 [3,4,7,2,8,5,1,6]
591092 [5,10,1,11,13,6,7,2,9,12,4,8,3]
616502 [1,12,11,8,5,3,10,4,2,9,7,6]
621402 [4,2,3,12,6,9,14,7,10,1,13,8,11,5]
621402 [1,5,6,2,7,8,3,4]
621402 [8,9,7,3,14,10,5,12,1,17,2,4,13,11,6,15,16,18]
621402 [2,5,4,1,3]
621402 [3,4,2,5,1]
621402 [5,1,4,2,3]
2435758 [11,2,17,7,23,8,20,6,22,14,26,18,19,16,13,15,5,10,4,12,21,9,24,3,25,1]
2436049 [7,1,8,6,2,5,4,3]
2440016 [1,6,5,3,4,7,8,2]
2440016 [3,1,10,7,2,9,8,6,5,4]
2440016 [28,8,13,15,24,17,19,18,10,3,6,26,29,14,4,1,21,20,22,23,16,25,9,12,7,2,5,11,27]
636116 [4,5,2,1,3]
1810529 [2,7,8,4,3,1,6,9,5]
1328488 [4,11,3,9,8,1,10,5,6,12,7,2,13]
1328488 [32,8,20,25,7,33,1,15,23,27,9,29,30,31,3,12,17,14,2,28,18,10,11,16,22,6,36,34,26,5,4,19,35,21,24,13]
1328488 [7,6,1,2,3,4,5]
1328488 [3,8,9,4,5,2,6,1,7]
1353550 [6,5,4,2,1,3,7,9,8]
1360769 [3,4,2,5,8,7,1,6]
1383987 [7,8,2,3,4,5,1,6]
1383987 [3,6,1,4,2,5]
1397437 [5,2,3,6,1,4]
1619579 [3,11,21,15,16,23,7,24,10,20,12,4,6,13,8,22,5,1,2,9,19,17,18,14]
1619579 [8,11,6,2,13,17,4,15,10,1,18,12,7,14,9,16,3,5]
1619579 [8,1,3,5,7,10,4,9,6,2]
1619579 [2,6,5,8,3,1,4,7]
1619579 [6,1,5,3,2,7,4]
2433810 [7,2,3,4,10,6,9,1,8,5]
2129565 [2,6,3,4,5,1]
2129565 [3,5,2,6,4,1]
2129565 [5,8,12,3,2,1,10,4,9,7,6,11]
299355 [4,2,3,6,1,5,7]
299355 [14,3,7,9,5,4,15,10,8,12,11,16,2,13,1,6]
349690 [1,2,3,4,5,6]
365556 [1,2,3,4,5,6,7]
373598 [5,3,4,2,6,7,1]
373598 [4,3,6,5,1,2]
373598 [8,4,5,1,6,3,7,2]
373598 [11,2,5,10,12,4,16,8,9,7,20,17,19,14,13,15,1,18,3,6]
433902 [7,4,3,2,6,5,8,1]
433902 [22,23,1,3,24,30,32,13,34,37,31,2,38,6,12,4,19,18,14,17,36,26,20,35,25,28,9,10,29,27,7,5,11,16,33,21,15,8]
433902 [2,3,1,10,4,8,9,5,7,6]
433902 [10,17,7,9,4,3,13,15,1,11,6,14,18,8,16,2,19,5,12]
1833688 [4,3,9,1,5,6,8,7,2]
1836074 [1,2,3,4,5,6,7,8,9,10,11,12,13,14]
1887306 [6,5,4,12,14,8,19,23,18,17,22,13,11,10,20,3,1,7,21,2,16,24,9,15]
1887306 [11,10,8,4,12,9,3,6,1,5,7,2]
1887306 [2,17,6,9,18,11,15,1,16,10,14,13,4,3,7,12,19,5,8]
1888687 [1,2,3,4,5,6,7,8]
1888687 [1,2,3,4,5,6,7,8,9,10,11,12,13,14,15,16,17]
1888687 [1,2,3,4,5,6,7,8,9]
1901938 [1,6,11,7,10,16,14,18,3,12,15,9,13,2,8,4,17,5]
1923897 [17,5,20,6,19,3,12,18,2,16,14,11,7,10,1,13,8,4,9,15]
730306 [1,2,3,6,5,8,4,7]
765724 [5,6,14,15,11,2,9,13,3,12,4,8,1,10,7,16]
793625 [1,2,3,4,5]
802369 [6,22,7,17,10,14,13,23,1,12,16,8,21,2,18,3,11,20,4,5,15,19,9]
815272 [1,10,22,31,14,26,47,43,19,12,8,46,32,34,5,16,7,2,35,3,49,21,11,17,45,18,23,40,42,41,37,24,4,36,44,33,30,25,48,38,39,20,27,9,6,13,29,28,15]
818399 [8,13,16,12,21,31,4,28,7,24,6,27,35,25,33,18,30,10,34,32,36,26,5,3,17,29,23,11,22,15,20,19,2,9,1,14]
818399 [15,12,7,5,9,34,24,29,11,21,13,31,10,30,19,6,33,17,28,1,27,20,22,16,32,3,26,23,2,18,14,8,4,25]
839514 [4,2,5,3,8,1,7,6]
891255 [4,2,7,12,9,8,5,13,6,10,1,11,3]
922492 [1,5,4,3,2]
949107 [1,2,5,4,6,3]
960555 [1,2,3,4,5,6,7,8,9,10,11,12,13,14,15,16,17,18,19,20,21,22,23,24,25,26,27]
755106 [1,2,3,4,5,6,7,8,9,10]
755106 [1,2,3,4,5,6,7,8,9,10,11,12,13,14,15,16,17,18,19,20,21,22,23,24,25,26,27]
812371 [1,2,3,4,5]
812371 [1,2,3,4,5,6,7,8]
812371 [1,2,3,4,5,6,7,8,9,10,11,12,13,14]
867679 [7,2,1,13,10,12,5,4,8,6,9,3,11]
867679 [7,10,16,15,12,14,3,6,9,4,5,13,17,18,1,11,19,2,8]
867679 [2,14,5,11,3,13,1,7,15,8,4,6,12,9,10]
867679 [7,10,3,2,11,1,5,9,6,4,8]
867679 [2,10,11,6,7,3,8,1,4,5,12,9]
867679 [2,1,4,5,3]
867679 [4,5,2,9,3,6,12,7,15,10,17,14,13,1,16,11,8]
875869 [5,3,1,6,4,7,2]
301528 [3,2,4,5,6,7,1]
301528 [15,1,12,6,10,11,9,8,2,4,13,7,14,5,3]
321436 [1,2,3,4,5,6,7,8,9]
335397 [2,5,1,3,4]
349690 [1,2,3,4,5,6,7,8,9,10,11,12,13,14,15]
349690 [1,2,3,4,5]
352658 [1,5,9,10,6,8,3,7,2,4]
352658 [6,5,2,3,9,11,8,7,4,10,1]
372543 [1,2,3,4,5,6,7,8,9,10,11,12,13]
374239 [19,12,1,32,37,28,38,29,6,4,24,15,2,21,16,27,7,33,11,30,9,34,8,22,41,14,25,40,39,35,17,31,18,10,5,23,26,3,36,20,13]
383378 [6,7,5,1,2,4,3]
393986 [1,2,3,4,5,6,7,8,9,10,11,12,13]
406058 [7,1,6,5,4,2,9,10,8,3]
406058 [5,3,2,1,4]
420583 [6,2,4,5,3,1]
441426 [4,1,3,2,5]
481652 [23,4,16,3,8,1,17,34,28,19,6,27,22,35,25,26,32,24,21,37,31,14,13,12,18,15,9,10,30,20,5,36,29,7,11,33,2]
373971 [6,7,5,2,1,4,3]
379037 [2,4,1,6,5,7,3]
379037 [3,9,5,6,2,4,1,7,8]
379037 [5,4,3,1,2]
379037 [12,8,9,5,1,7,4,3,10,6,2,11,13]
827612 [8,4,2,1,7,3,5,6]
827612 [7,22,3,25,15,9,5,21,24,4,2,26,18,13,11,23,8,17,12,20,27,29,6,1,16,14,19,10,28]
933067 [1,2,3,4,5,6,7,8,9,10,11]
972300 [15,5,8,19,2,18,13,6,14,11,17,3,21,12,10,22,23,20,4,16,1,9,7]
972300 [1,5,3,2,4]
2107360 [3,6,7,2,8,5,4,1]
2107360 [3,4,5,2,1,6]
2264861 [3,4,2,5,1,6]
135488 [5,7,8,4,3,1,6,2]
2548347 [3,1,6,2,5,4]
2548347 [4,9,1,6,7,12,3,5,2,8,10,11]
2566470 [7,8,1,3,2,4,5,9,6]
2575952 [3,1,5,6,4,2]
2575952 [8,4,12,9,14,7,1,15,3,11,6,10,13,2,5]
2575952 [1,5,6,2,4,3]
2575952 [1,4,7,3,8,5,6,2,9]
2575952 [6,4,5,10,7,3,1,8,9,2]
2575952 [1,3,2,4,5]
2575952 [1,6,5,7,4,2,3]
2575952 [10,6,8,2,7,11,5,9,4,3,1]
135488 [4,2,5,3,1]
135488 [5,6,1,7,3,2,4]
172491 [2,1,5,4,3]
172491 [1,7,2,5,4,6,3]
210846 [1,4,5,3,2]
510680 [6,7,4,3,8,5,2,1]
831059 [3,2,6,4,1,5]
831059 [9,21,16,18,1,25,14,26,11,4,6,12,7,15,19,24,17,3,23,22,8,2,20,5,13,10]
2044604 [5,1,6,7,4,3,2,8]
2091506 [2,4,3,5,1]
2091506 [4,5,2,1,3]
2532069 [1,2,3,4,5,6,7,8,9]
2532069 [1,2,3,4,5]
2420256 [6,3,2,5,4,1,7]
2415367 [11,1,10,12,13,4,6,8,5,14,9,2,7,3]
2433810 [13,2,4,5,9,11,7,3,10,1,8,12,6]
2440251 [1,2,3,4,5,6,7,8,9,10,11,12,13,14,15,16,17,18,19,20,21,22,23,24,25]
2440251 [1,2,3,4,5,6,7]
2440251 [1,2,3,4,5,6,7]
2446890 [3,1,6,5,4,2]
2471516 [3,2,5,4,1]
2471516 [7,4,5,9,6,2,8,3,1]
2471726 [1,2,3,4,5,6,7,8]
2471726 [1,2,3,4,5,6,7,8]
2530482 [6,3,8,1,7,2,4,5]
22895 [6,7,3,4,8,9,1,5,10,2]
2292094 [1,2,3,4,5,6]
2340535 [3,9,7,8,15,1,13,2,11,16,14,18,17,10,12,5,4,6]
2340535 [6,8,2,7,3,5,1,4]
2340535 [5,1,3,4,7,6,2,8]
2340535 [5,1,3,4,2]
2340535 [3,2,5,7,1,4,6]
2440251 [1,2,3,4,5,6,7,8,9,10,11]
2440251 [1,2,3,4,5,6,7,8,9,10,11,12,13,14,15,16,17,18,19,20,21,22,23,24]
2471663 [1,11,15,5,13,9,12,14,10,4,6,16,19,18,17,7,8,2,3]
2471663 [11,8,1,2,4,9,6,15,12,13,3,5,10,14,7]
2471663 [6,2,9,1,7,5,8,10,4,3]
2471663 [2,5,8,7,4,9,6,1,3]
2385834 [5,8,6,10,18,2,4,11,1,3,13,15,14,17,16,9,7,12]
2385834 [6,1,5,7,2,4,3]
2395238 [1,6,2,11,9,4,7,3,5,10,8]
409937 [2,8,5,4,11,1,3,7,10,6,9]
409937 [5,3,6,7,4,2,1]
463733 [8,2,6,1,7,3,5,4,9]
859415 [9,1,7,2,6,8,4,3,5]
2573441 [3,1,7,4,5,6,8,9,2]
2580963 [1,2,3,4,5,6,7,8,9]
2580963 [1,2,3,4,5,6,7,8,9,10,11,12,13,14]
2580963 [1,2,3,4,5,6,7,8,9,10,11,12,13,14,15,16,17,18,19,20,21,22,23,24,25,26]
22895 [4,1,6,7,3,2,5]
2023960 [6,1,2,4,3,5]
2044604 [16,10,18,26,20,17,6,12,24,21,2,13,3,14,9,5,19,25,7,1,23,4,8,11,15,22]
2044604 [4,2,1,3,5]
2046464 [16,2,14,1,7,13,4,15,11,3,6,8,9,12,10,5]
2420256 [1,6,11,3,7,9,8,2,5,4,10]
2420256 [3,1,2,5,4]
2420256 [2,4,5,1,3,6]
2420256 [9,10,12,28,3,23,32,8,25,5,27,11,1,18,21,16,30,31,15,13,20,29,6,17,19,2,36,22,14,35,24,7,26,33,34,4]
22895 [7,1,8,13,12,9,2,11,5,10,4,6,3]
22895 [3,5,1,6,4,2]
22895 [7,5,3,4,2,6,1]
34932 [4,1,5,2,3]
34932 [6,7,4,1,3,5,2]
2414221 [2,8,10,6,9,5,12,1,3,7,4,11,13]
2414221 [2,3,8,1,6,7,5,4]
2414221 [3,4,12,10,1,15,14,13,8,11,7,9,6,5,2]
2479187 [1,2,3,4,5]
2479187 [1,2,3,4,5,6]
2479187 [1,2,3,4,5,6,7,8,9]
1553852 [1,2,9,3,5,6,7,8,4]
1553852 [24,10,19,12,6,8,21,20,2,26,3,11,15,13,27,17,18,16,22,9,23,25,7,1,14,4,5]
1553852 [5,3,2,4,1]
1553852 [14,2,7,11,5,3,8,13,10,12,9,6,4,1]
1553852 [1,2,3,7,5,6,4]
2368248 [2,1,3,4,5]
2415367 [4,3,9,5,2,1,6,8,7]
2415367 [1,5,3,2,6,4]
2419900 [10,23,11,4,14,8,15,20,1,18,12,24,22,3,16,19,7,6,13,5,9,21,2,17]
2419900 [4,7,2,5,8,6,1,3]
2466068 [1,2,3,4,5,6,7,8,9,10,11,12,13,14,15,16,17,18,19,20,21,22,23,24,25,26,27,28,29,30,31,32]
2490461 [1,2,3,4,5,6,7]
2490461 [1,2,3,4,5]
2490461 [1,2,3,4,5,6,7,8]
2490461 [1,2,3,4,5,6,7,8,9,10,11,12,13,14,15,16,17,18,19,20]
2490461 [1,2,3,4,5,6]
2490461 [1,2,3,4,5,6,7,8,9]
2505050 [4,2,1,5,3]
2505050 [17,12,20,3,15,2,6,5,1,19,18,4,16,7,13,14,8,11,9,10]
2505050 [12,2,6,8,14,7,5,4,1,15,10,13,9,11,3]
2505050 [3,6,7,2,4,1,5]
2505050 [5,1,2,3,4]
2575952 [5,4,3,1,2]
2575952 [5,4,10,9,6,3,11,1,8,2,7]
2575952 [1,9,4,7,6,10,2,5,3,8]
2575952 [5,1,3,2,4]
2575952 [9,10,2,12,6,11,4,3,7,13,8,1,5]
2575952 [1,5,2,4,3]
2575952 [3,5,1,9,8,7,6,2,4]
2575952 [11,6,3,1,8,7,9,4,2,10,5]
22895 [3,7,2,5,8,4,1,6]
553940 [14,19,4,10,5,18,2,16,13,1,6,8,11,12,9,3,15,17,7]
557702 [1,2,3,4,5,6,7,8,9,10,11,12,13,14,15,16,17,18,19,20,21,22,23,24,25,26,27,28,29,30,31,32,33,34,35,36,37,38,39,40]
562321 [7,5,6,8,4,1,2,3,9]
564152 [12,14,5,13,4,3,8,2,11,6,10,9,7,1]
564152 [14,4,10,8,6,11,15,1,3,2,16,12,9,13,5,7,17]
1481473 [6,3,7,2,4,5,1]
1481473 [10,3,6,11,5,1,4,2,9,12,8,7]
1505173 [8,9,11,12,18,2,1,4,5,10,15,3,13,16,17,6,7,14]
784053 [5,10,8,2,1,11,3,9,6,4,7]
2094831 [1,2,3,4,5,6,7,8,9]
2098487 [9,4,5,7,2,3,1,6,8]
2098487 [4,2,6,3,5,1]
2098487 [2,6,1,4,5,3]
965694 [1,2,3,4,5,6,7,8,9,10]
986406 [4,5,1,2,3]
1012145 [1,2,3,4,5,6,7,8]
1014041 [1,2,3,4,5]
1014041 [1,2,3,4,5]
1023832 [11,7,3,8,10,9,5,1,2,6,4]
1023832 [10,4,1,12,8,3,2,13,11,6,5,9,7]
1023832 [7,6,1,4,11,9,5,3,13,12,8,10,2]
1071493 [1,2,3,4,5,6,7,8,9,10,11,12,13,14,15,16,17]
1071493 [1,2,3,4,5,6,7,8,9]
1071493 [1,2,3,4,5,6,7,8]
1090625 [2,1,3,6,7,4,5]
1103145 [1,2,3,4,5]
1103145 [1,2,3,4,5]
1104073 [4,1,5,2,3]
1105810 [5,8,2,4,7,9,1,6,3]
1122915 [9,17,2,1,16,10,15,12,3,4,6,7,13,11,5,14,8]
1178523 [3,9,4,6,7,2,5,1,8]
2204341 [8,5,7,2,4,10,9,11,3,1,6]
2272218 [1,2,3,4,5,6,7,8]
2281424 [1,4,6,2,3,5]
2282798 [1,2,8,4,3,6,5,7]
2282798 [3,6,4,5,2,1]
2282798 [3,4,9,2,6,7,12,11,5,8,1,10]
2288494 [3,1,4,5,2]
2288494 [2,7,8,6,5,4,3,10,1,9]
2288494 [2,5,6,3,4,1]
2288494 [17,6,9,4,34,31,20,30,21,3,14,32,2,29,19,18,7,10,16,23,28,13,15,8,27,33,12,5,11,26,22,25,24,1]
2288494 [5,7,4,1,3,6,2]
2289794 [4,1,5,2,7,6,3]
2289794 [1,4,5,2,3]
2361405 [5,1,2,4,3]
2404803 [1,2,3,4,5,6,7,8,9,10,11,12,13,14,15,16,17,18,19,20,21,22,23,24,25,26,27,28,29,30,31,32,33]
33736 [1,6,3,2,9,7,8,5,4]
168769 [1,4,3,2,5]
168769 [2,4,5,1,3]
168769 [3,4,1,5,2]
253490 [1,2,3,4,5,6,7,8,9,10,11,12,13,14,15,16,17,18,19,20,21,22,23,24,25,26,27,28,29,30,31]
253490 [1,2,3,4,5,6,7,8,9,10,11,12,13]
253490 [1,2,3,4,5]
253490 [1,2,3,4,5,6,7,8,9,10,11,12,13,14,15,16,17,18,19,20,21,22]
268600 [4,5,2,3,1,6]
268600 [6,2,7,1,4,5,8,3,9]
268600 [1,9,2,10,4,8,7,5,6,3]
268600 [3,1,7,5,2,4,6]
268600 [7,1,8,10,3,9,6,5,4,2,12,11]
268600 [19,13,8,7,10,15,12,3,6,1,11,20,18,14,16,2,17,4,5,9]
268600 [2,4,3,1,7,5,6]
268600 [11,2,17,15,8,4,10,14,6,5,9,7,16,13,12,3,1]
268600 [7,5,6,3,2,4,1]
274463 [1,7,13,12,6,9,10,3,2,11,14,4,8,5]
1721133 [1,4,3,2,5,6]
1721133 [1,2,5,3,6,4,7]
1721133 [2,4,1,5,3]
1762623 [15,6,3,14,4,11,8,10,17,13,7,9,16,2,12,5,1]
1825805 [1,2,3,4,5,6]
1825805 [1,2,3,4,5,6,7,8,9,10,11]
1825805 [1,2,3,4,5,6,7,8,9,10,11,12,13,14,15,16,17,18,19,20,21,22,23,24]
1825805 [1,2,3,4,5,6,7]
1825805 [1,2,3,4,5,6,7,8,9]
1799180 [1,6,11,5,9,7,10,8,2,4,3,12]
1799180 [8,3,1,7,2,6,4,5]
1799180 [6,1,5,7,3,2,4]
1799180 [2,21,14,29,8,12,7,9,5,27,6,1,25,13,22,24,26,20,31,23,17,11,3,16,18,30,10,4,19,15,28]
1827042 [20,12,3,11,24,1,6,10,21,23,15,8,17,4,22,14,19,18,16,25,13,2,7,5,9]
1827042 [8,7,5,6,1,9,2,3,4]
1827042 [3,5,13,22,24,27,19,21,12,9,6,4,15,7,2,20,23,25,26,28,8,11,1,14,16,18,10,17]
1827042 [8,2,10,9,4,3,5,7,6,1,11]
1827042 [16,11,10,18,8,21,19,15,5,17,7,14,6,20,9,13,3,12,1,4,2]
1827042 [11,4,10,8,14,9,5,12,2,13,6,1,7,3]
1827042 [1,9,4,8,6,2,3,7,11,12,10,5]
1827042 [2,1,11,6,4,3,12,8,9,10,5,7]
1827042 [5,1,7,9,6,3,2,10,4,8]
1848398 [1,2,3,4,5]
1874962 [4,5,2,3,1]
1881817 [1,2,3,4,5]
1881817 [1,2,3,4,5,6,7,8,9,10,11,12]
1901483 [12,19,10,14,5,4,3,20,7,11,17,16,6,18,13,2,1,15,8,9]
1901483 [2,3,1,5,4,6]
583610 [4,6,3,2,1,5]
636116 [7,6,2,1,8,4,5,3,9,10]
636116 [4,2,1,5,6,3]
636116 [7,2,5,3,4,1,6]
636116 [5,8,9,6,4,7,3,1,2]
642707 [23,9,3,18,12,20,1,25,7,24,4,14,21,13,16,11,2,8,5,15,10,6,17,19,22]
651118 [10,1,5,4,2,3,9,7,8,6]
651118 [2,1,9,3,5,10,7,8,6,4]
651118 [5,6,1,3,4,11,12,2,7,8,10,9]
651118 [4,9,10,2,7,1,6,8,3,5]
670685 [7,5,4,1,3,2,8,6]
682239 [3,1,6,8,4,2,9,5,7]
682239 [5,10,6,9,8,4,2,3,11,1,7]
682239 [2,3,5,1,4]
682239 [3,4,2,1,5]
715376 [9,2,6,3,11,4,1,10,8,7,5]
715376 [1,2,4,5,3]
715376 [1,4,2,3,5]
716137 [1,2,3,4,5,6]
716137 [1,2,3,4,5,6,7,8,9,10,11]
750497 [12,17,18,9,15,20,5,19,13,4,7,10,6,3,1,16,11,2,14,8]
750497 [3,7,9,6,5,4,8,11,10,2,1]
750497 [4,5,9,2,7,6,3,8,1]
750497 [10,14,6,7,13,5,3,9,2,11,8,4,1,12]
750497 [2,3,1,5,4]
750497 [6,2,3,1,4,5]
750497 [4,8,2,5,9,11,14,7,13,10,12,6,3,1]
750497 [8,7,2,9,1,4,3,6,5]
750497 [12,3,11,1,7,14,6,15,9,2,5,4,8,13,10]
750497 [13,5,4,10,6,7,2,20,19,14,1,15,18,12,22,17,8,21,9,3,11,16]
751365 [17,5,13,8,11,18,2,14,20,1,9,19,23,25,6,10,22,4,7,21,24,3,12,16,15]
768249 [17,13,36,34,8,24,29,12,25,2,19,18,3,6,9,26,27,11,21,7,30,15,14,28,20,1,23,35,31,37,38,4,22,33,32,10,16,5]
768249 [14,5,15,12,16,2,11,13,1,17,10,7,3,8,6,4,9]
768249 [8,7,2,16,18,21,11,14,1,20,13,12,9,15,19,22,17,3,5,6,23,10,4]
768249 [7,4,6,8,1,11,10,9,3,2,5]
782168 [5,6,1,4,3,2]
782168 [2,6,1,5,3,4]
1531241 [20,17,13,3,6,2,11,5,18,4,8,10,19,7,15,1,9,16,14,12]
1552171 [5,1,4,2,3]
1583352 [3,6,1,4,5,2]
162118 [4,11,8,2,17,15,9,13,5,10,3,16,6,1,12,18,7,14]
1297999 [4,5,1,2,3,6,7]
1249770 [5,6,1,7,8,3,4,2]
1249770 [7,5,8,9,2,6,1,10,3,4]
1249770 [5,3,6,1,2,4]
1249770 [12,8,16,15,4,10,9,17,13,2,7,6,1,5,11,18,3,14]
1249770 [3,4,1,2,5]
2015664 [5,1,3,2,4]
2015664 [3,4,1,2,5]
631807 [3,1,7,5,4,2,6,8]
2003901 [1,4,2,5,3]
2003901 [2,1,4,10,5,8,9,6,3,7]
2003901 [4,9,11,8,10,3,2,5,7,6,12,1]
2003901 [13,10,15,1,6,12,17,9,3,4,14,11,5,8,16,19,20,7,21,18,2]
2003901 [12,2,11,5,3,9,1,13,7,4,14,6,10,8]
2003901 [10,3,5,7,11,2,4,8,9,1,6]
2003901 [3,4,9,8,10,7,6,5,1,11,2]
370441 [6,7,1,4,5,2,8,3]
373598 [1,13,12,9,11,14,5,3,7,10,8,2,6,4]
411733 [7,1,6,3,5,2,4]
411733 [7,6,8,2,1,3,4,5]
32222 [2,3,5,4,1]
32222 [7,6,1,5,2,3,4]
32222 [13,1,12,14,4,15,3,8,2,9,6,10,5,11,7]
32222 [10,13,7,5,16,19,22,6,18,12,17,21,2,9,3,14,20,1,11,4,15,8]
1614920 [15,14,4,22,17,24,25,37,31,5,28,1,36,3,34,10,30,26,27,12,8,35,19,38,13,2,23,6,33,18,29,21,20,11,9,16,32,7]
118159 [1,2,3,4,5]
118159 [1,2,3,4,5,6,7,8]
143799 [1,2,3,4,5]
760446 [1,2,5,3,4]
760446 [9,13,2,10,19,16,21,14,11,4,7,18,8,5,15,1,17,3,20,12,6]
244843 [6,2,1,9,4,5,3,8,7]
261181 [12,3,8,11,7,10,6,2,5,9,1,4]
261181 [3,1,6,4,2,5]
481652 [2,1,7,6,5,3,4]
741821 [2,7,1,3,8,5,6,4]
775040 [4,1,3,9,7,5,2,6,8]
337540 [1,18,9,16,4,7,12,15,6,14,17,2,5,10,8,11,13,3]
337540 [5,4,6,8,1,2,7,3]
404711 [5,6,3,7,8,2,1,4]
411733 [12,5,16,26,14,22,15,11,10,4,19,27,17,8,6,3,21,25,9,1,20,24,23,2,13,7,18]
411733 [3,2,5,4,1]
413654 [4,1,3,5,2]
625422 [1,2,3,4,5,6,7,8,9,10]
625422 [1,2,3,4,5]
364113 [5,4,1,3,2]
364113 [9,13,5,4,16,1,6,7,12,14,3,11,8,2,10,15]
366407 [4,7,5,8,2,3,6,9,1]
441426 [50,17,43,8,45,9,31,44,47,4,11,5,21,27,36,35,20,3,39,22,30,1,2,42,48,19,6,7,40,24,46,29,38,16,28,41,26,18,32,33,14,23,10,34,25,15,37,49,13,12]
204031 [2,5,4,6,1,3]
204031 [4,2,3,5,6,1]
456623 [4,2,5,1,3]
457469 [1,7,5,4,3,8,2,6]
457469 [2,4,1,5,3]
470094 [3,15,16,1,9,7,4,14,11,6,8,5,10,2,13,12]
194623 [6,28,3,26,25,16,12,33,34,21,24,36,10,27,32,9,23,5,35,18,20,17,1,13,15,19,30,31,8,2,29,7,14,4,22,11]
944122 [4,6,5,1,7,2,3]
944122 [1,3,2,4,5]
944122 [2,1,5,3,4]
944122 [1,3,4,2,5]
978714 [1,2,3,4,5]
304809 [1,2,3,4,5,6,7,8,9,10,11,12,13,14,15,16,17,18,19]
441426 [17,5,12,10,13,11,6,3,18,14,7,15,8,9,1,2,4,16]
447264 [2,1,5,4,3]
626652 [6,7,11,3,9,1,12,2,10,4,8,5]
645703 [5,4,3,1,6,2]
22895 [4,2,5,6,1,3,7]
933067 [1,2,3,4,5,6,7,8,9]
933067 [1,2,3,4,5,6,7,8,9,10]
933067 [1,2,3,4,5,6,7,8,9,10,11,12,13,14,15,16,17,18,19,20,21,22,23,24,25,26,27]
933067 [1,2,3,4,5,6]
211816 [5,4,6,7,2,3,1]
211816 [5,6,2,1,3,4]
211816 [20,14,10,5,1,11,2,16,9,19,12,7,17,3,22,15,21,4,8,18,6,13]
213347 [5,1,9,8,10,12,6,4,7,3,2,13,11]
244218 [1,6,8,9,4,7,3,2,5]
245353 [3,1,2,4,5]
245353 [5,1,4,2,3]
245353 [3,2,4,1,5]
352658 [6,3,2,5,4,1]
364113 [6,1,9,2,5,13,4,14,10,7,15,8,12,3,11]
365013 [22,3,24,17,20,6,8,21,10,9,16,2,14,12,15,23,5,19,1,18,7,11,13,4]
365013 [6,2,3,1,9,4,7,8,5,10]
261530 [8,4,7,6,1,3,2,5]
901864 [7,5,4,2,3,1,8,6]
901864 [5,3,1,4,2]
901864 [4,3,1,6,2,5]
1328826 [1,2,3,4,5]
847729 [9,6,3,2,7,4,5,8,1]
847729 [4,10,9,7,5,1,3,2,8,6]
847729 [7,13,2,4,11,9,12,5,3,6,10,1,8]
847729 [3,6,5,1,8,2,7,9,4]
702478 [6,5,4,2,1,7,3]
702478 [22,14,31,23,19,26,7,21,12,11,17,29,3,5,15,27,9,28,25,13,2,24,6,30,8,4,18,20,16,10,1]
702478 [3,5,4,2,1]
715376 [5,3,4,2,1]
1105810 [3,1,6,2,7,4,5]
1105810 [7,4,9,2,8,13,6,11,10,1,12,3,5]
890209 [19,12,20,14,17,21,16,4,2,22,11,8,13,7,18,10,6,23,1,9,3,5,15]
1171223 [5,2,4,6,3,1]
1360769 [9,4,3,2,7,1,6,8,5]
1647768 [3,5,1,4,2,6]
1375689 [1,4,2,3,6,5]
1664967 [6,1,3,4,2,5]
1664967 [13,4,3,10,2,19,6,8,17,5,20,18,15,16,14,12,7,11,9,1]
1664967 [22,16,13,21,7,18,1,8,15,3,20,17,12,5,9,11,6,10,4,2,23,14,19,24]
139350 [5,1,3,4,6,2]
139350 [4,9,3,6,11,10,5,8,1,12,2,7]
985452 [3,9,8,12,6,5,2,1,7,4,13,10,11]
814889 [3,2,1,5,4]
1131819 [3,6,4,5,1,2]
1131819 [1,4,5,2,6,3]
930903 [2,1,3,5,4,6]
366407 [6,3,4,1,5,2]
367419 [3,7,2,10,1,6,4,8,9,5]
367419 [1,4,6,7,2,5,3]
367419 [3,2,6,5,1,4]
367419 [7,5,3,6,8,2,4,1]
370441 [10,12,4,3,1,11,7,8,2,5,9,6]
370441 [7,3,2,6,1,5,4]
374239 [2,6,1,5,7,3,4]
374239 [7,2,11,8,12,5,9,1,13,3,14,6,10,4]
374239 [8,4,5,14,9,2,13,1,12,11,3,10,6,7]
374239 [8,13,16,10,14,7,5,11,2,15,9,12,3,4,6,1]
374239 [6,1,13,10,7,12,2,5,4,3,9,11,8]
374239 [3,4,8,7,11,10,2,6,1,9,5]
374239 [7,1,8,3,9,2,4,6,12,10,5,11]
374239 [15,14,8,6,2,9,12,1,7,11,13,5,10,4,3]
374239 [6,2,4,1,3,5]
387363 [3,1,4,2,5]
393986 [1,2,3,4,5,6,7,8,9,10,11,12,13,14,15,16,17,18,19,20,21,22,23,24,25,26,27,28,29,30,31,32,33,34,35,36,37,38,39,40,41,42,43,44,45,46,47,48,49,50,51,52,53,54,55,56]
443990 [2,1,5,3,6,4]
443990 [2,5,4,7,3,6,1]
443990 [4,3,2,5,1]
443990 [3,6,5,1,2,4,7]
443990 [5,2,7,1,9,4,6,3,8]
443990 [8,9,2,6,13,4,5,7,3,14,12,11,10,1]
443990 [1,3,2,4,5]
443990 [10,8,5,1,4,7,9,3,2,6]
443990 [3,7,20,15,11,17,28,1,24,10,16,12,27,2,4,14,26,19,6,18,5,21,22,25,23,13,9,8]
443990 [5,6,3,2,1,4]
443990 [5,3,6,4,7,2,1]
1488979 [1,2,3,4,5,6,7,8]
1488979 [1,2,3,4,5,6,7,8,9]
1488979 [1,2,3,4,5,6,7,8,9,10,11]
1488979 [1,2,3,4,5,6,7,8,9,10,11,12,13,14,15]
1488979 [1,2,3,4,5,6,7,8,9,10,11,12,13,14,15,16,17,18,19,20,21,22,23,24,25,26,27,28]
1488979 [1,2,3,4,5,6,7,8,9,10,11,12,13,14,15,16,17,18,19,20,21,22,23,24,25,26,27,28,29]
2140356 [5,2,7,6,4,8,9,3,1]
2140356 [2,1,5,3,6,4]
2140356 [4,6,5,2,1,3]
102984 [4,5,9,3,17,7,18,6,21,20,1,2,13,11,15,8,14,16,10,19,12]
127405 [1,2,3,4,5]
852601 [7,2,15,23,9,21,6,8,12,1,22,18,20,16,19,17,11,4,5,3,14,13,10]
852601 [6,2,4,3,5,1]
852601 [5,16,23,3,8,27,24,10,12,7,2,18,1,13,20,15,26,9,4,19,17,22,11,28,14,25,21,6]
1251390 [8,6,5,7,1,2,3,4]
1251390 [11,12,7,10,5,6,4,8,1,9,2,3]
2161139 [5,3,1,2,4]
2161139 [4,3,2,5,1]
2161139 [1,2,5,4,3,6]
1525711 [8,13,10,15,4,1,2,9,6,12,5,11,14,7,3]
1525711 [1,4,3,2,5]
1071040 [1,2,3,4,5,6,7]
1218901 [1,7,4,3,6,5,2]
1218901 [5,10,2,3,6,4,1,7,9,8]
1218901 [6,12,20,5,8,21,19,1,16,9,7,4,14,17,15,11,2,13,18,10,3]
1221502 [3,2,1,6,5,4]
1221502 [15,1,5,16,7,2,10,12,6,14,18,17,3,19,9,11,4,13,8]
1297999 [27,8,1,22,10,17,28,6,24,7,26,14,23,9,18,2,12,3,5,25,4,19,15,13,11,16,20,21]
1298261 [1,2,3,4,5]
1320872 [11,5,12,2,10,4,13,1,3,7,9,6,8]
1323002 [1,13,17,8,3,9,11,4,12,6,2,15,7,16,10,14,5]
1401252 [1,2,3,4,5,6,7,8,9]
1401252 [1,2,3,4,5,6,7,8,9,10,11,12,13,14,15,16,17]
1401252 [1,2,3,4,5,6,7,8,9,10]
1401252 [1,2,3,4,5]
1401252 [1,2,3,4,5,6]
1401252 [1,2,3,4,5,6,7,8,9,10,11,12]
1401252 [1,2,3,4,5,6,7,8,9,10,11,12,13]
1401252 [1,2,3,4,5]
1401252 [1,2,3,4,5,6,7,8,9]
1401252 [1,2,3,4,5,6,7,8,9,10,11,12]
1863380 [1,2,3,4,5,6,7]
1863380 [1,2,3,4,5,6,7,8,9,10,11,12,13,14,15,16,17,18,19,20,21,22,23,24,25,26,27,28,29,30,31,32,33,34,35,36,37,38,39,40,41,42,43,44,45,46]
559866 [4,2,5,1,3,6]
559866 [5,7,1,8,6,4,3,2]
563537 [3,5,4,1,6,2]
563537 [7,1,5,2,3,6,4]
563537 [4,1,6,3,8,2,9,10,7,5,11]
563537 [14,7,9,18,12,3,6,11,10,8,21,4,1,5,16,13,19,17,20,15,2]
563537 [2,6,7,12,8,11,1,14,5,9,13,4,10,3]
563537 [9,1,8,2,5,6,10,4,7,3]
802605 [1,2,4,3,5]
1369252 [2,14,11,17,5,1,15,12,13,9,6,16,7,4,3,10,8]
2081926 [1,2,3,4,5,6,7]
2430015 [12,4,5,6,7,8,3,9,11,2,10,1]
1622906 [4,5,7,2,3,9,8,1,6]
1622906 [4,3,1,5,2]
1622906 [3,9,7,6,2,8,4,5,1]
1622906 [2,5,1,3,4,6]
1622906 [2,3,6,10,1,7,5,4,9,8]
1622906 [1,6,10,3,12,8,2,11,7,5,4,9]
1622906 [4,1,9,3,8,2,6,11,5,7,10]
1323002 [3,4,1,2,5,7,6]
1631327 [8,17,10,11,12,15,5,14,2,1,16,6,7,13,4,9,3]
346921 [3,4,1,5,2]
1021080 [6,9,4,12,14,8,13,11,1,2,10,7,5,3,15,16]
1021080 [11,10,4,3,2,1,12,9,8,7,5,13,6]
167867 [6,3,7,2,4,5,1]
301528 [7,5,6,2,3,4,1]
301528 [1,3,5,4,2]
301528 [16,15,11,9,10,12,5,1,13,2,4,8,6,14,7,3]
301528 [2,5,1,4,3]
301528 [3,2,5,1,7,6,4]
301528 [7,6,4,2,12,5,9,13,8,11,1,3,10]
301528 [1,2,3,4,6,5,7]
2060487 [2,4,5,1,3]
715376 [4,2,6,3,5,1]
715376 [2,4,5,3,1]
715376 [2,1,6,4,5,3]
715376 [7,1,10,6,5,8,3,2,4,9]
715376 [4,6,2,5,3,1]
1481473 [7,4,1,8,5,3,6,2]
1693059 [1,7,3,4,2,6,5]
1735326 [1,2,3,4,5,6,7,8,9,10,11,12,13,14]
1735326 [1,2,3,4,5,6,7,8,9,10]
1735326 [1,2,3,4,5,6]
1735326 [1,2,3,4,5]
1178523 [12,1,7,3,9,4,2,6,10,11,8,5]
1178523 [16,6,24,3,17,34,25,28,18,23,9,8,11,19,32,29,15,4,7,26,13,1,33,5,22,31,10,14,21,12,30,20,27,2]
1178523 [1,5,2,3,7,11,10,6,8,9,4]
1178523 [3,6,5,4,2,1]
1216284 [5,4,9,6,2,1,7,3,8]
1216284 [11,16,5,10,8,6,4,1,13,3,12,14,7,15,9,2]
2255260 [1,2,3,4,5,6,7,8,9]
1948814 [2,3,4,5,1]
1129282 [3,5,4,2,1]
1255547 [3,7,1,6,4,5,2]
1500590 [1,6,5,2,4,3]
2097149 [4,7,2,3,6,5,1]
2098487 [1,3,7,4,9,5,2,6,8]
2098487 [6,1,5,10,4,14,2,12,7,9,3,8,13,11]
2098487 [7,8,2,9,4,6,5,1,3]
2098487 [6,4,7,5,3,1,2]
2098487 [4,3,16,7,10,14,15,20,11,2,18,9,19,21,17,1,12,8,13,6,5]
2098487 [4,3,8,7,6,5,2,9,10,1]
2098487 [8,9,11,4,12,20,7,14,6,16,21,2,5,19,13,17,15,18,3,23,1,10,22]
2193614 [1,2,3,4,5,6,7,8,9]
2193614 [1,2,3,4,5,6,7,8,9,10]
2420256 [6,1,2,4,5,3]
160892 [5,6,2,1,3,4]
160892 [3,5,1,6,2,4]
168638 [6,2,1,8,9,10,5,3,7,11,4]
1702535 [3,7,15,1,18,11,4,13,6,17,12,9,5,19,8,20,14,10,16,2]
2253077 [3,2,4,5,1]
2253077 [8,7,4,1,2,3,6,5]
2253077 [2,7,4,6,3,1,5]
2253077 [13,1,10,2,7,4,17,19,15,11,5,14,16,3,6,8,18,12,9]
2253077 [5,10,2,9,8,1,4,14,3,7,13,12,6,11]
2253077 [17,16,7,8,2,15,20,10,19,4,12,11,6,9,1,14,5,18,13,3]
2253077 [10,7,4,1,2,9,6,8,5,3]
2255260 [1,2,3,4,5,6,7,8,9]
2259512 [10,5,18,6,11,25,29,24,14,32,16,3,13,30,23,9,19,15,31,7,8,21,4,1,17,22,26,2,27,20,28,12]
2129565 [3,2,1,4,5]
2381383 [1,2,3,4,5,6,7,8,9,10,11]
1942669 [1,2,3,4,5]
1956329 [9,8,3,1,7,6,2,5,4]
2417699 [3,7,2,6,4,5,1]
2417699 [1,3,4,2,5]
2583035 [3,6,10,5,4,9,1,2,11,7,8,12]
2583035 [7,9,8,1,2,3,6,4,5]
456623 [4,5,2,9,7,8,1,3,10,6]
459098 [5,6,2,1,4,3,7]
459098 [3,4,6,1,5,2]
1211061 [33,3,31,21,34,30,5,11,17,29,22,2,36,26,13,9,24,8,15,18,12,7,20,16,28,10,1,19,35,4,14,6,25,27,23,32]
1211061 [3,6,2,5,1,4]
1255547 [4,5,7,6,3,1,2]
1255547 [3,2,6,5,1,4]
1578249 [7,11,4,2,14,10,13,9,8,12,5,1,3,6]
51752 [23,18,15,7,28,20,11,4,24,10,3,12,14,21,27,13,2,19,25,26,1,6,16,5,17,8,22,9]
51752 [1,6,8,9,4,10,3,5,7,2]
51752 [4,7,5,8,3,6,2,1]
1783728 [10,1,7,6,3,4,2,9,8,5]
1783728 [14,2,29,18,19,23,32,22,27,1,33,20,37,3,25,4,31,26,8,36,35,13,21,5,24,6,30,12,34,15,9,17,7,10,11,28,16]
1965353 [11,1,9,3,8,5,6,2,4,7,10]
1965353 [3,6,10,7,12,2,5,1,11,4,8,9]
2484251 [3,1,5,2,4,6]
2490102 [4,5,3,2,7,6,1]
1035411 [1,3,4,6,2,5]
1035411 [7,15,13,2,18,11,12,4,10,8,17,3,5,6,16,1,14,9]
1791251 [7,4,8,9,5,2,3,6,1]
2126801 [1,2,3,4,5,6]
2126801 [1,2,3,4,5,6,7,8]
2126801 [1,2,3,4,5]
1118426 [4,1,5,3,2]
1118426 [2,4,5,6,3,1]
1118426 [5,1,3,2,4,7,6]
1118426 [11,2,9,1,5,8,12,6,4,10,7,3]
1118426 [1,6,5,4,2,3]
1703304 [8,9,3,2,6,7,5,4,1]
1834502 [10,5,1,8,4,3,12,7,16,15,13,2,11,6,9,14]
1834502 [4,9,2,11,3,6,8,12,10,5,1,7]
1732429 [1,12,9,7,6,13,3,5,8,11,2,10,4]
1732429 [6,2,1,5,3,4]
1732429 [4,6,7,5,1,8,3,2]
1858367 [12,4,3,13,7,11,9,14,8,6,10,2,5,1]
317862 [1,4,2,3,5,6]
1706553 [4,2,3,5,1]
420668 [3,7,6,5,1,2,4]
1788365 [6,1,3,5,2,4]
1788365 [24,35,43,21,1,28,11,29,3,42,34,36,4,19,25,45,15,37,8,13,32,10,17,44,16,5,46,20,26,33,2,38,39,6,7,23,41,31,14,9,30,12,40,27,22,18]
1788365 [4,14,36,27,8,34,26,5,17,19,2,15,6,21,20,10,35,30,1,44,23,18,25,3,29,7,28,42,24,41,32,11,12,40,37,22,31,38,13,43,16,33,39,9]
1802703 [2,14,4,1,13,11,8,9,7,10,5,6,3,12]
1802703 [4,3,1,2,5,6]
1803121 [6,16,8,2,14,19,21,17,4,25,13,9,20,15,18,10,12,11,7,5,1,23,24,3,22]
1803121 [4,29,6,14,13,3,22,18,16,21,24,12,10,20,25,26,5,27,11,7,2,9,15,17,19,28,23,1,8]
1810529 [3,5,1,2,4]
1810529 [12,2,5,9,11,1,10,4,8,7,3,6]
456749 [6,2,3,10,8,5,1,9,7,4]
456749 [5,4,3,1,2]
470094 [1,2,5,4,3,6]
470094 [6,1,3,9,10,7,2,5,4,8]
1840209 [5,7,3,8,1,10,4,2,9,6]
1848398 [1,2,3,4,5,6,7,8,9,10,11,12,13,14,15,16,17,18,19,20,21,22,23,24,25,26,27,28,29,30,31,32]
1848398 [1,2,3,4,5,6,7,8]
1848398 [1,2,3,4,5,6,7,8]
1848398 [1,2,3,4,5,6,7,8,9,10,11,12,13,14,15,16,17,18,19,20,21,22,23,24,25,26]
244367 [2,3,1,7,4,6,5]
433902 [2,22,15,7,3,19,4,5,25,17,9,20,6,18,10,1,13,14,24,23,16,21,11,12,8]
2044604 [2,5,4,1,6,3]
2044604 [4,5,2,6,3,1]
2212062 [2,1,6,4,3,8,7,5,9]
2540950 [4,11,5,8,1,3,9,10,2,7,6]
21271 [9,4,7,6,2,3,1,8,5]
591798 [4,14,10,9,11,2,8,5,1,7,6,3,12,13]
591798 [4,2,9,10,5,7,8,6,1,3]
591798 [3,4,2,5,6,1]
1520051 [1,2,3,4,5,6]
1562408 [2,5,6,1,3,4]
808364 [2,5,9,8,12,7,6,4,1,11,3,10]
2520299 [4,7,3,1,5,2,6]
2526874 [1,2,3,4,5,6,7,8,9,10]
2526874 [1,2,3,4,5,6,7]
2526874 [1,2,3,4,5,6,7]
2526874 [1,2,3,4,5]
2526874 [1,2,3,4,5,6,7,8,9,10,11,12,13,14,15]
1223263 [2,5,3,1,4]
1223263 [5,3,4,2,1]
1255547 [1,4,3,5,2]
1331272 [6,4,3,1,5,2]
1331272 [10,4,9,8,7,5,3,2,6,1]
1331272 [4,3,7,9,5,1,6,8,2]
1331272 [3,7,4,1,6,2,5]
1331272 [1,12,13,5,6,2,4,16,15,7,9,11,10,14,3,17,8]
1331272 [3,4,8,7,9,1,10,5,2,6]
1331272 [4,8,5,6,9,10,3,7,11,2,1,12]
1545122 [3,1,4,5,6,7,2]
1561074 [11,7,9,6,8,1,12,5,4,3,2,13,10]
1561074 [3,6,2,1,5,4]
1563464 [6,5,1,4,3,2,8,7]
1563464 [4,2,7,1,3,5,6]
2306684 [13,9,14,19,8,2,7,1,15,12,6,16,3,17,4,11,10,5,18]
2306684 [7,1,4,3,6,9,5,10,2,8]
2420256 [12,7,21,25,22,4,14,9,19,26,18,20,8,5,6,24,3,16,15,2,1,13,10,23,17,11]
2548347 [3,10,1,2,6,9,4,8,7,5]
1542756 [13,5,2,11,3,12,8,9,6,7,10,1,4]
1542756 [1,3,2,6,5,4]
1622906 [3,5,8,4,2,1,6,7,9]
1622906 [5,3,1,2,4,6]
1631327 [2,10,4,8,7,13,5,15,3,1,14,9,12,11,6]
1806211 [13,2,6,5,11,10,14,3,7,9,4,12,1,8]
244367 [6,4,3,1,5,10,9,2,7,8]
244367 [7,5,1,6,4,3,9,2,8]
244367 [8,9,3,7,4,2,5,6,1]
244367 [20,6,5,13,21,17,4,19,12,2,7,8,10,9,1,18,3,15,16,14,11]
244367 [1,9,7,12,13,8,6,3,2,10,11,5,4]
244367 [21,16,19,7,11,12,3,5,14,6,2,18,1,10,4,8,15,13,9,20,17]
244367 [4,5,3,2,1]
2405181 [1,2,3,4,5]
2413234 [2,15,1,3,17,14,7,4,18,12,11,5,6,10,16,9,13,8]
2415367 [3,6,7,4,8,2,5,1]
2415367 [40,15,30,8,34,39,9,25,26,35,36,31,19,37,10,24,3,38,14,11,21,1,5,22,32,33,23,16,12,20,18,6,28,27,2,4,29,17,13,7]
2415367 [2,3,4,5,1]
2415367 [4,6,10,3,9,1,11,5,7,8,2]
2415367 [7,22,25,33,1,3,31,17,14,20,13,23,19,18,8,29,4,16,12,15,32,9,11,28,10,27,24,21,6,5,2,26,30]
2415367 [3,4,2,5,1]
2415367 [9,13,20,2,16,11,3,17,8,19,4,10,15,5,7,1,6,14,12,18]
2415367 [2,1,3,6,4,5]
2415367 [4,1,8,6,3,5,7,9,2]
346921 [1,4,5,2,3]
411326 [1,3,5,4,2]
416399 [3,7,1,5,6,2,8,4]
841580 [57,60,6,45,58,20,9,46,72,71,70,3,49,73,65,64,69,74,21,24,19,36,8,22,23,51,26,41,31,39,52,10,61,17,25,16,5,15,1,76,33,28,54,12,30,66,34,50,62,48,44,35,38,13,77,43,75,40,67,14,29,18,37,42,11,63,59,4,2,56,32,55,68,79,7,47,27,53,78]
841580 [2,3,6,5,1,4]
244367 [15,1,7,8,16,9,13,10,17,4,14,11,12,2,6,5,3,18]
244367 [5,2,1,3,4]
244367 [5,1,4,2,3]
244367 [4,12,15,11,2,9,7,13,1,14,5,3,10,6,8]
244367 [1,11,6,5,9,2,12,13,7,4,3,10,8]
244367 [2,4,3,5,1]
244367 [7,2,4,3,1,8,5,6]
244367 [4,5,3,1,2]
247037 [2,6,4,1,3,5]
304809 [1,2,3,4,5,6,7,8,9,10,11,12,13,14,15,16,17,18,19,20,21,22,23,24,25,26]
336595 [9,4,6,11,1,7,2,12,10,5,3,8,13]
354032 [6,10,22,4,13,1,20,21,14,18,9,17,8,15,7,11,5,16,12,2,19,3]
354032 [3,4,2,5,6,1]
374121 [1,3,5,4,2]
411733 [1,5,3,2,4]
413654 [6,9,5,3,2,4,7,1,8]
416399 [15,8,10,9,6,11,14,2,1,12,7,13,16,3,5,4]
416399 [4,5,2,1,3]
433902 [16,8,20,35,26,12,17,23,19,25,27,24,28,1,34,18,4,10,7,13,40,30,39,14,22,33,9,42,38,41,37,21,31,11,15,36,3,6,5,2,29,32]
433902 [23,3,4,24,19,13,11,18,17,5,20,28,8,15,2,22,29,26,1,25,12,7,10,14,9,21,6,27,16]
438300 [2,1,5,3,6,4]
383378 [3,8,4,5,9,11,2,6,7,1,10]
383378 [5,3,1,4,6,2]
383378 [2,8,6,3,5,9,1,4,7]
383378 [1,4,3,5,2]
389743 [6,1,3,4,2,5,7]
393986 [1,2,3,4,5,6,7,8,9,10,11,12,13,14,15,16,17,18,19,20,21,22,23,24,25,26,27,28,29,30,31,32,33,34,35,36,37,38,39,40,41,42]
393986 [1,2,3,4,5,6,7,8,9,10,11,12,13,14,15,16,17,18,19,20,21,22,23,24,25]
393986 [1,2,3,4,5,6,7,8,9,10,11,12,13,14,15,16,17,18,19,20,21,22,23,24]
467813 [13,16,19,26,6,24,28,23,11,1,29,10,14,7,30,4,20,22,8,2,17,12,21,27,9,15,25,5,18,3]
476688 [3,23,33,30,6,4,13,15,5,32,29,22,18,17,2,8,7,31,9,24,36,27,19,1,10,26,16,28,14,11,12,35,34,20,25,21]
476688 [9,8,6,4,1,2,3,7,5]
476688 [7,6,3,2,5,1,4]
477103 [5,3,2,4,1]
477103 [5,4,1,18,21,9,12,20,7,11,13,15,3,14,16,17,19,8,2,6,10]
636116 [16,17,7,15,21,4,11,3,19,10,14,5,12,1,6,20,9,2,8,18,13]
636116 [7,2,1,4,3,6,8,5]
705554 [2,3,4,5,6,1,7]
716137 [1,2,3,4,5]
716137 [1,2,3,4,5,6,7,8,9]
716137 [1,2,3,4,5,6,7]
717625 [8,4,7,3,6,5,1,2]
777553 [6,13,11,5,15,16,2,18,10,19,1,14,12,17,7,8,3,4,20,9]
777553 [17,6,1,4,18,16,2,19,13,15,8,9,12,7,11,14,5,10,3]
777553 [2,6,5,7,4,3,1]
777795 [5,1,4,2,3]
779800 [18,24,6,31,39,16,11,1,10,21,37,40,7,17,20,25,9,3,30,23,22,19,4,35,38,8,12,15,28,27,29,36,13,14,33,26,32,41,2,5,34]
779800 [4,3,1,12,10,26,2,20,14,8,16,22,15,9,25,23,21,18,6,5,11,24,19,17,13,7]
793625 [1,2,3,4,5,6,7]
806521 [3,5,2,4,1]
806521 [12,68,13,30,67,61,21,25,45,36,6,42,90,2,83,35,50,88,76,3,62,19,74,69,32,33,77,55,5,38,24,89,63,44,10,46,31,70,37,7,15,34,11,51,16,87,54,72,14,41,78,86,27,47,9,75,73,20,28,58,8,85,59,40,52,60,53,64,80,26,84,4,1,18,39,66,57,71,29,56,22,17,81,49,48,65,23,79,43,82]
757408 [3,5,2,1,6,4]
757408 [4,6,1,5,3,2]
757408 [1,3,4,5,2]
757408 [1,3,2,6,5,4]
768249 [9,11,10,5,7,8,6,4,12,1,3,2]
768249 [3,1,5,4,2]
768249 [1,9,7,8,5,2,4,3,6]
768249 [1,6,2,4,3,5]
768249 [4,5,2,3,1,6]
793169 [2,1,5,3,4]
793625 [1,2,3,4,5,6,7,8,9]
806521 [6,7,4,5,3,2,9,1,8]
806521 [6,18,15,13,9,16,11,3,2,4,5,12,10,1,14,8,7,17]
806521 [10,15,9,2,6,7,16,14,4,3,12,13,5,11,1,8]
806521 [60,57,73,2,25,18,31,38,74,36,21,69,8,28,16,45,46,87,19,42,61,34,48,27,5,51,44,6,58,33,66,47,72,15,10,52,1,86,29,39,64,3,13,62,40,80,43,63,84,20,49,24,22,54,65,41,81,30,78,4,82,79,50,7,70,71,35,55,32,59,68,75,53,26,14,56,85,67,11,17,37,23,83,76,9,77,12]
835931 [1,9,3,6,7,8,5,4,2]
867679 [8,4,3,7,2,1,5,6]
867679 [5,3,4,1,2]
891255 [2,6,4,7,8,3,1,5]
891255 [1,2,5,4,3]
364113 [4,6,5,2,3,1,7]
364113 [4,1,5,2,3]
364113 [11,1,2,7,10,4,3,9,6,8,5]
463733 [5,8,10,11,7,9,3,2,4,1,6,12]
463733 [6,3,4,7,2,5,1]
463733 [6,4,8,2,9,10,1,7,5,3]
463733 [4,3,1,5,2]
470337 [2,5,4,1,8,3,6,9,10,7,11]
470337 [3,5,4,1,8,7,6,2]
784053 [20,3,16,18,6,21,10,8,7,2,17,4,13,19,15,5,14,12,22,1,23,11,9]
784053 [4,2,7,1,5,6,3]
784053 [3,2,1,5,4]
784053 [5,9,4,6,8,10,2,1,12,11,3,7,13]
784053 [5,1,3,4,2,6]
793169 [3,4,2,6,8,7,5,9,1]
947524 [5,1,2,3,6,4,7,8]
1275613 [5,2,3,4,1]
1275613 [3,10,8,9,12,7,11,4,5,2,1,6]
1275613 [4,2,5,3,1]
1298261 [1,2,3,4,5,6,7]
1301907 [1,9,4,6,10,3,7,8,11,5,2]
1323002 [8,9,6,12,3,10,7,1,2,5,4,11]
1389997 [3,4,2,1,5]
1389997 [5,3,1,4,2]
1389997 [2,1,5,4,7,8,6,3]
122958 [10,25,5,7,29,22,2,17,20,19,12,28,16,14,23,8,6,3,4,27,26,9,15,21,13,18,1,24,11]
206251 [7,8,5,9,1,3,4,2,10,6]
280647 [1,2,3,4,5,6,7,8,9,10,11]
285619 [22,15,6,2,14,12,8,17,10,3,11,19,20,21,16,23,4,13,1,9,5,7,18]
2003901 [4,5,6,22,8,16,1,20,12,15,11,13,28,14,3,9,24,29,21,17,23,18,26,27,7,10,30,2,19,25]
2003901 [15,31,29,14,28,24,6,26,22,11,17,10,2,8,23,33,21,12,7,16,9,20,13,27,5,18,19,32,25,1,30,4,3]
2003901 [4,1,15,13,11,5,16,17,12,10,9,3,14,7,6,8,2]
135488 [5,7,3,2,6,9,12,8,1,10,4,11]
210846 [4,2,1,5,3]
463733 [1,4,5,2,3,6,7]
463733 [5,7,6,4,3,8,1,2]
463733 [5,3,7,9,4,11,8,10,6,2,1]
463733 [10,13,6,7,3,23,8,18,16,17,9,5,29,12,24,28,34,4,21,30,27,22,20,14,15,33,2,25,26,31,32,1,11,19]
463733 [2,26,7,19,1,5,11,13,28,21,4,3,29,18,27,24,20,8,23,17,15,14,10,9,6,22,12,25,16]
1788365 [3,6,4,7,1,5,2]
1788365 [32,39,3,2,6,31,9,5,41,4,11,23,22,27,24,8,18,17,28,20,33,1,25,16,12,13,26,35,10,21,14,34,30,19,40,38,36,37,7,29,15]
1788365 [1,17,2,9,11,19,18,6,8,3,15,16,7,13,14,5,12,10,20,4]
1799180 [5,3,2,1,4]
1799180 [6,2,1,5,3,4]
1799180 [16,6,15,10,13,1,9,4,11,3,7,2,5,14,8,12,17]
831059 [3,11,9,6,12,8,5,7,4,14,2,15,13,10,1]
1514042 [4,31,25,8,18,10,24,20,7,30,9,17,3,13,21,16,15,28,19,11,14,29,27,22,23,2,1,6,26,12,5]
1515900 [5,4,3,1,2]
1545122 [4,5,6,7,2,1,3,8]
1545122 [3,1,4,6,5,2]
1579040 [6,2,3,1,4,5]
1587926 [1,2,3,4,5,6,7,8,9,10,11,12,13,14,15,16]
1592132 [3,1,2,6,4,5]
1592132 [5,2,1,3,4,6]
1647768 [6,2,3,1,4,5,8,7]
1874962 [2,6,5,1,3,4]
1886804 [3,2,4,5,6,1]
1887306 [7,9,6,10,8,1,4,2,3,11,12,5]
634113 [3,6,31,12,17,28,27,30,14,4,1,15,10,8,23,7,19,9,13,16,5,22,32,20,21,29,24,18,2,26,11,25]
634113 [6,7,5,2,1,3,8,4]
634113 [3,5,2,6,1,4]
634113 [2,6,3,4,5,1]
634113 [5,3,4,6,1,2]
636116 [3,1,7,2,4,5,6]
636116 [2,6,1,11,9,5,10,13,3,7,4,14,8,12]
655886 [7,10,3,6,9,5,4,2,1,8]
661966 [4,1,6,3,2,5]
663707 [2,5,3,8,7,4,9,1,6]
699762 [2,3,5,4,1]
707195 [1,2,3,4,5,6,7,8,9,10,11,12]
707195 [1,2,3,4,5,6,7,8,9,10,11,12,13,14,15,16,17,18,19,20,21,22]
721420 [5,2,4,3,1]
734536 [36,32,14,21,3,11,7,22,29,17,34,15,25,38,5,6,12,9,13,23,30,20,31,19,27,35,28,18,33,26,1,37,16,8,4,10,24,2]
768249 [1,4,7,3,5,6,2]
1654428 [5,18,11,7,1,17,20,14,21,10,13,4,15,29,22,27,16,6,23,8,25,19,24,12,30,28,3,9,26,2]
1654428 [51,25,56,14,32,4,24,55,31,10,29,58,61,50,30,63,42,36,6,39,37,20,28,59,27,52,22,8,19,54,12,47,35,7,44,18,64,3,38,16,57,2,45,40,62,60,43,17,34,9,11,49,41,53,5,33,15,1,48,46,23,21,13,26]
1664974 [5,9,3,4,7,6,2,8,1]
1674815 [1,2,3,4,5,6]
1680426 [5,2,4,13,8,6,10,14,3,11,12,7,1,9,15]
1680426 [15,5,13,16,3,9,1,4,8,14,7,10,17,6,2,11,12]
1686860 [6,5,1,4,2,7,3]
1686860 [7,18,17,15,28,13,5,9,3,25,22,24,20,29,1,27,21,16,11,12,10,14,4,2,6,26,19,23,8]
1686860 [1,7,3,2,6,8,5,4]
1686860 [13,17,12,2,5,3,4,14,8,1,6,9,10,11,15,7,16]
1691388 [5,3,4,2,1]
1703304 [5,1,2,3,4]
1738862 [1,2,3,4,5]
1738862 [1,2,3,4,5,6,7,8]
1738862 [1,2,3,4,5,6]
1738862 [1,2,3,4,5,6,7]
1738862 [1,2,3,4,5,6,7,8,9,10,11,12,13,14,15,16,17,18,19,20,21,22,23,24,25]
1738862 [1,2,3,4,5]
1738862 [1,2,3,4,5,6]
1738862 [1,2,3,4,5,6,7,8,9,10]
1738862 [1,2,3,4,5]
1738862 [1,2,3,4,5,6,7,8,9,10,11,12,13,14,15]
1738862 [1,2,3,4,5,6,7]
1738862 [1,2,3,4,5,6]
1747023 [5,4,2,1,3]
782168 [3,4,7,2,5,1,6]
782168 [11,14,5,3,2,10,12,4,13,7,1,9,8,6]
782168 [11,10,3,7,1,4,6,9,8,12,2,5]
856313 [5,3,8,2,6,7,1,4]
856313 [7,4,3,5,2,8,1,6]
856313 [1,3,2,4,5]
856313 [13,9,15,4,10,1,2,12,14,8,7,5,11,6,3]
856313 [3,2,4,6,8,9,1,7,5]
856313 [4,7,16,9,18,15,1,14,2,5,10,6,12,8,19,13,3,17,11]
856313 [1,4,2,5,3]
856313 [9,10,4,1,3,11,8,7,5,6,2]
934064 [11,4,5,7,10,1,6,9,3,8,2]
934064 [5,6,2,1,4,3]
978884 [16,19,28,2,22,27,5,21,32,1,7,3,30,8,15,31,11,14,4,9,26,17,20,29,18,25,24,12,23,6,10,13]
1012145 [1,2,3,4,5]
1012145 [1,2,3,4,5,6,7,8]
1012145 [1,2,3,4,5,6,7,8,9,10,11,12]
1514088 [4,6,3,2,5,1]
1520051 [1,2,3,4,5,6,7,8,9,10,11,12,13,14,15,16,17,18,19,20,21,22,23,24,25,26,27,28,29,30,31,32,33,34,35]
700730 [15,1,18,6,16,9,23,22,19,2,11,5,8,21,20,3,14,13,17,24,7,12,10,4]
707195 [1,2,3,4,5,6,7,8]
707195 [1,2,3,4,5,6,7,8,9,10,11,12,13,14,15,16,17,18]
1840567 [7,6,3,8,2,1,4,5]
1840567 [3,5,4,1,2]
2023960 [1,4,5,3,2,9,8,7,6]
790962 [7,4,9,1,5,2,6,8,3]
793169 [5,17,2,4,6,19,23,21,13,3,9,14,1,22,15,8,10,16,18,11,20,12,7]
793169 [1,4,3,2,5]
793169 [61,48,28,46,20,34,64,18,7,40,53,62,63,57,58,56,51,15,25,1,22,26,37,2,39,36,24,12,38,47,55,19,17,60,27,10,23,14,29,52,45,43,5,21,31,11,16,54,59,33,50,44,8,6,32,41,30,13,3,9,42,4,35,49]
802669 [3,4,1,5,2,7,6]
812371 [1,2,3,4,5,6,7,8,9,10,11,12,13,14,15,16,17,18,19,20,21,22,23,24,25,26,27,28]
812371 [1,2,3,4,5,6]
1104073 [6,4,1,7,3,8,5,2]
1131819 [1,4,11,2,7,5,3,6,9,8,10]
1131819 [2,4,5,3,1]
1131819 [3,11,9,6,5,2,7,10,4,8,1]
1683484 [3,6,4,5,1,2]
1683484 [7,4,5,9,6,8,11,1,10,2,3]
1683484 [16,22,13,15,23,25,3,4,11,5,10,19,8,18,6,2,17,26,7,14,24,12,1,21,9,20]
1683484 [2,3,5,1,4,7,6]
1728794 [3,1,2,4,5]
1728794 [4,9,6,14,2,5,8,10,13,7,12,1,11,3]
1735326 [1,2,3,4,5]
751365 [26,1,11,27,16,6,36,20,3,17,13,29,7,18,34,2,30,9,4,33,25,21,31,35,10,32,12,14,5,15,22,28,19,8,24,23]
751365 [5,4,3,1,2]
751365 [5,24,16,20,1,14,17,23,12,10,2,15,3,22,9,7,18,19,13,21,4,11,6,8]
839229 [1,2,3,4,5]
839229 [1,2,3,4,5,6,7,8,9]
1081077 [4,3,1,2,5]
1090366 [3,4,11,7,9,2,8,10,6,5,12,1]
1090366 [11,4,6,13,3,1,10,7,9,2,8,12,5]
1090366 [9,3,1,2,5,6,11,7,10,4,8]
1090366 [3,7,25,21,15,23,22,5,8,16,11,24,26,19,17,14,9,12,13,4,1,2,20,18,10,6]
1090366 [3,1,2,8,10,5,4,7,9,6,11]
1090366 [2,5,6,10,1,7,11,9,4,8,3]
1090366 [16,21,1,2,8,6,17,10,12,15,20,19,4,9,11,18,13,5,3,14,7]
1097876 [5,9,13,12,8,6,3,16,11,2,7,4,15,10,1,14]
2553426 [5,2,3,1,4]
2553426 [9,2,6,5,8,7,4,3,1]
2553426 [12,5,7,8,3,2,1,9,11,4,10,6]
2553426 [5,6,3,4,1,2]
2553426 [3,11,13,7,14,2,8,12,6,9,10,4,1,15,5]
135488 [13,29,32,14,5,35,2,19,4,23,17,24,26,22,31,28,15,33,34,10,11,9,1,7,6,25,16,30,36,20,8,21,18,27,12,3]
172491 [5,4,6,3,1,2]
172491 [10,4,7,3,2,1,9,8,11,5,6]
172491 [3,1,5,7,6,2,4,8]
172491 [8,6,10,11,12,1,16,15,7,5,9,2,14,3,4,13]
172491 [2,7,5,6,4,3,8,1]
182074 [30,45,65,69,29,53,39,47,33,7,68,35,67,26,73,60,48,9,61,78,62,58,46,13,52,70,17,38,76,66,44,11,10,51,12,3,15,25,28,75,22,18,55,4,80,32,71,2,54,42,36,24,63,64,14,56,74,43,31,79,72,5,77,57,27,59,49,21,23,41,40,6,20,16,8,1,81,34,37,50,82,19]
210846 [5,3,4,1,2]
793169 [16,31,25,15,33,10,36,21,3,26,22,6,28,14,30,39,29,5,2,41,23,37,40,24,34,1,9,32,4,19,7,12,35,8,18,20,13,27,17,38,11]
793625 [1,2,3,4,5,6,7,8,9]
244218 [1,5,2,3,4]
244367 [5,8,2,7,6,3,1,4]
244367 [7,11,14,18,16,2,6,3,5,15,12,13,10,8,1,4,17,9]
244367 [4,3,1,5,2]
244367 [1,11,13,5,4,9,6,7,8,12,2,10,3]
244367 [13,2,12,8,10,14,5,7,3,9,6,4,15,1,11]
244367 [4,6,7,1,5,2,3,8,9]
255480 [5,1,3,4,2]
255480 [21,22,13,19,30,14,10,3,9,46,33,20,6,32,28,44,45,17,12,25,11,24,2,37,43,23,29,5,8,39,42,4,34,36,18,35,26,41,31,27,7,1,15,40,16,38]
255480 [6,4,5,2,3,1]
255480 [4,8,6,2,1,5,9,3,10,7]
255480 [7,8,5,6,1,3,2,4]
255480 [6,2,1,4,7,5,3]
255480 [4,5,3,2,1]
261181 [2,5,1,3,4]
264359 [6,7,9,2,4,1,5,8,3]
264359 [8,1,5,11,3,12,9,4,13,6,10,2,7]
277291 [10,4,8,6,7,2,1,5,9,3]
277291 [12,11,1,3,18,9,2,13,16,6,15,10,4,17,5,7,8,14]
277291 [11,7,2,6,9,8,3,10,5,4,12,1]
337595 [4,2,12,6,1,15,8,11,10,7,13,3,14,5,9]
337595 [8,7,5,10,4,2,6,12,3,1,13,11,9]
337595 [1,3,4,6,2,5]
352658 [7,6,2,1,5,3,4]
352658 [4,2,1,5,3]
352658 [4,5,2,3,6,1]
352658 [5,2,6,9,7,11,4,8,10,1,3]
352658 [4,2,12,8,9,1,6,3,5,11,7,10]
352658 [7,1,8,3,5,4,6,2]
354032 [12,3,9,1,8,2,11,6,7,4,5,10]
354032 [8,11,9,3,12,6,2,1,5,4,7,10]
354032 [2,5,6,3,1,4]
374121 [3,5,6,2,1,8,7,4]
393986 [1,2,3,4,5,6,7,8,9,10,11,12,13,14,15,16,17,18,19,20,21]
413654 [1,5,3,4,2]
2226651 [7,8,10,1,5,2,6,13,15,14,16,11,3,4,12,9]
2226651 [4,6,5,13,12,10,8,9,14,11,7,3,1,2]
2255260 [1,2,3,4,5]
2284135 [1,2,3,4,5,6,7,8,9,10]
2284135 [1,2,3,4,5,6,7,8,9,10,11,12,13,14,15,16,17,18,19,20,21,22,23,24]
2291343 [4,2,5,1,3,6]
2296716 [1,4,2,8,5,6,7,3]
2296716 [3,2,4,5,1]
2414972 [4,14,11,9,15,10,13,12,5,7,3,1,2,8,6]
2435758 [11,12,9,7,10,1,6,8,5,4,2,3]
2445099 [1,2,3,4,5,6,7]
2445099 [1,2,3,4,5,6,7,8,9,10,11,12,13,14,15]
2459190 [6,2,8,4,14,15,21,20,9,16,17,18,1,28,24,5,13,22,30,12,25,23,3,27,31,32,29,19,7,10,11,26]
2496538 [1,2,3,4,5,6]
2496538 [1,2,3,4,5,6,7,8,9,10]
1785149 [2,5,3,4,8,1,7,6,9]
1785149 [20,30,6,2,15,1,12,29,22,28,8,24,11,25,16,7,17,31,10,19,13,23,3,5,26,27,9,18,4,14,21]
1804806 [1,5,3,4,2]
1809250 [7,18,21,10,17,1,6,20,4,9,13,8,5,3,11,19,14,12,16,2,15]
1827042 [7,8,3,5,6,2,1,4]
1827042 [1,5,2,3,4,6,7]
1827042 [7,8,3,2,5,1,4,6]
1827042 [9,12,5,1,10,13,6,15,2,3,14,11,7,8,4]
1827042 [1,5,7,4,11,2,9,3,6,12,8,14,10,13]
1827042 [4,9,5,11,7,10,1,8,2,6,3]
1827042 [3,6,1,4,5,2]
1863380 [1,2,3,4,5,6,7,8,9,10,11,12]
1873148 [1,2,3,4,5,6]
1873148 [1,2,3,4,5,6,7,8,9,10,11,12]
1873148 [1,2,3,4,5,6,7,8,9,10,11,12]
1873148 [1,2,3,4,5,6]
1879949 [4,3,5,1,2]
1888687 [1,2,3,4,5]
1888687 [1,2,3,4,5]
1888687 [1,2,3,4,5,6,7]
1888687 [1,2,3,4,5,6,7,8,9,10]
1888687 [1,2,3,4,5,6,7,8,9,10,11]
1900492 [2,6,5,1,3,7,4]
1952887 [2,3,1,4,5,6]
615468 [7,6,12,2,15,17,1,13,16,3,14,11,9,4,10,8,5]
615468 [6,2,4,3,1,5]
615468 [33,20,24,7,12,28,32,22,15,26,29,13,16,6,17,31,25,30,3,4,23,1,21,8,5,19,9,10,18,2,14,27,11]
726123 [9,2,4,7,10,14,13,5,8,1,12,6,3,15,11]
726123 [2,7,5,6,4,1,3]
636116 [3,2,7,1,6,4,5]
636116 [3,4,1,7,5,2,6,8]
636116 [10,6,8,9,1,3,5,7,2,4]
642707 [5,3,6,2,4,1]
642707 [2,3,4,8,9,5,7,1,6]
209258 [5,7,3,11,2,4,13,12,9,1,8,6,10]
236551 [1,2,3,4,5,6,7]
244367 [4,7,3,1,2,6,5]
244367 [3,7,1,2,5,4,6]
244367 [1,7,5,4,3,2,6]
244367 [1,5,2,3,4,6]
244367 [21,15,13,7,8,16,1,9,5,2,10,22,17,25,3,12,19,20,14,4,18,23,6,24,11]
244367 [5,1,4,2,3]
248790 [4,5,2,1,3,6]
261181 [4,2,6,3,5,7,1]
321436 [1,2,3,4,5]
321436 [1,2,3,4,5,6,7,8,9,10,11,12,13,14,15]
321436 [1,2,3,4,5,6,7,8]
321436 [1,2,3,4,5,6,7,8,9,10]
362049 [1,2,3,4,5,6,7,8,9]
362049 [1,2,3,4,5]
362049 [1,2,3,4,5,6,7,8,9,10,11,12,13]
362049 [1,2,3,4,5,6]
362049 [1,2,3,4,5]
362049 [1,2,3,4,5]
362049 [1,2,3,4,5]
373598 [5,9,1,2,6,3,8,4,7]
2236439 [67,7,78,26,16,62,36,55,53,84,58,50,66,73,72,74,52,57,18,80,2,49,79,54,48,1,10,14,38,11,51,42,37,24,27,81,87,15,31,6,61,82,35,21,9,25,28,5,65,13,43,40,22,46,17,33,60,86,71,83,76,12,56,68,4,41,63,29,77,47,44,39,23,64,3,85,69,20,34,32,19,88,70,8,30,45,75,59]
2236439 [11,10,1,5,7,18,4,2,9,17,16,8,15,19,14,3,13,6,12,20]
875869 [7,9,11,1,8,10,2,6,4,3,5,12]
1041212 [1,2,3,4,5,6,7,8,9,10,11,12,13,14,15,16,17,18,19,20,21,22,23]
1111675 [1,2,3,4,5,6,7,8,9]
777795 [2,5,7,6,1,3,4]
815173 [5,1,4,2,3]
815173 [1,6,4,5,3,2]
972143 [3,10,2,20,14,11,1,17,19,9,13,18,15,21,8,5,12,7,6,22,4,16]
980498 [4,3,2,5,1]
2574644 [7,6,8,5,2,4,3,1]
2574644 [2,1,6,5,7,3,4]
2574644 [5,12,3,2,11,6,13,4,7,1,8,10,9]
2578206 [4,2,5,6,1,3]
450577 [4,2,1,7,6,5,3,8]
900378 [5,7,1,3,6,4,2]
1255547 [9,6,3,12,2,15,14,4,17,5,11,7,13,1,16,10,8]
1255547 [2,6,7,4,1,5,3]
1255547 [6,4,5,7,1,2,3,8]
1594652 [5,10,3,13,6,9,2,14,8,11,4,12,7,1]
1594652 [7,6,10,8,1,4,5,2,3,9]
1594652 [3,4,6,7,5,8,2,1]
1594652 [1,12,6,10,7,8,14,3,11,9,4,5,2,13]
1744285 [7,9,12,13,8,1,4,10,14,2,6,3,15,16,11,5]
1744285 [2,1,14,12,10,13,3,19,7,16,9,15,8,17,11,4,5,18,6]
2524240 [3,7,10,1,6,11,9,8,2,12,5,4]
2540950 [20,3,12,18,8,6,9,11,5,16,7,4,14,21,15,13,17,10,2,19,1]
2540950 [1,6,3,9,8,2,5,4,7,10]
299355 [15,17,6,10,4,3,18,14,16,2,11,13,1,8,5,7,9,12]
947524 [42,3,21,26,43,12,34,5,8,33,20,32,28,24,1,27,17,35,31,2,11,41,7,22,25,37,39,29,23,40,13,16,14,38,9,36,15,30,10,4,18,19,6]
2566955 [10,8,7,5,6,2,9,11,4,1,3]
438300 [6,3,5,4,9,8,7,10,2,1]
438300 [7,5,8,3,6,4,2,1]
456624 [1,4,2,7,3,6,5]
456624 [2,3,6,1,4,5]
456624 [9,3,13,2,6,10,4,1,8,11,7,5,12]
2060487 [3,2,5,14,9,4,13,10,7,11,6,12,1,8]
2060487 [3,5,2,1,4,6]
160892 [8,1,3,10,5,7,6,9,2,4]
168638 [5,6,2,1,3,4]
412478 [9,11,1,14,15,6,13,10,17,16,4,12,5,7,18,8,2,19,3]
412478 [5,3,2,6,7,4,9,1,8]
1111675 [1,2,3,4,5,6,7,8,9,10,11]
1111675 [1,2,3,4,5]
1111675 [1,2,3,4,5,6,7,8,9,10,11,12,13,14,15,16,17,18,19,20,21,22,23,24,25,26,27,28,29,30,31,32,33,34,35,36,37,38,39,40,41,42,43,44,45,46,47,48,49,50,51,52,53,54,55,56,57,58,59,60,61,62]
1111675 [1,2,3,4,5,6,7]
1111675 [1,2,3,4,5,6,7]
1888687 [1,2,3,4,5,6,7,8,9,10,11,12,13,14,15,16,17,18,19]
2286284 [17,13,12,4,5,15,19,10,18,20,8,6,11,16,2,9,1,3,14,21,7]
2292094 [1,2,3,4,5,6]
1965353 [3,5,2,6,1,4]
631659 [6,26,2,18,1,25,17,27,5,19,13,3,14,10,28,20,22,23,12,15,21,8,24,16,9,11,7,4]
636918 [9,14,8,10,6,7,13,2,12,15,4,3,11,5,1]
636918 [1,15,4,12,11,5,3,7,6,9,10,13,14,2,8]
2052088 [4,5,1,2,3,6]
2093437 [4,3,1,8,5,2,9,7,6]
2113901 [3,8,4,12,10,13,6,5,1,7,9,11,2]
2149580 [8,2,9,1,3,4,10,6,5,7]
661966 [6,2,5,4,1,3]
661966 [1,7,11,8,9,4,5,3,2,12,10,6]
661966 [2,6,3,8,4,7,1,5,9]
663707 [5,4,6,1,2,7,8,3,9]
663707 [3,5,7,4,6,1,8,2]
663707 [5,6,4,1,3,2]
702478 [1,3,5,2,4]
702478 [11,14,15,10,20,1,2,8,19,5,13,16,7,4,9,18,6,12,3,17]
702478 [6,10,4,11,3,5,15,9,1,13,7,2,12,14,16,8]
702478 [2,17,12,18,10,15,11,28,9,6,19,24,25,23,20,5,29,26,7,1,13,16,8,14,27,21,4,3,22]
704803 [7,8,11,3,10,4,5,6,1,9,2,12]
704803 [4,1,5,3,2]
704803 [23,10,22,3,7,1,5,24,2,19,14,15,16,13,4,11,9,21,8,17,6,12,18,20]
704803 [8,9,3,7,4,2,6,1,5]
704803 [3,4,6,2,5,1]
704803 [2,8,10,11,9,1,4,5,3,7,12,6]
704803 [9,3,5,4,7,1,11,2,10,6,8]
704803 [8,2,6,7,9,5,1,4,3]
704803 [16,13,12,6,11,1,14,17,2,9,4,5,10,8,15,3,7]
704803 [6,8,4,9,3,10,1,7,5,2]
704803 [3,4,6,10,1,5,12,13,7,8,2,9,11]
704803 [6,1,2,4,9,8,3,14,5,19,13,10,17,15,11,12,18,16,7]
705554 [5,12,9,11,3,8,7,10,6,2,4,1]
715376 [1,5,2,4,3]
717676 [1,2,3,4,5,6]
717676 [1,2,3,4,5]
717676 [1,2,3,4,5,6,7,8,9,10]
717676 [1,2,3,4,5,6,7,8,9]
717676 [1,2,3,4,5,6,7,8,9,10,11,12]
736737 [3,5,1,4,2]
748075 [6,5,3,2,1,4]
748075 [13,5,8,9,10,16,17,3,11,14,6,1,2,4,12,15,7]
2383262 [8,2,6,9,1,4,3,10,7,5]
2383262 [6,5,1,3,4,10,12,8,2,7,11,14,15,17,9,13,16]
2383262 [4,13,14,11,10,12,2,3,7,5,1,8,6,9]
2383262 [10,2,7,5,8,9,1,4,6,3]
2383262 [6,2,5,3,1,4]
2404803 [1,2,3,4,5,6,7,8]
2414221 [3,1,2,4,5]
2414221 [7,6,8,4,2,5,1,3]
2490461 [1,2,3,4,5,6,7,8,9,10,11]
2490461 [1,2,3,4,5]
2498205 [5,7,1,4,2,3,6]
2498205 [12,16,1,11,21,3,6,7,13,2,17,20,15,14,8,4,23,5,19,22,9,18,10]
2498205 [15,1,18,13,8,11,3,2,14,7,9,10,12,5,4,17,16,6]
2498205 [12,1,3,5,8,9,4,2,6,11,10,7]
2498205 [10,12,18,27,26,8,1,23,28,20,24,15,19,17,5,13,9,29,22,11,4,16,3,7,6,2,14,21,25]
2498205 [25,12,33,53,22,11,7,15,48,20,21,31,32,40,10,43,42,37,45,30,9,35,38,44,52,27,26,24,47,49,8,41,16,18,19,14,51,23,29,4,6,46,34,2,3,28,5,50,39,1,36,13,17]
2574644 [2,6,5,1,4,3]
2574644 [9,8,22,11,7,4,18,17,6,1,16,13,2,10,20,12,15,3,14,5,21,19]
2574644 [7,6,8,9,4,10,1,2,5,3,11]
2574644 [11,13,14,9,1,3,2,8,6,5,12,4,7,10]
2574644 [2,1,5,3,4]
2574644 [2,14,5,11,13,12,16,1,3,10,15,17,4,7,6,18,8,9]
2574644 [2,3,4,1,5]
210846 [2,4,1,6,3,5]
329462 [4,5,2,1,3]
407553 [7,16,2,6,4,14,10,9,5,11,15,13,1,12,8,3]
407553 [5,6,1,3,2,7,4]
373971 [2,5,4,1,3]
374121 [1,3,9,10,2,8,5,7,4,6]
43932 [5,2,1,3,4]
81492 [2,3,4,6,5,1]
110458 [1,2,6,7,5,8,4,3]
1167004 [7,10,5,1,11,6,16,17,15,3,2,14,13,8,18,12,4,9]
1167004 [4,14,16,2,13,8,15,12,11,5,1,7,3,10,6,9]
1167004 [19,6,3,8,10,18,1,4,11,2,14,7,9,17,15,12,13,5,16]
1167004 [8,5,16,3,19,17,4,7,14,2,13,21,15,10,1,20,11,9,6,18,12]
1167004 [2,4,5,7,6,1,3,9,8]
1178523 [5,4,1,2,3,6]
1178523 [11,12,16,7,15,9,8,5,10,4,17,13,18,1,3,6,14,2]
1178523 [8,6,11,5,15,14,1,7,2,4,12,10,13,3,9,16]
1178523 [6,2,10,8,3,7,5,9,1,4]
1178523 [24,18,4,23,2,19,10,7,20,9,13,26,17,15,5,12,6,11,8,3,14,21,16,25,1,22]
122958 [8,2,10,5,12,4,11,3,6,9,1,13,7]
122958 [7,1,27,5,10,21,19,9,2,28,25,24,17,3,6,16,12,15,30,4,20,13,26,18,23,22,11,14,29,8]
122958 [11,6,7,8,2,5,10,1,4,9,13,3,12]
122958 [26,33,43,30,8,14,49,40,15,31,17,54,48,22,18,4,47,37,19,25,39,13,32,35,50,51,29,38,24,34,2,23,44,52,41,45,12,20,36,5,1,16,11,9,27,6,21,7,10,42,3,28,53,46]
125136 [11,35,29,6,27,26,16,5,8,33,22,32,19,4,20,23,31,2,21,18,28,24,25,30,10,9,17,14,15,13,3,12,34,7,1]
127405 [1,2,3,4,5,6,7,8,9,10]
127405 [1,2,3,4,5,6,7,8,9,10,11,12,13,14,15,16,17,18,19,20,21,22,23]
127405 [1,2,3,4,5,6,7,8,9,10,11,12,13,14,15]
127405 [1,2,3,4,5,6,7]
127405 [1,2,3,4,5,6,7,8,9,10,11,12,13]
136584 [1,2,3,4,5,6,7,8]
136584 [1,2,3,4,5]
136584 [1,2,3,4,5,6,7]
136584 [1,2,3,4,5,6]
136584 [1,2,3,4,5,6,7]
136584 [1,2,3,4,5,6,7]
136584 [1,2,3,4,5,6,7,8,9,10,11,12,13,14,15,16,17,18,19,20,21,22]
160892 [7,2,4,1,5,6,3]
171559 [3,6,1,4,2,5]
171559 [1,2,6,4,8,5,7,3]
182355 [4,5,2,1,3]
197756 [6,4,2,5,1,3]
197756 [1,6,3,2,4,5]
197756 [8,6,5,2,1,4,7,3]
197756 [3,1,2,4,5]
206251 [14,11,23,10,16,1,5,15,4,8,22,7,19,18,13,6,2,12,9,17,21,3,20]
211816 [8,1,6,7,3,4,2,9,5]
2505050 [8,4,7,6,1,3,5,2]
2505050 [4,2,5,3,6,1]
2520299 [4,5,1,2,3]
1804806 [1,3,6,4,2,7,5]
1810529 [13,9,8,6,1,4,2,17,12,7,10,14,3,5,16,11,15]
1833688 [5,4,6,2,7,3,1]
1833688 [6,12,1,2,8,4,13,7,11,9,3,5,10]
1834807 [3,4,2,1,6,5]
43932 [1,2,5,6,3,7,4]
46534 [4,3,2,5,1]
46534 [22,17,16,19,7,18,15,21,24,20,8,5,11,3,12,4,1,6,13,10,14,23,2,9]
46534 [9,11,5,16,24,4,23,25,12,14,13,1,27,15,6,17,18,21,7,10,22,3,26,2,20,19,8]
46534 [10,8,6,1,2,11,12,14,21,4,20,3,9,17,13,7,18,15,16,5,19]
46534 [14,25,15,12,17,20,24,10,27,21,3,5,2,22,13,6,9,19,11,4,23,1,26,18,8,7,16]
46534 [38,35,20,3,46,42,6,1,7,8,11,43,19,34,10,18,48,31,37,40,39,25,51,47,41,14,50,15,29,23,27,13,12,49,26,30,21,22,24,4,5,36,45,44,17,52,33,9,32,28,16,2]
2526874 [1,2,3,4,5,6,7,8,9,10,11,12,13,14,15]
2526874 [1,2,3,4,5,6,7]
2526874 [1,2,3,4,5,6]
2526874 [1,2,3,4,5,6,7]
2528780 [5,4,6,2,1,3]
2553426 [5,13,1,18,16,9,17,2,3,10,15,7,6,8,4,11,14,19,12]
2553426 [12,5,8,2,3,1,11,6,9,10,7,4]
2553426 [7,11,2,13,5,3,14,12,1,9,8,10,4,6]
2553426 [7,2,9,10,5,12,8,11,6,3,1,4]
2553426 [5,4,1,3,2]
2553426 [4,3,5,2,1]
2553426 [9,7,15,17,2,3,10,12,14,13,4,11,1,18,6,8,5,16]
2564495 [6,1,4,7,2,5,3]
2564495 [8,3,7,5,11,13,4,10,2,12,6,1,9]
2368665 [1,7,5,4,6,3,2]
2368665 [6,2,4,1,3,5]
2368665 [2,6,4,8,7,1,5,3]
2368665 [1,2,8,6,7,5,3,4]
2471663 [3,7,6,13,12,2,9,10,4,11,1,8,5]
2471663 [4,7,1,2,6,3,5]
2471663 [3,10,9,4,19,11,16,17,13,5,12,15,2,7,20,8,6,21,18,14,1]
2471663 [13,9,3,8,10,7,5,1,12,6,11,2,4]
2471663 [3,1,6,5,4,2]
2471663 [2,3,4,5,1]
2471663 [8,9,6,1,10,5,2,3,4,7]
2471663 [6,4,1,2,5,3]
209258 [5,3,1,4,2]
922256 [1,5,8,6,7,10,3,4,2,9,11]
1923897 [4,6,5,2,1,3]
1948909 [5,4,8,3,6,1,2,9,7,10]
1948909 [7,5,6,4,1,2,3]
2003901 [9,15,1,10,4,12,13,2,5,14,8,16,7,17,6,3,11]
2003901 [3,2,1,4,6,5,7]
2003901 [10,8,6,9,3,4,7,2,1,5]
2003901 [3,8,6,10,1,11,2,4,5,9,7]
2003901 [13,1,7,12,5,6,4,2,8,11,10,3,9]
2003901 [2,7,6,3,1,4,5]
2003901 [50,28,35,53,37,62,7,30,10,55,25,39,65,11,46,2,21,26,59,16,42,31,52,5,14,12,48,33,54,63,24,66,8,20,61,3,51,36,41,60,32,45,22,4,58,47,38,13,19,29,23,15,57,56,17,18,34,27,64,9,6,44,49,1,43,40]
2003901 [8,5,4,11,6,3,2,1,9,10,7]
966688 [1,3,4,5,2,6]
966688 [4,6,3,8,5,2,7,1]
2018977 [2,1,4,6,5,3,7]
2053307 [1,3,5,4,7,2,6]
2053307 [6,11,22,17,5,7,16,8,2,19,15,13,1,12,20,14,21,4,9,18,10,3]
2053307 [3,1,6,4,7,5,2]
2053307 [6,3,5,8,4,1,7,2]
2053307 [1,5,2,4,3]
2053307 [11,4,7,10,3,13,9,6,2,1,12,8,5]
244218 [4,1,6,2,8,7,5,3,9]
264359 [9,5,13,12,1,10,11,15,14,8,3,7,6,2,4]
264359 [7,8,6,4,2,5,3,1]
264359 [6,3,7,8,1,2,5,4]
264359 [1,4,6,7,5,2,3]
289998 [4,5,1,2,3]
335397 [1,5,4,2,6,3]
335397 [4,3,1,2,5]
335397 [3,2,4,5,1]
393986 [1,2,3,4,5,6,7,8,9]
394345 [2,4,6,1,11,10,5,7,8,12,9,3]
420668 [2,7,16,6,20,11,1,18,19,17,12,8,4,10,13,14,5,9,3,15]
431705 [14,2,8,12,1,5,10,9,7,3,11,4,6,13]
2044604 [5,4,3,2,1]
2044604 [2,5,4,6,3,1]
2044604 [5,4,6,3,2,1]
2143620 [2,1,6,5,3,4]
2143620 [2,4,7,6,9,1,5,3,8]
2143620 [4,7,3,6,5,1,2]
1948909 [4,1,6,7,3,2,5]
2212062 [5,7,4,11,2,9,1,6,12,10,3,8,13]
2027502 [7,9,6,10,5,8,2,3,4,1]
2027502 [6,3,2,5,1,4]
2027502 [3,6,5,1,2,4]
2027502 [11,16,7,20,17,2,21,15,18,1,6,22,14,12,3,4,24,5,19,8,23,10,9,13]
2027502 [5,3,6,1,2,4]
2096611 [6,2,9,4,5,8,10,7,1,3]
2101786 [3,4,5,1,2,6,7]
2108687 [5,1,6,3,4,2]
2151057 [1,2,3,4,5,6,7,8,9,10,11,12,13,14,15,16,17,18,19,20,21,22,23,24,25,26,27,28,29,30,31,32,33,34,35,36]
2151057 [1,2,3,4,5,6,7]
2149580 [6,3,1,5,4,7,2]
2159658 [1,2,3,4,5,6]
2159658 [1,2,3,4,5]
2159658 [1,2,3,4,5,6,7]
2261018 [5,3,9,1,13,10,16,12,6,11,4,19,18,15,17,2,7,14,8]
2261018 [2,10,4,8,1,5,6,7,9,12,3,11]
2261018 [6,3,5,4,1,2,8,7]
2261018 [6,10,5,12,7,11,3,1,4,8,2,9]
2272218 [1,2,3,4,5,6,7,8]
2272218 [1,2,3,4,5,6,7,8,9]
187651 [39,18,33,3,5,35,23,27,30,17,37,12,26,25,16,4,40,19,21,38,20,15,28,36,8,6,24,29,32,14,9,7,2,13,31,22,34,11,10,1]
187651 [1,2,22,27,9,18,12,20,28,26,4,19,17,11,14,15,21,6,5,7,10,25,24,23,3,13,16,8]
187651 [10,1,17,14,15,8,11,2,6,12,7,16,3,13,9,4,5]
2272218 [1,2,3,4,5]
2272218 [1,2,3,4,5]
2272218 [1,2,3,4,5,6,7,8]
2272218 [1,2,3,4,5,6]
2273352 [3,5,2,1,4]
2273352 [3,1,5,2,4,6]
2553426 [8,3,2,7,4,1,9,5,6]
2553426 [2,6,7,8,1,3,5,4]
2553426 [3,4,1,2,5,7,6]
2553426 [1,4,2,3,5]
2553426 [3,4,1,2,5]
2553426 [5,6,4,1,2,3]
2553426 [8,6,4,7,1,3,5,2]
2553426 [19,14,5,10,8,16,9,13,11,12,4,20,17,2,3,15,1,6,18,7]
2553426 [3,7,5,2,10,6,9,8,11,1,4]
2575952 [3,2,7,1,8,4,9,6,5]
2575952 [3,2,4,5,1]
2575952 [5,2,3,1,6,4]
2575952 [6,2,11,5,8,1,3,10,4,7,9]
2282798 [15,14,7,16,10,9,4,13,1,12,8,6,3,5,11,2]
2282798 [13,9,10,14,12,2,11,4,8,5,3,6,7,1]
2282798 [5,2,12,14,18,19,10,25,8,4,24,17,13,11,15,26,9,3,1,16,22,21,7,23,20,6]
2282798 [10,9,4,5,11,2,3,8,7,6,1]
2282798 [3,4,5,1,6,2,7]
2282798 [9,14,22,3,19,8,21,15,18,1,13,20,12,23,4,6,11,2,7,10,5,16,17]
2282798 [2,11,9,5,3,1,6,4,7,10,8]
2289794 [3,1,2,6,9,7,17,4,12,8,14,20,18,11,19,5,10,16,15,13]
2392766 [4,7,3,5,10,1,9,11,8,6,2]
2404803 [1,2,3,4,5,6,7,8,9,10,11,12,13,14,15,16,17]
2404803 [1,2,3,4,5,6,7,8,9,10,11,12,13,14,15]
2435758 [2,6,8,3,1,9,4,7,5]
2435758 [4,9,6,12,15,16,2,1,5,3,13,8,10,14,7,11]
2435758 [4,5,6,2,1,3]
2435758 [6,17,16,10,13,2,12,5,18,3,7,1,15,4,11,8,14,9]
2435758 [7,1,12,15,8,14,13,11,9,2,4,10,5,6,3]
2435758 [7,6,4,8,1,5,9,3,2]
2436049 [9,13,6,15,10,8,3,12,14,18,11,2,17,7,5,4,16,1]
2456550 [7,4,2,1,6,3,5]
2456550 [5,4,2,1,3]
420583 [3,6,4,5,1,2]
596801 [5,1,2,4,3]
596801 [2,5,7,9,4,1,10,6,3,11,8]
621402 [2,6,1,3,4,5]
621402 [4,7,1,2,5,6,8,3]
699762 [14,5,16,3,7,15,13,1,2,9,19,18,10,11,17,4,12,8,6]
700730 [5,1,2,4,3]
688189 [6,2,5,4,1,3]
688189 [4,3,6,2,1,5]
756191 [1,2,3,4,5]
761089 [3,1,4,5,7,2,9,11,8,10,6]
761089 [1,7,4,5,8,14,10,11,9,6,3,13,2,12,15]
777553 [7,1,4,2,3,6,5]
793625 [1,2,3,4,5,6,7,8,9]
793625 [1,2,3,4,5,6,7,8]
802605 [4,5,1,2,3]
802605 [1,3,4,5,2]
839118 [6,4,2,1,5,3]
839118 [2,3,5,1,4]
839514 [11,10,15,13,3,8,9,5,7,12,1,14,6,4,2]
839514 [21,19,6,8,27,15,13,30,22,12,2,32,28,23,31,26,20,1,18,7,24,11,4,5,17,3,29,16,9,25,14,10]
1965353 [5,2,3,1,4,6]
1965353 [4,1,3,5,2]
1992684 [5,3,2,4,6,1,7]
2001499 [9,15,23,8,20,4,14,1,7,3,24,27,31,25,17,30,16,12,19,6,10,18,5,28,26,13,21,29,11,2,22]
2020878 [2,4,1,5,3,6]
2020878 [1,8,6,5,4,14,11,10,9,12,13,2,7,3]
2060487 [3,4,5,1,2]
2097149 [9,5,1,11,10,7,8,3,4,2,6]
2097149 [4,6,2,5,1,3]
2097149 [13,12,20,9,11,1,4,22,10,15,6,17,5,8,16,7,3,14,19,2,21,18]
2097149 [9,8,4,12,1,13,7,2,11,6,5,3,10]
2097149 [1,3,5,2,4]
2097149 [24,14,17,1,16,8,12,19,9,5,3,20,15,6,21,25,27,10,2,22,26,11,4,7,13,23,28,18]
2097149 [3,4,5,2,1]
2097149 [4,2,7,5,1,6,3]
1014041 [1,2,3,4,5,6,7,8]
370441 [4,8,6,3,7,1,2,5]
370441 [5,2,1,3,4]
370441 [1,3,5,2,4]
370441 [5,2,3,1,4]
900378 [6,5,7,1,8,3,4,2]
29681 [1,6,5,4,3,2]
29681 [1,2,5,4,6,3]
780905 [4,3,5,1,2]
1246374 [5,1,8,6,3,10,9,4,2,7]
1248913 [12,15,9,7,1,11,14,5,6,10,2,3,8,4,13]
1253390 [13,14,6,11,2,9,1,12,15,5,3,8,7,4,10]
2027502 [4,6,2,10,12,7,9,5,11,8,3,1]
2224151 [1,2,4,3,5]
2224151 [6,11,16,2,4,9,1,8,7,14,13,12,5,15,10,3]
2395985 [2,3,4,1,5]
2415367 [5,6,3,1,2,7,4]
2415367 [5,8,7,3,9,1,6,12,4,11,2,10]
2415367 [7,11,3,4,8,1,5,9,6,2,12,10]
192781 [5,1,2,4,6,7,3]
192781 [16,9,2,10,5,1,6,14,4,13,12,8,3,7,17,11,15]
192781 [25,43,22,24,16,40,15,19,11,17,34,37,26,36,29,14,18,27,10,35,7,4,23,39,1,13,9,2,41,42,32,44,30,5,31,8,28,46,38,33,20,45,12,21,6,3]
192781 [3,4,2,5,1]
192781 [5,2,1,3,4]
261530 [18,12,6,19,8,2,15,9,20,11,14,16,4,5,13,17,10,1,3,7]
303302 [1,2,3,4,5,6]
309336 [5,1,2,4,3]
1071529 [9,8,10,1,3,4,6,11,5,2,7]
1071529 [2,6,5,1,3,4]
1071529 [2,6,4,3,5,1]
240435 [7,12,10,11,8,14,1,4,5,6,3,9,2,13]
88591 [5,2,4,7,3,1,6]
88591 [4,6,11,8,1,2,5,3,9,7,10]
88591 [1,9,2,6,4,5,3,8,10,7]
88591 [14,1,22,18,8,13,11,24,4,5,21,10,19,20,9,15,6,7,12,17,2,3,16,23]
90036 [6,19,16,5,9,10,17,28,13,27,12,25,14,7,3,20,22,18,4,8,15,2,21,23,24,1,26,11]
84223 [8,1,7,5,6,4,3,2]
22895 [1,6,4,2,5,3]
25809 [10,9,3,1,4,8,2,6,5,7]
71413 [3,13,1,9,7,6,4,5,12,8,2,10,11]
71413 [5,1,6,2,4,3,7]
69820 [1,2,3,4,5,6,7,8,9,10,11,12,13,14,15,16,17,18,19,20,21,22,23,24,25,26,27,28,29,30,31,32,33,34,35,36,37,38,39,40,41,42,43,44]
69820 [1,2,3,4,5,6,7,8,9,10,11,12,13,14,15,16,17,18,19,20,21,22,23,24,25,26,27,28,29,30,31,32,33,34,35,36,37,38,39,40,41,42,43,44,45,46,47,48,49,50,51,52,53,54,55,56,57,58,59,60,61,62]
24184 [5,6,1,2,3,4]
24184 [1,9,2,7,4,10,6,8,11,5,3,12]
24184 [19,13,6,7,11,3,20,17,18,1,10,14,16,12,21,8,4,2,9,22,15,5]
26594 [10,8,7,3,6,4,9,5,1,2]
26594 [8,6,10,14,1,15,3,7,4,11,2,12,9,13,5]
26594 [4,5,2,3,1]
29681 [1,2,4,3,5]
154310 [5,6,4,7,1,3,2]
160892 [5,3,4,2,6,1,7]
160892 [6,5,1,4,3,2]
1139265 [4,5,7,3,6,2,8,1,9]
1251390 [3,4,1,2,5,6]
1012145 [1,2,3,4,5,6]
1012145 [1,2,3,4,5,6,7,8]
1090625 [5,4,1,3,7,2,8,6]
1090625 [2,4,3,5,1]
268600 [1,2,5,3,4]
268600 [2,5,4,3,1]
268600 [6,2,4,5,7,8,1,3]
268600 [4,8,9,14,13,16,2,3,6,10,7,11,17,5,1,12,15]
350265 [4,5,1,2,3,6]
350265 [1,5,6,3,2,7,4]
350265 [4,2,3,5,1,6]
350265 [6,4,5,1,10,7,2,8,3,9]
350265 [3,5,6,2,1,4]
350265 [10,4,12,9,8,13,11,7,5,6,3,2,1]
350265 [13,3,2,6,15,14,8,11,9,10,1,5,12,4,7]
350265 [2,1,4,5,3]
350265 [1,4,3,5,2]
350265 [2,1,4,3,5,6]
350265 [4,3,5,2,1]
354032 [5,3,9,6,1,7,2,8,4]
354032 [2,4,3,6,5,1]
356634 [1,2,3,4,5,6,7]
373598 [15,2,1,18,14,3,8,5,17,13,11,12,6,16,4,7,10,9]
373598 [8,2,4,5,3,7,6,1]
373598 [2,4,3,6,1,5]
378743 [4,1,2,3,5]
1193431 [13,1,10,11,6,4,9,12,5,15,8,14,3,7,2]
1210810 [1,2,3,4,5,6,7,8,9,10]
1230927 [1,4,2,6,3,5]
2282798 [12,20,1,9,31,14,13,17,45,43,26,40,35,33,22,42,46,21,36,6,38,24,15,19,28,8,44,41,3,37,4,18,34,11,25,16,29,39,5,7,23,2,32,10,27,30]
2282798 [17,2,11,9,3,6,10,5,12,4,13,16,7,15,1,8,14]
282921 [1,2,3,4,5,6,7,8,9,10,11]
559866 [5,1,3,2,4]
559866 [3,7,5,1,4,6,2]
559866 [9,8,6,1,4,3,7,2,5]
564256 [12,9,1,5,7,11,3,2,6,8,10,4]
564256 [5,3,1,4,6,8,2,7]
564256 [6,3,1,5,2,4,7]
564256 [2,1,4,5,3]
2161139 [8,6,2,4,7,1,9,12,3,5,10,11]
2161139 [2,7,4,1,6,5,3]
2169267 [3,2,1,5,6,4]
365556 [1,2,3,4,5,6,7]
365556 [1,2,3,4,5,6,7,8,9,10,11,12,13,14,15,16,17,18,19]
338752 [3,7,4,6,2,8,1,5]
338752 [5,1,2,4,3]
352658 [4,6,7,1,5,3,2]
690480 [11,12,7,15,4,5,9,8,10,14,1,2,6,13,3]
690480 [4,2,5,1,6,3]
944273 [5,1,4,3,6,2]
978884 [6,2,3,5,4,1]
151601 [9,11,4,5,7,3,6,1,10,2,8]
151601 [2,1,4,5,3]
151601 [2,4,3,5,1]
151601 [3,7,1,4,6,5,8,2]
151601 [1,4,8,11,5,9,6,3,14,10,2,12,7,13]
234690 [1,2,3,4,5]
685921 [5,6,4,8,2,9,7,1,3]
707195 [1,2,3,4,5,6,7,8,9,10,11,12,13]
712096 [7,2,3,10,5,1,6,9,8,4]
732486 [3,4,2,5,6,1]
521637 [8,6,5,7,2,9,1,3,4]
521637 [3,4,1,5,2,7,6]
726123 [3,1,4,6,2,5]
726123 [45,41,65,59,32,27,25,50,46,60,35,3,21,15,8,18,1,20,16,55,14,58,28,42,48,49,10,36,19,23,22,24,44,61,11,31,64,4,43,5,7,30,6,2,29,33,12,38,56,47,9,26,34,17,40,63,13,39,54,37,62,53,51,52,57,66]
553940 [10,5,11,4,3,1,6,13,12,8,7,9,2]
554417 [8,5,9,3,2,4,7,1,6]
554417 [8,9,12,7,4,10,11,5,6,2,3,1]
554417 [7,1,4,2,6,5,3,11,9,10,8]
554417 [3,2,5,1,4]
554417 [11,10,12,15,5,2,6,3,13,1,8,4,9,14,7]
251987 [21,1,20,5,12,13,14,6,9,10,15,16,4,3,17,18,8,7,11,19,2]
251987 [23,25,16,8,14,19,17,2,6,9,11,24,30,12,26,15,5,13,29,28,1,4,7,10,20,18,3,27,21,22]
251987 [13,10,1,15,11,7,9,14,12,4,6,2,5,3,8]
251987 [17,2,16,9,7,21,13,14,10,20,18,19,1,12,3,5,4,11,8,15,6]
251987 [4,21,13,2,14,11,17,10,23,9,1,20,6,16,5,12,15,8,19,22,3,18,7]
251987 [16,15,10,4,3,20,11,18,5,9,12,14,19,6,17,1,13,8,2,21,7]
251987 [9,7,3,8,11,6,2,13,1,14,12,4,5,10]
251987 [4,2,1,5,3,6,7]
251987 [12,11,9,13,2,7,14,3,4,6,1,5,8,10]
251987 [3,5,7,13,8,4,10,6,2,11,12,9,1]
251987 [4,1,3,2,5]
251987 [10,7,11,4,8,3,9,6,2,12,1,5]
251987 [5,3,2,1,4]
373598 [3,5,2,1,6,4]
373598 [11,3,5,1,9,8,13,4,7,15,6,10,12,14,2]
1932946 [36,3,7,4,16,37,24,20,26,12,31,23,30,6,35,28,21,5,29,13,10,38,15,27,34,33,11,32,25,18,17,9,14,2,8,1,22,19]
1932946 [10,1,5,12,2,3,6,11,13,4,8,7,9]
1932946 [1,7,9,8,2,6,3,4,10,5]
1932946 [3,13,1,11,10,6,9,14,12,5,4,7,2,8]
802605 [3,1,4,2,5]
802605 [1,5,3,4,2]
802605 [2,5,7,3,4,1,6]
802605 [5,1,3,4,2]
806521 [8,13,12,5,6,16,3,4,1,9,11,7,14,2,15,10]
812600 [8,10,1,13,12,4,7,6,5,9,3,2,11]
441426 [20,15,12,9,19,2,8,5,16,14,11,3,10,22,23,4,7,13,21,17,1,18,6]
441426 [8,3,5,1,4,6,2,7]
240435 [3,5,10,4,13,7,1,9,8,2,11,6,12]
240435 [5,7,2,1,9,3,4,8,6]
780905 [13,1,12,5,6,9,10,11,2,4,7,8,14,3]
859097 [12,17,44,10,38,29,7,5,15,1,43,41,18,47,19,21,27,35,40,33,8,34,16,46,14,11,2,25,28,39,4,23,30,42,32,9,20,31,26,36,24,13,6,22,37,3,45]
859097 [12,5,13,3,7,9,11,6,4,8,1,2,10]
859097 [35,34,15,19,24,25,16,4,8,27,36,33,37,7,1,14,29,12,17,10,18,13,3,9,31,5,32,20,22,23,6,38,26,30,28,39,2,21,11]
859097 [14,4,11,5,13,7,10,12,16,8,15,1,3,6,2,9]
859097 [19,5,18,17,2,3,16,12,14,22,24,6,7,15,23,10,9,21,8,1,4,13,20,11]
859097 [12,10,6,9,7,5,11,3,2,4,1,8]
934064 [15,10,14,11,2,8,12,5,7,4,1,3,13,9,6]
944122 [3,1,5,4,2,6]
944122 [3,4,1,5,2]
944122 [3,5,4,1,2]
948803 [1,2,3,4,5,6,7]
1488979 [1,2,3,4,5,6,7,8,9,10,11,12,13,14,15,16]
1488979 [1,2,3,4,5,6,7,8,9,10,11,12,13]
1488979 [1,2,3,4,5,6,7,8,9,10,11,12,13,14,15,16,17,18]
1488979 [1,2,3,4,5,6,7,8,9,10,11,12,13,14,15,16,17,18,19,20,21,22,23,24,25,26,27,28,29,30]
1488979 [1,2,3,4,5,6,7,8,9]
1157827 [2,5,6,3,4,1,7]
1157827 [6,1,2,8,7,5,9,4,3,10]
1157827 [2,5,3,6,4,1]
1158222 [3,2,4,1,5]
852357 [5,2,4,6,3,1]
1035411 [32,9,12,31,10,1,15,29,19,21,7,30,20,5,2,4,13,27,23,11,16,24,18,28,26,22,17,33,14,8,6,25,34,3]
755106 [1,2,3,4,5,6,7]
1822647 [2,4,5,1,3]
1012145 [1,2,3,4,5,6,7]
1016621 [2,3,14,6,18,17,9,10,8,11,12,5,13,4,16,7,15,1]
1016621 [4,2,1,5,3]
1016621 [11,19,2,3,10,20,16,12,13,8,14,1,6,9,5,18,17,15,4,7]
1068993 [8,6,1,7,4,3,10,2,5,9]
1068993 [4,5,6,3,2,1]
1071040 [1,2,3,4,5,6,7,8,9,10,11,12,13]
1072326 [6,2,8,5,3,4,7,1]
1072326 [4,8,7,1,6,5,2,3]
1072326 [3,7,8,2,1,9,4,5,6]
1073356 [5,3,1,4,2]
1073356 [9,1,10,3,11,12,8,4,2,5,6,7]
1703263 [14,3,5,1,16,15,4,2,11,9,7,8,12,6,17,13,10]
1703263 [1,5,6,4,2,3]
1709931 [1,9,7,8,11,3,10,6,2,5,12,4]
1709931 [3,4,5,1,2]
1709931 [2,7,1,17,19,5,14,6,13,18,12,10,16,15,4,9,3,11,8]
1709931 [16,9,14,6,13,12,10,20,7,15,8,11,3,27,25,29,24,1,19,4,18,17,28,5,23,22,21,26,2]
1257839 [5,6,2,1,4,3]
1269670 [1,2,6,3,5,4]
1251390 [7,2,3,4,6,1,5]
1336589 [9,2,7,6,3,8,5,1,4]
1336589 [9,10,3,1,17,4,11,15,14,7,8,16,2,6,5,12,18,13]
1473460 [6,3,2,4,5,1]
1259481 [1,2,3,4,5,6,7,8,9,10,11,12,13,14,15]
1542939 [10,11,5,1,13,15,12,4,2,9,3,14,8,7,6]
1542939 [3,5,2,6,1,4]
1542939 [2,11,17,7,1,16,13,5,19,4,3,12,18,10,9,15,8,14,6]
1542939 [3,5,1,2,4,8,7,6]
1952887 [4,6,5,1,2,3]
1961735 [8,7,4,2,5,1,6,3]
1961735 [18,14,7,46,37,32,31,19,43,25,39,17,41,26,6,2,10,8,3,28,30,16,38,27,33,29,42,34,13,1,15,21,9,5,36,22,40,45,44,12,20,11,4,24,35,23]
1961735 [1,3,4,5,2,6]
2199061 [10,9,7,12,2,16,5,1,18,3,17,13,6,14,11,4,15,8]
900378 [2,1,4,3,5]
900378 [5,1,4,3,2]
900378 [2,1,5,4,3]
1090625 [2,7,5,8,1,3,6,4]
1090625 [3,6,5,2,8,1,4,7,9,10]
1090625 [6,2,5,7,3,4,1]
1090625 [6,1,8,2,4,7,9,3,5,10]
1090625 [1,2,3,5,4]
1090625 [3,13,4,1,2,12,5,8,15,14,9,10,11,6,7]
1090625 [8,6,9,1,5,10,4,7,2,3]
1090625 [5,1,2,4,3]
1090625 [3,6,5,4,2,1]
1090625 [4,8,3,10,6,7,5,9,1,2]
1090625 [10,2,5,6,1,7,3,11,8,4,9]
1092441 [5,6,14,2,13,7,10,1,4,15,12,11,8,9,3]
1092441 [9,4,1,10,6,3,5,8,7,2]
900378 [7,5,6,2,3,1,4]
900378 [1,4,7,6,2,5,3]
900378 [10,6,9,2,16,21,12,17,7,22,4,3,1,14,20,18,5,19,11,13,8,15]
900378 [16,8,6,3,11,7,9,2,5,10,4,15,1,13,12,14]
1552171 [2,3,5,4,1]
486549 [5,1,2,4,3,6]
1785149 [3,5,6,8,7,1,9,2,4]
1785149 [1,4,13,11,12,10,2,14,5,23,18,7,24,19,20,8,21,3,17,9,22,15,26,6,16,25]
1785149 [3,4,7,2,8,5,1,13,6,10,12,11,9]
1785149 [13,21,26,47,16,19,8,40,33,36,44,29,10,24,31,37,18,34,32,38,14,11,45,15,20,28,35,17,6,23,7,22,1,41,27,48,25,46,30,2,4,43,5,39,42,12,3,9]
1785149 [1,8,5,7,11,2,12,6,3,13,9,15,4,10,14]
1785149 [4,6,1,3,7,5,2,8]
1900492 [3,1,2,8,9,12,16,13,11,6,5,17,18,4,7,10,15,14]
1900492 [12,3,8,17,13,4,2,22,9,23,5,20,7,11,16,18,10,15,6,14,19,1,21]
1924396 [1,2,3,4,5,6]
1924396 [1,2,3,4,5,6,7,8,9]
1377811 [6,1,3,4,7,5,2]
1563751 [2,3,1,4,5,7,6]
1563751 [2,10,11,3,6,5,1,7,8,4,9]
1563751 [3,2,4,1,5]
1563751 [1,5,2,3,4]
1563751 [3,6,2,5,4,1]
1754583 [26,29,5,22,10,36,16,32,4,25,33,37,15,14,27,19,28,34,24,17,30,13,1,35,11,31,3,8,12,21,20,18,6,23,2,7,9]
1918553 [1,2,3,4,5,6,7,8,9,10]
1918553 [1,2,3,4,5]
1924396 [1,2,3,4,5]
1924396 [1,2,3,4,5,6]
1924396 [1,2,3,4,5,6,7,8,9,10]
1924396 [1,2,3,4,5]
1924396 [1,2,3,4,5,6,7,8,9,10,11,12,13,14,15,16,17,18,19,20,21,22,23]
1924396 [1,2,3,4,5]
1924396 [1,2,3,4,5,6]
563537 [5,2,1,3,4]
563537 [4,5,2,1,3]
563537 [3,5,2,6,1,4]
563537 [2,6,3,5,4,1]
563537 [5,8,4,10,1,7,3,9,2,6]
563537 [1,8,2,4,3,6,5,7]
1924396 [1,2,3,4,5,6,7,8,9,10,11,12]
1924396 [1,2,3,4,5,6,7]
1924396 [1,2,3,4,5]
1924396 [1,2,3,4,5,6]
1924396 [1,2,3,4,5,6,7,8,9,10,11,12,13,14,15,16,17]
2014482 [4,6,1,7,3,2,5]
2101786 [4,7,3,1,5,6,2]
2101786 [6,5,7,4,2,1,3]
2101786 [3,5,6,4,1,2]
2190812 [11,8,27,24,26,15,3,1,12,16,17,4,14,7,31,19,28,10,29,23,22,6,25,18,13,9,30,2,32,21,20,5]
2190812 [15,12,10,3,27,2,17,16,25,1,18,8,26,9,13,4,19,7,14,23,24,5,6,21,22,11,20]
2406851 [2,3,5,1,4]
1887306 [7,14,12,11,10,9,1,6,4,3,13,5,8,2]
2326529 [3,1,6,2,5,4]
152880 [2,6,5,1,4,3]
152880 [4,8,2,3,7,1,6,5]
152880 [22,6,29,25,27,17,5,21,16,15,3,28,12,14,19,1,2,23,13,18,4,10,24,26,9,20,8,11,7]
152880 [1,6,5,4,3,2]
152880 [3,4,2,1,5]
194623 [12,5,1,9,7,6,8,4,3,2,10,11,13]
194623 [3,2,4,5,6,7,9,8,1]
204031 [9,6,4,10,1,3,5,7,8,2]
2405882 [2,1,4,6,5,3]
2405882 [1,6,16,7,17,9,19,15,2,14,12,4,11,3,8,13,5,10,18]
2436485 [2,6,1,3,5,4]
1840567 [7,5,10,1,8,2,6,9,4,3]
317862 [1,3,9,15,6,10,12,5,7,11,4,2,13,8,14]
900378 [5,15,17,1,8,2,3,4,19,9,13,10,16,6,14,12,11,7,18]
1830123 [3,12,5,6,10,1,13,8,9,11,4,7,2,14]
1848398 [1,2,3,4,5,6,7,8,9,10,11,12,13,14,15,16,17,18,19,20,21,22,23,24,25,26,27]
1848398 [1,2,3,4,5,6,7,8,9]
1848398 [1,2,3,4,5,6,7,8,9,10,11,12,13,14]
1848398 [1,2,3,4,5,6]
2015664 [30,8,15,5,10,26,14,23,17,28,29,24,7,21,9,25,13,4,19,6,27,22,3,1,2,11,18,16,12,20]
2015664 [6,4,3,2,5,1]
2015664 [9,8,1,10,2,3,4,5,6,12,13,11,14,15,7]
2027502 [4,10,5,2,6,12,8,9,1,3,11,7,13]
2027502 [7,1,4,3,2,9,8,6,5]
2027502 [1,2,5,6,7,3,4]
2027502 [8,1,4,13,16,15,12,10,2,11,6,14,5,7,17,3,9]
2027502 [9,4,12,5,1,11,3,8,13,7,10,6,2]
2027502 [15,6,5,9,12,1,10,16,4,3,7,2,14,11,8,13]
2027502 [1,2,10,11,3,8,4,9,6,7,5]
2185613 [4,1,9,3,5,6,2,8,7]
2185613 [6,2,4,8,15,12,10,11,9,7,14,5,13,3,1]
2185613 [6,2,7,8,4,14,1,3,16,10,5,12,9,15,11,13]
2528780 [7,3,6,9,5,2,4,8,1]
2528780 [34,16,31,28,14,10,25,20,27,17,15,2,21,26,19,18,5,9,7,32,1,12,4,3,8,22,35,30,36,24,29,23,33,11,13,6]
2532069 [1,2,3,4,5,6,7,8,9,10,11,12,13,14,15,16,17,18,19]
2532069 [1,2,3,4,5]
2532069 [1,2,3,4,5,6,7,8,9]
2532069 [1,2,3,4,5,6,7,8,9,10,11,12,13,14,15,16,17]
2532069 [1,2,3,4,5,6,7,8]
1642737 [3,4,5,2,1,6]
1642737 [10,32,23,39,22,18,28,11,26,25,37,4,36,2,47,51,31,14,44,50,46,42,48,12,20,43,49,5,3,8,9,7,1,52,30,19,38,33,27,15,45,17,29,6,34,16,41,40,24,21,53,35,13]
1048048 [1,2,3,4,5,6,7,8,9,10,11,12,13,14,15,16,17,18,19,20,21,22,23,24,25,26,27]
1048048 [1,2,3,4,5,6,7,8,9,10,11,12,13,14,15,16,17,18]
1048048 [1,2,3,4,5,6,7,8,9,10,11,12,13,14,15]
1339103 [6,1,7,4,17,5,19,3,14,13,10,8,12,16,11,15,18,9,2]
1353550 [1,3,8,12,13,9,11,6,5,4,10,2,7,14]
1738862 [1,2,3,4,5]
1738862 [1,2,3,4,5,6,7]
1738862 [1,2,3,4,5]
1738862 [1,2,3,4,5]
1738862 [1,2,3,4,5,6,7]
1738862 [1,2,3,4,5,6,7,8,9]
1738862 [1,2,3,4,5,6,7,8,9]
1738862 [1,2,3,4,5,6,7,8]
1738862 [1,2,3,4,5,6,7]
1738862 [1,2,3,4,5]
43932 [9,1,11,4,12,5,19,10,17,16,8,18,14,15,2,6,3,13,7]
2044604 [4,2,3,1,5]
1779138 [5,1,3,8,6,4,2,7,9]
2212062 [8,4,1,7,5,6,9,2,3]
2212062 [11,15,1,2,4,12,7,8,13,14,9,5,3,6,10]
717676 [1,2,3,4,5,6,7]
717676 [1,2,3,4,5]
1894941 [1,2,3,4,5,6,7,8,9,10,11,12,13,14,15,16,17,18,19]
1894941 [1,2,3,4,5,6,7,8,9,10,11,12]
1911594 [7,2,3,5,8,4,6,1,9]
1911594 [17,8,18,12,16,5,3,10,1,13,9,11,14,7,4,6,2,15]
750497 [14,24,17,22,18,2,13,23,20,11,7,10,16,21,3,6,15,8,1,12,9,4,5,19]
751365 [3,15,12,18,2,5,10,1,6,13,11,14,17,9,8,7,4,16]
751365 [3,6,2,1,5,4,9,7,8]
751365 [5,3,4,8,1,9,11,7,2,10,6]
751365 [27,31,22,14,19,13,18,25,29,26,28,4,16,7,6,24,20,1,2,30,11,5,8,23,12,21,15,17,9,10,3]
777348 [10,5,7,2,12,4,6,11,1,3,8,9]
802605 [3,2,1,4,5]
867679 [11,14,12,4,1,5,19,15,13,17,2,9,6,10,3,18,7,16,8]
867679 [2,4,6,8,1,5,3,9,10,7,11]
867679 [7,17,14,1,5,12,16,18,8,19,3,9,13,10,4,15,2,11,6]
867679 [4,1,7,3,5,2,6]
867679 [13,16,3,23,15,7,25,4,21,6,9,18,1,5,11,20,12,2,14,24,8,22,10,17,19]
867679 [18,16,21,10,17,22,20,1,15,25,13,28,12,3,24,19,8,6,14,7,2,26,4,9,11,27,23,5]
867679 [6,15,12,23,7,21,11,5,18,9,3,1,20,22,19,13,10,16,8,4,2,17,14]
867679 [41,42,32,29,34,28,7,38,24,4,18,25,27,39,31,37,20,21,13,14,30,12,6,10,1,2,15,16,23,26,46,22,5,17,40,36,45,11,35,9,43,3,19,8,33,44]
1381203 [1,2,3,4,5]
1381203 [1,2,3,4,5,6,7,8,9,10,11,12,13]
135488 [6,2,5,1,3,4]
1470906 [1,2,3,4,5,6,7,8,9,10,11,12,13,14,15,16,17,18,19,20,21,22,23,24,25,26,27,28,29,30,31,32,33,34,35,36,37,38,39,40,41,42,43,44,45,46,47,48,49]
25809 [5,4,2,1,3]
25809 [1,5,6,7,3,8,4,2,9,10,11]
405547 [22,13,10,4,12,27,8,25,21,11,19,24,1,7,18,28,14,26,20,6,5,17,9,3,2,15,23,16]
1105810 [7,3,1,5,4,6,2,8]
1138925 [4,5,2,13,6,7,9,10,8,11,3,12,1,14]
1153721 [1,2,3,4,5]
1169267 [1,10,4,12,13,7,14,2,19,16,5,8,9,11,18,6,15,20,17,3]
1169267 [7,19,9,5,3,8,14,17,12,4,2,15,1,6,16,11,13,18,10]
1169267 [13,3,15,7,6,16,14,11,8,5,2,1,4,9,12,10]
2490102 [3,2,1,6,5,4]
755981 [3,4,1,2,5]
1308113 [6,4,2,3,7,8,1,5]
1686860 [12,3,15,10,18,9,1,13,6,7,5,4,14,2,16,8,11,17]
1693059 [5,4,3,1,2]
1696878 [5,3,4,1,2]
1923297 [2,9,1,7,8,12,3,5,4,10,6,11]
1923297 [4,3,2,1,5]
1923297 [6,7,1,3,4,2,5]
1923297 [3,6,4,2,5,1,8,7,9]
1923297 [1,3,4,5,2]
1923297 [9,4,12,17,14,10,8,1,5,11,13,3,16,15,2,6,7]
1923897 [7,4,1,8,2,3,9,5,6]
1923897 [20,7,13,5,1,14,15,3,2,21,16,17,4,10,8,19,9,23,24,12,11,22,6,18]
900378 [5,2,3,1,4]
900378 [6,3,5,4,2,1]
1331272 [3,5,2,4,1]
1779138 [3,10,1,7,9,6,8,2,4,5]
1779138 [25,21,15,17,19,23,27,11,14,2,26,6,1,13,18,20,10,3,24,16,22,4,7,5,8,9,12,28]
1779138 [6,3,5,4,11,9,2,1,10,7,8]
1779138 [9,3,11,1,10,6,5,2,12,4,13,7,8]
1779138 [7,14,1,6,11,10,13,8,2,3,4,5,15,9,12]
1779138 [2,5,1,3,4,6]
1779138 [1,2,5,6,3,4]
1779138 [9,8,3,4,5,6,1,7,2]
249788 [5,3,1,2,4,10,8,9,7,6]
548891 [9,2,6,3,8,1,4,7,5]
2212062 [6,5,7,3,4,9,2,8,1]
2212062 [15,6,12,9,18,21,1,7,10,13,4,16,2,17,5,11,19,20,3,8,14]
2306684 [11,6,5,10,8,2,13,1,7,3,9,12,4]
367419 [1,2,9,12,6,5,4,14,7,10,11,13,8,3,15]
367419 [15,1,17,8,9,14,13,4,16,7,5,2,12,10,3,11,6]
1403271 [6,11,10,12,3,4,1,9,8,7,5,2]
1403271 [6,9,2,5,7,3,1,8,4]
261181 [1,4,2,7,6,3,5]
2528780 [1,3,4,5,6,2]
121010 [1,2,3,4,5]
121010 [1,2,3,4,5,6]
245835 [14,2,23,3,22,21,6,10,13,5,12,1,16,19,11,15,20,17,4,9,8,18,7]
245835 [12,1,6,7,9,13,8,4,15,11,5,14,3,2,10]
264359 [6,3,5,2,7,4,1]
264359 [5,1,3,6,2,4]
264359 [4,5,1,2,3,6]
2234846 [1,8,9,5,7,6,2,4,3]
2234846 [8,4,11,10,9,5,3,6,1,7,2]
2246162 [3,4,5,2,1]
2246162 [15,14,20,23,4,22,13,2,3,17,21,12,5,10,1,6,8,7,16,9,11,19,18]
1481473 [3,4,2,6,7,5,1]
1992863 [2,5,4,1,3]
2049698 [6,2,5,3,1,4]
2097831 [4,9,8,6,7,3,1,5,2]
2097831 [7,6,1,4,5,8,2,3]
2098487 [6,2,4,1,5,3]
2108687 [1,5,4,3,2]
2108687 [5,1,4,2,6,3]
2108687 [5,2,13,8,14,12,7,10,11,3,1,6,9,4]
2118743 [11,5,14,8,18,1,10,17,9,12,19,4,6,16,15,20,2,7,3,13]
2137076 [5,9,8,7,6,4,3,1,2]
2140356 [22,16,1,23,19,21,11,10,2,3,8,5,7,17,13,12,14,4,18,15,6,20,24,9]
2140356 [8,5,4,6,2,3,7,1,9]
2140356 [8,6,5,2,4,1,3,7]
665079 [4,7,6,5,3,8,2,1]
665079 [7,10,2,12,1,11,3,13,5,6,4,8,9]
665079 [11,6,10,2,4,5,13,3,1,8,7,12,9]
665079 [6,3,4,11,2,5,10,1,9,8,7]
667805 [5,1,7,4,6,2,3,8]
667805 [4,2,11,7,3,12,1,9,5,8,6,10]
667805 [4,29,14,26,16,9,10,28,1,31,7,24,32,25,20,23,2,5,22,6,30,17,19,18,13,8,15,3,27,12,11,21]
667805 [7,6,4,1,2,5,3]
667805 [13,1,6,4,10,14,3,7,15,5,9,8,2,12,11]
667805 [8,10,11,13,5,4,12,9,7,1,6,14,15,16,3,2]
667805 [4,3,6,7,5,8,2,9,1]
667805 [1,2,7,15,9,14,13,3,5,10,12,6,4,11,8]
667805 [2,9,11,6,1,7,5,10,8,4,3]
667805 [2,7,3,18,4,10,1,15,11,14,6,8,13,9,16,5,12,17]
667805 [2,3,1,5,4]
777348 [4,7,3,5,6,1,2]
777348 [3,2,1,7,8,6,5,4]
777348 [2,4,1,6,5,3,7,8]
1205381 [5,2,3,1,4]
289709 [4,8,2,3,5,1,7,6,9]
1368005 [1,6,5,2,8,7,3,9,4]
2414972 [4,2,3,6,5,1]
2432239 [3,2,4,1,9,7,8,5,6]
2471663 [3,1,2,5,4]
2471663 [5,10,2,8,1,6,9,4,7,3]
2471663 [18,22,12,5,2,26,24,21,11,1,23,20,25,17,19,8,16,10,28,3,4,30,7,13,27,6,14,15,9,29]
2490461 [1,2,3,4,5,6,7,8,9,10,11]
2498205 [5,4,1,2,3]
2520299 [6,3,5,2,1,4,7]
2498205 [35,1,4,7,13,16,6,24,36,14,21,19,27,18,12,23,37,11,17,2,15,8,31,32,26,34,38,20,22,9,29,25,10,30,3,5,28,33]
2498205 [5,6,2,1,4,3]
2498205 [3,6,2,5,1,4,7]
2498205 [5,1,4,3,6,7,2]
2498205 [3,2,4,6,7,8,1,9,5]
135488 [6,4,3,5,2,1,7]
301528 [1,2,7,6,4,3,5,8]
309336 [2,4,7,5,3,11,10,9,6,12,8,1]
317862 [5,3,1,4,2]
450577 [7,2,5,1,4,3,8,6,9]
337540 [5,4,6,1,2,3]
337540 [5,1,4,3,2]
802605 [5,2,3,4,1]
802605 [1,4,3,5,2]
837782 [13,3,6,5,19,10,8,18,17,4,20,12,1,2,16,9,11,7,15,14]
856313 [5,3,2,1,4]
856313 [8,7,3,2,9,10,5,6,1,4]
856313 [23,28,20,11,10,1,6,19,22,13,7,27,21,5,15,12,14,2,18,24,9,3,16,8,4,25,17,26]
856313 [1,2,3,4,5]
1118206 [7,1,8,2,6,9,3,5,4]
1118206 [1,4,3,7,6,5,2]
1118206 [11,1,2,7,4,6,10,13,3,5,12,14,9,8]
1118206 [4,2,3,1,5]
1118206 [3,4,9,7,2,5,6,1,8]
1118206 [1,4,6,2,3,5]
1119343 [5,2,4,1,3,6]
1481473 [1,4,6,13,9,8,12,10,3,11,7,2,5]
1486349 [12,9,11,1,5,6,10,2,3,7,8,4]
1488979 [1,2,3,4,5,6]
1488979 [1,2,3,4,5,6,7,8,9]
1488979 [1,2,3,4,5,6,7]
1488979 [1,2,3,4,5,6,7,8,9]
1498918 [10,1,9,4,5,3,8,2,7,6]
1534975 [1,2,3,4,5,6,7]
1548114 [2,3,7,1,4,8,5,6]
1548114 [2,21,14,15,6,11,22,7,3,16,9,5,10,18,8,12,1,19,13,20,17,4]
1548114 [3,4,7,6,1,2,10,9,8,5]
1548114 [6,10,7,1,8,4,5,2,3,9]
1563751 [6,7,5,2,3,4,1]
1622906 [3,2,6,1,5,4,7]
1664967 [9,8,1,4,3,5,6,7,2]
1686860 [2,14,4,1,10,12,6,13,5,15,20,8,7,16,19,9,21,3,17,18,11]
1762623 [11,3,7,12,2,18,10,14,1,6,4,16,5,9,17,15,8,13]
1873148 [1,2,3,4,5,6,7]
1888545 [10,14,11,9,1,13,7,6,12,15,17,5,3,2,4,8,16]
1923897 [6,1,5,7,2,8,3,4]
81492 [25,27,16,41,18,39,40,5,22,20,23,9,34,24,13,6,10,14,21,15,28,19,12,33,30,3,36,2,35,11,31,42,32,26,37,1,8,38,17,29,4,7]
507022 [3,1,5,4,2]
631807 [5,4,1,6,3,2]
1948775 [8,30,12,18,13,27,15,5,16,22,32,17,29,19,31,24,9,10,7,23,26,25,4,14,2,20,3,11,1,6,21,28]
1948775 [3,4,1,5,2,6,7]
1948775 [4,3,2,1,6,8,5,7]
1948775 [4,6,2,1,5,3]
1948775 [6,3,1,5,4,2]
1977733 [1,2,3,4,5,6]
1977733 [1,2,3,4,5,6,7,8,9,10,11]
2374711 [4,1,5,3,2,6]
2374711 [5,1,4,6,8,7,10,3,2,9]
2574644 [6,18,1,3,11,4,10,5,12,13,17,16,14,8,7,9,2,15]
261181 [6,5,7,2,4,8,1,3]
900378 [15,2,18,7,16,9,8,20,21,4,12,3,19,1,5,10,6,17,14,11,13]
1595250 [12,4,3,6,7,8,11,2,9,1,10,5]
1636133 [9,13,4,3,12,6,8,5,1,2,10,15,11,7,14]
1636133 [24,20,12,16,13,23,11,22,25,10,14,4,21,26,17,3,6,27,18,5,7,9,19,8,2,15,1]
1636133 [2,1,3,8,5,4,7,6]
1659234 [1,2,3,4,5,6,7,8,9,10,11,12,13,14,15,16,17,18]
1699393 [1,5,7,6,4,2,3,8,9]
1683484 [4,1,10,15,13,7,14,5,8,12,3,2,6,9,11]
1683484 [1,3,5,4,2]
1683484 [2,3,1,5,4]
1747023 [7,5,3,2,4,6,1]
1747023 [3,5,10,1,7,8,2,9,6,4]
1747023 [2,6,7,4,1,3,9,5,10,8]
1747023 [8,15,6,12,10,3,4,11,2,9,18,13,17,1,7,5,14,16]
1753136 [2,6,10,7,8,5,13,4,12,9,11,3,1]
1090366 [3,8,9,10,6,5,1,2,4,7]
1090366 [4,6,8,3,5,1,7,2]
1090366 [23,12,11,22,4,8,28,7,14,5,20,16,10,6,25,13,9,21,17,19,2,3,1,15,27,26,24,18]
1090573 [7,2,1,3,6,4,5]
1103145 [1,2,3,4,5]
1103145 [1,2,3,4,5,6,7,8,9,10,11,12,13,14,15,16]
1103145 [1,2,3,4,5,6]
1353550 [8,5,9,4,7,1,6,3,2]
1401252 [1,2,3,4,5]
1153336 [4,5,3,1,6,2]
1167944 [37,32,28,4,45,27,23,50,29,18,42,38,20,59,49,57,53,26,8,11,58,51,25,46,48,33,47,30,56,12,15,21,7,43,14,31,35,41,9,52,6,24,17,13,5,44,54,40,19,39,3,34,10,16,36,1,55,22,2]
2526874 [1,2,3,4,5,6,7,8,9,10,11,12,13,14,15,16,17,18,19,20]
2561387 [6,1,2,5,8,7,3,9,4]
2561387 [3,6,7,4,8,5,1,2]
2561387 [5,6,7,1,8,4,2,9,3]
2561387 [1,13,5,12,11,4,2,7,14,10,9,6,16,15,17,8,3]
2561387 [7,4,2,6,8,1,3,5]
2561387 [3,4,2,12,10,9,8,14,1,11,13,6,7,5]
2561387 [9,10,12,4,5,2,3,8,11,7,1,6]
2566470 [12,5,2,8,15,9,3,6,13,10,1,4,11,7,14]
425689 [1,3,6,10,2,9,4,7,5,8]
425689 [12,10,16,8,7,15,1,3,18,6,11,9,14,4,19,13,2,5,17]
425689 [1,3,5,2,4]
425689 [6,9,4,2,1,8,5,7,3]
425689 [18,8,13,17,7,5,4,15,3,2,10,14,12,1,11,16,9,6]
462509 [6,13,2,18,9,14,10,11,3,12,8,1,4,16,15,5,19,7,17]
1514042 [12,8,13,1,3,6,2,7,10,4,11,9,5]
1552171 [1,4,2,3,5]
2093437 [1,6,5,4,7,8,2,9,3]
2093437 [25,14,2,11,15,18,24,13,16,10,5,22,1,19,21,12,4,9,20,7,8,23,17,3,6]
2093437 [1,6,2,5,4,7,3]
2093437 [6,2,1,3,7,4,5]
2098487 [1,5,7,2,3,4,6]
2259512 [9,3,4,12,1,6,2,11,8,5,7,13,10]
2259512 [12,2,15,8,14,5,11,16,13,10,7,17,9,6,1,3,4]
2259512 [44,30,12,11,15,45,19,17,14,9,5,18,22,37,32,31,16,29,13,1,7,20,2,26,21,27,39,10,41,38,40,23,33,36,25,42,28,43,4,46,8,24,34,3,35,6]
1659981 [2,10,7,1,4,6,8,5,3,9]
1659981 [8,10,12,5,9,4,3,7,6,2,11,1]
1659981 [6,8,9,10,4,11,3,7,2,5,1]
1659981 [1,3,2,5,4,7,6]
1680426 [3,14,9,7,6,11,1,15,2,5,8,10,4,13,12]
1680426 [4,16,12,3,8,11,9,6,2,13,15,7,14,5,1,10]
1683484 [2,3,4,1,7,6,5]
1692398 [12,8,1,4,5,6,7,9,11,2,3,10]
1728794 [2,8,1,6,4,7,10,11,5,9,3]
1728794 [4,11,19,10,23,24,7,3,17,15,9,8,25,6,21,20,22,16,18,1,2,14,13,5,12]
1728794 [5,2,10,8,16,1,11,12,7,6,18,9,14,3,13,4,17,15]
1622906 [3,6,1,5,2,7,4]
1636133 [1,5,4,2,3,6]
1636133 [5,3,17,11,4,1,10,2,12,18,14,8,7,6,15,16,13,9]
1636133 [8,10,6,5,2,4,1,9,7,3]
750497 [47,30,60,52,20,29,12,13,46,4,37,55,35,45,40,72,9,68,15,2,6,22,58,51,38,18,19,69,5,49,56,8,33,43,65,1,67,44,34,63,48,16,17,26,66,25,64,59,71,11,31,42,27,57,39,32,36,41,3,14,21,54,10,28,62,61,7,70,53,50,24,23]
750497 [4,1,2,6,7,5,3]
1520051 [1,2,3,4,5,6,7,8,9,10,11,12]
1520051 [1,2,3,4,5,6,7,8,9,10,11]
1520051 [1,2,3,4,5,6,7,8,9,10,11,12,13,14,15,16,17]
1874962 [6,12,13,1,14,15,3,7,10,9,2,11,8,4,5]
1902894 [7,11,5,4,3,13,1,8,12,6,9,2,10]
1905655 [1,4,6,2,5,3]
1905655 [5,2,3,4,1]
416399 [11,26,5,12,24,6,4,19,16,27,10,22,21,8,7,3,20,2,18,14,23,25,1,17,13,29,9,28,15]
420668 [4,3,5,2,1]
420668 [1,3,4,6,2,5,7,8]
420668 [3,25,27,22,13,31,34,21,37,14,30,15,17,2,32,4,16,7,9,5,20,6,26,24,8,38,18,10,29,1,33,28,36,19,23,12,35,11]
404711 [5,2,3,6,4,7,1]
412478 [7,1,6,5,4,2,3]
412478 [16,11,4,10,1,3,9,12,7,8,15,5,2,14,6,13]
412478 [8,14,5,13,2,7,12,1,10,16,6,11,9,15,4,3]
456623 [6,5,1,2,3,4,7]
457469 [5,4,3,1,2]
457469 [2,3,8,9,10,1,4,6,5,7,11]
562321 [2,4,1,5,3]
564152 [9,4,6,2,5,8,3,10,1,7]
621402 [3,8,6,5,9,2,4,1,7]
621402 [6,1,2,4,3,8,7,5]
1659981 [6,1,9,7,4,12,10,5,11,2,8,13,3]
1659981 [7,8,2,1,3,4,5,6]
1753136 [8,1,9,4,2,6,3,7,5]
1754583 [2,1,4,6,3,7,5]
1785149 [6,2,5,7,10,11,8,9,1,12,3,13,4]
1834502 [2,4,3,1,5]
1841877 [4,5,1,3,2]
1841877 [4,8,12,11,13,6,2,15,5,3,16,14,7,10,1,9]
1841877 [5,1,6,2,3,4]
22895 [2,7,5,6,8,1,4,3]
25809 [2,1,4,3,5]
25809 [5,4,7,1,6,2,8,9,3]
25809 [1,3,2,4,5]
25809 [5,1,7,2,4,3,8,6]
25809 [3,4,5,2,1]
28327 [12,2,10,15,13,7,3,14,18,9,17,5,1,8,4,19,11,20,16,6]
28327 [9,1,4,2,6,10,7,5,8,3]
29562 [13,15,7,3,8,9,17,16,12,14,2,6,11,1,5,10,4]
29562 [8,5,1,9,6,7,2,3,4]
29562 [7,6,3,4,2,8,5,1]
29562 [6,4,5,1,3,2]
29562 [5,4,3,1,6,2]
44610 [5,1,4,3,2]
60557 [1,2,3,4,5,6,7,8,9,10,11,12,13,14,15,16,17]
61977 [7,6,3,1,4,8,2,5]
71413 [9,8,1,13,18,15,2,4,17,12,3,23,24,6,5,11,21,10,19,22,20,7,14,16]
71413 [7,5,8,6,1,3,2,4]
71413 [2,3,4,5,1]
81492 [7,3,1,8,5,4,6,2]
81492 [13,8,23,7,5,17,2,20,19,9,24,12,21,10,11,4,3,16,1,15,18,14,22,25,6]
81492 [1,3,6,13,2,7,8,4,15,10,11,14,5,12,9]
1320533 [3,6,4,2,1,5]
1320533 [4,5,2,3,1]
1320533 [2,5,1,3,4]
1320533 [21,13,15,11,20,14,10,3,18,16,12,5,7,9,8,6,17,19,1,4,2]
1320533 [12,8,4,10,11,9,7,1,2,6,3,5]
1320533 [5,3,2,4,1]
1320533 [8,2,3,5,1,4,7,9,6]
1320533 [3,4,6,5,2,1]
1321771 [1,2,3,4,5,6]
1381203 [1,2,3,4,5]
1400732 [4,3,1,6,2,5,7]
1412107 [3,5,4,7,2,9,6,1,8,10]
1412107 [10,13,3,1,2,7,12,6,9,4,5,8,11]
1412107 [24,18,25,1,11,8,9,22,14,2,3,12,17,7,19,23,20,10,15,21,4,13,6,5,16]
1412107 [1,2,4,8,6,3,5,7]
1412107 [9,13,14,4,5,8,12,10,1,7,6,11,2,3]
1439546 [7,11,1,10,2,5,4,3,6,8,9]
1336589 [11,20,14,16,22,2,1,21,15,13,8,6,12,18,19,10,7,9,17,4,5,3]
1873066 [28,18,14,31,10,5,19,25,4,13,7,3,32,20,33,11,16,15,23,9,24,21,1,22,35,29,8,27,34,30,2,17,36,6,26,12]
127405 [1,2,3,4,5,6,7,8,9,10,11,12,13,14,15,16,17,18,19,20,21]
365556 [1,2,3,4,5,6]
374121 [3,4,2,1,7,5,6]
726123 [26,17,8,15,24,30,27,19,16,23,2,29,20,14,6,13,4,5,1,3,9,22,7,10,18,25,21,12,11,28,31]
1531241 [22,25,14,18,2,12,16,5,21,20,17,11,24,27,28,7,10,3,19,9,15,4,29,8,6,26,23,1,13]
839229 [1,2,3,4,5]
839229 [1,2,3,4,5,6,7,8,9,10,11,12,13]
839229 [1,2,3,4,5,6,7,8]
839229 [1,2,3,4,5]
839229 [1,2,3,4,5,6,7,8,9,10,11]
839229 [1,2,3,4,5,6,7,8,9,10,11,12,13,14,15,16,17,18,19,20,21,22]
2505050 [7,2,8,5,4,10,6,9,3,1]
2505050 [6,2,3,5,4,1]
2505050 [4,1,6,8,7,2,5,3,10,9]
2505050 [7,6,8,14,11,15,9,3,4,10,12,1,5,2,13]
2505050 [3,2,5,7,1,8,4,9,6,10]
1632935 [11,2,10,6,3,13,14,4,8,12,5,9,7,1]
1632935 [12,10,13,15,2,11,14,3,7,4,6,1,5,9,8]
1639620 [5,2,1,10,4,9,3,7,8,6]
1639620 [19,9,6,7,18,2,5,13,10,4,8,17,14,11,3,15,12,16,1]
1639620 [6,4,3,2,1,7,5,8]
1007544 [2,1,5,3,4]
1007544 [5,1,2,4,6,3]
1500590 [6,5,2,4,3,1]
321436 [1,2,3,4,5,6,7,8,9]
373598 [1,5,7,2,6,8,3,4]
387363 [2,4,1,5,3]
413530 [3,5,1,2,4]
413530 [5,4,7,1,2,3,6]
1470346 [5,2,1,3,7,6,4]
1480380 [2,8,4,7,3,1,5,6]
1480380 [4,7,6,8,1,5,2,3]
1907146 [2,1,3,4,6,5]
710166 [1,2,3,4,5,6,7,8,9,10,11,12,13]
710166 [1,2,3,4,5,6,7,8,9,10,11,12,13,14,15]
710166 [1,2,3,4,5,6,7,8,9,10,11,12,13,14,15,16,17,18,19]
710166 [1,2,3,4,5,6,7]
710166 [1,2,3,4,5,6,7,8,9,10,11,12,13]
710166 [1,2,3,4,5,6,7,8,9,10,11,12,13,14,15]
710166 [1,2,3,4,5,6,7,8,9]
710166 [1,2,3,4,5,6,7,8,9,10,11,12]
726123 [1,5,4,2,3]
726123 [5,1,7,2,6,3,4]
726123 [29,28,34,20,2,51,39,10,40,4,33,5,26,30,18,36,13,15,17,38,35,21,3,25,14,41,45,46,49,27,32,16,48,44,9,37,8,24,23,1,7,12,22,6,19,31,43,47,50,52,11,42]
726123 [7,9,27,43,15,24,11,20,4,1,16,12,26,23,18,33,14,35,30,39,3,22,19,45,8,28,42,17,25,13,34,6,44,36,29,21,37,46,32,41,31,10,38,40,2,5]
732486 [10,9,4,22,7,18,17,5,19,6,14,16,2,23,8,21,12,1,11,3,20,13,15]
732486 [5,1,7,6,4,2,3]
835931 [4,5,6,2,1,3]
32222 [6,3,5,2,1,4,8,7]
32222 [5,3,2,1,4,6]
32222 [1,7,3,5,6,4,8,2]
88591 [5,3,2,6,4,1]
88591 [10,26,11,1,25,14,5,13,2,24,27,3,19,17,21,12,7,9,18,6,16,23,15,8,20,4,22]
88591 [16,4,1,19,15,11,17,3,13,14,5,7,8,6,18,2,9,10,12]
88591 [5,2,4,1,3]
139350 [10,2,8,5,13,12,6,4,11,3,1,7,9]
139350 [4,5,3,1,2]
139350 [10,21,4,3,11,13,19,17,12,14,18,15,7,2,5,20,16,1,6,8,9]
139350 [30,14,9,27,26,17,13,19,6,23,16,7,10,28,4,8,21,11,18,5,22,15,12,20,3,1,2,25,24,29,31]
139350 [5,13,19,6,16,15,2,7,8,14,20,17,11,1,4,9,18,12,3,10]
139350 [4,9,8,5,2,6,3,1,7]
164882 [19,15,20,2,10,13,18,22,14,11,6,5,12,16,17,21,3,4,9,23,7,8,25,26,1,24]
204031 [2,1,4,3,5]
204031 [3,1,5,2,4]
204031 [6,1,2,7,3,8,4,5]
204031 [5,6,2,4,3,1]
204031 [13,8,15,11,5,2,14,12,10,6,9,7,3,18,4,17,16,1]
204031 [7,3,1,5,6,8,4,2,9]
206251 [8,2,11,4,14,9,13,3,6,1,10,12,15,5,7]
1622906 [7,3,2,5,4,6,1]
1622906 [7,6,1,3,5,4,2,8]
1622906 [5,1,2,4,7,6,8,3]
1664967 [1,2,5,6,4,3]
1703304 [5,3,2,4,1]
1703304 [4,3,5,1,2]
1703304 [7,8,1,9,2,6,11,10,3,4,5]
1727622 [1,6,3,5,2,4]
1727622 [4,3,5,7,1,6,2,9,8]
1739856 [1,2,3,4,5]
1753136 [8,9,7,1,4,6,2,3,10,5]
1762623 [6,10,7,5,9,3,1,8,2,4]
1762623 [6,3,9,5,11,10,8,7,1,4,2]
1778414 [32,26,29,2,1,8,6,23,28,4,14,18,33,11,19,20,31,25,10,7,9,3,5,27,36,35,15,30,13,34,22,24,17,12,21,16]
1654428 [13,2,4,7,11,1,10,6,5,9,12,8,3]
1674815 [1,2,3,4,5,6,7,8,9,10,11,12,13,14]
1697436 [5,12,6,4,10,3,1,2,11,7,8,9]
1697436 [10,6,17,14,9,15,11,3,4,1,18,5,2,12,7,13,8,16]
1701108 [3,12,9,2,10,4,1,11,13,7,8,5,6]
1703263 [10,6,15,11,7,1,8,2,16,3,9,14,4,13,12,5]
1703263 [2,4,5,13,12,1,9,8,10,3,7,11,6]
1703263 [7,6,4,1,5,3,2]
1703263 [3,2,4,5,1]
1703263 [11,10,7,1,8,2,4,5,6,9,3]
1752803 [1,2,3,4,5]
1762623 [5,6,8,12,4,9,13,10,7,11,1,3,2]
1762623 [3,2,8,1,5,6,7,4]
1762623 [3,14,1,9,4,6,11,12,10,2,7,13,5,8]
1785149 [21,6,9,17,4,1,14,20,10,13,12,22,5,19,8,3,7,18,2,15,16,11]
1785149 [5,2,6,4,3,1]
1785149 [3,1,2,5,6,11,9,4,10,8,7]
1785149 [35,5,47,25,23,16,4,37,13,29,24,12,2,40,7,45,27,9,36,39,1,26,46,19,21,22,17,42,38,31,48,20,10,43,32,30,33,34,3,6,11,49,8,18,15,14,28,41,44]
1785149 [5,3,2,4,1]
1785149 [15,6,13,14,16,11,8,1,10,3,12,5,7,2,9,4]
1799180 [1,8,6,9,12,11,4,7,3,2,10,5]
1799180 [3,16,17,10,15,1,11,7,6,13,5,8,14,9,2,4,12,18,19]
1799180 [6,3,5,1,8,7,4,2]
1799180 [22,23,18,10,13,29,26,8,7,17,28,11,15,5,16,24,30,6,2,19,20,3,21,12,14,9,1,4,27,25]
1799180 [9,1,14,18,3,12,2,7,13,17,15,8,4,5,11,6,10,16]
1206044 [3,4,9,12,13,11,1,6,10,7,5,2,8]
1255547 [2,7,4,3,1,8,5,6]
1594652 [5,3,2,14,9,6,11,7,8,10,12,13,1,4]
1594652 [3,1,4,2,5]
1594652 [17,20,4,12,14,16,11,18,9,6,10,13,19,8,3,2,7,5,15,1]
1744285 [9,20,11,7,3,5,19,18,22,23,15,14,12,10,17,21,2,1,8,4,13,6,16]
1744285 [4,2,13,7,1,3,6,8,9,12,10,5,11]
1779138 [3,2,4,6,7,5,1]
1779138 [2,1,5,9,8,3,7,4,6,10]
1862788 [4,11,2,5,7,8,12,16,1,14,15,9,10,3,6,13]
1863380 [1,2,3,4,5,6,7,8,9,10,11]
1863380 [1,2,3,4,5,6,7,8,9,10]
1863380 [1,2,3,4,5,6,7]
1907146 [1,4,5,2,3]
1907146 [2,5,1,4,3]
1907146 [12,8,11,1,7,18,17,14,9,5,13,6,2,19,3,15,16,4,10]
1907146 [1,3,2,4,5]
2091506 [7,11,6,10,4,9,1,5,8,3,2]
2091506 [9,6,4,5,3,1,8,2,7]
2091506 [7,9,2,14,5,12,10,3,8,6,1,11,13,4]
2121124 [5,6,2,4,1,3]
2121124 [1,3,2,6,5,4]
2121124 [8,3,6,2,1,4,5,7]
2121124 [8,2,4,5,3,7,6,1]
2121124 [4,1,2,5,3]
2121124 [3,5,4,1,2]
2121124 [6,1,2,3,7,4,5]
2566955 [2,5,7,3,6,4,1]
1930942 [3,1,13,2,11,17,12,6,7,14,8,10,9,15,16,4,5]
2121124 [3,4,5,2,1]
1505173 [4,5,20,18,6,14,11,21,23,9,15,7,1,8,13,16,24,12,10,22,25,2,19,17,3]
1542952 [6,3,1,5,2,4,7]
1561074 [7,5,14,4,9,12,15,1,13,11,3,8,16,10,6,2]
1561074 [4,3,6,1,5,2]
1579040 [3,6,1,5,4,2]
1583352 [1,2,4,5,3]
1585102 [7,6,5,3,2,1,4]
1605097 [2,3,1,4,5]
1605097 [11,12,10,6,1,8,7,4,2,3,9,5]
1605097 [4,2,3,1,5]
1686860 [7,20,22,34,25,16,24,26,11,6,9,4,10,5,14,1,12,2,3,32,18,29,8,23,15,31,28,30,17,13,33,27,21,35,19]
1690618 [1,5,13,8,7,12,6,2,4,3,9,10,11]
1735326 [1,2,3,4,5,6,7,8,9,10,11,12,13,14,15,16,17,18,19,20,21,22,23,24,25,26,27,28,29,30,31,32,33,34,35,36,37,38,39,40,41,42,43,44,45,46,47,48,49,50,51]
1687310 [4,1,2,3,5,6]
1687310 [12,8,28,22,23,9,29,7,18,21,1,13,24,20,2,5,26,25,3,16,11,6,27,10,15,14,17,4,19]
1687310 [12,1,4,11,7,2,5,10,15,14,9,13,6,8,3]
1687310 [3,14,13,17,15,7,10,1,4,9,8,12,5,11,2,6,16]
1687310 [1,9,2,3,4,6,10,7,5,8]
1687310 [1,5,2,3,4]
1687310 [5,4,7,1,8,2,3,6]
1718049 [6,7,4,9,2,3,1,8,5]
1718049 [1,2,3,5,6,4]
1734750 [5,1,2,3,4]
1734750 [5,1,2,3,4]
1734750 [3,5,4,6,1,2]
1739856 [1,2,3,4,5,6,7]
1753136 [4,2,5,6,9,10,14,1,13,7,12,3,11,8]
1753136 [17,6,3,33,5,29,12,26,36,9,15,2,1,19,7,30,18,39,24,13,27,20,21,38,22,23,11,25,8,16,34,10,37,32,35,31,14,4,28]
1762880 [13,7,9,6,2,5,8,4,12,14,1,11,10,3]
1762880 [18,26,40,35,25,8,28,17,41,14,36,34,42,21,3,20,7,44,22,37,15,32,29,2,9,5,1,38,43,23,30,19,39,10,11,16,24,12,13,31,27,33,4,6]
1762880 [7,1,4,8,6,9,5,2,3]
1810529 [4,6,1,3,2,5]
1804806 [7,4,8,2,6,5,3,1]
1834502 [3,7,2,4,8,5,6,1]
1835614 [1,9,6,3,10,13,2,7,12,11,8,4,5]
1835614 [1,5,3,6,4,2,7]
1835614 [5,4,3,1,7,6,8,9,2]
1848398 [1,2,3,4,5,6]
1848398 [1,2,3,4,5,6,7,8,9,10,11,12,13,14,15,16,17,18,19,20,21,22,23,24,25]
1848398 [1,2,3,4,5,6,7]
1848398 [1,2,3,4,5]
1888687 [1,2,3,4,5,6,7,8,9,10,11,12]
1888687 [1,2,3,4,5]
1888687 [1,2,3,4,5]
1888687 [1,2,3,4,5]
1888687 [1,2,3,4,5,6,7]
1888687 [1,2,3,4,5,6,7]
699762 [25,18,23,15,10,5,14,30,31,6,9,20,7,17,1,2,33,34,22,13,24,28,21,3,16,11,8,4,12,29,32,26,27,19]
702478 [2,10,3,5,8,6,9,4,7,1]
704803 [12,16,9,2,15,4,3,7,6,11,10,1,13,8,5,17,19,14,18]
704803 [4,10,7,5,8,2,9,1,6,3,11]
965694 [1,2,3,4,5]
965694 [1,2,3,4,5,6,7,8,9,10,11]
965694 [1,2,3,4,5,6,7,8,9,10,11,12,13,14,15,16,17,18,19,20,21,22,23,24,25,26,27,28,29,30,31,32,33,34,35,36,37,38,39,40]
965694 [1,2,3,4,5,6,7,8,9,10]
793625 [1,2,3,4,5,6,7]
793625 [1,2,3,4,5,6,7,8,9,10,11]
812600 [1,5,3,2,4,6]
812600 [6,15,2,10,3,8,1,5,9,13,11,7,4,12,14]
812600 [15,7,11,18,1,6,16,13,3,8,14,12,5,2,4,17,9,19,10]
839229 [1,2,3,4,5,6,7]
2553878 [4,5,1,3,2]
2553878 [5,2,4,3,1,6]
456623 [15,11,1,14,9,17,3,7,16,6,10,13,5,2,12,4,8]
456623 [3,13,7,9,2,8,16,15,11,14,12,5,1,4,6,10]
197756 [3,4,6,2,5,1]
197756 [1,2,3,5,4,6]
197756 [3,4,2,5,1]
201433 [4,1,5,2,3]
209258 [4,5,6,3,1,2]
2452178 [1,2,3,4,5]
2459190 [7,1,9,4,3,6,5,2,8]
980498 [5,6,1,4,2,7,3]
980498 [7,5,6,1,3,4,2]
997715 [7,8,5,2,4,1,6,3]
43932 [20,15,3,16,2,9,19,5,4,11,7,14,1,10,17,18,12,13,6,8]
43932 [10,7,12,3,1,13,2,9,4,5,14,8,11,6]
373598 [5,3,2,7,4,6,1]
416750 [4,3,5,1,2]
416750 [9,8,6,5,2,4,7,1,3]
136584 [1,2,3,4,5,6]
136584 [1,2,3,4,5,6,7,8,9,10,11,12,13,14,15,16,17,18,19,20,21,22,23,24]
136584 [1,2,3,4,5,6,7,8,9,10,11,12,13,14,15,16,17,18,19,20,21,22]
136584 [1,2,3,4,5,6,7,8,9]
717676 [1,2,3,4,5]
1401252 [1,2,3,4,5,6]
768249 [2,4,5,3,1]
768249 [15,34,28,35,36,32,17,16,19,37,27,3,21,26,39,22,14,42,13,24,18,2,25,40,12,43,29,9,11,6,38,7,10,5,33,41,20,1,23,30,31,4,8]
768249 [6,2,13,5,10,3,7,12,9,11,8,4,1]
793625 [1,2,3,4,5,6,7,8,9]
81492 [1,14,2,29,38,32,31,13,35,12,8,4,33,10,39,22,40,16,28,25,20,26,11,19,23,7,3,36,6,30,34,24,9,27,21,17,15,18,37,5]
81492 [4,6,8,3,1,10,2,9,11,12,5,7]
81492 [11,4,24,14,10,12,22,27,1,23,7,5,15,13,6,25,18,26,20,21,9,2,17,3,8,16,19]
42104 [1,2,3,4,5,6,7,8,9,10,11,12]
42104 [1,2,3,4,5,6]
44487 [8,2,7,1,3,6,4,5]
135460 [1,2,3,4,5,6,7,8,9]
136584 [1,2,3,4,5,6,7]
965694 [1,2,3,4,5,6,7,8,9,10,11]
29681 [4,1,5,6,3,2]
251902 [5,4,2,3,1,6]
244843 [8,4,3,2,5,1,7,6]
707195 [1,2,3,4,5,6,7,8,9,10,11,12]
429848 [5,2,4,1,3,8,6,7]
429848 [1,14,12,2,7,5,11,4,6,9,15,3,13,10,8]
433902 [5,3,1,6,8,7,2,4]
441426 [1,6,3,5,4,7,2]
441426 [3,4,1,2,6,7,5]
441426 [6,7,8,1,3,4,2,5]
467813 [5,4,7,1,6,2,8,3]
476345 [2,3,5,1,4]
732486 [2,4,1,3,5]
521351 [8,9,14,5,10,2,7,16,4,13,17,15,12,19,20,11,3,18,6,1]
553940 [13,12,3,7,14,2,15,9,16,17,4,6,1,5,10,11,8]
702478 [25,4,19,27,16,8,13,21,6,18,12,10,24,5,1,2,14,17,7,11,23,9,20,15,26,22,3]
702478 [3,5,2,4,1]
393986 [1,2,3,4,5,6,7,8]
394345 [4,8,5,11,1,9,6,3,7,10,2]
394345 [6,4,3,7,5,1,2]
394345 [1,4,3,9,2,6,5,7,8]
944122 [4,1,2,5,3]
944122 [1,5,4,2,6,3]
944122 [3,6,4,5,7,2,1]
949107 [5,6,2,4,3,1]
949107 [3,6,1,2,5,4]
949107 [4,2,5,1,3]
392101 [4,1,2,5,6,3]
394345 [6,3,5,1,4,2]
394345 [4,2,3,6,7,8,1,5]
508254 [1,2,4,3,6,5]
508254 [7,18,5,17,6,14,4,16,2,9,12,3,10,11,15,1,13,8]
508254 [1,4,7,3,5,2,6,8]
548891 [8,2,5,3,14,7,4,13,15,16,10,1,11,6,12,9]
554417 [6,3,1,4,7,8,2,5,9]
554417 [4,5,6,3,8,2,1,9,7]
554417 [2,5,4,1,3]
554417 [3,6,1,5,2,4]
554417 [1,3,12,4,7,5,11,8,2,10,13,15,9,6,14]
554417 [4,1,5,3,8,2,7,6]
171559 [2,4,1,9,8,7,6,3,5,10]
431705 [6,22,19,10,13,4,3,21,16,8,11,1,12,5,9,15,17,14,7,2,20,18]
690480 [4,5,3,2,1]
777553 [4,5,2,1,6,3]
777795 [5,2,6,3,4,1]
373971 [4,1,5,2,3]
374121 [2,1,5,4,3]
456623 [2,6,4,3,5,1]
1117666 [1,2,3,4,5]
978884 [5,2,4,12,10,3,9,15,8,1,13,7,16,6,14,11]
1182135 [10,8,2,9,4,5,7,1,3,6,11]
1071040 [1,2,3,4,5,6,7,8,9]
1091343 [6,5,4,7,2,1,3]
1092441 [6,3,2,5,1,4]
1092441 [6,2,7,5,3,4,1]
1439546 [6,1,2,3,5,4,7]
1703263 [4,1,2,5,3]
1974260 [4,9,2,3,8,13,5,10,6,12,1,11,7]
842691 [6,3,1,8,2,7,5,4]
842691 [6,7,1,2,11,10,9,12,14,13,8,3,4,5]
842691 [3,7,2,5,4,6,1]
1924396 [1,2,3,4,5,6,7]
1924396 [1,2,3,4,5,6,7,8]
1924396 [1,2,3,4,5]
1924396 [1,2,3,4,5,6]
933067 [1,2,3,4,5,6,7]
1047632 [2,7,1,3,5,4,6,8]
1047632 [11,2,24,20,22,9,4,25,19,23,3,8,17,16,13,5,14,12,10,1,21,7,18,6,15]
1090366 [9,13,7,3,10,4,15,1,11,5,6,12,16,14,2,8]
1090366 [14,25,9,13,18,17,34,38,27,29,2,42,22,16,28,30,8,6,23,36,10,33,19,15,5,7,39,12,32,11,26,4,21,1,37,31,40,24,41,35,3,20]
1090366 [3,4,1,2,8,11,9,7,12,5,10,6]
1094259 [5,6,4,2,7,1,8,3]
1167944 [5,1,4,6,2,3]
1167944 [3,1,7,2,8,5,6,4]
1167944 [1,9,6,10,5,3,4,8,7,2]
1167944 [5,2,4,1,3]
1167944 [9,5,10,8,1,2,7,3,6,4]
1167944 [3,5,2,6,1,7,4,8]
1167944 [9,2,5,3,4,7,6,1,8]
1167944 [4,2,1,3,5]
1171223 [4,3,5,1,2]
1358150 [2,3,4,5,1]
1514088 [3,4,2,1,5]
